file_id,match_number,season,date,venue,city,team1,team2,toss_winner,toss_decision,toss_winner_won,winner,win_by_runs,win_by_wickets,player_of_match,team1_players,team2_players,inn1_team,inn1_runs,inn1_wickets,inn2_team,inn2_runs,inn2_wickets
1082591,1.0,2017,2017-04-05,"Rajiv Gandhi International Stadium, Uppal",Hyderabad,Sunrisers Hyderabad,Royal Challengers Bangalore,Royal Challengers Bangalore,field,0.0,Sunrisers Hyderabad,35.0,,Yuvraj Singh,DA Warner|S Dhawan|MC Henriques|Yuvraj Singh|DJ Hooda|BCJ Cutting|NV Ojha|Bipul Sharma|B Kumar|A Nehra|Rashid Khan,CH Gayle|Mandeep Singh|TM Head|KM Jadhav|SR Watson|Sachin Baby|STR Binny|S Aravind|TS Mills|YS Chahal|A Choudhary,Sunrisers Hyderabad,207,4,Royal Challengers Bangalore,172.0,10.0
1082592,2.0,2017,2017-04-06,Maharashtra Cricket Association Stadium,Pune,Rising Pune Supergiant,Mumbai Indians,Rising Pune Supergiant,field,1.0,Rising Pune Supergiant,,7.0,SPD Smith,AM Rahane|MA Agarwal|SPD Smith|BA Stokes|MS Dhoni|MK Tiwary|R Bhatia|DL Chahar|A Zampa|AB Dinda|Imran Tahir,PA Patel|JC Buttler|RG Sharma|N Rana|AT Rayudu|KH Pandya|KA Pollard|HH Pandya|TG Southee|MJ McClenaghan|JJ Bumrah,Mumbai Indians,184,8,Rising Pune Supergiant,187.0,3.0
1082593,3.0,2017,2017-04-07,Saurashtra Cricket Association Stadium,Rajkot,Gujarat Lions,Kolkata Knight Riders,Kolkata Knight Riders,field,1.0,Kolkata Knight Riders,,10.0,CA Lynn,JJ Roy|BB McCullum|SK Raina|AJ Finch|KD Karthik|DR Smith|MS Gony|P Kumar|SB Jakati|DS Kulkarni|S Kaushik,G Gambhir|CA Lynn|RV Uthappa|MK Pandey|YK Pathan|SA Yadav|CR Woakes|PP Chawla|Kuldeep Yadav|SP Narine|TA Boult,Gujarat Lions,183,4,Kolkata Knight Riders,184.0,0.0
1082594,4.0,2017,2017-04-08,Holkar Cricket Stadium,Indore,Kings XI Punjab,Rising Pune Supergiant,Kings XI Punjab,field,1.0,Kings XI Punjab,,6.0,GJ Maxwell,HM Amla|M Vohra|WP Saha|AR Patel|GJ Maxwell|DA Miller|MP Stoinis|Swapnil Singh|MM Sharma|Sandeep Sharma|T Natarajan,AM Rahane|MA Agarwal|SPD Smith|BA Stokes|MS Dhoni|MK Tiwary|DT Christian|R Bhatia|RD Chahar|Imran Tahir|AB Dinda,Rising Pune Supergiant,163,6,Kings XI Punjab,164.0,4.0
1082595,5.0,2017,2017-04-08,M.Chinnaswamy Stadium,Bengaluru,Royal Challengers Bangalore,Delhi Daredevils,Royal Challengers Bangalore,bat,1.0,Royal Challengers Bangalore,15.0,,KM Jadhav,CH Gayle|SR Watson|Mandeep Singh|KM Jadhav|STR Binny|Vishnu Vinod|P Negi|Iqbal Abdulla|TS Mills|YS Chahal|B Stanlake,AP Tare|SW Billings|KK Nair|SV Samson|RR Pant|CH Morris|CR Brathwaite|PJ Cummins|A Mishra|S Nadeem|Z Khan,Royal Challengers Bangalore,157,8,Delhi Daredevils,142.0,9.0
1082596,6.0,2017,2017-04-09,"Rajiv Gandhi International Stadium, Uppal",Hyderabad,Sunrisers Hyderabad,Gujarat Lions,Sunrisers Hyderabad,field,1.0,Sunrisers Hyderabad,,9.0,Rashid Khan,DA Warner|S Dhawan|MC Henriques|Yuvraj Singh|DJ Hooda|BCJ Cutting|NV Ojha|Bipul Sharma|B Kumar|A Nehra|Rashid Khan,JJ Roy|BB McCullum|SK Raina|AJ Finch|KD Karthik|DR Smith|DS Kulkarni|P Kumar|Basil Thampi|Tejas Baroka|S Kaushik,Gujarat Lions,135,7,Sunrisers Hyderabad,140.0,1.0
1082597,7.0,2017,2017-04-09,Wankhede Stadium,Mumbai,Mumbai Indians,Kolkata Knight Riders,Mumbai Indians,field,1.0,Mumbai Indians,,4.0,N Rana,PA Patel|JC Buttler|N Rana|RG Sharma|KH Pandya|KA Pollard|HH Pandya|Harbhajan Singh|MJ McClenaghan|SL Malinga|JJ Bumrah,G Gambhir|CA Lynn|RV Uthappa|MK Pandey|YK Pathan|SA Yadav|CR Woakes|SP Narine|Kuldeep Yadav|AS Rajpoot|TA Boult,Kolkata Knight Riders,178,7,Mumbai Indians,180.0,6.0
1082598,8.0,2017,2017-04-10,Holkar Cricket Stadium,Indore,Kings XI Punjab,Royal Challengers Bangalore,Royal Challengers Bangalore,bat,0.0,Kings XI Punjab,,8.0,AR Patel,M Vohra|HM Amla|AR Patel|GJ Maxwell|WP Saha|DA Miller|MP Stoinis|MM Sharma|Sandeep Sharma|VR Aaron|T Natarajan,SR Watson|Vishnu Vinod|AB de Villiers|KM Jadhav|Mandeep Singh|STR Binny|P Negi|Iqbal Abdulla|TS Mills|B Stanlake|YS Chahal,Royal Challengers Bangalore,148,4,Kings XI Punjab,150.0,2.0
1082599,9.0,2017,2017-04-11,Maharashtra Cricket Association Stadium,Pune,Rising Pune Supergiant,Delhi Daredevils,Rising Pune Supergiant,field,0.0,Delhi Daredevils,97.0,,SV Samson,AM Rahane|MA Agarwal|F du Plessis|RA Tripathi|BA Stokes|MS Dhoni|R Bhatia|DL Chahar|A Zampa|AB Dinda|Imran Tahir,AP Tare|SW Billings|SV Samson|RR Pant|CJ Anderson|CH Morris|KK Nair|PJ Cummins|A Mishra|Z Khan|S Nadeem,Delhi Daredevils,205,4,Rising Pune Supergiant,108.0,10.0
1082600,10.0,2017,2017-04-12,Wankhede Stadium,Mumbai,Mumbai Indians,Sunrisers Hyderabad,Mumbai Indians,field,1.0,Mumbai Indians,,4.0,JJ Bumrah,PA Patel|JC Buttler|RG Sharma|N Rana|KA Pollard|KH Pandya|HH Pandya|Harbhajan Singh|MJ McClenaghan|SL Malinga|JJ Bumrah,S Dhawan|DA Warner|DJ Hooda|Yuvraj Singh|BCJ Cutting|NV Ojha|V Shankar|Rashid Khan|B Kumar|A Nehra|Mustafizur Rahman,Sunrisers Hyderabad,158,8,Mumbai Indians,159.0,6.0
1082601,11.0,2017,2017-04-13,Eden Gardens,Kolkata,Kolkata Knight Riders,Kings XI Punjab,Kolkata Knight Riders,field,1.0,Kolkata Knight Riders,,8.0,SP Narine,SP Narine|G Gambhir|RV Uthappa|MK Pandey|YK Pathan|SA Yadav|CR Woakes|C de Grandhomme|PP Chawla|UT Yadav|TA Boult,HM Amla|M Vohra|MP Stoinis|GJ Maxwell|DA Miller|WP Saha|AR Patel|MM Sharma|VR Aaron|Sandeep Sharma|I Sharma,Kings XI Punjab,170,9,Kolkata Knight Riders,171.0,2.0
1082602,12.0,2017,2017-04-14,M Chinnaswamy Stadium,Bangalore,Royal Challengers Bangalore,Mumbai Indians,Mumbai Indians,field,1.0,Mumbai Indians,,4.0,KA Pollard,CH Gayle|V Kohli|AB de Villiers|KM Jadhav|P Negi|Mandeep Singh|STR Binny|TS Mills|S Aravind|YS Chahal|S Badree,PA Patel|JC Buttler|RG Sharma|MJ McClenaghan|N Rana|KA Pollard|KH Pandya|HH Pandya|Harbhajan Singh|JJ Bumrah|TG Southee,Royal Challengers Bangalore,142,5,Mumbai Indians,145.0,6.0
1082603,13.0,2017,2017-04-14,Saurashtra Cricket Association Stadium,Rajkot,Gujarat Lions,Rising Pune Supergiant,Gujarat Lions,field,1.0,Gujarat Lions,,7.0,AJ Tye,DR Smith|BB McCullum|SK Raina|KD Karthik|AJ Finch|Ishan Kishan|RA Jadeja|P Kumar|Basil Thampi|AJ Tye|SB Jakati,AM Rahane|RA Tripathi|SPD Smith|BA Stokes|MK Tiwary|MS Dhoni|Ankit Sharma|SN Thakur|LH Ferguson|RD Chahar|Imran Tahir,Rising Pune Supergiant,171,8,Gujarat Lions,172.0,3.0
1082604,14.0,2017,2017-04-15,Eden Gardens,Kolkata,Kolkata Knight Riders,Sunrisers Hyderabad,Sunrisers Hyderabad,field,0.0,Kolkata Knight Riders,17.0,,RV Uthappa,SP Narine|G Gambhir|RV Uthappa|MK Pandey|YK Pathan|SA Yadav|C de Grandhomme|CR Woakes|Kuldeep Yadav|UT Yadav|TA Boult,DA Warner|S Dhawan|MC Henriques|Yuvraj Singh|DJ Hooda|BCJ Cutting|NV Ojha|Bipul Sharma|B Kumar|Rashid Khan|A Nehra,Kolkata Knight Riders,172,6,Sunrisers Hyderabad,155.0,6.0
1082605,15.0,2017,2017-04-15,Feroz Shah Kotla,Delhi,Delhi Daredevils,Kings XI Punjab,Delhi Daredevils,bat,1.0,Delhi Daredevils,51.0,,CJ Anderson,SV Samson|SW Billings|KK Nair|SS Iyer|RR Pant|CJ Anderson|CH Morris|PJ Cummins|A Mishra|Z Khan|S Nadeem,M Vohra|HM Amla|WP Saha|EJG Morgan|DA Miller|GJ Maxwell|AR Patel|MM Sharma|KC Cariappa|Sandeep Sharma|VR Aaron,Delhi Daredevils,188,6,Kings XI Punjab,137.0,9.0
1082606,16.0,2017,2017-04-16,Wankhede Stadium,Mumbai,Mumbai Indians,Gujarat Lions,Mumbai Indians,field,1.0,Mumbai Indians,,6.0,N Rana,PA Patel|JC Buttler|N Rana|RG Sharma|KA Pollard|HH Pandya|KH Pandya|Harbhajan Singh|MJ McClenaghan|SL Malinga|JJ Bumrah,DR Smith|BB McCullum|SK Raina|Ishan Kishan|KD Karthik|JJ Roy|RA Jadeja|P Kumar|Basil Thampi|AJ Tye|MM Patel,Gujarat Lions,176,4,Mumbai Indians,177.0,4.0
1082607,17.0,2017,2017-04-16,M Chinnaswamy Stadium,Bangalore,Royal Challengers Bangalore,Rising Pune Supergiant,Royal Challengers Bangalore,field,0.0,Rising Pune Supergiant,27.0,,BA Stokes,V Kohli|Mandeep Singh|AB de Villiers|KM Jadhav|SR Watson|STR Binny|P Negi|AF Milne|S Badree|S Aravind|YS Chahal,AM Rahane|RA Tripathi|SPD Smith|MS Dhoni|BA Stokes|DT Christian|MK Tiwary|SN Thakur|JD Unadkat|RD Chahar|Imran Tahir,Rising Pune Supergiant,161,8,Royal Challengers Bangalore,134.0,9.0
1082608,18.0,2017,2017-04-17,Feroz Shah Kotla,Delhi,Delhi Daredevils,Kolkata Knight Riders,Delhi Daredevils,bat,0.0,Kolkata Knight Riders,,4.0,NM Coulter-Nile,SV Samson|SW Billings|KK Nair|SS Iyer|RR Pant|AD Mathews|CH Morris|PJ Cummins|Mohammed Shami|A Mishra|Z Khan,G Gambhir|C de Grandhomme|RV Uthappa|MK Pandey|YK Pathan|SA Yadav|CR Woakes|SP Narine|NM Coulter-Nile|Kuldeep Yadav|UT Yadav,Delhi Daredevils,168,7,Kolkata Knight Riders,169.0,6.0
1082609,19.0,2017,2017-04-17,"Rajiv Gandhi International Stadium, Uppal",Hyderabad,Sunrisers Hyderabad,Kings XI Punjab,Kings XI Punjab,field,0.0,Sunrisers Hyderabad,5.0,,B Kumar,DA Warner|S Dhawan|MC Henriques|Yuvraj Singh|NV Ojha|DJ Hooda|Mohammad Nabi|Rashid Khan|B Kumar|BB Sran|S Kaul,HM Amla|M Vohra|GJ Maxwell|EJG Morgan|DA Miller|WP Saha|AR Patel|MM Sharma|KC Cariappa|I Sharma|Sandeep Sharma,Sunrisers Hyderabad,159,6,Kings XI Punjab,154.0,10.0
1082610,20.0,2017,2017-04-18,Saurashtra Cricket Association Stadium,Rajkot,Gujarat Lions,Royal Challengers Bangalore,Gujarat Lions,field,0.0,Royal Challengers Bangalore,21.0,,CH Gayle,DR Smith|BB McCullum|SK Raina|AJ Finch|KD Karthik|RA Jadeja|Ishan Kishan|AJ Tye|Basil Thampi|DS Kulkarni|S Kaushik,CH Gayle|V Kohli|TM Head|KM Jadhav|SR Watson|Mandeep Singh|STR Binny|P Negi|AF Milne|S Aravind|YS Chahal,Royal Challengers Bangalore,213,2,Gujarat Lions,192.0,7.0
1082611,21.0,2017,2017-04-19,"Rajiv Gandhi International Stadium, Uppal",Hyderabad,Sunrisers Hyderabad,Delhi Daredevils,Sunrisers Hyderabad,bat,1.0,Sunrisers Hyderabad,15.0,,KS Williamson,DA Warner|S Dhawan|KS Williamson|Yuvraj Singh|MC Henriques|DJ Hooda|NV Ojha|B Kumar|Rashid Khan|Mohammed Siraj|S Kaul,SV Samson|SW Billings|KK Nair|RR Pant|SS Iyer|AD Mathews|CH Morris|J Yadav|PJ Cummins|A Mishra|Z Khan,Sunrisers Hyderabad,191,4,Delhi Daredevils,176.0,5.0
1082612,22.0,2017,2017-04-20,Holkar Cricket Stadium,Indore,Kings XI Punjab,Mumbai Indians,Mumbai Indians,field,1.0,Mumbai Indians,,8.0,JC Buttler,HM Amla|SE Marsh|WP Saha|GJ Maxwell|MP Stoinis|AR Patel|Gurkeerat Singh|Swapnil Singh|MM Sharma|Sandeep Sharma|I Sharma,PA Patel|JC Buttler|N Rana|HH Pandya|RG Sharma|KA Pollard|KH Pandya|Harbhajan Singh|MJ McClenaghan|SL Malinga|JJ Bumrah,Kings XI Punjab,198,4,Mumbai Indians,199.0,2.0
1082613,23.0,2017,2017-04-21,Eden Gardens,Kolkata,Kolkata Knight Riders,Gujarat Lions,Gujarat Lions,field,1.0,Gujarat Lions,,4.0,SK Raina,SP Narine|G Gambhir|RV Uthappa|MK Pandey|YK Pathan|SA Yadav|Shakib Al Hasan|CR Woakes|NM Coulter-Nile|Kuldeep Yadav|UT Yadav,AJ Finch|BB McCullum|SK Raina|KD Karthik|Ishan Kishan|DR Smith|RA Jadeja|JP Faulkner|P Kumar|Basil Thampi|DS Kulkarni,Kolkata Knight Riders,187,5,Gujarat Lions,188.0,6.0
1082614,25.0,2017,2017-04-22,Wankhede Stadium,Mumbai,Mumbai Indians,Delhi Daredevils,Delhi Daredevils,field,0.0,Mumbai Indians,14.0,,MJ McClenaghan,PA Patel|JC Buttler|N Rana|RG Sharma|KA Pollard|KH Pandya|HH Pandya|Harbhajan Singh|MJ McClenaghan|MG Johnson|JJ Bumrah,SV Samson|AP Tare|KK Nair|SS Iyer|CJ Anderson|RR Pant|K Rabada|CH Morris|PJ Cummins|A Mishra|Z Khan,Mumbai Indians,142,8,Delhi Daredevils,128.0,7.0
1082615,24.0,2017,2017-04-22,Maharashtra Cricket Association Stadium,Pune,Rising Pune Supergiant,Sunrisers Hyderabad,Rising Pune Supergiant,field,1.0,Rising Pune Supergiant,,6.0,MS Dhoni,AM Rahane|RA Tripathi|SPD Smith|MS Dhoni|BA Stokes|MK Tiwary|DT Christian|Washington Sundar|SN Thakur|JD Unadkat|Imran Tahir,DA Warner|S Dhawan|KS Williamson|MC Henriques|DJ Hooda|NV Ojha|Bipul Sharma|B Kumar|Rashid Khan|Mohammed Siraj|S Kaul,Sunrisers Hyderabad,176,3,Rising Pune Supergiant,179.0,4.0
1082616,26.0,2017,2017-04-23,Saurashtra Cricket Association Stadium,Rajkot,Gujarat Lions,Kings XI Punjab,Gujarat Lions,field,0.0,Kings XI Punjab,26.0,,HM Amla,BB McCullum|AJ Finch|SK Raina|KD Karthik|RA Jadeja|DR Smith|AD Nath|AJ Tye|Basil Thampi|SS Agarwal|NB Singh,M Vohra|HM Amla|SE Marsh|GJ Maxwell|MP Stoinis|AR Patel|WP Saha|MM Sharma|KC Cariappa|T Natarajan|Sandeep Sharma,Kings XI Punjab,188,7,Gujarat Lions,162.0,7.0
1082617,27.0,2017,2017-04-23,Eden Gardens,Kolkata,Kolkata Knight Riders,Royal Challengers Bangalore,Royal Challengers Bangalore,field,0.0,Kolkata Knight Riders,82.0,,NM Coulter-Nile,SP Narine|G Gambhir|RV Uthappa|MK Pandey|YK Pathan|SA Yadav|C de Grandhomme|CR Woakes|NM Coulter-Nile|UT Yadav|Kuldeep Yadav,CH Gayle|V Kohli|Mandeep Singh|AB de Villiers|KM Jadhav|STR Binny|P Negi|S Badree|TS Mills|S Aravind|YS Chahal,Kolkata Knight Riders,131,10,Royal Challengers Bangalore,49.0,10.0
1082618,28.0,2017,2017-04-24,Wankhede Stadium,Mumbai,Mumbai Indians,Rising Pune Supergiant,Mumbai Indians,field,0.0,Rising Pune Supergiant,3.0,,BA Stokes,PA Patel|JC Buttler|N Rana|RG Sharma|KV Sharma|KA Pollard|HH Pandya|Harbhajan Singh|MJ McClenaghan|MG Johnson|JJ Bumrah,AM Rahane|RA Tripathi|SPD Smith|MS Dhoni|BA Stokes|MK Tiwary|DT Christian|Washington Sundar|SN Thakur|JD Unadkat|Imran Tahir,Rising Pune Supergiant,160,6,Mumbai Indians,157.0,8.0
1082620,30.0,2017,2017-04-26,Maharashtra Cricket Association Stadium,Pune,Rising Pune Supergiant,Kolkata Knight Riders,Kolkata Knight Riders,field,1.0,Kolkata Knight Riders,,7.0,RV Uthappa,AM Rahane|RA Tripathi|SPD Smith|MS Dhoni|MK Tiwary|DT Christian|F du Plessis|Washington Sundar|SN Thakur|JD Unadkat|Imran Tahir,SP Narine|G Gambhir|RV Uthappa|DM Bravo|MK Pandey|YK Pathan|C de Grandhomme|CR Woakes|PP Chawla|Kuldeep Yadav|UT Yadav,Rising Pune Supergiant,182,5,Kolkata Knight Riders,184.0,3.0
1082621,31.0,2017,2017-04-27,M Chinnaswamy Stadium,Bangalore,Royal Challengers Bangalore,Gujarat Lions,Gujarat Lions,field,1.0,Gujarat Lions,,7.0,AJ Tye,CH Gayle|V Kohli|AB de Villiers|TM Head|KM Jadhav|Mandeep Singh|P Negi|S Badree|S Aravind|A Choudhary|YS Chahal,Ishan Kishan|BB McCullum|SK Raina|AJ Finch|RA Jadeja|KD Karthik|JP Faulkner|AJ Tye|Basil Thampi|NB Singh|Ankit Soni,Royal Challengers Bangalore,134,10,Gujarat Lions,135.0,3.0
1082622,32.0,2017,2017-04-28,Eden Gardens,Kolkata,Kolkata Knight Riders,Delhi Daredevils,Kolkata Knight Riders,field,1.0,Kolkata Knight Riders,,7.0,G Gambhir,SP Narine|G Gambhir|RV Uthappa|MK Pandey|SP Jackson|YK Pathan|C de Grandhomme|CR Woakes|NM Coulter-Nile|UT Yadav|Kuldeep Yadav,SV Samson|KK Nair|SS Iyer|RR Pant|CH Morris|CJ Anderson|AR Bawne|PJ Cummins|K Rabada|A Mishra|Z Khan,Delhi Daredevils,160,6,Kolkata Knight Riders,161.0,3.0
1082623,33.0,2017,2017-04-28,"Punjab Cricket Association IS Bindra Stadium, Mohali",Chandigarh,Kings XI Punjab,Sunrisers Hyderabad,Kings XI Punjab,field,0.0,Sunrisers Hyderabad,26.0,,Rashid Khan,MJ Guptill|M Vohra|SE Marsh|GJ Maxwell|EJG Morgan|WP Saha|AR Patel|Anureet Singh|MM Sharma|I Sharma|KC Cariappa,DA Warner|S Dhawan|KS Williamson|Yuvraj Singh|MC Henriques|DJ Hooda|NV Ojha|B Kumar|A Nehra|S Kaul|Rashid Khan,Sunrisers Hyderabad,207,3,Kings XI Punjab,181.0,9.0
1082624,34.0,2017,2017-04-29,Maharashtra Cricket Association Stadium,Pune,Rising Pune Supergiant,Royal Challengers Bangalore,Royal Challengers Bangalore,field,0.0,Rising Pune Supergiant,61.0,,LH Ferguson,AM Rahane|RA Tripathi|SPD Smith|MK Tiwary|MS Dhoni|DT Christian|Washington Sundar|LH Ferguson|JD Unadkat|DL Chahar|Imran Tahir,TM Head|V Kohli|AB de Villiers|KM Jadhav|Sachin Baby|STR Binny|P Negi|AF Milne|S Badree|S Aravind|YS Chahal,Rising Pune Supergiant,157,3,Royal Challengers Bangalore,96.0,9.0
1082625,35.0,2017,2017-04-29,Saurashtra Cricket Association Stadium,Rajkot,Gujarat Lions,Mumbai Indians,Gujarat Lions,bat,,,,,KH Pandya,Ishan Kishan|BB McCullum|SK Raina|AJ Finch|KD Karthik|RA Jadeja|JP Faulkner|IK Pathan|AJ Tye|Basil Thampi|Ankit Soni,PA Patel|JC Buttler|N Rana|RG Sharma|KA Pollard|KH Pandya|HH Pandya|Harbhajan Singh|MJ McClenaghan|JJ Bumrah|SL Malinga,Gujarat Lions,153,9,Mumbai Indians,153.0,10.0
1082626,36.0,2017,2017-04-30,"Punjab Cricket Association IS Bindra Stadium, Mohali",Chandigarh,Kings XI Punjab,Delhi Daredevils,Kings XI Punjab,field,1.0,Kings XI Punjab,,10.0,Sandeep Sharma,MJ Guptill|HM Amla|M Vohra|SE Marsh|GJ Maxwell|WP Saha|AR Patel|MM Sharma|VR Aaron|Sandeep Sharma|T Natarajan,SV Samson|SW Billings|KK Nair|SS Iyer|RR Pant|CJ Anderson|CH Morris|K Rabada|A Mishra|Mohammed Shami|S Nadeem,Delhi Daredevils,67,10,Kings XI Punjab,68.0,0.0
1082627,37.0,2017,2017-04-30,"Rajiv Gandhi International Stadium, Uppal",Hyderabad,Sunrisers Hyderabad,Kolkata Knight Riders,Kolkata Knight Riders,field,0.0,Sunrisers Hyderabad,48.0,,DA Warner,DA Warner|S Dhawan|KS Williamson|Yuvraj Singh|MC Henriques|NV Ojha|Bipul Sharma|B Kumar|Rashid Khan|S Kaul|Mohammed Siraj,SP Narine|G Gambhir|RV Uthappa|MK Pandey|YK Pathan|SP Jackson|C de Grandhomme|CR Woakes|NM Coulter-Nile|UT Yadav|Kuldeep Yadav,Sunrisers Hyderabad,209,3,Kolkata Knight Riders,161.0,7.0
1082628,38.0,2017,2017-05-01,Wankhede Stadium,Mumbai,Mumbai Indians,Royal Challengers Bangalore,Royal Challengers Bangalore,bat,0.0,Mumbai Indians,,5.0,RG Sharma,PA Patel|JC Buttler|N Rana|RG Sharma|KA Pollard|KH Pandya|KV Sharma|HH Pandya|MJ McClenaghan|SL Malinga|JJ Bumrah,V Kohli|Mandeep Singh|TM Head|AB de Villiers|KM Jadhav|SR Watson|P Negi|AF Milne|S Aravind|A Choudhary|YS Chahal,Royal Challengers Bangalore,162,8,Mumbai Indians,165.0,6.0
1082629,39.0,2017,2017-05-01,Maharashtra Cricket Association Stadium,Pune,Rising Pune Supergiant,Gujarat Lions,Rising Pune Supergiant,field,1.0,Rising Pune Supergiant,,5.0,BA Stokes,AM Rahane|RA Tripathi|SPD Smith|MK Tiwary|BA Stokes|MS Dhoni|DT Christian|Washington Sundar|JD Unadkat|SN Thakur|Imran Tahir,Ishan Kishan|BB McCullum|SK Raina|AJ Finch|DR Smith|KD Karthik|RA Jadeja|JP Faulkner|PJ Sangwan|Basil Thampi|Ankit Soni,Gujarat Lions,161,10,Rising Pune Supergiant,167.0,5.0
1082630,40.0,2017,2017-05-02,Feroz Shah Kotla,Delhi,Delhi Daredevils,Sunrisers Hyderabad,Delhi Daredevils,field,1.0,Delhi Daredevils,,6.0,Mohammed Shami,SV Samson|KK Nair|RR Pant|SS Iyer|CJ Anderson|CH Morris|AD Mathews|J Yadav|K Rabada|A Mishra|Mohammed Shami,DA Warner|S Dhawan|KS Williamson|Yuvraj Singh|MC Henriques|DJ Hooda|NV Ojha|B Kumar|Rashid Khan|S Kaul|Mohammed Siraj,Sunrisers Hyderabad,185,3,Delhi Daredevils,189.0,4.0
1082631,41.0,2017,2017-05-03,Eden Gardens,Kolkata,Kolkata Knight Riders,Rising Pune Supergiant,Rising Pune Supergiant,field,1.0,Rising Pune Supergiant,,4.0,RA Tripathi,SP Narine|G Gambhir|SP Jackson|MK Pandey|YK Pathan|C de Grandhomme|SA Yadav|CR Woakes|NM Coulter-Nile|UT Yadav|Kuldeep Yadav,AM Rahane|RA Tripathi|SPD Smith|MK Tiwary|BA Stokes|MS Dhoni|DT Christian|Washington Sundar|SN Thakur|JD Unadkat|Imran Tahir,Kolkata Knight Riders,155,8,Rising Pune Supergiant,158.0,6.0
1082632,42.0,2017,2017-05-04,Feroz Shah Kotla,Delhi,Delhi Daredevils,Gujarat Lions,Delhi Daredevils,field,1.0,Delhi Daredevils,,7.0,RR Pant,SV Samson|KK Nair|RR Pant|SS Iyer|CJ Anderson|MN Samuels|PJ Cummins|K Rabada|S Nadeem|A Mishra|Mohammed Shami,DR Smith|BB McCullum|SK Raina|KD Karthik|AJ Finch|Ishan Kishan|RA Jadeja|JP Faulkner|PJ Sangwan|Basil Thampi|Ankit Soni,Gujarat Lions,208,7,Delhi Daredevils,214.0,3.0
1082633,43.0,2017,2017-05-05,M Chinnaswamy Stadium,Bangalore,Royal Challengers Bangalore,Kings XI Punjab,Royal Challengers Bangalore,field,0.0,Kings XI Punjab,19.0,,Sandeep Sharma,Mandeep Singh|CH Gayle|V Kohli|AB de Villiers|KM Jadhav|SR Watson|P Negi|S Aravind|S Badree|A Choudhary|YS Chahal,HM Amla|MJ Guptill|SE Marsh|M Vohra|WP Saha|GJ Maxwell|AR Patel|MM Sharma|VR Aaron|Sandeep Sharma|T Natarajan,Kings XI Punjab,138,7,Royal Challengers Bangalore,119.0,10.0
1082634,44.0,2017,2017-05-06,"Rajiv Gandhi International Stadium, Uppal",Hyderabad,Sunrisers Hyderabad,Rising Pune Supergiant,Sunrisers Hyderabad,field,0.0,Rising Pune Supergiant,12.0,,JD Unadkat,DA Warner|S Dhawan|KS Williamson|Yuvraj Singh|MC Henriques|NV Ojha|Bipul Sharma|Rashid Khan|B Kumar|S Kaul|A Nehra,AM Rahane|RA Tripathi|SPD Smith|BA Stokes|MS Dhoni|DT Christian|MK Tiwary|Washington Sundar|SN Thakur|JD Unadkat|Imran Tahir,Rising Pune Supergiant,148,8,Sunrisers Hyderabad,136.0,9.0
1082635,45.0,2017,2017-05-06,Feroz Shah Kotla,Delhi,Delhi Daredevils,Mumbai Indians,Delhi Daredevils,field,0.0,Mumbai Indians,146.0,,LMP Simmons,SV Samson|KK Nair|SS Iyer|RR Pant|CJ Anderson|MN Samuels|PJ Cummins|K Rabada|A Mishra|Mohammed Shami|Z Khan,LMP Simmons|PA Patel|KA Pollard|RG Sharma|HH Pandya|N Rana|KV Sharma|Harbhajan Singh|MJ McClenaghan|SL Malinga|JJ Bumrah,Mumbai Indians,212,3,Delhi Daredevils,66.0,10.0
1082636,46.0,2017,2017-05-07,M Chinnaswamy Stadium,Bangalore,Royal Challengers Bangalore,Kolkata Knight Riders,Kolkata Knight Riders,field,1.0,Kolkata Knight Riders,,6.0,SP Narine,CH Gayle|Mandeep Singh|V Kohli|AB de Villiers|TM Head|KM Jadhav|P Negi|S Aravind|S Badree|A Choudhary|YS Chahal,CA Lynn|SP Narine|C de Grandhomme|G Gambhir|MK Pandey|YK Pathan|SP Jackson|CR Woakes|UT Yadav|PP Chawla|AS Rajpoot,Royal Challengers Bangalore,158,6,Kolkata Knight Riders,159.0,4.0
1082637,47.0,2017,2017-05-07,"Punjab Cricket Association IS Bindra Stadium, Mohali",Chandigarh,Kings XI Punjab,Gujarat Lions,Gujarat Lions,field,1.0,Gujarat Lions,,6.0,DR Smith,MJ Guptill|HM Amla|SE Marsh|GJ Maxwell|AR Patel|WP Saha|Gurkeerat Singh|MM Sharma|Sandeep Sharma|VR Aaron|T Natarajan,DR Smith|Ishan Kishan|SK Raina|KD Karthik|AJ Finch|RA Jadeja|JP Faulkner|DS Kulkarni|PJ Sangwan|Basil Thampi|Ankit Soni,Kings XI Punjab,189,3,Gujarat Lions,192.0,4.0
1082638,48.0,2017,2017-05-08,"Rajiv Gandhi International Stadium, Uppal",Hyderabad,Sunrisers Hyderabad,Mumbai Indians,Mumbai Indians,bat,0.0,Sunrisers Hyderabad,,7.0,S Dhawan,DA Warner|S Dhawan|MC Henriques|Yuvraj Singh|V Shankar|Mohammad Nabi|NV Ojha|B Kumar|Rashid Khan|S Kaul|Mohammed Siraj,LMP Simmons|PA Patel|N Rana|RG Sharma|HH Pandya|KA Pollard|KV Sharma|Harbhajan Singh|MJ McClenaghan|JJ Bumrah|SL Malinga,Mumbai Indians,138,7,Sunrisers Hyderabad,140.0,3.0
1082639,49.0,2017,2017-05-09,"Punjab Cricket Association IS Bindra Stadium, Mohali",Chandigarh,Kings XI Punjab,Kolkata Knight Riders,Kolkata Knight Riders,field,0.0,Kings XI Punjab,14.0,,MM Sharma,MJ Guptill|M Vohra|SE Marsh|WP Saha|GJ Maxwell|AR Patel|Swapnil Singh|R Tewatia|MJ Henry|MM Sharma|Sandeep Sharma,SP Narine|CA Lynn|G Gambhir|RV Uthappa|MK Pandey|C de Grandhomme|YK Pathan|CR Woakes|UT Yadav|Kuldeep Yadav|AS Rajpoot,Kings XI Punjab,167,6,Kolkata Knight Riders,153.0,6.0
1082640,50.0,2017,2017-05-10,Green Park,Kanpur,Gujarat Lions,Delhi Daredevils,Delhi Daredevils,field,1.0,Delhi Daredevils,,2.0,SS Iyer,DR Smith|Ishan Kishan|SK Raina|KD Karthik|AJ Finch|RA Jadeja|JP Faulkner|DS Kulkarni|PJ Sangwan|Basil Thampi|Ankit Soni,SV Samson|KK Nair|RR Pant|SS Iyer|MN Samuels|CJ Anderson|CR Brathwaite|PJ Cummins|Mohammed Shami|A Mishra|Z Khan,Gujarat Lions,195,5,Delhi Daredevils,197.0,8.0
1082641,51.0,2017,2017-05-11,Wankhede Stadium,Mumbai,Mumbai Indians,Kings XI Punjab,Mumbai Indians,field,0.0,Kings XI Punjab,7.0,,WP Saha,LMP Simmons|PA Patel|N Rana|RG Sharma|KA Pollard|HH Pandya|KV Sharma|Harbhajan Singh|MJ McClenaghan|JJ Bumrah|SL Malinga,MJ Guptill|WP Saha|GJ Maxwell|SE Marsh|AR Patel|M Vohra|R Tewatia|MM Sharma|Sandeep Sharma|I Sharma|MJ Henry,Kings XI Punjab,230,3,Mumbai Indians,223.0,6.0
1082642,52.0,2017,2017-05-12,Feroz Shah Kotla,Delhi,Delhi Daredevils,Rising Pune Supergiant,Delhi Daredevils,bat,1.0,Delhi Daredevils,7.0,,KK Nair,SV Samson|KK Nair|SS Iyer|RR Pant|MN Samuels|CJ Anderson|PJ Cummins|A Mishra|Mohammed Shami|S Nadeem|Z Khan,AM Rahane|RA Tripathi|SPD Smith|MK Tiwary|BA Stokes|MS Dhoni|DT Christian|Washington Sundar|SN Thakur|JD Unadkat|A Zampa,Delhi Daredevils,168,8,Rising Pune Supergiant,161.0,7.0
1082643,53.0,2017,2017-05-13,Green Park,Kanpur,Gujarat Lions,Sunrisers Hyderabad,Sunrisers Hyderabad,field,1.0,Sunrisers Hyderabad,,8.0,Mohammed Siraj,DR Smith|Ishan Kishan|SK Raina|KD Karthik|AJ Finch|RA Jadeja|JP Faulkner|PJ Sangwan|Ankit Soni|P Kumar|MM Patel,DA Warner|S Dhawan|MC Henriques|V Shankar|DJ Hooda|Mohammad Nabi|NV Ojha|B Kumar|Rashid Khan|S Kaul|Mohammed Siraj,Gujarat Lions,154,10,Sunrisers Hyderabad,158.0,2.0
1082644,54.0,2017,2017-05-13,Eden Gardens,Kolkata,Kolkata Knight Riders,Mumbai Indians,Kolkata Knight Riders,field,0.0,Mumbai Indians,9.0,,AT Rayudu,SP Narine|CA Lynn|G Gambhir|RV Uthappa|MK Pandey|YK Pathan|C de Grandhomme|Kuldeep Yadav|UT Yadav|TA Boult|AS Rajpoot,SS Tiwary|LMP Simmons|RG Sharma|AT Rayudu|KA Pollard|HH Pandya|KH Pandya|KV Sharma|MG Johnson|R Vinay Kumar|TG Southee,Mumbai Indians,173,5,Kolkata Knight Riders,164.0,8.0
1082645,55.0,2017,2017-05-14,Maharashtra Cricket Association Stadium,Pune,Rising Pune Supergiant,Kings XI Punjab,Rising Pune Supergiant,field,1.0,Rising Pune Supergiant,,9.0,JD Unadkat,AM Rahane|RA Tripathi|SPD Smith|BA Stokes|MK Tiwary|MS Dhoni|DT Christian|Washington Sundar|SN Thakur|JD Unadkat|A Zampa,MJ Guptill|WP Saha|SE Marsh|EJG Morgan|R Tewatia|GJ Maxwell|AR Patel|Swapnil Singh|MM Sharma|I Sharma|Sandeep Sharma,Kings XI Punjab,73,10,Rising Pune Supergiant,78.0,1.0
1082646,56.0,2017,2017-05-14,Feroz Shah Kotla,Delhi,Delhi Daredevils,Royal Challengers Bangalore,Royal Challengers Bangalore,bat,1.0,Royal Challengers Bangalore,10.0,,HV Patel,SV Samson|KK Nair|SS Iyer|RR Pant|MN Samuels|CJ Anderson|PJ Cummins|A Mishra|Mohammed Shami|S Nadeem|Z Khan,CH Gayle|Vishnu Vinod|V Kohli|TM Head|KM Jadhav|Sachin Baby|SR Watson|P Negi|HV Patel|Avesh Khan|YS Chahal,Royal Challengers Bangalore,161,6,Delhi Daredevils,151.0,10.0
1082647,,2017,2017-05-16,Wankhede Stadium,Mumbai,Mumbai Indians,Rising Pune Supergiant,Mumbai Indians,field,0.0,Rising Pune Supergiant,20.0,,Washington Sundar,LMP Simmons|PA Patel|RG Sharma|AT Rayudu|KA Pollard|HH Pandya|KH Pandya|MJ McClenaghan|KV Sharma|JJ Bumrah|SL Malinga,AM Rahane|RA Tripathi|SPD Smith|MK Tiwary|MS Dhoni|DT Christian|Washington Sundar|LH Ferguson|A Zampa|SN Thakur|JD Unadkat,Rising Pune Supergiant,162,4,Mumbai Indians,142.0,9.0
1082648,,2017,2017-05-17,M Chinnaswamy Stadium,Bangalore,Sunrisers Hyderabad,Kolkata Knight Riders,Kolkata Knight Riders,field,1.0,Kolkata Knight Riders,,7.0,NM Coulter-Nile,DA Warner|S Dhawan|KS Williamson|Yuvraj Singh|V Shankar|NV Ojha|CJ Jordan|Bipul Sharma|B Kumar|Rashid Khan|S Kaul,RV Uthappa|CA Lynn|YK Pathan|G Gambhir|IR Jaggi|SA Yadav|SP Narine|PP Chawla|UT Yadav|NM Coulter-Nile|TA Boult,Sunrisers Hyderabad,128,7,Kolkata Knight Riders,48.0,3.0
1082649,,2017,2017-05-19,M Chinnaswamy Stadium,Bangalore,Mumbai Indians,Kolkata Knight Riders,Mumbai Indians,field,1.0,Mumbai Indians,,6.0,KV Sharma,LMP Simmons|PA Patel|AT Rayudu|RG Sharma|KH Pandya|KA Pollard|HH Pandya|MG Johnson|KV Sharma|JJ Bumrah|SL Malinga,CA Lynn|SP Narine|G Gambhir|RV Uthappa|IR Jaggi|C de Grandhomme|SA Yadav|PP Chawla|NM Coulter-Nile|UT Yadav|AS Rajpoot,Kolkata Knight Riders,107,10,Mumbai Indians,111.0,4.0
1082650,,2017,2017-05-21,"Rajiv Gandhi International Stadium, Uppal",Hyderabad,Mumbai Indians,Rising Pune Supergiant,Mumbai Indians,bat,1.0,Mumbai Indians,1.0,,KH Pandya,LMP Simmons|PA Patel|AT Rayudu|RG Sharma|KH Pandya|KA Pollard|HH Pandya|KV Sharma|MG Johnson|JJ Bumrah|SL Malinga,AM Rahane|RA Tripathi|SPD Smith|MS Dhoni|MK Tiwary|DT Christian|Washington Sundar|LH Ferguson|A Zampa|SN Thakur|JD Unadkat,Mumbai Indians,129,8,Rising Pune Supergiant,128.0,6.0
1136561,1.0,2018,2018-04-07,Wankhede Stadium,Mumbai,Mumbai Indians,Chennai Super Kings,Chennai Super Kings,field,1.0,Chennai Super Kings,,1.0,DJ Bravo,RG Sharma|E Lewis|Ishan Kishan|SA Yadav|HH Pandya|KH Pandya|KA Pollard|JJ Bumrah|MJ McClenaghan|Mustafizur Rahman|M Markande,SR Watson|AT Rayudu|SK Raina|KM Jadhav|MS Dhoni|RA Jadeja|DJ Bravo|DL Chahar|Harbhajan Singh|MA Wood|Imran Tahir,Mumbai Indians,165,4,Chennai Super Kings,169.0,9.0
1136562,2.0,2018,2018-04-08,Punjab Cricket Association IS Bindra Stadium,Chandigarh,Delhi Daredevils,Kings XI Punjab,Kings XI Punjab,field,1.0,Kings XI Punjab,,6.0,KL Rahul,C Munro|G Gambhir|SS Iyer|V Shankar|RR Pant|R Tewatia|CH Morris|DT Christian|A Mishra|TA Boult|Mohammed Shami,KL Rahul|MA Agarwal|Yuvraj Singh|KK Nair|DA Miller|MP Stoinis|AR Patel|R Ashwin|AJ Tye|MM Sharma|Mujeeb Ur Rahman,Delhi Daredevils,166,7,Kings XI Punjab,167.0,4.0
1136563,3.0,2018,2018-04-08,Eden Gardens,Kolkata,Royal Challengers Bangalore,Kolkata Knight Riders,Kolkata Knight Riders,field,1.0,Kolkata Knight Riders,,4.0,SP Narine,BB McCullum|Q de Kock|V Kohli|AB de Villiers|SN Khan|Mandeep Singh|CR Woakes|Washington Sundar|UT Yadav|K Khejroliya|YS Chahal,SP Narine|CA Lynn|RV Uthappa|N Rana|KD Karthik|RK Singh|AD Russell|R Vinay Kumar|PP Chawla|MG Johnson|Kuldeep Yadav,Royal Challengers Bangalore,176,7,Kolkata Knight Riders,177.0,6.0
1136564,4.0,2018,2018-04-09,Rajiv Gandhi International Stadium,Hyderabad,Rajasthan Royals,Sunrisers Hyderabad,Sunrisers Hyderabad,field,1.0,Sunrisers Hyderabad,,9.0,S Dhawan,AM Rahane|DJM Short|SV Samson|BA Stokes|RA Tripathi|JC Buttler|K Gowtham|S Gopal|DS Kulkarni|JD Unadkat|B Laughlin,WP Saha|S Dhawan|KS Williamson|MK Pandey|DJ Hooda|YK Pathan|Shakib Al Hasan|Rashid Khan|B Kumar|B Stanlake|S Kaul,Rajasthan Royals,125,9,Sunrisers Hyderabad,127.0,1.0
1136565,5.0,2018,2018-04-10,MA Chidambaram Stadium,Chennai,Kolkata Knight Riders,Chennai Super Kings,Chennai Super Kings,field,1.0,Chennai Super Kings,,5.0,SW Billings,CA Lynn|SP Narine|RV Uthappa|N Rana|KD Karthik|RK Singh|AD Russell|TK Curran|R Vinay Kumar|Kuldeep Yadav|PP Chawla,SR Watson|AT Rayudu|SK Raina|MS Dhoni|SW Billings|RA Jadeja|DJ Bravo|DL Chahar|Harbhajan Singh|SN Thakur|Imran Tahir,Kolkata Knight Riders,202,6,Chennai Super Kings,205.0,5.0
1136566,6.0,2018,2018-04-11,Sawai Mansingh Stadium,Jaipur,Rajasthan Royals,Delhi Daredevils,Delhi Daredevils,field,0.0,Rajasthan Royals,10.0,,SV Samson,AM Rahane|DJM Short|BA Stokes|SV Samson|JC Buttler|RA Tripathi|K Gowtham|S Gopal|DS Kulkarni|JD Unadkat|B Laughlin,GJ Maxwell|C Munro|RR Pant|CH Morris|V Shankar|SS Iyer|G Gambhir|R Tewatia|S Nadeem|TA Boult|Mohammed Shami,Rajasthan Royals,153,5,Delhi Daredevils,60.0,4.0
1136567,7.0,2018,2018-04-12,Rajiv Gandhi International Stadium,Hyderabad,Mumbai Indians,Sunrisers Hyderabad,Sunrisers Hyderabad,field,1.0,Sunrisers Hyderabad,,1.0,Rashid Khan,RG Sharma|E Lewis|Ishan Kishan|SA Yadav|KH Pandya|KA Pollard|BCJ Cutting|PJ Sangwan|M Markande|JJ Bumrah|Mustafizur Rahman,WP Saha|S Dhawan|KS Williamson|MK Pandey|Shakib Al Hasan|DJ Hooda|YK Pathan|Rashid Khan|S Kaul|Sandeep Sharma|B Stanlake,Mumbai Indians,147,8,Sunrisers Hyderabad,151.0,9.0
1136568,8.0,2018,2018-04-13,M.Chinnaswamy Stadium,Bengaluru,Kings XI Punjab,Royal Challengers Bangalore,Royal Challengers Bangalore,field,1.0,Royal Challengers Bangalore,,4.0,UT Yadav,KL Rahul|MA Agarwal|AJ Finch|Yuvraj Singh|KK Nair|MP Stoinis|AR Patel|R Ashwin|AJ Tye|MM Sharma|Mujeeb Ur Rahman,Q de Kock|BB McCullum|V Kohli|AB de Villiers|SN Khan|Mandeep Singh|CR Woakes|Washington Sundar|UT Yadav|K Khejroliya|YS Chahal,Kings XI Punjab,155,10,Royal Challengers Bangalore,159.0,6.0
1136569,9.0,2018,2018-04-14,Wankhede Stadium,Mumbai,Mumbai Indians,Delhi Daredevils,Delhi Daredevils,field,1.0,Delhi Daredevils,,7.0,JJ Roy,SA Yadav|E Lewis|Ishan Kishan|RG Sharma|KA Pollard|KH Pandya|HH Pandya|A Dananjaya|M Markande|JJ Bumrah|Mustafizur Rahman,JJ Roy|G Gambhir|RR Pant|GJ Maxwell|SS Iyer|V Shankar|DT Christian|R Tewatia|S Nadeem|Mohammed Shami|TA Boult,Mumbai Indians,194,7,Delhi Daredevils,195.0,3.0
1136570,10.0,2018,2018-04-14,Eden Gardens,Kolkata,Kolkata Knight Riders,Sunrisers Hyderabad,Sunrisers Hyderabad,field,1.0,Sunrisers Hyderabad,,5.0,B Stanlake,RV Uthappa|CA Lynn|N Rana|SP Narine|KD Karthik|AD Russell|Shubman Gill|Shivam Mavi|MG Johnson|PP Chawla|Kuldeep Yadav,WP Saha|S Dhawan|KS Williamson|MK Pandey|Shakib Al Hasan|DJ Hooda|YK Pathan|B Kumar|Rashid Khan|S Kaul|B Stanlake,Kolkata Knight Riders,138,8,Sunrisers Hyderabad,139.0,5.0
1136571,11.0,2018,2018-04-15,M.Chinnaswamy Stadium,Bengaluru,Rajasthan Royals,Royal Challengers Bangalore,Royal Challengers Bangalore,field,0.0,Rajasthan Royals,19.0,,SV Samson,AM Rahane|DJM Short|SV Samson|BA Stokes|JC Buttler|RA Tripathi|K Gowtham|S Gopal|DS Kulkarni|JD Unadkat|B Laughlin,BB McCullum|Q de Kock|V Kohli|AB de Villiers|Mandeep Singh|P Negi|Washington Sundar|CR Woakes|UT Yadav|K Khejroliya|YS Chahal,Rajasthan Royals,217,4,Royal Challengers Bangalore,198.0,6.0
1136572,12.0,2018,2018-04-15,Punjab Cricket Association IS Bindra Stadium,Chandigarh,Kings XI Punjab,Chennai Super Kings,Chennai Super Kings,field,0.0,Kings XI Punjab,4.0,,CH Gayle,KL Rahul|CH Gayle|MA Agarwal|Yuvraj Singh|AJ Finch|KK Nair|R Ashwin|AJ Tye|BB Sran|MM Sharma|Mujeeb Ur Rahman,SR Watson|M Vijay|AT Rayudu|SW Billings|MS Dhoni|RA Jadeja|DJ Bravo|DL Chahar|Harbhajan Singh|SN Thakur|Imran Tahir,Kings XI Punjab,197,7,Chennai Super Kings,193.0,5.0
1136573,13.0,2018,2018-04-16,Eden Gardens,Kolkata,Kolkata Knight Riders,Delhi Daredevils,Delhi Daredevils,field,0.0,Kolkata Knight Riders,71.0,,N Rana,CA Lynn|SP Narine|RV Uthappa|N Rana|KD Karthik|AD Russell|Shubman Gill|TK Curran|PP Chawla|Shivam Mavi|Kuldeep Yadav,G Gambhir|JJ Roy|SS Iyer|RR Pant|GJ Maxwell|R Tewatia|V Shankar|CH Morris|Mohammed Shami|S Nadeem|TA Boult,Kolkata Knight Riders,200,9,Delhi Daredevils,129.0,10.0
1136574,14.0,2018,2018-04-17,Wankhede Stadium,Mumbai,Mumbai Indians,Royal Challengers Bangalore,Royal Challengers Bangalore,field,0.0,Mumbai Indians,46.0,,RG Sharma,SA Yadav|E Lewis|Ishan Kishan|RG Sharma|KH Pandya|KA Pollard|HH Pandya|MJ McClenaghan|M Markande|JJ Bumrah|Mustafizur Rahman,V Kohli|Q de Kock|AB de Villiers|Mandeep Singh|CJ Anderson|Washington Sundar|SN Khan|CR Woakes|UT Yadav|Mohammed Siraj|YS Chahal,Mumbai Indians,213,6,Royal Challengers Bangalore,167.0,8.0
1136575,15.0,2018,2018-04-18,Sawai Mansingh Stadium,Jaipur,Rajasthan Royals,Kolkata Knight Riders,Kolkata Knight Riders,field,1.0,Kolkata Knight Riders,,7.0,N Rana,AM Rahane|DJM Short|SV Samson|RA Tripathi|BA Stokes|JC Buttler|K Gowtham|S Gopal|DS Kulkarni|JD Unadkat|B Laughlin,SP Narine|CA Lynn|RV Uthappa|N Rana|KD Karthik|AD Russell|Shubman Gill|TK Curran|PP Chawla|Shivam Mavi|Kuldeep Yadav,Rajasthan Royals,160,8,Kolkata Knight Riders,163.0,3.0
1136576,16.0,2018,2018-04-19,Punjab Cricket Association IS Bindra Stadium,Chandigarh,Kings XI Punjab,Sunrisers Hyderabad,Kings XI Punjab,bat,1.0,Kings XI Punjab,15.0,,CH Gayle,KL Rahul|CH Gayle|MA Agarwal|KK Nair|AJ Finch|Yuvraj Singh|R Ashwin|AJ Tye|BB Sran|MM Sharma|Mujeeb Ur Rahman,WP Saha|S Dhawan|KS Williamson|YK Pathan|MK Pandey|DJ Hooda|Shakib Al Hasan|CJ Jordan|B Kumar|Rashid Khan|S Kaul,Kings XI Punjab,193,3,Sunrisers Hyderabad,178.0,5.0
1136577,17.0,2018,2018-04-20,Maharashtra Cricket Association Stadium,Pune,Chennai Super Kings,Rajasthan Royals,Rajasthan Royals,field,0.0,Chennai Super Kings,64.0,,SR Watson,SR Watson|AT Rayudu|SK Raina|MS Dhoni|SW Billings|DJ Bravo|RA Jadeja|DL Chahar|KV Sharma|SN Thakur|Imran Tahir,AM Rahane|H Klaasen|SV Samson|BA Stokes|JC Buttler|RA Tripathi|STR Binny|K Gowtham|S Gopal|JD Unadkat|B Laughlin,Chennai Super Kings,204,5,Rajasthan Royals,140.0,10.0
1136578,18.0,2018,2018-04-21,Eden Gardens,Kolkata,Kolkata Knight Riders,Kings XI Punjab,Kings XI Punjab,field,1.0,Kings XI Punjab,,9.0,KL Rahul,CA Lynn|SP Narine|RV Uthappa|N Rana|KD Karthik|AD Russell|Shubman Gill|TK Curran|PP Chawla|Shivam Mavi|Kuldeep Yadav,KL Rahul|CH Gayle|MA Agarwal|KK Nair|AJ Finch|Yuvraj Singh|R Ashwin|AJ Tye|BB Sran|Mujeeb Ur Rahman|AS Rajpoot,Kolkata Knight Riders,191,7,Kings XI Punjab,126.0,1.0
1136579,19.0,2018,2018-04-21,M.Chinnaswamy Stadium,Bengaluru,Delhi Daredevils,Royal Challengers Bangalore,Royal Challengers Bangalore,field,1.0,Royal Challengers Bangalore,,6.0,AB de Villiers,JJ Roy|G Gambhir|SS Iyer|RR Pant|GJ Maxwell|R Tewatia|CH Morris|V Shankar|S Nadeem|HV Patel|TA Boult,Q de Kock|M Vohra|V Kohli|AB de Villiers|CJ Anderson|Mandeep Singh|Washington Sundar|CR Woakes|UT Yadav|Mohammed Siraj|YS Chahal,Delhi Daredevils,174,5,Royal Challengers Bangalore,176.0,4.0
1136580,20.0,2018,2018-04-22,Rajiv Gandhi International Stadium,Hyderabad,Chennai Super Kings,Sunrisers Hyderabad,Sunrisers Hyderabad,field,0.0,Chennai Super Kings,4.0,,AT Rayudu,SR Watson|F du Plessis|SK Raina|AT Rayudu|MS Dhoni|SW Billings|DJ Bravo|RA Jadeja|DL Chahar|KV Sharma|SN Thakur,RK Bhui|KS Williamson|MK Pandey|DJ Hooda|Shakib Al Hasan|YK Pathan|WP Saha|Rashid Khan|B Kumar|B Stanlake|S Kaul,Chennai Super Kings,182,3,Sunrisers Hyderabad,178.0,6.0
1136581,21.0,2018,2018-04-22,Sawai Mansingh Stadium,Jaipur,Mumbai Indians,Rajasthan Royals,Mumbai Indians,bat,0.0,Rajasthan Royals,,3.0,JC Archer,SA Yadav|E Lewis|Ishan Kishan|KA Pollard|RG Sharma|KH Pandya|HH Pandya|MJ McClenaghan|M Markande|JJ Bumrah|Mustafizur Rahman,AM Rahane|RA Tripathi|SV Samson|BA Stokes|JC Buttler|H Klaasen|JC Archer|K Gowtham|JD Unadkat|DS Kulkarni|S Gopal,Mumbai Indians,167,7,Rajasthan Royals,168.0,7.0
1136582,22.0,2018,2018-04-23,Arun Jaitley Stadium,Delhi,Kings XI Punjab,Delhi Daredevils,Delhi Daredevils,field,0.0,Kings XI Punjab,4.0,,AS Rajpoot,KL Rahul|AJ Finch|MA Agarwal|KK Nair|Yuvraj Singh|DA Miller|R Ashwin|AJ Tye|BB Sran|AS Rajpoot|Mujeeb Ur Rahman,PP Shaw|G Gambhir|GJ Maxwell|SS Iyer|RR Pant|DT Christian|R Tewatia|LE Plunkett|A Mishra|Avesh Khan|TA Boult,Kings XI Punjab,143,8,Delhi Daredevils,139.0,8.0
1136583,23.0,2018,2018-04-24,Wankhede Stadium,Mumbai,Sunrisers Hyderabad,Mumbai Indians,Mumbai Indians,field,0.0,Sunrisers Hyderabad,31.0,,Rashid Khan,S Dhawan|KS Williamson|WP Saha|MK Pandey|Shakib Al Hasan|YK Pathan|Mohammad Nabi|Rashid Khan|Basil Thampi|S Kaul|Sandeep Sharma,SA Yadav|E Lewis|Ishan Kishan|RG Sharma|KH Pandya|KA Pollard|HH Pandya|MJ McClenaghan|M Markande|JJ Bumrah|Mustafizur Rahman,Sunrisers Hyderabad,118,10,Mumbai Indians,87.0,10.0
1136584,24.0,2018,2018-04-25,M.Chinnaswamy Stadium,Bengaluru,Royal Challengers Bangalore,Chennai Super Kings,Chennai Super Kings,field,1.0,Chennai Super Kings,,5.0,MS Dhoni,Q de Kock|V Kohli|AB de Villiers|CJ Anderson|Mandeep Singh|C de Grandhomme|P Negi|Washington Sundar|UT Yadav|Mohammed Siraj|YS Chahal,SR Watson|AT Rayudu|SK Raina|SW Billings|RA Jadeja|MS Dhoni|DJ Bravo|Harbhajan Singh|DL Chahar|SN Thakur|Imran Tahir,Royal Challengers Bangalore,205,8,Chennai Super Kings,207.0,5.0
1136585,25.0,2018,2018-04-26,Rajiv Gandhi International Stadium,Hyderabad,Sunrisers Hyderabad,Kings XI Punjab,Kings XI Punjab,field,0.0,Sunrisers Hyderabad,13.0,,AS Rajpoot,S Dhawan|KS Williamson|WP Saha|MK Pandey|Shakib Al Hasan|YK Pathan|Mohammad Nabi|Rashid Khan|Basil Thampi|S Kaul|Sandeep Sharma,KL Rahul|CH Gayle|MA Agarwal|KK Nair|AJ Finch|MK Tiwary|R Ashwin|AJ Tye|BB Sran|AS Rajpoot|Mujeeb Ur Rahman,Sunrisers Hyderabad,132,6,Kings XI Punjab,119.0,10.0
1136586,26.0,2018,2018-04-27,Arun Jaitley Stadium,Delhi,Delhi Daredevils,Kolkata Knight Riders,Kolkata Knight Riders,field,0.0,Delhi Daredevils,55.0,,SS Iyer,PP Shaw|C Munro|SS Iyer|RR Pant|GJ Maxwell|V Shankar|R Tewatia|LE Plunkett|A Mishra|Avesh Khan|TA Boult,CA Lynn|SP Narine|RV Uthappa|N Rana|KD Karthik|Shubman Gill|AD Russell|Shivam Mavi|PP Chawla|MG Johnson|Kuldeep Yadav,Delhi Daredevils,219,4,Kolkata Knight Riders,164.0,9.0
1136587,27.0,2018,2018-04-28,Maharashtra Cricket Association Stadium,Pune,Chennai Super Kings,Mumbai Indians,Mumbai Indians,field,1.0,Mumbai Indians,,8.0,RG Sharma,SR Watson|AT Rayudu|SK Raina|MS Dhoni|DJ Bravo|SW Billings|RA Jadeja|Harbhajan Singh|DL Chahar|SN Thakur|Imran Tahir,SA Yadav|E Lewis|RG Sharma|HH Pandya|Ishan Kishan|JP Duminy|KH Pandya|BCJ Cutting|MJ McClenaghan|M Markande|JJ Bumrah,Chennai Super Kings,169,5,Mumbai Indians,170.0,2.0
1136588,28.0,2018,2018-04-29,Sawai Mansingh Stadium,Jaipur,Sunrisers Hyderabad,Rajasthan Royals,Sunrisers Hyderabad,bat,1.0,Sunrisers Hyderabad,11.0,,KS Williamson,AD Hales|S Dhawan|KS Williamson|MK Pandey|Shakib Al Hasan|YK Pathan|WP Saha|Rashid Khan|Basil Thampi|Sandeep Sharma|S Kaul,AM Rahane|RA Tripathi|SV Samson|BA Stokes|JC Buttler|MK Lomror|K Gowtham|JC Archer|DS Kulkarni|IS Sodhi|JD Unadkat,Sunrisers Hyderabad,151,7,Rajasthan Royals,140.0,6.0
1136589,29.0,2018,2018-04-29,M.Chinnaswamy Stadium,Bengaluru,Royal Challengers Bangalore,Kolkata Knight Riders,Kolkata Knight Riders,field,1.0,Kolkata Knight Riders,,6.0,CA Lynn,Q de Kock|BB McCullum|V Kohli|M Vohra|Mandeep Singh|C de Grandhomme|M Ashwin|TG Southee|UT Yadav|YS Chahal|Mohammed Siraj,CA Lynn|SP Narine|RV Uthappa|N Rana|AD Russell|KD Karthik|Shubman Gill|Shivam Mavi|PP Chawla|MG Johnson|Kuldeep Yadav,Royal Challengers Bangalore,175,4,Kolkata Knight Riders,176.0,5.0
1136590,30.0,2018,2018-04-30,Maharashtra Cricket Association Stadium,Pune,Chennai Super Kings,Delhi Daredevils,Delhi Daredevils,field,0.0,Chennai Super Kings,13.0,,SR Watson,SR Watson|F du Plessis|SK Raina|AT Rayudu|MS Dhoni|RA Jadeja|DJ Bravo|KV Sharma|Harbhajan Singh|KM Asif|L Ngidi,PP Shaw|C Munro|SS Iyer|RR Pant|GJ Maxwell|V Shankar|R Tewatia|LE Plunkett|A Mishra|Avesh Khan|TA Boult,Chennai Super Kings,211,4,Delhi Daredevils,198.0,5.0
1136591,31.0,2018,2018-05-01,M.Chinnaswamy Stadium,Bengaluru,Royal Challengers Bangalore,Mumbai Indians,Mumbai Indians,field,0.0,Royal Challengers Bangalore,14.0,,TG Southee,M Vohra|Q de Kock|BB McCullum|V Kohli|Mandeep Singh|C de Grandhomme|Washington Sundar|TG Southee|UT Yadav|YS Chahal|Mohammed Siraj,SA Yadav|Ishan Kishan|JP Duminy|RG Sharma|KA Pollard|HH Pandya|KH Pandya|BCJ Cutting|MJ McClenaghan|M Markande|JJ Bumrah,Royal Challengers Bangalore,167,7,Mumbai Indians,153.0,7.0
1136592,32.0,2018,2018-05-02,Arun Jaitley Stadium,Delhi,Delhi Daredevils,Rajasthan Royals,Rajasthan Royals,field,0.0,Delhi Daredevils,4.0,,RR Pant,PP Shaw|C Munro|SS Iyer|RR Pant|GJ Maxwell|V Shankar|LE Plunkett|A Mishra|S Nadeem|Avesh Khan|TA Boult,DJM Short|JC Buttler|SV Samson|BA Stokes|RA Tripathi|K Gowtham|JC Archer|AM Rahane|JD Unadkat|DS Kulkarni|S Gopal,Delhi Daredevils,196,6,Rajasthan Royals,146.0,5.0
1136593,33.0,2018,2018-05-03,Eden Gardens,Kolkata,Chennai Super Kings,Kolkata Knight Riders,Kolkata Knight Riders,field,1.0,Kolkata Knight Riders,,6.0,SP Narine,SR Watson|F du Plessis|SK Raina|AT Rayudu|MS Dhoni|RA Jadeja|KV Sharma|DJ Bravo|Harbhajan Singh|KM Asif|L Ngidi,CA Lynn|SP Narine|RV Uthappa|Shubman Gill|RK Singh|KD Karthik|AD Russell|Shivam Mavi|PP Chawla|MG Johnson|Kuldeep Yadav,Chennai Super Kings,177,5,Kolkata Knight Riders,180.0,4.0
1136594,34.0,2018,2018-05-04,Holkar Cricket Stadium,Indore,Kings XI Punjab,Mumbai Indians,Mumbai Indians,field,1.0,Mumbai Indians,,6.0,SA Yadav,KL Rahul|CH Gayle|Yuvraj Singh|KK Nair|AR Patel|MP Stoinis|MA Agarwal|R Ashwin|AJ Tye|Mujeeb Ur Rahman|AS Rajpoot,SA Yadav|E Lewis|Ishan Kishan|HH Pandya|RG Sharma|KH Pandya|JP Duminy|BCJ Cutting|MJ McClenaghan|M Markande|JJ Bumrah,Kings XI Punjab,174,6,Mumbai Indians,176.0,4.0
1136595,35.0,2018,2018-05-05,Maharashtra Cricket Association Stadium,Pune,Royal Challengers Bangalore,Chennai Super Kings,Chennai Super Kings,field,1.0,Chennai Super Kings,,6.0,RA Jadeja,PA Patel|BB McCullum|V Kohli|AB de Villiers|Mandeep Singh|C de Grandhomme|M Ashwin|TG Southee|UT Yadav|Mohammed Siraj|YS Chahal,SR Watson|AT Rayudu|SK Raina|DR Shorey|MS Dhoni|DJ Bravo|RA Jadeja|DJ Willey|Harbhajan Singh|L Ngidi|SN Thakur,Royal Challengers Bangalore,127,9,Chennai Super Kings,128.0,4.0
1136596,36.0,2018,2018-05-05,Rajiv Gandhi International Stadium,Hyderabad,Delhi Daredevils,Sunrisers Hyderabad,Delhi Daredevils,bat,0.0,Sunrisers Hyderabad,,7.0,Rashid Khan,PP Shaw|GJ Maxwell|SS Iyer|RR Pant|NV Ojha|V Shankar|DT Christian|LE Plunkett|A Mishra|Avesh Khan|TA Boult,AD Hales|S Dhawan|KS Williamson|MK Pandey|YK Pathan|Shakib Al Hasan|WP Saha|B Kumar|Rashid Khan|S Kaul|Sandeep Sharma,Delhi Daredevils,163,5,Sunrisers Hyderabad,164.0,3.0
1136597,37.0,2018,2018-05-06,Wankhede Stadium,Mumbai,Mumbai Indians,Kolkata Knight Riders,Kolkata Knight Riders,field,0.0,Mumbai Indians,13.0,,HH Pandya,SA Yadav|E Lewis|RG Sharma|HH Pandya|KH Pandya|JP Duminy|Ishan Kishan|BCJ Cutting|MJ McClenaghan|M Markande|JJ Bumrah,CA Lynn|Shubman Gill|RV Uthappa|N Rana|KD Karthik|AD Russell|SP Narine|PP Chawla|MG Johnson|M Prasidh Krishna|Kuldeep Yadav,Mumbai Indians,181,4,Kolkata Knight Riders,168.0,6.0
1136598,38.0,2018,2018-05-06,Holkar Cricket Stadium,Indore,Rajasthan Royals,Kings XI Punjab,Kings XI Punjab,field,1.0,Kings XI Punjab,,6.0,Mujeeb Ur Rahman,JC Buttler|DJM Short|AM Rahane|SV Samson|BA Stokes|RA Tripathi|JC Archer|K Gowtham|S Gopal|JD Unadkat|Anureet Singh,KL Rahul|CH Gayle|MA Agarwal|KK Nair|AR Patel|MP Stoinis|MK Tiwary|R Ashwin|Mujeeb Ur Rahman|AS Rajpoot|AJ Tye,Rajasthan Royals,152,9,Kings XI Punjab,155.0,4.0
1136599,39.0,2018,2018-05-07,Rajiv Gandhi International Stadium,Hyderabad,Sunrisers Hyderabad,Royal Challengers Bangalore,Royal Challengers Bangalore,field,0.0,Sunrisers Hyderabad,5.0,,KS Williamson,AD Hales|S Dhawan|KS Williamson|MK Pandey|Shakib Al Hasan|YK Pathan|WP Saha|Rashid Khan|B Kumar|S Kaul|Sandeep Sharma,M Vohra|PA Patel|V Kohli|AB de Villiers|MM Ali|Mandeep Singh|C de Grandhomme|TG Southee|UT Yadav|Mohammed Siraj|YS Chahal,Sunrisers Hyderabad,146,10,Royal Challengers Bangalore,141.0,6.0
1136600,40.0,2018,2018-05-08,Sawai Mansingh Stadium,Jaipur,Rajasthan Royals,Kings XI Punjab,Rajasthan Royals,bat,1.0,Rajasthan Royals,15.0,,JC Buttler,AM Rahane|JC Buttler|K Gowtham|SV Samson|BA Stokes|STR Binny|MK Lomror|JC Archer|JD Unadkat|IS Sodhi|Anureet Singh,KL Rahul|CH Gayle|R Ashwin|KK Nair|AD Nath|MK Tiwary|AR Patel|MP Stoinis|AJ Tye|MM Sharma|Mujeeb Ur Rahman,Rajasthan Royals,158,8,Kings XI Punjab,143.0,7.0
1136601,41.0,2018,2018-05-09,Eden Gardens,Kolkata,Mumbai Indians,Kolkata Knight Riders,Kolkata Knight Riders,field,0.0,Mumbai Indians,102.0,,Ishan Kishan,SA Yadav|E Lewis|RG Sharma|Ishan Kishan|HH Pandya|BCJ Cutting|KH Pandya|JP Duminy|MJ McClenaghan|M Markande|JJ Bumrah,SP Narine|CA Lynn|RV Uthappa|N Rana|AD Russell|KD Karthik|RK Singh|TK Curran|PP Chawla|Kuldeep Yadav|M Prasidh Krishna,Mumbai Indians,210,6,Kolkata Knight Riders,108.0,10.0
1136602,42.0,2018,2018-05-10,Arun Jaitley Stadium,Delhi,Delhi Daredevils,Sunrisers Hyderabad,Delhi Daredevils,bat,0.0,Sunrisers Hyderabad,,9.0,S Dhawan,PP Shaw|JJ Roy|SS Iyer|RR Pant|HV Patel|GJ Maxwell|V Shankar|LE Plunkett|S Nadeem|A Mishra|TA Boult,AD Hales|S Dhawan|KS Williamson|MK Pandey|Shakib Al Hasan|YK Pathan|SP Goswami|Rashid Khan|B Kumar|S Kaul|Sandeep Sharma,Delhi Daredevils,187,5,Sunrisers Hyderabad,191.0,1.0
1136603,43.0,2018,2018-05-11,Sawai Mansingh Stadium,Jaipur,Chennai Super Kings,Rajasthan Royals,Chennai Super Kings,bat,0.0,Rajasthan Royals,,4.0,JC Buttler,SR Watson|AT Rayudu|SK Raina|MS Dhoni|SW Billings|DJ Bravo|RA Jadeja|DJ Willey|Harbhajan Singh|SN Thakur|KV Sharma,JC Buttler|BA Stokes|AM Rahane|SV Samson|P Chopra|STR Binny|K Gowtham|JC Archer|Ankit Sharma|JD Unadkat|IS Sodhi,Chennai Super Kings,176,4,Rajasthan Royals,177.0,6.0
1136604,44.0,2018,2018-05-12,Holkar Cricket Stadium,Indore,Kolkata Knight Riders,Kings XI Punjab,Kings XI Punjab,field,0.0,Kolkata Knight Riders,31.0,,SP Narine,CA Lynn|SP Narine|RV Uthappa|AD Russell|KD Karthik|N Rana|Shubman Gill|JPR Scantlebury-Searles|PP Chawla|Kuldeep Yadav|M Prasidh Krishna,KL Rahul|CH Gayle|MA Agarwal|KK Nair|AJ Finch|AR Patel|R Ashwin|AJ Tye|BB Sran|MM Sharma|Mujeeb Ur Rahman,Kolkata Knight Riders,245,6,Kings XI Punjab,214.0,8.0
1136605,45.0,2018,2018-05-12,Arun Jaitley Stadium,Delhi,Delhi Daredevils,Royal Challengers Bangalore,Royal Challengers Bangalore,field,1.0,Royal Challengers Bangalore,,5.0,AB de Villiers,PP Shaw|JJ Roy|SS Iyer|RR Pant|V Shankar|Abhishek Sharma|HV Patel|A Mishra|S Lamichhane|CJ Dala|TA Boult,PA Patel|MM Ali|V Kohli|AB de Villiers|Mandeep Singh|SN Khan|C de Grandhomme|TG Southee|UT Yadav|Mohammed Siraj|YS Chahal,Delhi Daredevils,181,4,Royal Challengers Bangalore,187.0,5.0
1136606,46.0,2018,2018-05-13,Maharashtra Cricket Association Stadium,Pune,Sunrisers Hyderabad,Chennai Super Kings,Chennai Super Kings,field,1.0,Chennai Super Kings,,8.0,AT Rayudu,S Dhawan|AD Hales|KS Williamson|MK Pandey|DJ Hooda|Shakib Al Hasan|SP Goswami|Rashid Khan|B Kumar|S Kaul|Sandeep Sharma,SR Watson|AT Rayudu|SK Raina|MS Dhoni|SW Billings|DJ Bravo|RA Jadeja|DJ Willey|Harbhajan Singh|DL Chahar|SN Thakur,Sunrisers Hyderabad,179,4,Chennai Super Kings,180.0,2.0
1136607,47.0,2018,2018-05-13,Wankhede Stadium,Mumbai,Mumbai Indians,Rajasthan Royals,Rajasthan Royals,field,1.0,Rajasthan Royals,,7.0,JC Buttler,SA Yadav|E Lewis|RG Sharma|Ishan Kishan|HH Pandya|KH Pandya|BCJ Cutting|JP Duminy|MJ McClenaghan|M Markande|JJ Bumrah,DJM Short|JC Buttler|AM Rahane|SV Samson|BA Stokes|STR Binny|JC Archer|K Gowtham|S Gopal|JD Unadkat|DS Kulkarni,Mumbai Indians,168,6,Rajasthan Royals,171.0,3.0
1136608,48.0,2018,2018-05-14,Holkar Cricket Stadium,Indore,Kings XI Punjab,Royal Challengers Bangalore,Royal Challengers Bangalore,field,1.0,Royal Challengers Bangalore,,10.0,UT Yadav,KL Rahul|CH Gayle|KK Nair|AJ Finch|MP Stoinis|MA Agarwal|AR Patel|R Ashwin|AJ Tye|MM Sharma|AS Rajpoot,V Kohli|PA Patel|MM Ali|AB de Villiers|Mandeep Singh|SN Khan|C de Grandhomme|TG Southee|UT Yadav|Mohammed Siraj|YS Chahal,Kings XI Punjab,88,10,Royal Challengers Bangalore,92.0,0.0
1136609,49.0,2018,2018-05-15,Eden Gardens,Kolkata,Rajasthan Royals,Kolkata Knight Riders,Kolkata Knight Riders,field,1.0,Kolkata Knight Riders,,6.0,Kuldeep Yadav,RA Tripathi|JC Buttler|AM Rahane|SV Samson|BA Stokes|STR Binny|K Gowtham|JD Unadkat|IS Sodhi|JC Archer|Anureet Singh,SP Narine|CA Lynn|RV Uthappa|N Rana|KD Karthik|AD Russell|Shubman Gill|Shivam Mavi|JPR Scantlebury-Searles|Kuldeep Yadav|M Prasidh Krishna,Rajasthan Royals,142,10,Kolkata Knight Riders,145.0,4.0
1136610,50.0,2018,2018-05-16,Wankhede Stadium,Mumbai,Mumbai Indians,Kings XI Punjab,Kings XI Punjab,field,0.0,Mumbai Indians,3.0,,JJ Bumrah,SA Yadav|E Lewis|Ishan Kishan|RG Sharma|KH Pandya|KA Pollard|HH Pandya|BCJ Cutting|MJ McClenaghan|M Markande|JJ Bumrah,KL Rahul|CH Gayle|AJ Finch|MP Stoinis|AR Patel|Yuvraj Singh|MK Tiwary|R Ashwin|AJ Tye|MM Sharma|AS Rajpoot,Mumbai Indians,186,8,Kings XI Punjab,183.0,5.0
1136611,51.0,2018,2018-05-17,M.Chinnaswamy Stadium,Bengaluru,Royal Challengers Bangalore,Sunrisers Hyderabad,Sunrisers Hyderabad,field,0.0,Royal Challengers Bangalore,14.0,,AB de Villiers,PA Patel|V Kohli|AB de Villiers|MM Ali|C de Grandhomme|Mandeep Singh|SN Khan|TG Southee|UT Yadav|Mohammed Siraj|YS Chahal,S Dhawan|AD Hales|KS Williamson|MK Pandey|DJ Hooda|Shakib Al Hasan|SP Goswami|Rashid Khan|S Kaul|Sandeep Sharma|Basil Thampi,Royal Challengers Bangalore,218,6,Sunrisers Hyderabad,204.0,3.0
1136612,52.0,2018,2018-05-18,Arun Jaitley Stadium,Delhi,Delhi Daredevils,Chennai Super Kings,Chennai Super Kings,field,0.0,Delhi Daredevils,34.0,,HV Patel,PP Shaw|SS Iyer|RR Pant|GJ Maxwell|V Shankar|Abhishek Sharma|HV Patel|A Mishra|S Lamichhane|TA Boult|Avesh Khan,SR Watson|AT Rayudu|SK Raina|MS Dhoni|SW Billings|RA Jadeja|DJ Bravo|DL Chahar|Harbhajan Singh|SN Thakur|L Ngidi,Delhi Daredevils,162,5,Chennai Super Kings,128.0,6.0
1136613,53.0,2018,2018-05-19,Sawai Mansingh Stadium,Jaipur,Rajasthan Royals,Royal Challengers Bangalore,Rajasthan Royals,bat,1.0,Rajasthan Royals,30.0,,S Gopal,RA Tripathi|JC Archer|AM Rahane|SV Samson|H Klaasen|K Gowtham|STR Binny|S Gopal|IS Sodhi|JD Unadkat|B Laughlin,V Kohli|PA Patel|AB de Villiers|MM Ali|Mandeep Singh|C de Grandhomme|SN Khan|TG Southee|UT Yadav|Mohammed Siraj|YS Chahal,Rajasthan Royals,164,5,Royal Challengers Bangalore,134.0,10.0
1136614,54.0,2018,2018-05-19,Rajiv Gandhi International Stadium,Hyderabad,Sunrisers Hyderabad,Kolkata Knight Riders,Sunrisers Hyderabad,bat,0.0,Kolkata Knight Riders,,5.0,CA Lynn,S Dhawan|SP Goswami|KS Williamson|MK Pandey|YK Pathan|CR Brathwaite|Shakib Al Hasan|Rashid Khan|B Kumar|S Kaul|Sandeep Sharma,CA Lynn|SP Narine|RV Uthappa|KD Karthik|AD Russell|N Rana|Shubman Gill|PP Chawla|JPR Scantlebury-Searles|Kuldeep Yadav|M Prasidh Krishna,Sunrisers Hyderabad,172,9,Kolkata Knight Riders,173.0,5.0
1136615,55.0,2018,2018-05-20,Arun Jaitley Stadium,Delhi,Delhi Daredevils,Mumbai Indians,Delhi Daredevils,bat,1.0,Delhi Daredevils,11.0,,A Mishra,PP Shaw|GJ Maxwell|SS Iyer|RR Pant|V Shankar|Abhishek Sharma|HV Patel|A Mishra|S Lamichhane|TA Boult|LE Plunkett,SA Yadav|E Lewis|Ishan Kishan|KA Pollard|RG Sharma|KH Pandya|HH Pandya|BCJ Cutting|M Markande|JJ Bumrah|Mustafizur Rahman,Delhi Daredevils,174,4,Mumbai Indians,163.0,10.0
1136616,56.0,2018,2018-05-20,Maharashtra Cricket Association Stadium,Pune,Kings XI Punjab,Chennai Super Kings,Chennai Super Kings,field,1.0,Chennai Super Kings,,5.0,L Ngidi,KL Rahul|CH Gayle|AJ Finch|MK Tiwary|DA Miller|KK Nair|AR Patel|R Ashwin|AJ Tye|MM Sharma|AS Rajpoot,AT Rayudu|F du Plessis|SK Raina|SW Billings|Harbhajan Singh|DL Chahar|MS Dhoni|DJ Bravo|RA Jadeja|SN Thakur|L Ngidi,Kings XI Punjab,153,10,Chennai Super Kings,159.0,5.0
1136617,,2018,2018-05-22,Wankhede Stadium,Mumbai,Sunrisers Hyderabad,Chennai Super Kings,Chennai Super Kings,field,1.0,Chennai Super Kings,,2.0,F du Plessis,S Dhawan|SP Goswami|KS Williamson|MK Pandey|Shakib Al Hasan|YK Pathan|CR Brathwaite|B Kumar|Rashid Khan|S Kaul|Sandeep Sharma,SR Watson|F du Plessis|SK Raina|AT Rayudu|MS Dhoni|DJ Bravo|RA Jadeja|DL Chahar|Harbhajan Singh|SN Thakur|L Ngidi,Sunrisers Hyderabad,139,7,Chennai Super Kings,140.0,8.0
1136618,,2018,2018-05-23,Eden Gardens,Kolkata,Kolkata Knight Riders,Rajasthan Royals,Rajasthan Royals,field,0.0,Kolkata Knight Riders,25.0,,AD Russell,SP Narine|CA Lynn|RV Uthappa|N Rana|KD Karthik|Shubman Gill|AD Russell|JPR Scantlebury-Searles|PP Chawla|Kuldeep Yadav|M Prasidh Krishna,AM Rahane|RA Tripathi|SV Samson|H Klaasen|STR Binny|K Gowtham|JC Archer|S Gopal|IS Sodhi|JD Unadkat|B Laughlin,Kolkata Knight Riders,169,7,Rajasthan Royals,144.0,4.0
1136619,,2018,2018-05-25,Eden Gardens,Kolkata,Sunrisers Hyderabad,Kolkata Knight Riders,Kolkata Knight Riders,field,0.0,Sunrisers Hyderabad,14.0,,Rashid Khan,WP Saha|S Dhawan|KS Williamson|Shakib Al Hasan|DJ Hooda|YK Pathan|CR Brathwaite|Rashid Khan|B Kumar|S Kaul|KK Ahmed,CA Lynn|SP Narine|N Rana|RV Uthappa|KD Karthik|Shubman Gill|AD Russell|PP Chawla|Shivam Mavi|Kuldeep Yadav|M Prasidh Krishna,Sunrisers Hyderabad,174,7,Kolkata Knight Riders,160.0,9.0
1136620,,2018,2018-05-27,Wankhede Stadium,Mumbai,Sunrisers Hyderabad,Chennai Super Kings,Chennai Super Kings,field,1.0,Chennai Super Kings,,8.0,SR Watson,SP Goswami|S Dhawan|KS Williamson|Shakib Al Hasan|YK Pathan|DJ Hooda|CR Brathwaite|Rashid Khan|B Kumar|S Kaul|Sandeep Sharma,SR Watson|F du Plessis|SK Raina|AT Rayudu|MS Dhoni|DJ Bravo|RA Jadeja|DL Chahar|KV Sharma|SN Thakur|L Ngidi,Sunrisers Hyderabad,178,6,Chennai Super Kings,181.0,2.0
1175356,1.0,2019,2019-03-23,MA Chidambaram Stadium,Chennai,Royal Challengers Bangalore,Chennai Super Kings,Chennai Super Kings,field,1.0,Chennai Super Kings,,7.0,Harbhajan Singh,V Kohli|PA Patel|MM Ali|AB de Villiers|SO Hetmyer|S Dube|C de Grandhomme|Navdeep Saini|YS Chahal|UT Yadav|Mohammed Siraj,SR Watson|AT Rayudu|SK Raina|KM Jadhav|RA Jadeja|MS Dhoni|DJ Bravo|DL Chahar|SN Thakur|Harbhajan Singh|Imran Tahir,Royal Challengers Bangalore,70,10,Chennai Super Kings,71.0,3.0
1175357,2.0,2019,2019-03-24,Eden Gardens,Kolkata,Sunrisers Hyderabad,Kolkata Knight Riders,Kolkata Knight Riders,field,1.0,Kolkata Knight Riders,,6.0,AD Russell,DA Warner|JM Bairstow|V Shankar|YK Pathan|MK Pandey|DJ Hooda|Shakib Al Hasan|Rashid Khan|B Kumar|Sandeep Sharma|S Kaul,CA Lynn|N Rana|RV Uthappa|KD Karthik|AD Russell|Shubman Gill|SP Narine|PP Chawla|Kuldeep Yadav|LH Ferguson|M Prasidh Krishna,Sunrisers Hyderabad,181,3,Kolkata Knight Riders,183.0,4.0
1175358,3.0,2019,2019-03-24,Wankhede Stadium,Mumbai,Delhi Capitals,Mumbai Indians,Mumbai Indians,field,0.0,Delhi Capitals,37.0,,RR Pant,PP Shaw|S Dhawan|SS Iyer|CA Ingram|RR Pant|KMA Paul|AR Patel|R Tewatia|K Rabada|TA Boult|I Sharma,RG Sharma|Q de Kock|SA Yadav|Yuvraj Singh|KA Pollard|HH Pandya|KH Pandya|BCJ Cutting|MJ McClenaghan|Rasikh Salam|JJ Bumrah,Delhi Capitals,213,6,Mumbai Indians,176.0,9.0
1175359,4.0,2019,2019-03-25,Sawai Mansingh Stadium,Jaipur,Kings XI Punjab,Rajasthan Royals,Rajasthan Royals,field,0.0,Kings XI Punjab,14.0,,CH Gayle,KL Rahul|CH Gayle|MA Agarwal|SN Khan|N Pooran|Mandeep Singh|SM Curran|R Ashwin|Mohammed Shami|Mujeeb Ur Rahman|AS Rajpoot,AM Rahane|JC Buttler|SV Samson|SPD Smith|BA Stokes|RA Tripathi|K Gowtham|JC Archer|JD Unadkat|S Gopal|DS Kulkarni,Kings XI Punjab,184,4,Rajasthan Royals,170.0,9.0
1175360,5.0,2019,2019-03-26,Arun Jaitley Stadium,Delhi,Delhi Capitals,Chennai Super Kings,Delhi Capitals,bat,0.0,Chennai Super Kings,,6.0,SR Watson,PP Shaw|S Dhawan|SS Iyer|RR Pant|CA Ingram|KMA Paul|AR Patel|R Tewatia|K Rabada|I Sharma|A Mishra,SR Watson|AT Rayudu|SK Raina|KM Jadhav|MS Dhoni|DJ Bravo|RA Jadeja|DL Chahar|SN Thakur|Harbhajan Singh|Imran Tahir,Delhi Capitals,147,6,Chennai Super Kings,150.0,4.0
1175361,6.0,2019,2019-03-27,Eden Gardens,Kolkata,Kolkata Knight Riders,Kings XI Punjab,Kings XI Punjab,field,0.0,Kolkata Knight Riders,28.0,,AD Russell,CA Lynn|SP Narine|RV Uthappa|N Rana|AD Russell|KD Karthik|Shubman Gill|PP Chawla|Kuldeep Yadav|M Prasidh Krishna|LH Ferguson,KL Rahul|CH Gayle|MA Agarwal|SN Khan|DA Miller|Mandeep Singh|R Ashwin|GC Viljoen|CV Varun|Mohammed Shami|AJ Tye,Kolkata Knight Riders,218,4,Kings XI Punjab,190.0,4.0
1175362,7.0,2019,2019-03-28,M.Chinnaswamy Stadium,Bengaluru,Mumbai Indians,Royal Challengers Bangalore,Royal Challengers Bangalore,field,0.0,Mumbai Indians,6.0,,JJ Bumrah,Q de Kock|RG Sharma|SA Yadav|Yuvraj Singh|KA Pollard|KH Pandya|HH Pandya|MJ McClenaghan|M Markande|JJ Bumrah|SL Malinga,PA Patel|MM Ali|V Kohli|AB de Villiers|SO Hetmyer|C de Grandhomme|S Dube|Navdeep Saini|YS Chahal|UT Yadav|Mohammed Siraj,Mumbai Indians,187,8,Royal Challengers Bangalore,181.0,5.0
1175363,8.0,2019,2019-03-29,Rajiv Gandhi International Stadium,Hyderabad,Rajasthan Royals,Sunrisers Hyderabad,Rajasthan Royals,bat,0.0,Sunrisers Hyderabad,,5.0,Rashid Khan,AM Rahane|JC Buttler|SV Samson|BA Stokes|SPD Smith|RA Tripathi|K Gowtham|JC Archer|JD Unadkat|S Gopal|DS Kulkarni,DA Warner|JM Bairstow|KS Williamson|V Shankar|MK Pandey|YK Pathan|Rashid Khan|B Kumar|Sandeep Sharma|S Kaul|S Nadeem,Rajasthan Royals,198,2,Sunrisers Hyderabad,201.0,5.0
1175364,9.0,2019,2019-03-30,Punjab Cricket Association IS Bindra Stadium,Chandigarh,Mumbai Indians,Kings XI Punjab,Kings XI Punjab,field,1.0,Kings XI Punjab,,8.0,MA Agarwal,RG Sharma|Q de Kock|SA Yadav|Yuvraj Singh|KA Pollard|HH Pandya|KH Pandya|MJ McClenaghan|M Markande|SL Malinga|JJ Bumrah,KL Rahul|CH Gayle|MA Agarwal|DA Miller|SN Khan|Mandeep Singh|R Ashwin|GC Viljoen|M Ashwin|Mohammed Shami|AJ Tye,Mumbai Indians,176,7,Kings XI Punjab,177.0,2.0
1175365,10.0,2019,2019-03-30,Arun Jaitley Stadium,Delhi,Kolkata Knight Riders,Delhi Capitals,Delhi Capitals,field,,,,,PP Shaw,NS Naik|CA Lynn|RV Uthappa|N Rana|KD Karthik|Shubman Gill|AD Russell|PP Chawla|Kuldeep Yadav|M Prasidh Krishna|LH Ferguson,PP Shaw|S Dhawan|SS Iyer|RR Pant|CA Ingram|GH Vihari|HV Patel|CH Morris|A Mishra|S Lamichhane|K Rabada,Kolkata Knight Riders,185,8,Delhi Capitals,185.0,6.0
1175366,11.0,2019,2019-03-31,Rajiv Gandhi International Stadium,Hyderabad,Sunrisers Hyderabad,Royal Challengers Bangalore,Royal Challengers Bangalore,field,0.0,Sunrisers Hyderabad,118.0,,JM Bairstow,JM Bairstow|DA Warner|V Shankar|YK Pathan|MK Pandey|DJ Hooda|Mohammad Nabi|Rashid Khan|B Kumar|Sandeep Sharma|S Kaul,PA Patel|SO Hetmyer|V Kohli|AB de Villiers|MM Ali|S Dube|C de Grandhomme|P Ray Barman|UT Yadav|Mohammed Siraj|YS Chahal,Sunrisers Hyderabad,231,2,Royal Challengers Bangalore,113.0,10.0
1175367,12.0,2019,2019-03-31,MA Chidambaram Stadium,Chennai,Chennai Super Kings,Rajasthan Royals,Rajasthan Royals,field,0.0,Chennai Super Kings,8.0,,MS Dhoni,AT Rayudu|SR Watson|SK Raina|KM Jadhav|MS Dhoni|DJ Bravo|RA Jadeja|DL Chahar|SN Thakur|MJ Santner|Imran Tahir,AM Rahane|JC Buttler|SV Samson|RA Tripathi|SPD Smith|BA Stokes|K Gowtham|JC Archer|S Gopal|JD Unadkat|DS Kulkarni,Chennai Super Kings,175,5,Rajasthan Royals,167.0,8.0
1175368,13.0,2019,2019-04-01,Punjab Cricket Association IS Bindra Stadium,Chandigarh,Kings XI Punjab,Delhi Capitals,Delhi Capitals,field,0.0,Kings XI Punjab,14.0,,SM Curran,KL Rahul|SM Curran|MA Agarwal|SN Khan|DA Miller|Mandeep Singh|GC Viljoen|R Ashwin|M Ashwin|Mohammed Shami|Mujeeb Ur Rahman,PP Shaw|S Dhawan|SS Iyer|RR Pant|CA Ingram|CH Morris|GH Vihari|HV Patel|K Rabada|Avesh Khan|S Lamichhane,Kings XI Punjab,166,9,Delhi Capitals,152.0,10.0
1175369,14.0,2019,2019-04-02,Sawai Mansingh Stadium,Jaipur,Royal Challengers Bangalore,Rajasthan Royals,Rajasthan Royals,field,1.0,Rajasthan Royals,,7.0,S Gopal,V Kohli|PA Patel|AB de Villiers|SO Hetmyer|MP Stoinis|MM Ali|AD Nath|UT Yadav|Navdeep Saini|YS Chahal|Mohammed Siraj,AM Rahane|JC Buttler|SPD Smith|RA Tripathi|BA Stokes|STR Binny|K Gowtham|JC Archer|S Gopal|VR Aaron|DS Kulkarni,Royal Challengers Bangalore,158,4,Rajasthan Royals,164.0,3.0
1175370,15.0,2019,2019-04-03,Wankhede Stadium,Mumbai,Mumbai Indians,Chennai Super Kings,Chennai Super Kings,field,0.0,Mumbai Indians,37.0,,HH Pandya,Q de Kock|RG Sharma|SA Yadav|Yuvraj Singh|KH Pandya|HH Pandya|KA Pollard|JP Behrendorff|RD Chahar|SL Malinga|JJ Bumrah,SR Watson|AT Rayudu|SK Raina|KM Jadhav|MS Dhoni|RA Jadeja|DJ Bravo|DL Chahar|SN Thakur|MM Sharma|Imran Tahir,Mumbai Indians,170,5,Chennai Super Kings,133.0,8.0
1175371,16.0,2019,2019-04-04,Arun Jaitley Stadium,Delhi,Delhi Capitals,Sunrisers Hyderabad,Sunrisers Hyderabad,field,1.0,Sunrisers Hyderabad,,5.0,JM Bairstow,PP Shaw|S Dhawan|SS Iyer|RR Pant|R Tewatia|CA Ingram|CH Morris|AR Patel|K Rabada|I Sharma|S Lamichhane,DA Warner|JM Bairstow|V Shankar|MK Pandey|DJ Hooda|YK Pathan|Mohammad Nabi|Rashid Khan|B Kumar|Sandeep Sharma|S Kaul,Delhi Capitals,129,8,Sunrisers Hyderabad,131.0,5.0
1175372,17.0,2019,2019-04-05,M.Chinnaswamy Stadium,Bengaluru,Royal Challengers Bangalore,Kolkata Knight Riders,Kolkata Knight Riders,field,1.0,Kolkata Knight Riders,,5.0,AD Russell,PA Patel|V Kohli|AB de Villiers|MP Stoinis|MM Ali|AD Nath|P Negi|Navdeep Saini|TG Southee|YS Chahal|Mohammed Siraj,CA Lynn|SP Narine|RV Uthappa|N Rana|KD Karthik|AD Russell|Shubman Gill|PP Chawla|Kuldeep Yadav|M Prasidh Krishna|LH Ferguson,Royal Challengers Bangalore,205,3,Kolkata Knight Riders,206.0,5.0
1178393,18.0,2019,2019-04-06,MA Chidambaram Stadium,Chennai,Chennai Super Kings,Kings XI Punjab,Chennai Super Kings,bat,1.0,Chennai Super Kings,22.0,,Harbhajan Singh,SR Watson|F du Plessis|SK Raina|MS Dhoni|AT Rayudu|KM Jadhav|SC Kuggeleijn|RA Jadeja|Harbhajan Singh|DL Chahar|Imran Tahir,KL Rahul|CH Gayle|MA Agarwal|SN Khan|DA Miller|Mandeep Singh|SM Curran|R Ashwin|Mohammed Shami|AJ Tye|M Ashwin,Chennai Super Kings,160,3,Kings XI Punjab,138.0,5.0
1178394,19.0,2019,2019-04-06,Rajiv Gandhi International Stadium,Hyderabad,Mumbai Indians,Sunrisers Hyderabad,Sunrisers Hyderabad,field,0.0,Mumbai Indians,40.0,,AS Joseph,RG Sharma|Q de Kock|SA Yadav|Ishan Kishan|KH Pandya|KA Pollard|HH Pandya|RD Chahar|AS Joseph|JP Behrendorff|JJ Bumrah,DA Warner|JM Bairstow|V Shankar|MK Pandey|DJ Hooda|YK Pathan|Mohammad Nabi|Rashid Khan|B Kumar|S Kaul|Sandeep Sharma,Mumbai Indians,136,7,Sunrisers Hyderabad,96.0,10.0
1178395,20.0,2019,2019-04-07,M.Chinnaswamy Stadium,Bengaluru,Royal Challengers Bangalore,Delhi Capitals,Delhi Capitals,field,1.0,Delhi Capitals,,4.0,K Rabada,PA Patel|V Kohli|AB de Villiers|MP Stoinis|MM Ali|AD Nath|P Negi|TG Southee|Mohammed Siraj|YS Chahal|Navdeep Saini,PP Shaw|S Dhawan|SS Iyer|CA Ingram|RR Pant|CH Morris|AR Patel|R Tewatia|K Rabada|I Sharma|S Lamichhane,Royal Challengers Bangalore,149,8,Delhi Capitals,152.0,6.0
1178396,21.0,2019,2019-04-07,Sawai Mansingh Stadium,Jaipur,Rajasthan Royals,Kolkata Knight Riders,Kolkata Knight Riders,field,1.0,Kolkata Knight Riders,,8.0,HF Gurney,AM Rahane|JC Buttler|SPD Smith|RA Tripathi|BA Stokes|P Chopra|K Gowtham|JC Archer|S Gopal|S Midhun|DS Kulkarni,CA Lynn|SP Narine|RV Uthappa|Shubman Gill|N Rana|KD Karthik|AD Russell|PP Chawla|Kuldeep Yadav|HF Gurney|M Prasidh Krishna,Rajasthan Royals,139,3,Kolkata Knight Riders,140.0,2.0
1178397,22.0,2019,2019-04-08,Punjab Cricket Association IS Bindra Stadium,Chandigarh,Sunrisers Hyderabad,Kings XI Punjab,Kings XI Punjab,field,1.0,Kings XI Punjab,,6.0,KL Rahul,DA Warner|JM Bairstow|V Shankar|Mohammad Nabi|MK Pandey|DJ Hooda|YK Pathan|Rashid Khan|B Kumar|S Kaul|Sandeep Sharma,KL Rahul|CH Gayle|MA Agarwal|DA Miller|Mandeep Singh|SM Curran|SN Khan|R Ashwin|Mohammed Shami|Mujeeb Ur Rahman|AS Rajpoot,Sunrisers Hyderabad,150,4,Kings XI Punjab,151.0,4.0
1178398,23.0,2019,2019-04-09,MA Chidambaram Stadium,Chennai,Kolkata Knight Riders,Chennai Super Kings,Chennai Super Kings,field,1.0,Chennai Super Kings,,7.0,DL Chahar,CA Lynn|SP Narine|RV Uthappa|N Rana|KD Karthik|Shubman Gill|AD Russell|PP Chawla|Kuldeep Yadav|M Prasidh Krishna|HF Gurney,SR Watson|F du Plessis|SK Raina|AT Rayudu|KM Jadhav|MS Dhoni|SC Kuggeleijn|RA Jadeja|Harbhajan Singh|DL Chahar|Imran Tahir,Kolkata Knight Riders,108,9,Chennai Super Kings,111.0,3.0
1178399,24.0,2019,2019-04-10,Wankhede Stadium,Mumbai,Kings XI Punjab,Mumbai Indians,Mumbai Indians,field,1.0,Mumbai Indians,,3.0,KA Pollard,KL Rahul|CH Gayle|DA Miller|KK Nair|SM Curran|Mandeep Singh|SN Khan|GC Viljoen|R Ashwin|Mohammed Shami|AS Rajpoot,Q de Kock|SD Lad|SA Yadav|KA Pollard|Ishan Kishan|HH Pandya|KH Pandya|AS Joseph|RD Chahar|JP Behrendorff|JJ Bumrah,Kings XI Punjab,197,4,Mumbai Indians,198.0,7.0
1178400,25.0,2019,2019-04-11,Sawai Mansingh Stadium,Jaipur,Rajasthan Royals,Chennai Super Kings,Chennai Super Kings,field,1.0,Chennai Super Kings,,4.0,MS Dhoni,AM Rahane|JC Buttler|SV Samson|SPD Smith|RA Tripathi|BA Stokes|R Parag|JC Archer|S Gopal|JD Unadkat|DS Kulkarni,SR Watson|F du Plessis|SK Raina|AT Rayudu|KM Jadhav|MS Dhoni|RA Jadeja|MJ Santner|DL Chahar|SN Thakur|Imran Tahir,Rajasthan Royals,151,7,Chennai Super Kings,155.0,6.0
1178401,26.0,2019,2019-04-12,Eden Gardens,Kolkata,Kolkata Knight Riders,Delhi Capitals,Delhi Capitals,field,1.0,Delhi Capitals,,7.0,S Dhawan,JL Denly|Shubman Gill|RV Uthappa|N Rana|AD Russell|KD Karthik|CR Brathwaite|PP Chawla|Kuldeep Yadav|LH Ferguson|M Prasidh Krishna,PP Shaw|S Dhawan|SS Iyer|RR Pant|CA Ingram|CH Morris|AR Patel|KMA Paul|R Tewatia|K Rabada|I Sharma,Kolkata Knight Riders,178,7,Delhi Capitals,180.0,3.0
1178402,27.0,2019,2019-04-13,Wankhede Stadium,Mumbai,Mumbai Indians,Rajasthan Royals,Rajasthan Royals,field,1.0,Rajasthan Royals,,4.0,JC Buttler,RG Sharma|Q de Kock|SA Yadav|KA Pollard|HH Pandya|Ishan Kishan|KH Pandya|AS Joseph|RD Chahar|JP Behrendorff|JJ Bumrah,AM Rahane|JC Buttler|SV Samson|SPD Smith|RA Tripathi|LS Livingstone|S Gopal|K Gowtham|JC Archer|JD Unadkat|DS Kulkarni,Mumbai Indians,187,5,Rajasthan Royals,188.0,6.0
1178403,28.0,2019,2019-04-13,Punjab Cricket Association IS Bindra Stadium,Chandigarh,Kings XI Punjab,Royal Challengers Bangalore,Royal Challengers Bangalore,field,1.0,Royal Challengers Bangalore,,8.0,AB de Villiers,KL Rahul|CH Gayle|MA Agarwal|SN Khan|SM Curran|Mandeep Singh|N Pooran|AJ Tye|R Ashwin|Mohammed Shami|M Ashwin,PA Patel|V Kohli|AB de Villiers|MP Stoinis|MM Ali|AD Nath|P Negi|UT Yadav|Mohammed Siraj|YS Chahal|Navdeep Saini,Kings XI Punjab,173,4,Royal Challengers Bangalore,174.0,2.0
1178404,29.0,2019,2019-04-14,Eden Gardens,Kolkata,Kolkata Knight Riders,Chennai Super Kings,Chennai Super Kings,field,1.0,Chennai Super Kings,,5.0,Imran Tahir,CA Lynn|SP Narine|N Rana|RV Uthappa|KD Karthik|AD Russell|Shubman Gill|PP Chawla|Kuldeep Yadav|M Prasidh Krishna|HF Gurney,SR Watson|F du Plessis|SK Raina|AT Rayudu|KM Jadhav|MS Dhoni|RA Jadeja|MJ Santner|Imran Tahir|SN Thakur|DL Chahar,Kolkata Knight Riders,161,8,Chennai Super Kings,162.0,5.0
1178405,30.0,2019,2019-04-14,Rajiv Gandhi International Stadium,Hyderabad,Delhi Capitals,Sunrisers Hyderabad,Sunrisers Hyderabad,field,0.0,Delhi Capitals,39.0,,KMA Paul,PP Shaw|S Dhawan|C Munro|SS Iyer|RR Pant|CH Morris|AR Patel|KMA Paul|K Rabada|A Mishra|I Sharma,DA Warner|JM Bairstow|KS Williamson|RK Bhui|V Shankar|DJ Hooda|Abhishek Sharma|Rashid Khan|B Kumar|Sandeep Sharma|KK Ahmed,Delhi Capitals,155,7,Sunrisers Hyderabad,116.0,10.0
1178406,31.0,2019,2019-04-15,Wankhede Stadium,Mumbai,Royal Challengers Bangalore,Mumbai Indians,Mumbai Indians,field,1.0,Mumbai Indians,,5.0,SL Malinga,PA Patel|V Kohli|AB de Villiers|MM Ali|MP Stoinis|AD Nath|P Negi|UT Yadav|Mohammed Siraj|YS Chahal|Navdeep Saini,Q de Kock|RG Sharma|SA Yadav|Ishan Kishan|KH Pandya|HH Pandya|KA Pollard|JP Behrendorff|RD Chahar|JJ Bumrah|SL Malinga,Royal Challengers Bangalore,171,7,Mumbai Indians,172.0,5.0
1178407,32.0,2019,2019-04-16,Punjab Cricket Association IS Bindra Stadium,Chandigarh,Kings XI Punjab,Rajasthan Royals,Rajasthan Royals,field,0.0,Kings XI Punjab,12.0,,R Ashwin,KL Rahul|CH Gayle|MA Agarwal|DA Miller|N Pooran|Mandeep Singh|R Ashwin|Mujeeb Ur Rahman|Mohammed Shami|M Ashwin|Arshdeep Singh,RA Tripathi|JC Buttler|SV Samson|AM Rahane|AJ Turner|JC Archer|STR Binny|S Gopal|JD Unadkat|DS Kulkarni|IS Sodhi,Kings XI Punjab,182,6,Rajasthan Royals,170.0,7.0
1178408,33.0,2019,2019-04-17,Rajiv Gandhi International Stadium,Hyderabad,Chennai Super Kings,Sunrisers Hyderabad,Chennai Super Kings,bat,0.0,Sunrisers Hyderabad,,6.0,DA Warner,SR Watson|F du Plessis|SK Raina|AT Rayudu|KM Jadhav|SW Billings|RA Jadeja|KV Sharma|Imran Tahir|SN Thakur|DL Chahar,DA Warner|JM Bairstow|KS Williamson|V Shankar|DJ Hooda|YK Pathan|Rashid Khan|B Kumar|Sandeep Sharma|S Nadeem|KK Ahmed,Chennai Super Kings,132,5,Sunrisers Hyderabad,137.0,4.0
1178409,34.0,2019,2019-04-18,Arun Jaitley Stadium,Delhi,Mumbai Indians,Delhi Capitals,Mumbai Indians,bat,1.0,Mumbai Indians,40.0,,HH Pandya,RG Sharma|Q de Kock|BCJ Cutting|SA Yadav|KH Pandya|HH Pandya|KA Pollard|RD Chahar|J Yadav|JJ Bumrah|SL Malinga,PP Shaw|S Dhawan|C Munro|SS Iyer|RR Pant|AR Patel|CH Morris|KMA Paul|K Rabada|A Mishra|I Sharma,Mumbai Indians,168,5,Delhi Capitals,128.0,9.0
1178410,35.0,2019,2019-04-19,Eden Gardens,Kolkata,Royal Challengers Bangalore,Kolkata Knight Riders,Kolkata Knight Riders,field,0.0,Royal Challengers Bangalore,10.0,,V Kohli,PA Patel|V Kohli|AD Nath|MM Ali|MP Stoinis|H Klaasen|P Negi|DW Steyn|Mohammed Siraj|YS Chahal|Navdeep Saini,CA Lynn|SP Narine|Shubman Gill|RV Uthappa|N Rana|AD Russell|KD Karthik|PP Chawla|Kuldeep Yadav|HF Gurney|M Prasidh Krishna,Royal Challengers Bangalore,213,4,Kolkata Knight Riders,203.0,5.0
1178411,36.0,2019,2019-04-20,Sawai Mansingh Stadium,Jaipur,Mumbai Indians,Rajasthan Royals,Rajasthan Royals,field,1.0,Rajasthan Royals,,5.0,SPD Smith,Q de Kock|RG Sharma|SA Yadav|HH Pandya|KA Pollard|BCJ Cutting|KH Pandya|RD Chahar|JJ Bumrah|SL Malinga|M Markande,AM Rahane|SV Samson|SPD Smith|BA Stokes|R Parag|AJ Turner|STR Binny|JC Archer|S Gopal|JD Unadkat|DS Kulkarni,Mumbai Indians,161,5,Rajasthan Royals,162.0,5.0
1178412,37.0,2019,2019-04-20,Arun Jaitley Stadium,Delhi,Kings XI Punjab,Delhi Capitals,Delhi Capitals,field,1.0,Delhi Capitals,,5.0,SS Iyer,KL Rahul|CH Gayle|MA Agarwal|DA Miller|Mandeep Singh|SM Curran|R Ashwin|Harpreet Brar|GC Viljoen|M Ashwin|Mohammed Shami,PP Shaw|S Dhawan|SS Iyer|RR Pant|CA Ingram|AR Patel|SE Rutherford|A Mishra|K Rabada|I Sharma|S Lamichhane,Kings XI Punjab,163,7,Delhi Capitals,166.0,5.0
1178413,38.0,2019,2019-04-21,Rajiv Gandhi International Stadium,Hyderabad,Kolkata Knight Riders,Sunrisers Hyderabad,Sunrisers Hyderabad,field,1.0,Sunrisers Hyderabad,,9.0,KK Ahmed,CA Lynn|SP Narine|Shubman Gill|N Rana|KD Karthik|RK Singh|AD Russell|PP Chawla|Y Prithvi Raj|KC Cariappa|HF Gurney,DA Warner|JM Bairstow|KS Williamson|V Shankar|YK Pathan|DJ Hooda|Rashid Khan|B Kumar|S Nadeem|KK Ahmed|Sandeep Sharma,Kolkata Knight Riders,159,8,Sunrisers Hyderabad,161.0,1.0
1178414,39.0,2019,2019-04-21,M.Chinnaswamy Stadium,Bengaluru,Royal Challengers Bangalore,Chennai Super Kings,Chennai Super Kings,field,0.0,Royal Challengers Bangalore,1.0,,PA Patel,PA Patel|V Kohli|AB de Villiers|AD Nath|MP Stoinis|MM Ali|P Negi|UT Yadav|DW Steyn|Navdeep Saini|YS Chahal,SR Watson|F du Plessis|SK Raina|AT Rayudu|KM Jadhav|MS Dhoni|RA Jadeja|DJ Bravo|SN Thakur|DL Chahar|Imran Tahir,Royal Challengers Bangalore,161,7,Chennai Super Kings,160.0,8.0
1178415,40.0,2019,2019-04-22,Sawai Mansingh Stadium,Jaipur,Rajasthan Royals,Delhi Capitals,Delhi Capitals,field,1.0,Delhi Capitals,,6.0,RR Pant,AM Rahane|SV Samson|SPD Smith|BA Stokes|AJ Turner|STR Binny|R Parag|JC Archer|S Gopal|JD Unadkat|DS Kulkarni,PP Shaw|S Dhawan|SS Iyer|RR Pant|SE Rutherford|CA Ingram|AR Patel|CH Morris|A Mishra|K Rabada|I Sharma,Rajasthan Royals,191,6,Delhi Capitals,193.0,4.0
1178416,41.0,2019,2019-04-23,MA Chidambaram Stadium,Chennai,Sunrisers Hyderabad,Chennai Super Kings,Chennai Super Kings,field,1.0,Chennai Super Kings,,6.0,SR Watson,DA Warner|JM Bairstow|MK Pandey|V Shankar|YK Pathan|Shakib Al Hasan|DJ Hooda|Rashid Khan|B Kumar|KK Ahmed|Sandeep Sharma,SR Watson|F du Plessis|SK Raina|AT Rayudu|KM Jadhav|DJ Bravo|MS Dhoni|RA Jadeja|Harbhajan Singh|DL Chahar|Imran Tahir,Sunrisers Hyderabad,175,3,Chennai Super Kings,176.0,4.0
1178417,42.0,2019,2019-04-24,M.Chinnaswamy Stadium,Bengaluru,Royal Challengers Bangalore,Kings XI Punjab,Kings XI Punjab,field,0.0,Royal Challengers Bangalore,17.0,,AB de Villiers,PA Patel|V Kohli|AB de Villiers|MM Ali|AD Nath|MP Stoinis|Washington Sundar|UT Yadav|TG Southee|YS Chahal|Navdeep Saini,KL Rahul|CH Gayle|MA Agarwal|DA Miller|N Pooran|Mandeep Singh|R Ashwin|GC Viljoen|M Ashwin|AS Rajpoot|Mohammed Shami,Royal Challengers Bangalore,202,4,Kings XI Punjab,185.0,7.0
1178418,43.0,2019,2019-04-25,Eden Gardens,Kolkata,Kolkata Knight Riders,Rajasthan Royals,Rajasthan Royals,field,1.0,Rajasthan Royals,,3.0,VR Aaron,CA Lynn|Shubman Gill|N Rana|KD Karthik|SP Narine|AD Russell|CR Brathwaite|RK Singh|PP Chawla|Y Prithvi Raj|M Prasidh Krishna,AM Rahane|SV Samson|SPD Smith|BA Stokes|R Parag|STR Binny|S Gopal|JC Archer|JD Unadkat|VR Aaron|O Thomas,Kolkata Knight Riders,175,6,Rajasthan Royals,177.0,7.0
1178419,44.0,2019,2019-04-26,MA Chidambaram Stadium,Chennai,Mumbai Indians,Chennai Super Kings,Chennai Super Kings,field,0.0,Mumbai Indians,46.0,,RG Sharma,RG Sharma|Q de Kock|E Lewis|KH Pandya|HH Pandya|KA Pollard|SA Yadav|AS Roy|RD Chahar|JJ Bumrah|SL Malinga,M Vijay|SR Watson|SK Raina|AT Rayudu|KM Jadhav|DR Shorey|DJ Bravo|MJ Santner|DL Chahar|Harbhajan Singh|Imran Tahir,Mumbai Indians,155,4,Chennai Super Kings,109.0,10.0
1178420,45.0,2019,2019-04-27,Sawai Mansingh Stadium,Jaipur,Sunrisers Hyderabad,Rajasthan Royals,Rajasthan Royals,field,1.0,Rajasthan Royals,,7.0,JD Unadkat,DA Warner|KS Williamson|MK Pandey|V Shankar|Shakib Al Hasan|DJ Hooda|WP Saha|Rashid Khan|B Kumar|S Kaul|KK Ahmed,AM Rahane|LS Livingstone|SV Samson|SPD Smith|AJ Turner|R Parag|STR Binny|S Gopal|JD Unadkat|VR Aaron|O Thomas,Sunrisers Hyderabad,160,8,Rajasthan Royals,161.0,3.0
1178421,46.0,2019,2019-04-28,Arun Jaitley Stadium,Delhi,Delhi Capitals,Royal Challengers Bangalore,Delhi Capitals,bat,1.0,Delhi Capitals,16.0,,S Dhawan,PP Shaw|S Dhawan|SS Iyer|RR Pant|CA Ingram|SE Rutherford|AR Patel|S Lamichhane|A Mishra|K Rabada|I Sharma,PA Patel|V Kohli|AB de Villiers|S Dube|H Klaasen|Gurkeerat Singh|MP Stoinis|Washington Sundar|UT Yadav|YS Chahal|Navdeep Saini,Delhi Capitals,187,5,Royal Challengers Bangalore,171.0,7.0
1178422,47.0,2019,2019-04-28,Eden Gardens,Kolkata,Kolkata Knight Riders,Mumbai Indians,Mumbai Indians,field,0.0,Kolkata Knight Riders,34.0,,AD Russell,Shubman Gill|CA Lynn|AD Russell|KD Karthik|SP Narine|RV Uthappa|N Rana|RK Singh|PP Chawla|HF Gurney|S Sandeep Warrier,Q de Kock|RG Sharma|E Lewis|SA Yadav|KA Pollard|HH Pandya|KH Pandya|BB Sran|RD Chahar|SL Malinga|JJ Bumrah,Kolkata Knight Riders,232,2,Mumbai Indians,198.0,7.0
1178423,48.0,2019,2019-04-29,Rajiv Gandhi International Stadium,Hyderabad,Sunrisers Hyderabad,Kings XI Punjab,Kings XI Punjab,field,0.0,Sunrisers Hyderabad,45.0,,DA Warner,DA Warner|WP Saha|MK Pandey|Mohammad Nabi|KS Williamson|Rashid Khan|V Shankar|Abhishek Sharma|B Kumar|KK Ahmed|Sandeep Sharma,KL Rahul|CH Gayle|MA Agarwal|N Pooran|DA Miller|R Ashwin|P Simran Singh|M Ashwin|Mujeeb Ur Rahman|Mohammed Shami|Arshdeep Singh,Sunrisers Hyderabad,212,6,Kings XI Punjab,167.0,8.0
1178424,49.0,2019,2019-04-30,M.Chinnaswamy Stadium,Bengaluru,Royal Challengers Bangalore,Rajasthan Royals,Rajasthan Royals,field,,,,,,V Kohli|AB de Villiers|MP Stoinis|H Klaasen|Gurkeerat Singh|PA Patel|P Negi|UT Yadav|Navdeep Saini|K Khejroliya|YS Chahal,SV Samson|LS Livingstone|AM Rahane|SPD Smith|R Parag|STR Binny|MK Lomror|S Gopal|JD Unadkat|VR Aaron|O Thomas,Royal Challengers Bangalore,62,7,Rajasthan Royals,41.0,1.0
1178425,50.0,2019,2019-05-01,MA Chidambaram Stadium,Chennai,Chennai Super Kings,Delhi Capitals,Delhi Capitals,field,0.0,Chennai Super Kings,80.0,,MS Dhoni,F du Plessis|SR Watson|SK Raina|MS Dhoni|RA Jadeja|AT Rayudu|KM Jadhav|DJ Bravo|DL Chahar|Harbhajan Singh|Imran Tahir,PP Shaw|S Dhawan|SS Iyer|RR Pant|CA Ingram|AR Patel|SE Rutherford|CH Morris|J Suchith|A Mishra|TA Boult,Chennai Super Kings,179,4,Delhi Capitals,99.0,10.0
1178426,51.0,2019,2019-05-02,Wankhede Stadium,Mumbai,Mumbai Indians,Sunrisers Hyderabad,Mumbai Indians,bat,,,,,JJ Bumrah,RG Sharma|Q de Kock|SA Yadav|E Lewis|HH Pandya|KA Pollard|KH Pandya|BB Sran|RD Chahar|SL Malinga|JJ Bumrah,WP Saha|MJ Guptill|MK Pandey|KS Williamson|V Shankar|Abhishek Sharma|Mohammad Nabi|Rashid Khan|B Kumar|KK Ahmed|Basil Thampi,Mumbai Indians,162,5,Sunrisers Hyderabad,162.0,6.0
1178427,52.0,2019,2019-05-03,Punjab Cricket Association IS Bindra Stadium,Chandigarh,Kings XI Punjab,Kolkata Knight Riders,Kolkata Knight Riders,field,1.0,Kolkata Knight Riders,,7.0,Shubman Gill,CH Gayle|KL Rahul|MA Agarwal|N Pooran|Mandeep Singh|SM Curran|R Ashwin|AJ Tye|Mohammed Shami|M Ashwin|Arshdeep Singh,Shubman Gill|CA Lynn|RV Uthappa|AD Russell|KD Karthik|SP Narine|N Rana|RK Singh|PP Chawla|HF Gurney|S Sandeep Warrier,Kings XI Punjab,183,6,Kolkata Knight Riders,185.0,3.0
1178428,53.0,2019,2019-05-04,Arun Jaitley Stadium,Delhi,Rajasthan Royals,Delhi Capitals,Rajasthan Royals,bat,0.0,Delhi Capitals,,5.0,A Mishra,AM Rahane|LS Livingstone|SV Samson|MK Lomror|S Gopal|R Parag|STR Binny|K Gowtham|IS Sodhi|VR Aaron|O Thomas,PP Shaw|S Dhawan|SS Iyer|RR Pant|CA Ingram|SE Rutherford|AR Patel|KMA Paul|A Mishra|TA Boult|I Sharma,Rajasthan Royals,115,9,Delhi Capitals,121.0,5.0
1178429,54.0,2019,2019-05-04,M.Chinnaswamy Stadium,Bengaluru,Sunrisers Hyderabad,Royal Challengers Bangalore,Royal Challengers Bangalore,field,1.0,Royal Challengers Bangalore,,4.0,SO Hetmyer,WP Saha|MJ Guptill|MK Pandey|KS Williamson|V Shankar|YK Pathan|Mohammad Nabi|Rashid Khan|B Kumar|KK Ahmed|Basil Thampi,PA Patel|V Kohli|AB de Villiers|SO Hetmyer|Gurkeerat Singh|C de Grandhomme|Washington Sundar|UT Yadav|K Khejroliya|YS Chahal|Navdeep Saini,Sunrisers Hyderabad,175,7,Royal Challengers Bangalore,178.0,6.0
1178430,55.0,2019,2019-05-05,Punjab Cricket Association IS Bindra Stadium,Chandigarh,Chennai Super Kings,Kings XI Punjab,Kings XI Punjab,field,1.0,Kings XI Punjab,,6.0,KL Rahul,F du Plessis|SR Watson|SK Raina|MS Dhoni|AT Rayudu|KM Jadhav|DJ Bravo|RA Jadeja|DL Chahar|Harbhajan Singh|Imran Tahir,KL Rahul|CH Gayle|N Pooran|MA Agarwal|Mandeep Singh|SM Curran|R Ashwin|AJ Tye|Mohammed Shami|M Ashwin|Harpreet Brar,Chennai Super Kings,170,5,Kings XI Punjab,173.0,4.0
1178431,56.0,2019,2019-05-05,Wankhede Stadium,Mumbai,Kolkata Knight Riders,Mumbai Indians,Mumbai Indians,field,1.0,Mumbai Indians,,9.0,HH Pandya,Shubman Gill|CA Lynn|RV Uthappa|KD Karthik|AD Russell|N Rana|RK Singh|SP Narine|HF Gurney|M Prasidh Krishna|S Sandeep Warrier,Q de Kock|RG Sharma|SA Yadav|Ishan Kishan|HH Pandya|KA Pollard|KH Pandya|RD Chahar|MJ McClenaghan|SL Malinga|JJ Bumrah,Kolkata Knight Riders,133,7,Mumbai Indians,134.0,1.0
1181764,,2019,2019-05-07,MA Chidambaram Stadium,Chennai,Chennai Super Kings,Mumbai Indians,Chennai Super Kings,bat,0.0,Mumbai Indians,,6.0,SA Yadav,F du Plessis|SR Watson|SK Raina|M Vijay|AT Rayudu|MS Dhoni|RA Jadeja|DJ Bravo|DL Chahar|Harbhajan Singh|Imran Tahir,RG Sharma|Q de Kock|SA Yadav|Ishan Kishan|KH Pandya|HH Pandya|KA Pollard|J Yadav|RD Chahar|SL Malinga|JJ Bumrah,Chennai Super Kings,131,4,Mumbai Indians,132.0,4.0
1181766,,2019,2019-05-08,Dr. Y.S. Rajasekhara Reddy ACA-VDCA Cricket Stadium,Visakhapatnam,Sunrisers Hyderabad,Delhi Capitals,Delhi Capitals,field,1.0,Delhi Capitals,,2.0,RR Pant,WP Saha|MJ Guptill|MK Pandey|KS Williamson|V Shankar|Mohammad Nabi|DJ Hooda|Rashid Khan|B Kumar|Basil Thampi|KK Ahmed,PP Shaw|S Dhawan|SS Iyer|RR Pant|C Munro|AR Patel|SE Rutherford|KMA Paul|A Mishra|TA Boult|I Sharma,Sunrisers Hyderabad,162,8,Delhi Capitals,165.0,8.0
1181767,,2019,2019-05-10,Dr. Y.S. Rajasekhara Reddy ACA-VDCA Cricket Stadium,Visakhapatnam,Delhi Capitals,Chennai Super Kings,Chennai Super Kings,field,1.0,Chennai Super Kings,,6.0,F du Plessis,PP Shaw|S Dhawan|C Munro|SS Iyer|RR Pant|AR Patel|SE Rutherford|KMA Paul|A Mishra|TA Boult|I Sharma,F du Plessis|SR Watson|SK Raina|AT Rayudu|MS Dhoni|DJ Bravo|RA Jadeja|DL Chahar|Harbhajan Singh|Imran Tahir|SN Thakur,Delhi Capitals,147,9,Chennai Super Kings,151.0,4.0
1181768,,2019,2019-05-12,Rajiv Gandhi International Stadium,Hyderabad,Mumbai Indians,Chennai Super Kings,Mumbai Indians,bat,1.0,Mumbai Indians,1.0,,JJ Bumrah,Q de Kock|RG Sharma|SA Yadav|Ishan Kishan|KH Pandya|KA Pollard|HH Pandya|RD Chahar|MJ McClenaghan|JJ Bumrah|SL Malinga,F du Plessis|SR Watson|SK Raina|AT Rayudu|MS Dhoni|DJ Bravo|RA Jadeja|SN Thakur|DL Chahar|Harbhajan Singh|Imran Tahir,Mumbai Indians,149,8,Chennai Super Kings,148.0,7.0
1216492,1.0,2021,2020-09-19,Sheikh Zayed Stadium,Abu Dhabi,Mumbai Indians,Chennai Super Kings,Chennai Super Kings,field,1.0,Chennai Super Kings,,5.0,AT Rayudu,RG Sharma|Q de Kock|SA Yadav|SS Tiwary|HH Pandya|KA Pollard|KH Pandya|JL Pattinson|RD Chahar|TA Boult|JJ Bumrah,M Vijay|SR Watson|F du Plessis|AT Rayudu|RA Jadeja|SM Curran|MS Dhoni|KM Jadhav|PP Chawla|DL Chahar|L Ngidi,Mumbai Indians,162,9,Chennai Super Kings,166.0,5.0
1216493,2.0,2021,2020-09-20,Dubai International Cricket Stadium,,Delhi Capitals,Kings XI Punjab,Kings XI Punjab,field,,,,,MP Stoinis,PP Shaw|S Dhawan|SO Hetmyer|SS Iyer|RR Pant|MP Stoinis|AR Patel|R Ashwin|K Rabada|A Nortje|MM Sharma,KL Rahul|MA Agarwal|KK Nair|N Pooran|GJ Maxwell|SN Khan|K Gowtham|CJ Jordan|Mohammed Shami|SS Cottrell|Ravi Bishnoi,Delhi Capitals,157,8,Kings XI Punjab,157.0,8.0
1216494,39.0,2021,2020-10-21,Sheikh Zayed Stadium,Abu Dhabi,Kolkata Knight Riders,Royal Challengers Bangalore,Kolkata Knight Riders,bat,0.0,Royal Challengers Bangalore,,8.0,Mohammed Siraj,Shubman Gill|RA Tripathi|N Rana|T Banton|KD Karthik|EJG Morgan|PJ Cummins|Kuldeep Yadav|LH Ferguson|M Prasidh Krishna|CV Varun,D Padikkal|AJ Finch|Gurkeerat Singh|V Kohli|AB de Villiers|CH Morris|Washington Sundar|I Udana|Navdeep Saini|YS Chahal|Mohammed Siraj,Kolkata Knight Riders,84,8,Royal Challengers Bangalore,85.0,2.0
1216495,56.0,2021,2020-11-03,Sharjah Cricket Stadium,,Mumbai Indians,Sunrisers Hyderabad,Sunrisers Hyderabad,field,1.0,Sunrisers Hyderabad,,10.0,S Nadeem,RG Sharma|Q de Kock|SA Yadav|Ishan Kishan|KH Pandya|SS Tiwary|KA Pollard|NM Coulter-Nile|JL Pattinson|DS Kulkarni|RD Chahar,DA Warner|WP Saha|MK Pandey|KS Williamson|PK Garg|JO Holder|Abdul Samad|Rashid Khan|S Nadeem|Sandeep Sharma|T Natarajan,Mumbai Indians,149,8,Sunrisers Hyderabad,151.0,0.0
1216496,4.0,2021,2020-09-22,Sharjah Cricket Stadium,,Rajasthan Royals,Chennai Super Kings,Chennai Super Kings,field,0.0,Rajasthan Royals,16.0,,SV Samson,YBK Jaiswal|SPD Smith|SV Samson|DA Miller|RV Uthappa|R Tewatia|R Parag|TK Curran|JC Archer|S Gopal|JD Unadkat,M Vijay|SR Watson|F du Plessis|SM Curran|RD Gaikwad|KM Jadhav|MS Dhoni|RA Jadeja|PP Chawla|DL Chahar|L Ngidi,Rajasthan Royals,216,7,Chennai Super Kings,200.0,6.0
1216497,42.0,2021,2020-10-24,Sheikh Zayed Stadium,Abu Dhabi,Kolkata Knight Riders,Delhi Capitals,Delhi Capitals,field,0.0,Kolkata Knight Riders,59.0,,CV Varun,Shubman Gill|N Rana|RA Tripathi|KD Karthik|SP Narine|EJG Morgan|PJ Cummins|LH Ferguson|KL Nagarkoti|M Prasidh Krishna|CV Varun,AM Rahane|S Dhawan|SS Iyer|RR Pant|SO Hetmyer|MP Stoinis|AR Patel|K Rabada|R Ashwin|TU Deshpande|A Nortje,Kolkata Knight Riders,194,6,Delhi Capitals,135.0,9.0
1216498,43.0,2021,2020-10-24,Dubai International Cricket Stadium,,Kings XI Punjab,Sunrisers Hyderabad,Sunrisers Hyderabad,field,0.0,Kings XI Punjab,12.0,,CJ Jordan,KL Rahul|Mandeep Singh|CH Gayle|N Pooran|GJ Maxwell|DJ Hooda|CJ Jordan|M Ashwin|Ravi Bishnoi|Mohammed Shami|Arshdeep Singh,DA Warner|JM Bairstow|MK Pandey|Abdul Samad|V Shankar|JO Holder|PK Garg|Rashid Khan|Sandeep Sharma|T Natarajan|KK Ahmed,Kings XI Punjab,126,7,Sunrisers Hyderabad,114.0,10.0
1216499,48.0,2021,2020-10-28,Sheikh Zayed Stadium,Abu Dhabi,Royal Challengers Bangalore,Mumbai Indians,Mumbai Indians,field,1.0,Mumbai Indians,,5.0,SA Yadav,JR Philippe|D Padikkal|V Kohli|AB de Villiers|S Dube|CH Morris|Gurkeerat Singh|Washington Sundar|YS Chahal|Mohammed Siraj|DW Steyn,Q de Kock|Ishan Kishan|SA Yadav|SS Tiwary|KH Pandya|HH Pandya|KA Pollard|JL Pattinson|RD Chahar|TA Boult|JJ Bumrah,Royal Challengers Bangalore,164,6,Mumbai Indians,166.0,5.0
1216500,23.0,2021,2020-10-09,Sharjah Cricket Stadium,,Delhi Capitals,Rajasthan Royals,Rajasthan Royals,field,0.0,Delhi Capitals,46.0,,R Ashwin,PP Shaw|S Dhawan|SS Iyer|RR Pant|MP Stoinis|SO Hetmyer|HV Patel|AR Patel|K Rabada|R Ashwin|A Nortje,YBK Jaiswal|JC Buttler|SPD Smith|SV Samson|MK Lomror|R Tewatia|AJ Tye|JC Archer|S Gopal|Kartik Tyagi|VR Aaron,Delhi Capitals,184,8,Rajasthan Royals,138.0,10.0
1216501,21.0,2021,2020-10-07,Sheikh Zayed Stadium,Abu Dhabi,Kolkata Knight Riders,Chennai Super Kings,Kolkata Knight Riders,bat,1.0,Kolkata Knight Riders,10.0,,RA Tripathi,RA Tripathi|Shubman Gill|N Rana|SP Narine|EJG Morgan|AD Russell|KD Karthik|PJ Cummins|KL Nagarkoti|Shivam Mavi|CV Varun,SR Watson|F du Plessis|AT Rayudu|MS Dhoni|SM Curran|KM Jadhav|RA Jadeja|DJ Bravo|SN Thakur|DL Chahar|KV Sharma,Kolkata Knight Riders,167,10,Chennai Super Kings,157.0,5.0
1216502,52.0,2021,2020-10-31,Sharjah Cricket Stadium,,Royal Challengers Bangalore,Sunrisers Hyderabad,Sunrisers Hyderabad,field,1.0,Sunrisers Hyderabad,,5.0,Sandeep Sharma,JR Philippe|D Padikkal|V Kohli|AB de Villiers|Washington Sundar|Gurkeerat Singh|CH Morris|I Udana|Mohammed Siraj|Navdeep Saini|YS Chahal,DA Warner|WP Saha|MK Pandey|KS Williamson|Abhishek Sharma|JO Holder|Abdul Samad|Rashid Khan|S Nadeem|Sandeep Sharma|T Natarajan,Royal Challengers Bangalore,120,7,Sunrisers Hyderabad,121.0,5.0
1216503,13.0,2021,2020-10-01,Sheikh Zayed Stadium,Abu Dhabi,Mumbai Indians,Kings XI Punjab,Kings XI Punjab,field,0.0,Mumbai Indians,48.0,,KA Pollard,Q de Kock|RG Sharma|SA Yadav|Ishan Kishan|KA Pollard|HH Pandya|KH Pandya|JL Pattinson|RD Chahar|TA Boult|JJ Bumrah,KL Rahul|MA Agarwal|KK Nair|N Pooran|GJ Maxwell|JDS Neesham|SN Khan|K Gowtham|Ravi Bishnoi|Mohammed Shami|SS Cottrell,Mumbai Indians,191,4,Kings XI Punjab,143.0,8.0
1216504,12.0,2021,2020-09-30,Dubai International Cricket Stadium,,Kolkata Knight Riders,Rajasthan Royals,Rajasthan Royals,field,0.0,Kolkata Knight Riders,37.0,,Shivam Mavi,Shubman Gill|SP Narine|N Rana|AD Russell|KD Karthik|EJG Morgan|PJ Cummins|KL Nagarkoti|Shivam Mavi|Kuldeep Yadav|CV Varun,JC Buttler|SPD Smith|SV Samson|RV Uthappa|R Parag|R Tewatia|TK Curran|S Gopal|JC Archer|JD Unadkat|AS Rajpoot,Kolkata Knight Riders,174,6,Rajasthan Royals,137.0,9.0
1216505,55.0,2021,2020-11-02,Sheikh Zayed Stadium,Abu Dhabi,Royal Challengers Bangalore,Delhi Capitals,Delhi Capitals,field,1.0,Delhi Capitals,,6.0,A Nortje,JR Philippe|D Padikkal|V Kohli|AB de Villiers|CH Morris|S Dube|Washington Sundar|I Udana|Shahbaz Ahmed|Mohammed Siraj|YS Chahal,PP Shaw|S Dhawan|AM Rahane|SS Iyer|RR Pant|MP Stoinis|AR Patel|DR Sams|R Ashwin|K Rabada|A Nortje,Royal Challengers Bangalore,152,7,Delhi Capitals,154.0,4.0
1216506,53.0,2021,2020-11-01,Sheikh Zayed Stadium,Abu Dhabi,Kings XI Punjab,Chennai Super Kings,Chennai Super Kings,field,1.0,Chennai Super Kings,,9.0,RD Gaikwad,KL Rahul|MA Agarwal|CH Gayle|N Pooran|Mandeep Singh|DJ Hooda|JDS Neesham|CJ Jordan|M Ashwin|Ravi Bishnoi|Mohammed Shami,RD Gaikwad|F du Plessis|AT Rayudu|MS Dhoni|N Jagadeesan|SM Curran|RA Jadeja|DL Chahar|SN Thakur|L Ngidi|Imran Tahir,Kings XI Punjab,153,6,Chennai Super Kings,154.0,1.0
1216507,26.0,2021,2020-10-11,Dubai International Cricket Stadium,,Sunrisers Hyderabad,Rajasthan Royals,Sunrisers Hyderabad,bat,0.0,Rajasthan Royals,,5.0,R Tewatia,DA Warner|JM Bairstow|MK Pandey|KS Williamson|PK Garg|V Shankar|Abhishek Sharma|Rashid Khan|Sandeep Sharma|KK Ahmed|T Natarajan,BA Stokes|JC Buttler|SPD Smith|SV Samson|RV Uthappa|R Parag|R Tewatia|JC Archer|S Gopal|JD Unadkat|Kartik Tyagi,Sunrisers Hyderabad,158,4,Rajasthan Royals,163.0,5.0
1216508,5.0,2021,2020-09-23,Sheikh Zayed Stadium,Abu Dhabi,Mumbai Indians,Kolkata Knight Riders,Kolkata Knight Riders,field,0.0,Mumbai Indians,49.0,,RG Sharma,Q de Kock|RG Sharma|SA Yadav|SS Tiwary|HH Pandya|KA Pollard|KH Pandya|JL Pattinson|RD Chahar|TA Boult|JJ Bumrah,Shubman Gill|SP Narine|KD Karthik|N Rana|EJG Morgan|AD Russell|NS Naik|PJ Cummins|Shivam Mavi|Kuldeep Yadav|S Sandeep Warrier,Mumbai Indians,195,5,Kolkata Knight Riders,146.0,9.0
1216509,34.0,2021,2020-10-17,Sharjah Cricket Stadium,,Chennai Super Kings,Delhi Capitals,Chennai Super Kings,bat,0.0,Delhi Capitals,,5.0,S Dhawan,SM Curran|F du Plessis|SR Watson|AT Rayudu|MS Dhoni|RA Jadeja|KM Jadhav|DJ Bravo|DL Chahar|SN Thakur|KV Sharma,PP Shaw|S Dhawan|AM Rahane|SS Iyer|MP Stoinis|AT Carey|AR Patel|R Ashwin|TU Deshpande|K Rabada|A Nortje,Chennai Super Kings,179,4,Delhi Capitals,185.0,5.0
1216510,6.0,2021,2020-09-24,Dubai International Cricket Stadium,,Kings XI Punjab,Royal Challengers Bangalore,Royal Challengers Bangalore,field,0.0,Kings XI Punjab,97.0,,KL Rahul,KL Rahul|MA Agarwal|N Pooran|GJ Maxwell|KK Nair|JDS Neesham|SN Khan|Mohammed Shami|SS Cottrell|Ravi Bishnoi|M Ashwin,D Padikkal|AJ Finch|JR Philippe|V Kohli|AB de Villiers|Washington Sundar|S Dube|UT Yadav|Navdeep Saini|DW Steyn|YS Chahal,Kings XI Punjab,206,3,Royal Challengers Bangalore,109.0,10.0
1216511,20.0,2021,2020-10-06,Sheikh Zayed Stadium,Abu Dhabi,Mumbai Indians,Rajasthan Royals,Mumbai Indians,bat,1.0,Mumbai Indians,57.0,,SA Yadav,Q de Kock|RG Sharma|SA Yadav|Ishan Kishan|KH Pandya|HH Pandya|KA Pollard|JL Pattinson|RD Chahar|TA Boult|JJ Bumrah,YBK Jaiswal|JC Buttler|SPD Smith|SV Samson|MK Lomror|TK Curran|R Tewatia|JC Archer|S Gopal|AS Rajpoot|Kartik Tyagi,Mumbai Indians,193,4,Rajasthan Royals,136.0,10.0
1216512,35.0,2021,2020-10-18,Sheikh Zayed Stadium,Abu Dhabi,Kolkata Knight Riders,Sunrisers Hyderabad,Sunrisers Hyderabad,field,,,,,LH Ferguson,Shubman Gill|RA Tripathi|N Rana|AD Russell|EJG Morgan|KD Karthik|PJ Cummins|LH Ferguson|Kuldeep Yadav|Shivam Mavi|CV Varun,JM Bairstow|KS Williamson|PK Garg|DA Warner|MK Pandey|V Shankar|Abdul Samad|Rashid Khan|Sandeep Sharma|Basil Thampi|T Natarajan,Kolkata Knight Riders,163,5,Sunrisers Hyderabad,163.0,6.0
1216513,18.0,2021,2020-10-04,Dubai International Cricket Stadium,,Kings XI Punjab,Chennai Super Kings,Kings XI Punjab,bat,0.0,Chennai Super Kings,,10.0,SR Watson,KL Rahul|MA Agarwal|Mandeep Singh|N Pooran|GJ Maxwell|SN Khan|CJ Jordan|Harpreet Brar|Ravi Bishnoi|Mohammed Shami|SS Cottrell,SR Watson|F du Plessis|AT Rayudu|KM Jadhav|MS Dhoni|RA Jadeja|SM Curran|DJ Bravo|PP Chawla|SN Thakur|DL Chahar,Kings XI Punjab,178,4,Chennai Super Kings,181.0,0.0
1216514,15.0,2021,2020-10-03,Sheikh Zayed Stadium,Abu Dhabi,Rajasthan Royals,Royal Challengers Bangalore,Rajasthan Royals,bat,0.0,Royal Challengers Bangalore,,8.0,YS Chahal,JC Buttler|SPD Smith|SV Samson|RV Uthappa|MK Lomror|R Parag|R Tewatia|JC Archer|TK Curran|S Gopal|JD Unadkat,D Padikkal|AJ Finch|V Kohli|AB de Villiers|S Dube|Gurkeerat Singh|Washington Sundar|I Udana|Navdeep Saini|YS Chahal|A Zampa,Rajasthan Royals,154,6,Royal Challengers Bangalore,158.0,2.0
1216515,16.0,2021,2020-10-03,Sharjah Cricket Stadium,,Delhi Capitals,Kolkata Knight Riders,Kolkata Knight Riders,field,0.0,Delhi Capitals,18.0,,SS Iyer,PP Shaw|S Dhawan|SS Iyer|RR Pant|MP Stoinis|SO Hetmyer|R Ashwin|K Rabada|A Nortje|A Mishra|HV Patel,Shubman Gill|SP Narine|N Rana|AD Russell|KD Karthik|EJG Morgan|PJ Cummins|RA Tripathi|KL Nagarkoti|Shivam Mavi|CV Varun,Delhi Capitals,228,4,Kolkata Knight Riders,210.0,8.0
1216516,14.0,2021,2020-10-02,Dubai International Cricket Stadium,,Sunrisers Hyderabad,Chennai Super Kings,Sunrisers Hyderabad,bat,1.0,Sunrisers Hyderabad,7.0,,PK Garg,DA Warner|JM Bairstow|MK Pandey|KS Williamson|PK Garg|Abhishek Sharma|Abdul Samad|Rashid Khan|B Kumar|T Natarajan|KK Ahmed,F du Plessis|SR Watson|AT Rayudu|KM Jadhav|MS Dhoni|RA Jadeja|SM Curran|DJ Bravo|SN Thakur|PP Chawla|DL Chahar,Sunrisers Hyderabad,164,5,Chennai Super Kings,157.0,5.0
1216517,36.0,2021,2020-10-18,Dubai International Cricket Stadium,,Mumbai Indians,Kings XI Punjab,Mumbai Indians,bat,,,,,KL Rahul,RG Sharma|Q de Kock|SA Yadav|Ishan Kishan|KH Pandya|HH Pandya|KA Pollard|NM Coulter-Nile|RD Chahar|TA Boult|JJ Bumrah,KL Rahul|MA Agarwal|CH Gayle|N Pooran|GJ Maxwell|DJ Hooda|CJ Jordan|M Ashwin|Ravi Bishnoi|Mohammed Shami|Arshdeep Singh,Mumbai Indians,176,6,Kings XI Punjab,176.0,6.0
1216518,40.0,2021,2020-10-22,Dubai International Cricket Stadium,,Rajasthan Royals,Sunrisers Hyderabad,Sunrisers Hyderabad,field,1.0,Sunrisers Hyderabad,,8.0,MK Pandey,RV Uthappa|BA Stokes|SV Samson|JC Buttler|SPD Smith|R Parag|R Tewatia|JC Archer|S Gopal|AS Rajpoot|Kartik Tyagi,DA Warner|JM Bairstow|MK Pandey|V Shankar|PK Garg|Abdul Samad|JO Holder|Rashid Khan|Sandeep Sharma|T Natarajan|S Nadeem,Rajasthan Royals,154,6,Sunrisers Hyderabad,156.0,2.0
1216519,19.0,2021,2020-10-05,Dubai International Cricket Stadium,,Delhi Capitals,Royal Challengers Bangalore,Royal Challengers Bangalore,field,0.0,Delhi Capitals,59.0,,AR Patel,PP Shaw|S Dhawan|SS Iyer|RR Pant|MP Stoinis|SO Hetmyer|AR Patel|R Ashwin|K Rabada|A Nortje|HV Patel,D Padikkal|AJ Finch|V Kohli|AB de Villiers|MM Ali|Washington Sundar|S Dube|I Udana|Navdeep Saini|Mohammed Siraj|YS Chahal,Delhi Capitals,196,4,Royal Challengers Bangalore,137.0,9.0
1216520,46.0,2021,2020-10-26,Sharjah Cricket Stadium,,Kolkata Knight Riders,Kings XI Punjab,Kings XI Punjab,field,1.0,Kings XI Punjab,,8.0,CH Gayle,Shubman Gill|N Rana|RA Tripathi|KD Karthik|EJG Morgan|SP Narine|KL Nagarkoti|PJ Cummins|LH Ferguson|CV Varun|M Prasidh Krishna,KL Rahul|Mandeep Singh|CH Gayle|N Pooran|GJ Maxwell|DJ Hooda|CJ Jordan|M Ashwin|Ravi Bishnoi|Mohammed Shami|Arshdeep Singh,Kolkata Knight Riders,149,9,Kings XI Punjab,150.0,2.0
1216521,41.0,2021,2020-10-23,Sharjah Cricket Stadium,,Chennai Super Kings,Mumbai Indians,Mumbai Indians,field,1.0,Mumbai Indians,,10.0,TA Boult,RD Gaikwad|F du Plessis|AT Rayudu|N Jagadeesan|MS Dhoni|RA Jadeja|SM Curran|DL Chahar|SN Thakur|Imran Tahir|JR Hazlewood,Q de Kock|Ishan Kishan|SA Yadav|SS Tiwary|KH Pandya|HH Pandya|KA Pollard|NM Coulter-Nile|RD Chahar|TA Boult|JJ Bumrah,Chennai Super Kings,114,9,Mumbai Indians,116.0,0.0
1216522,33.0,2021,2020-10-17,Dubai International Cricket Stadium,,Rajasthan Royals,Royal Challengers Bangalore,Rajasthan Royals,bat,0.0,Royal Challengers Bangalore,,7.0,AB de Villiers,RV Uthappa|BA Stokes|SV Samson|SPD Smith|JC Buttler|R Tewatia|JC Archer|R Parag|S Gopal|JD Unadkat|Kartik Tyagi,D Padikkal|AJ Finch|V Kohli|AB de Villiers|Gurkeerat Singh|CH Morris|Washington Sundar|Shahbaz Ahmed|I Udana|Navdeep Saini|YS Chahal,Rajasthan Royals,177,6,Royal Challengers Bangalore,179.0,3.0
1216523,24.0,2021,2020-10-10,Sheikh Zayed Stadium,Abu Dhabi,Kolkata Knight Riders,Kings XI Punjab,Kolkata Knight Riders,bat,1.0,Kolkata Knight Riders,2.0,,KD Karthik,RA Tripathi|Shubman Gill|N Rana|EJG Morgan|KD Karthik|AD Russell|PJ Cummins|SP Narine|KL Nagarkoti|M Prasidh Krishna|CV Varun,KL Rahul|MA Agarwal|N Pooran|P Simran Singh|GJ Maxwell|Mandeep Singh|CJ Jordan|Ravi Bishnoi|Mohammed Shami|Arshdeep Singh|Mujeeb Ur Rahman,Kolkata Knight Riders,164,6,Kings XI Punjab,162.0,5.0
1216524,47.0,2021,2020-10-27,Dubai International Cricket Stadium,,Sunrisers Hyderabad,Delhi Capitals,Delhi Capitals,field,0.0,Sunrisers Hyderabad,88.0,,WP Saha,DA Warner|WP Saha|MK Pandey|KS Williamson|V Shankar|Abdul Samad|JO Holder|Rashid Khan|Sandeep Sharma|T Natarajan|S Nadeem,AM Rahane|S Dhawan|MP Stoinis|SO Hetmyer|RR Pant|SS Iyer|AR Patel|K Rabada|R Ashwin|TU Deshpande|A Nortje,Sunrisers Hyderabad,219,2,Delhi Capitals,131.0,10.0
1216525,25.0,2021,2020-10-10,Dubai International Cricket Stadium,,Royal Challengers Bangalore,Chennai Super Kings,Royal Challengers Bangalore,bat,1.0,Royal Challengers Bangalore,37.0,,V Kohli,D Padikkal|AJ Finch|V Kohli|AB de Villiers|Washington Sundar|S Dube|Gurkeerat Singh|CH Morris|I Udana|Navdeep Saini|YS Chahal,SR Watson|F du Plessis|AT Rayudu|N Jagadeesan|MS Dhoni|SM Curran|RA Jadeja|DJ Bravo|DL Chahar|SN Thakur|KV Sharma,Royal Challengers Bangalore,169,4,Chennai Super Kings,132.0,8.0
1216526,32.0,2021,2020-10-16,Sheikh Zayed Stadium,Abu Dhabi,Kolkata Knight Riders,Mumbai Indians,Kolkata Knight Riders,bat,0.0,Mumbai Indians,,8.0,Q de Kock,RA Tripathi|Shubman Gill|N Rana|KD Karthik|EJG Morgan|AD Russell|PJ Cummins|CJ Green|M Prasidh Krishna|Shivam Mavi|CV Varun,RG Sharma|Q de Kock|SA Yadav|HH Pandya|Ishan Kishan|KA Pollard|KH Pandya|RD Chahar|TA Boult|JJ Bumrah|NM Coulter-Nile,Kolkata Knight Riders,148,5,Mumbai Indians,149.0,2.0
1216527,9.0,2021,2020-09-27,Sharjah Cricket Stadium,,Kings XI Punjab,Rajasthan Royals,Rajasthan Royals,field,1.0,Rajasthan Royals,,4.0,SV Samson,KL Rahul|MA Agarwal|GJ Maxwell|N Pooran|KK Nair|JDS Neesham|SN Khan|Mohammed Shami|SS Cottrell|Ravi Bishnoi|M Ashwin,JC Buttler|SPD Smith|SV Samson|R Tewatia|RV Uthappa|JC Archer|R Parag|TK Curran|S Gopal|AS Rajpoot|JD Unadkat,Kings XI Punjab,223,2,Rajasthan Royals,226.0,6.0
1216528,29.0,2021,2020-10-13,Dubai International Cricket Stadium,,Chennai Super Kings,Sunrisers Hyderabad,Chennai Super Kings,bat,1.0,Chennai Super Kings,20.0,,RA Jadeja,SM Curran|F du Plessis|SR Watson|AT Rayudu|MS Dhoni|RA Jadeja|DJ Bravo|DL Chahar|PP Chawla|SN Thakur|KV Sharma,DA Warner|JM Bairstow|MK Pandey|KS Williamson|PK Garg|V Shankar|Rashid Khan|S Nadeem|Sandeep Sharma|T Natarajan|KK Ahmed,Chennai Super Kings,167,6,Sunrisers Hyderabad,147.0,8.0
1216529,27.0,2021,2020-10-11,Sheikh Zayed Stadium,Abu Dhabi,Delhi Capitals,Mumbai Indians,Delhi Capitals,bat,0.0,Mumbai Indians,,5.0,Q de Kock,PP Shaw|S Dhawan|AM Rahane|SS Iyer|MP Stoinis|AT Carey|AR Patel|R Ashwin|HV Patel|K Rabada|A Nortje,RG Sharma|Q de Kock|SA Yadav|Ishan Kishan|HH Pandya|KA Pollard|KH Pandya|JL Pattinson|RD Chahar|TA Boult|JJ Bumrah,Delhi Capitals,162,4,Mumbai Indians,166.0,5.0
1216530,54.0,2021,2020-11-01,Dubai International Cricket Stadium,,Kolkata Knight Riders,Rajasthan Royals,Rajasthan Royals,field,0.0,Kolkata Knight Riders,60.0,,PJ Cummins,Shubman Gill|N Rana|RA Tripathi|SP Narine|EJG Morgan|KD Karthik|AD Russell|PJ Cummins|KL Nagarkoti|Shivam Mavi|CV Varun,RV Uthappa|BA Stokes|SPD Smith|SV Samson|JC Buttler|R Parag|R Tewatia|S Gopal|JC Archer|Kartik Tyagi|VR Aaron,Kolkata Knight Riders,191,7,Rajasthan Royals,131.0,9.0
1216531,31.0,2021,2020-10-15,Sharjah Cricket Stadium,,Royal Challengers Bangalore,Kings XI Punjab,Royal Challengers Bangalore,bat,0.0,Kings XI Punjab,,8.0,KL Rahul,AJ Finch|D Padikkal|V Kohli|Washington Sundar|S Dube|AB de Villiers|CH Morris|I Udana|Navdeep Saini|YS Chahal|Mohammed Siraj,KL Rahul|MA Agarwal|CH Gayle|N Pooran|GJ Maxwell|DJ Hooda|CJ Jordan|M Ashwin|Ravi Bishnoi|Mohammed Shami|Arshdeep Singh,Royal Challengers Bangalore,171,6,Kings XI Punjab,177.0,2.0
1216532,11.0,2021,2020-09-29,Sheikh Zayed Stadium,Abu Dhabi,Sunrisers Hyderabad,Delhi Capitals,Delhi Capitals,field,0.0,Sunrisers Hyderabad,15.0,,Rashid Khan,DA Warner|JM Bairstow|MK Pandey|KS Williamson|Abdul Samad|Abhishek Sharma|PK Garg|Rashid Khan|B Kumar|T Natarajan|KK Ahmed,PP Shaw|S Dhawan|SS Iyer|RR Pant|SO Hetmyer|MP Stoinis|AR Patel|K Rabada|A Nortje|A Mishra|I Sharma,Sunrisers Hyderabad,162,4,Delhi Capitals,147.0,7.0
1216533,37.0,2021,2020-10-19,Sheikh Zayed Stadium,Abu Dhabi,Chennai Super Kings,Rajasthan Royals,Chennai Super Kings,bat,0.0,Rajasthan Royals,,7.0,JC Buttler,SM Curran|F du Plessis|SR Watson|AT Rayudu|MS Dhoni|RA Jadeja|KM Jadhav|PP Chawla|DL Chahar|SN Thakur|JR Hazlewood,BA Stokes|RV Uthappa|SV Samson|SPD Smith|JC Buttler|R Tewatia|R Parag|JC Archer|S Gopal|AS Rajpoot|Kartik Tyagi,Chennai Super Kings,125,5,Rajasthan Royals,126.0,3.0
1216534,3.0,2021,2020-09-21,Dubai International Cricket Stadium,,Royal Challengers Bangalore,Sunrisers Hyderabad,Sunrisers Hyderabad,field,0.0,Royal Challengers Bangalore,10.0,,YS Chahal,D Padikkal|AJ Finch|V Kohli|AB de Villiers|S Dube|JR Philippe|Washington Sundar|UT Yadav|Navdeep Saini|DW Steyn|YS Chahal,DA Warner|JM Bairstow|MK Pandey|PK Garg|V Shankar|Abhishek Sharma|Rashid Khan|B Kumar|Sandeep Sharma|MR Marsh|T Natarajan,Royal Challengers Bangalore,163,5,Sunrisers Hyderabad,153.0,10.0
1216535,51.0,2021,2020-10-31,Dubai International Cricket Stadium,,Delhi Capitals,Mumbai Indians,Mumbai Indians,field,1.0,Mumbai Indians,,9.0,Ishan Kishan,PP Shaw|S Dhawan|SS Iyer|RR Pant|MP Stoinis|SO Hetmyer|HV Patel|R Ashwin|P Dubey|K Rabada|A Nortje,Ishan Kishan|Q de Kock|SA Yadav|SS Tiwary|KH Pandya|KA Pollard|NM Coulter-Nile|J Yadav|RD Chahar|TA Boult|JJ Bumrah,Delhi Capitals,110,9,Mumbai Indians,111.0,1.0
1216536,49.0,2021,2020-10-29,Dubai International Cricket Stadium,,Kolkata Knight Riders,Chennai Super Kings,Chennai Super Kings,field,1.0,Chennai Super Kings,,6.0,RD Gaikwad,Shubman Gill|N Rana|SP Narine|RK Singh|EJG Morgan|KD Karthik|RA Tripathi|KL Nagarkoti|PJ Cummins|LH Ferguson|CV Varun,SR Watson|RD Gaikwad|AT Rayudu|MS Dhoni|SM Curran|RA Jadeja|N Jagadeesan|MJ Santner|DL Chahar|KV Sharma|L Ngidi,Kolkata Knight Riders,172,5,Chennai Super Kings,178.0,4.0
1216537,50.0,2021,2020-10-30,Sheikh Zayed Stadium,Abu Dhabi,Kings XI Punjab,Rajasthan Royals,Rajasthan Royals,field,1.0,Rajasthan Royals,,7.0,BA Stokes,KL Rahul|Mandeep Singh|CH Gayle|N Pooran|GJ Maxwell|DJ Hooda|CJ Jordan|M Ashwin|Ravi Bishnoi|Mohammed Shami|Arshdeep Singh,RV Uthappa|BA Stokes|SV Samson|SPD Smith|JC Buttler|R Parag|R Tewatia|JC Archer|S Gopal|Kartik Tyagi|VR Aaron,Kings XI Punjab,185,4,Rajasthan Royals,186.0,3.0
1216538,17.0,2021,2020-10-04,Sharjah Cricket Stadium,,Mumbai Indians,Sunrisers Hyderabad,Mumbai Indians,bat,1.0,Mumbai Indians,34.0,,TA Boult,RG Sharma|Q de Kock|SA Yadav|Ishan Kishan|HH Pandya|KA Pollard|KH Pandya|JL Pattinson|RD Chahar|TA Boult|JJ Bumrah,DA Warner|JM Bairstow|MK Pandey|KS Williamson|PK Garg|Abhishek Sharma|Abdul Samad|Rashid Khan|Sandeep Sharma|S Kaul|T Natarajan,Mumbai Indians,208,5,Sunrisers Hyderabad,174.0,7.0
1216539,7.0,2021,2020-09-25,Dubai International Cricket Stadium,,Delhi Capitals,Chennai Super Kings,Chennai Super Kings,field,0.0,Delhi Capitals,44.0,,PP Shaw,PP Shaw|S Dhawan|RR Pant|SS Iyer|MP Stoinis|SO Hetmyer|AR Patel|A Mishra|K Rabada|A Nortje|Avesh Khan,M Vijay|SR Watson|F du Plessis|RD Gaikwad|KM Jadhav|MS Dhoni|RA Jadeja|SM Curran|PP Chawla|DL Chahar|JR Hazlewood,Delhi Capitals,175,3,Chennai Super Kings,131.0,7.0
1216540,28.0,2021,2020-10-12,Sharjah Cricket Stadium,,Royal Challengers Bangalore,Kolkata Knight Riders,Royal Challengers Bangalore,bat,1.0,Royal Challengers Bangalore,82.0,,AB de Villiers,AJ Finch|D Padikkal|V Kohli|AB de Villiers|CH Morris|Washington Sundar|S Dube|I Udana|Navdeep Saini|YS Chahal|Mohammed Siraj,T Banton|Shubman Gill|N Rana|EJG Morgan|KD Karthik|AD Russell|RA Tripathi|PJ Cummins|KL Nagarkoti|CV Varun|M Prasidh Krishna,Royal Challengers Bangalore,194,2,Kolkata Knight Riders,112.0,9.0
1216541,45.0,2021,2020-10-25,Sheikh Zayed Stadium,Abu Dhabi,Mumbai Indians,Rajasthan Royals,Mumbai Indians,bat,0.0,Rajasthan Royals,,8.0,BA Stokes,Ishan Kishan|Q de Kock|SA Yadav|SS Tiwary|KA Pollard|HH Pandya|KH Pandya|JL Pattinson|RD Chahar|TA Boult|JJ Bumrah,RV Uthappa|BA Stokes|SPD Smith|SV Samson|JC Buttler|R Parag|R Tewatia|JC Archer|S Gopal|AS Rajpoot|Kartik Tyagi,Mumbai Indians,195,5,Rajasthan Royals,196.0,2.0
1216542,22.0,2021,2020-10-08,Dubai International Cricket Stadium,,Sunrisers Hyderabad,Kings XI Punjab,Sunrisers Hyderabad,bat,1.0,Sunrisers Hyderabad,69.0,,JM Bairstow,DA Warner|JM Bairstow|Abdul Samad|MK Pandey|KS Williamson|PK Garg|Abhishek Sharma|Rashid Khan|Sandeep Sharma|KK Ahmed|T Natarajan,KL Rahul|MA Agarwal|P Simran Singh|N Pooran|GJ Maxwell|Mandeep Singh|Mujeeb Ur Rahman|Ravi Bishnoi|Mohammed Shami|SS Cottrell|Arshdeep Singh,Sunrisers Hyderabad,201,6,Kings XI Punjab,132.0,10.0
1216543,30.0,2021,2020-10-14,Dubai International Cricket Stadium,,Delhi Capitals,Rajasthan Royals,Delhi Capitals,bat,1.0,Delhi Capitals,13.0,,A Nortje,PP Shaw|S Dhawan|AM Rahane|SS Iyer|MP Stoinis|AT Carey|AR Patel|R Ashwin|TU Deshpande|K Rabada|A Nortje,BA Stokes|JC Buttler|SPD Smith|SV Samson|RV Uthappa|R Parag|R Tewatia|JC Archer|S Gopal|JD Unadkat|Kartik Tyagi,Delhi Capitals,161,7,Rajasthan Royals,148.0,8.0
1216544,44.0,2021,2020-10-25,Dubai International Cricket Stadium,,Royal Challengers Bangalore,Chennai Super Kings,Royal Challengers Bangalore,bat,0.0,Chennai Super Kings,,8.0,RD Gaikwad,D Padikkal|AJ Finch|V Kohli|AB de Villiers|MM Ali|CH Morris|Gurkeerat Singh|Washington Sundar|Navdeep Saini|YS Chahal|Mohammed Siraj,RD Gaikwad|F du Plessis|AT Rayudu|MS Dhoni|N Jagadeesan|RA Jadeja|SM Curran|MJ Santner|DL Chahar|Imran Tahir|Monu Kumar,Royal Challengers Bangalore,145,6,Chennai Super Kings,150.0,2.0
1216545,8.0,2021,2020-09-26,Sheikh Zayed Stadium,Abu Dhabi,Sunrisers Hyderabad,Kolkata Knight Riders,Sunrisers Hyderabad,bat,0.0,Kolkata Knight Riders,,7.0,Shubman Gill,DA Warner|JM Bairstow|MK Pandey|WP Saha|Mohammad Nabi|Abhishek Sharma|PK Garg|Rashid Khan|B Kumar|T Natarajan|KK Ahmed,Shubman Gill|SP Narine|N Rana|KD Karthik|EJG Morgan|AD Russell|PJ Cummins|Shivam Mavi|Kuldeep Yadav|KL Nagarkoti|CV Varun,Sunrisers Hyderabad,142,4,Kolkata Knight Riders,145.0,3.0
1216546,38.0,2021,2020-10-20,Dubai International Cricket Stadium,,Delhi Capitals,Kings XI Punjab,Delhi Capitals,bat,0.0,Kings XI Punjab,,5.0,S Dhawan,PP Shaw|S Dhawan|SS Iyer|RR Pant|MP Stoinis|SO Hetmyer|AR Patel|R Ashwin|K Rabada|DR Sams|TU Deshpande,KL Rahul|MA Agarwal|CH Gayle|N Pooran|GJ Maxwell|DJ Hooda|JDS Neesham|M Ashwin|Ravi Bishnoi|Mohammed Shami|Arshdeep Singh,Delhi Capitals,164,5,Kings XI Punjab,167.0,5.0
1216547,10.0,2021,2020-09-28,Dubai International Cricket Stadium,,Royal Challengers Bangalore,Mumbai Indians,Mumbai Indians,field,,,,,AB de Villiers,D Padikkal|AJ Finch|V Kohli|AB de Villiers|S Dube|Gurkeerat Singh|Washington Sundar|I Udana|Navdeep Saini|YS Chahal|A Zampa,RG Sharma|Q de Kock|SA Yadav|Ishan Kishan|HH Pandya|KA Pollard|KH Pandya|JL Pattinson|RD Chahar|TA Boult|JJ Bumrah,Royal Challengers Bangalore,201,3,Mumbai Indians,201.0,5.0
1237177,,2021,2020-11-05,Dubai International Cricket Stadium,,Mumbai Indians,Delhi Capitals,Delhi Capitals,field,0.0,Mumbai Indians,57.0,,JJ Bumrah,Q de Kock|RG Sharma|SA Yadav|Ishan Kishan|KA Pollard|KH Pandya|HH Pandya|NM Coulter-Nile|TA Boult|RD Chahar|JJ Bumrah,PP Shaw|S Dhawan|AM Rahane|SS Iyer|MP Stoinis|RR Pant|AR Patel|DR Sams|K Rabada|A Nortje|R Ashwin,Mumbai Indians,200,5,Delhi Capitals,143.0,8.0
1237178,,2021,2020-11-06,Sheikh Zayed Stadium,Abu Dhabi,Royal Challengers Bangalore,Sunrisers Hyderabad,Sunrisers Hyderabad,field,1.0,Sunrisers Hyderabad,,6.0,KS Williamson,V Kohli|D Padikkal|AJ Finch|AB de Villiers|MM Ali|S Dube|Washington Sundar|Navdeep Saini|Mohammed Siraj|YS Chahal|A Zampa,DA Warner|SP Goswami|MK Pandey|KS Williamson|PK Garg|JO Holder|Abdul Samad|Rashid Khan|S Nadeem|Sandeep Sharma|T Natarajan,Royal Challengers Bangalore,131,7,Sunrisers Hyderabad,132.0,4.0
1237180,,2021,2020-11-08,Sheikh Zayed Stadium,Abu Dhabi,Delhi Capitals,Sunrisers Hyderabad,Delhi Capitals,bat,1.0,Delhi Capitals,17.0,,MP Stoinis,MP Stoinis|S Dhawan|SS Iyer|SO Hetmyer|RR Pant|AM Rahane|P Dubey|AR Patel|R Ashwin|K Rabada|A Nortje,PK Garg|DA Warner|MK Pandey|KS Williamson|JO Holder|Abdul Samad|Rashid Khan|SP Goswami|S Nadeem|Sandeep Sharma|T Natarajan,Delhi Capitals,189,3,Sunrisers Hyderabad,172.0,8.0
1237181,,2021,2020-11-10,Dubai International Cricket Stadium,,Delhi Capitals,Mumbai Indians,Delhi Capitals,bat,0.0,Mumbai Indians,,5.0,TA Boult,MP Stoinis|S Dhawan|AM Rahane|SS Iyer|RR Pant|SO Hetmyer|AR Patel|K Rabada|P Dubey|R Ashwin|A Nortje,RG Sharma|Q de Kock|SA Yadav|Ishan Kishan|KA Pollard|HH Pandya|KH Pandya|J Yadav|NM Coulter-Nile|TA Boult|JJ Bumrah,Delhi Capitals,156,7,Mumbai Indians,157.0,5.0
1254058,1.0,2021,2021-04-09,"MA Chidambaram Stadium, Chepauk, Chennai",Chennai,Mumbai Indians,Royal Challengers Bangalore,Royal Challengers Bangalore,field,1.0,Royal Challengers Bangalore,,2.0,HV Patel,RG Sharma|CA Lynn|SA Yadav|Ishan Kishan|HH Pandya|KA Pollard|KH Pandya|M Jansen|RD Chahar|JJ Bumrah|TA Boult,Washington Sundar|V Kohli|RM Patidar|GJ Maxwell|AB de Villiers|Shahbaz Ahmed|DT Christian|KA Jamieson|HV Patel|Mohammed Siraj|YS Chahal,Mumbai Indians,159,9,Royal Challengers Bangalore,160.0,8.0
1254059,2.0,2021,2021-04-10,"Wankhede Stadium, Mumbai",Mumbai,Chennai Super Kings,Delhi Capitals,Delhi Capitals,field,1.0,Delhi Capitals,,7.0,S Dhawan,RD Gaikwad|F du Plessis|MM Ali|SK Raina|AT Rayudu|RA Jadeja|MS Dhoni|SM Curran|DJ Bravo|SN Thakur|DL Chahar,PP Shaw|S Dhawan|RR Pant|MP Stoinis|SO Hetmyer|AM Rahane|CR Woakes|TK Curran|R Ashwin|A Mishra|Avesh Khan,Chennai Super Kings,188,7,Delhi Capitals,190.0,3.0
1254060,3.0,2021,2021-04-11,"MA Chidambaram Stadium, Chepauk, Chennai",Chennai,Kolkata Knight Riders,Sunrisers Hyderabad,Sunrisers Hyderabad,field,0.0,Kolkata Knight Riders,10.0,,N Rana,N Rana|Shubman Gill|RA Tripathi|AD Russell|EJG Morgan|KD Karthik|Shakib Al Hasan|PJ Cummins|Harbhajan Singh|CV Varun|M Prasidh Krishna,WP Saha|DA Warner|MK Pandey|JM Bairstow|Mohammad Nabi|V Shankar|Abdul Samad|Rashid Khan|B Kumar|Sandeep Sharma|T Natarajan,Kolkata Knight Riders,187,6,Sunrisers Hyderabad,177.0,5.0
1254061,4.0,2021,2021-04-12,"Wankhede Stadium, Mumbai",Mumbai,Punjab Kings,Rajasthan Royals,Rajasthan Royals,field,0.0,Punjab Kings,4.0,,SV Samson,KL Rahul|MA Agarwal|CH Gayle|DJ Hooda|N Pooran|M Shahrukh Khan|JA Richardson|M Ashwin|Mohammed Shami|RP Meredith|Arshdeep Singh,BA Stokes|M Vohra|SV Samson|JC Buttler|S Dube|R Parag|R Tewatia|CH Morris|S Gopal|C Sakariya|Mustafizur Rahman,Punjab Kings,221,6,Rajasthan Royals,217.0,7.0
1254062,5.0,2021,2021-04-13,"MA Chidambaram Stadium, Chepauk, Chennai",Chennai,Mumbai Indians,Kolkata Knight Riders,Kolkata Knight Riders,field,0.0,Mumbai Indians,10.0,,RD Chahar,RG Sharma|Q de Kock|SA Yadav|Ishan Kishan|HH Pandya|KA Pollard|KH Pandya|M Jansen|RD Chahar|JJ Bumrah|TA Boult,N Rana|Shubman Gill|RA Tripathi|EJG Morgan|Shakib Al Hasan|KD Karthik|AD Russell|PJ Cummins|Harbhajan Singh|CV Varun|M Prasidh Krishna,Mumbai Indians,152,10,Kolkata Knight Riders,142.0,7.0
1254063,6.0,2021,2021-04-14,"MA Chidambaram Stadium, Chepauk, Chennai",Chennai,Royal Challengers Bangalore,Sunrisers Hyderabad,Sunrisers Hyderabad,field,0.0,Royal Challengers Bangalore,6.0,,GJ Maxwell,V Kohli|D Padikkal|Shahbaz Ahmed|GJ Maxwell|AB de Villiers|Washington Sundar|DT Christian|KA Jamieson|HV Patel|Mohammed Siraj|YS Chahal,WP Saha|DA Warner|MK Pandey|JM Bairstow|Abdul Samad|V Shankar|JO Holder|Rashid Khan|B Kumar|S Nadeem|T Natarajan,Royal Challengers Bangalore,149,8,Sunrisers Hyderabad,143.0,9.0
1254064,7.0,2021,2021-04-15,"Wankhede Stadium, Mumbai",Mumbai,Delhi Capitals,Rajasthan Royals,Rajasthan Royals,field,1.0,Rajasthan Royals,,3.0,JD Unadkat,PP Shaw|S Dhawan|AM Rahane|RR Pant|MP Stoinis|Lalit Yadav|TK Curran|CR Woakes|R Ashwin|K Rabada|Avesh Khan,JC Buttler|M Vohra|SV Samson|S Dube|DA Miller|R Parag|R Tewatia|CH Morris|JD Unadkat|C Sakariya|Mustafizur Rahman,Delhi Capitals,147,8,Rajasthan Royals,150.0,7.0
1254065,8.0,2021,2021-04-16,"Wankhede Stadium, Mumbai",Mumbai,Punjab Kings,Chennai Super Kings,Chennai Super Kings,field,1.0,Chennai Super Kings,,6.0,DL Chahar,KL Rahul|MA Agarwal|CH Gayle|DJ Hooda|N Pooran|M Shahrukh Khan|JA Richardson|M Ashwin|Mohammed Shami|RP Meredith|Arshdeep Singh,RD Gaikwad|F du Plessis|MM Ali|SK Raina|AT Rayudu|SM Curran|RA Jadeja|MS Dhoni|DJ Bravo|SN Thakur|DL Chahar,Punjab Kings,106,8,Chennai Super Kings,107.0,4.0
1254066,9.0,2021,2021-04-17,"MA Chidambaram Stadium, Chepauk, Chennai",Chennai,Mumbai Indians,Sunrisers Hyderabad,Mumbai Indians,bat,1.0,Mumbai Indians,13.0,,KA Pollard,Q de Kock|RG Sharma|SA Yadav|Ishan Kishan|KA Pollard|HH Pandya|KH Pandya|AF Milne|RD Chahar|JJ Bumrah|TA Boult,DA Warner|JM Bairstow|MK Pandey|Virat Singh|V Shankar|Abhishek Sharma|Abdul Samad|Rashid Khan|B Kumar|Mujeeb Ur Rahman|KK Ahmed,Mumbai Indians,150,5,Sunrisers Hyderabad,137.0,10.0
1254067,10.0,2021,2021-04-18,"MA Chidambaram Stadium, Chepauk, Chennai",Chennai,Royal Challengers Bangalore,Kolkata Knight Riders,Royal Challengers Bangalore,bat,1.0,Royal Challengers Bangalore,38.0,,AB de Villiers,V Kohli|D Padikkal|RM Patidar|GJ Maxwell|AB de Villiers|KA Jamieson|Washington Sundar|Shahbaz Ahmed|HV Patel|Mohammed Siraj|YS Chahal,N Rana|Shubman Gill|RA Tripathi|EJG Morgan|KD Karthik|Shakib Al Hasan|AD Russell|PJ Cummins|Harbhajan Singh|CV Varun|M Prasidh Krishna,Royal Challengers Bangalore,204,4,Kolkata Knight Riders,166.0,8.0
1254068,11.0,2021,2021-04-18,"Wankhede Stadium, Mumbai",Mumbai,Punjab Kings,Delhi Capitals,Delhi Capitals,field,1.0,Delhi Capitals,,6.0,S Dhawan,KL Rahul|MA Agarwal|CH Gayle|DJ Hooda|N Pooran|M Shahrukh Khan|Jalaj S Saxena|JA Richardson|Mohammed Shami|RP Meredith|Arshdeep Singh,PP Shaw|S Dhawan|SPD Smith|RR Pant|MP Stoinis|Lalit Yadav|LI Meriwala|CR Woakes|R Ashwin|K Rabada|Avesh Khan,Punjab Kings,195,4,Delhi Capitals,198.0,4.0
1254069,12.0,2021,2021-04-19,"Wankhede Stadium, Mumbai",Mumbai,Chennai Super Kings,Rajasthan Royals,Rajasthan Royals,field,0.0,Chennai Super Kings,45.0,,MM Ali,RD Gaikwad|F du Plessis|MM Ali|SK Raina|AT Rayudu|RA Jadeja|MS Dhoni|SM Curran|DJ Bravo|SN Thakur|DL Chahar,JC Buttler|M Vohra|SV Samson|S Dube|DA Miller|R Parag|R Tewatia|CH Morris|JD Unadkat|C Sakariya|Mustafizur Rahman,Chennai Super Kings,188,9,Rajasthan Royals,143.0,9.0
1254070,13.0,2021,2021-04-20,"MA Chidambaram Stadium, Chepauk, Chennai",Chennai,Mumbai Indians,Delhi Capitals,Mumbai Indians,bat,0.0,Delhi Capitals,,6.0,A Mishra,RG Sharma|Q de Kock|SA Yadav|Ishan Kishan|HH Pandya|KH Pandya|KA Pollard|J Yadav|RD Chahar|JJ Bumrah|TA Boult,PP Shaw|S Dhawan|SPD Smith|Lalit Yadav|RR Pant|SO Hetmyer|MP Stoinis|R Ashwin|K Rabada|Avesh Khan|A Mishra,Mumbai Indians,137,9,Delhi Capitals,138.0,4.0
1254071,14.0,2021,2021-04-21,"MA Chidambaram Stadium, Chepauk, Chennai",Chennai,Punjab Kings,Sunrisers Hyderabad,Punjab Kings,bat,0.0,Sunrisers Hyderabad,,9.0,JM Bairstow,KL Rahul|MA Agarwal|CH Gayle|N Pooran|DJ Hooda|MC Henriques|M Shahrukh Khan|FA Allen|M Ashwin|Mohammed Shami|Arshdeep Singh,DA Warner|JM Bairstow|KS Williamson|Virat Singh|KM Jadhav|V Shankar|Abhishek Sharma|Rashid Khan|B Kumar|S Kaul|KK Ahmed,Punjab Kings,120,10,Sunrisers Hyderabad,121.0,1.0
1254072,15.0,2021,2021-04-21,"Wankhede Stadium, Mumbai",Mumbai,Chennai Super Kings,Kolkata Knight Riders,Kolkata Knight Riders,field,0.0,Chennai Super Kings,18.0,,F du Plessis,RD Gaikwad|F du Plessis|MM Ali|MS Dhoni|RA Jadeja|SK Raina|AT Rayudu|SM Curran|SN Thakur|DL Chahar|L Ngidi,N Rana|Shubman Gill|RA Tripathi|EJG Morgan|SP Narine|KD Karthik|AD Russell|PJ Cummins|KL Nagarkoti|CV Varun|M Prasidh Krishna,Chennai Super Kings,220,3,Kolkata Knight Riders,202.0,10.0
1254073,16.0,2021,2021-04-22,"Wankhede Stadium, Mumbai",Mumbai,Rajasthan Royals,Royal Challengers Bangalore,Royal Challengers Bangalore,field,1.0,Royal Challengers Bangalore,,10.0,D Padikkal,JC Buttler|M Vohra|SV Samson|DA Miller|S Dube|R Parag|R Tewatia|CH Morris|S Gopal|C Sakariya|Mustafizur Rahman,V Kohli|D Padikkal|GJ Maxwell|AB de Villiers|Washington Sundar|KA Jamieson|Shahbaz Ahmed|HV Patel|Mohammed Siraj|KW Richardson|YS Chahal,Rajasthan Royals,177,9,Royal Challengers Bangalore,181.0,0.0
1254074,17.0,2021,2021-04-23,"MA Chidambaram Stadium, Chepauk, Chennai",Chennai,Mumbai Indians,Punjab Kings,Punjab Kings,field,1.0,Punjab Kings,,9.0,KL Rahul,Q de Kock|RG Sharma|Ishan Kishan|SA Yadav|KA Pollard|HH Pandya|KH Pandya|J Yadav|RD Chahar|JJ Bumrah|TA Boult,KL Rahul|MA Agarwal|CH Gayle|DJ Hooda|N Pooran|MC Henriques|M Shahrukh Khan|FA Allen|Mohammed Shami|Ravi Bishnoi|Arshdeep Singh,Mumbai Indians,131,6,Punjab Kings,132.0,1.0
1254075,18.0,2021,2021-04-24,"Wankhede Stadium, Mumbai",Mumbai,Kolkata Knight Riders,Rajasthan Royals,Rajasthan Royals,field,1.0,Rajasthan Royals,,6.0,CH Morris,N Rana|Shubman Gill|RA Tripathi|SP Narine|EJG Morgan|KD Karthik|AD Russell|PJ Cummins|Shivam Mavi|M Prasidh Krishna|CV Varun,JC Buttler|YBK Jaiswal|SV Samson|S Dube|R Tewatia|DA Miller|R Parag|CH Morris|JD Unadkat|C Sakariya|Mustafizur Rahman,Kolkata Knight Riders,133,9,Rajasthan Royals,134.0,4.0
1254076,19.0,2021,2021-04-25,"Wankhede Stadium, Mumbai",Mumbai,Chennai Super Kings,Royal Challengers Bangalore,Chennai Super Kings,bat,1.0,Chennai Super Kings,69.0,,RA Jadeja,RD Gaikwad|F du Plessis|SK Raina|AT Rayudu|RA Jadeja|MS Dhoni|DJ Bravo|SM Curran|SN Thakur|DL Chahar|Imran Tahir,V Kohli|D Padikkal|Washington Sundar|GJ Maxwell|AB de Villiers|DT Christian|KA Jamieson|HV Patel|Navdeep Saini|YS Chahal|Mohammed Siraj,Chennai Super Kings,191,4,Royal Challengers Bangalore,122.0,9.0
1254077,20.0,2021,2021-04-25,"MA Chidambaram Stadium, Chepauk, Chennai",Chennai,Delhi Capitals,Sunrisers Hyderabad,Delhi Capitals,bat,,,,,PP Shaw,PP Shaw|S Dhawan|RR Pant|SPD Smith|SO Hetmyer|MP Stoinis|AR Patel|R Ashwin|K Rabada|Avesh Khan|A Mishra,DA Warner|JM Bairstow|KS Williamson|Virat Singh|KM Jadhav|Abhishek Sharma|Rashid Khan|V Shankar|J Suchith|S Kaul|KK Ahmed,Delhi Capitals,159,4,Sunrisers Hyderabad,159.0,7.0
1254078,21.0,2021,2021-04-26,"Narendra Modi Stadium, Ahmedabad",Ahmedabad,Punjab Kings,Kolkata Knight Riders,Kolkata Knight Riders,field,1.0,Kolkata Knight Riders,,5.0,EJG Morgan,KL Rahul|MA Agarwal|CH Gayle|DJ Hooda|N Pooran|MC Henriques|M Shahrukh Khan|CJ Jordan|Ravi Bishnoi|Mohammed Shami|Arshdeep Singh,Shubman Gill|N Rana|RA Tripathi|SP Narine|EJG Morgan|AD Russell|KD Karthik|PJ Cummins|Shivam Mavi|CV Varun|M Prasidh Krishna,Punjab Kings,123,9,Kolkata Knight Riders,126.0,5.0
1254079,22.0,2021,2021-04-27,"Narendra Modi Stadium, Ahmedabad",Ahmedabad,Royal Challengers Bangalore,Delhi Capitals,Delhi Capitals,field,0.0,Royal Challengers Bangalore,1.0,,AB de Villiers,V Kohli|D Padikkal|RM Patidar|GJ Maxwell|AB de Villiers|Washington Sundar|DR Sams|KA Jamieson|HV Patel|Mohammed Siraj|YS Chahal,PP Shaw|S Dhawan|SPD Smith|RR Pant|MP Stoinis|SO Hetmyer|AR Patel|K Rabada|Avesh Khan|A Mishra|I Sharma,Royal Challengers Bangalore,171,5,Delhi Capitals,170.0,4.0
1254080,23.0,2021,2021-04-28,"Arun Jaitley Stadium, Delhi",Delhi,Sunrisers Hyderabad,Chennai Super Kings,Sunrisers Hyderabad,bat,0.0,Chennai Super Kings,,7.0,RD Gaikwad,DA Warner|JM Bairstow|MK Pandey|KS Williamson|KM Jadhav|Rashid Khan|V Shankar|J Suchith|S Kaul|KK Ahmed|Sandeep Sharma,RD Gaikwad|F du Plessis|MM Ali|RA Jadeja|SK Raina|AT Rayudu|MS Dhoni|SM Curran|SN Thakur|DL Chahar|L Ngidi,Sunrisers Hyderabad,171,3,Chennai Super Kings,173.0,3.0
1254081,24.0,2021,2021-04-29,"Arun Jaitley Stadium, Delhi",Delhi,Rajasthan Royals,Mumbai Indians,Mumbai Indians,field,1.0,Mumbai Indians,,7.0,Q de Kock,JC Buttler|YBK Jaiswal|SV Samson|S Dube|DA Miller|R Parag|R Tewatia|CH Morris|JD Unadkat|C Sakariya|Mustafizur Rahman,RG Sharma|Q de Kock|SA Yadav|KH Pandya|KA Pollard|HH Pandya|NM Coulter-Nile|J Yadav|RD Chahar|JJ Bumrah|TA Boult,Rajasthan Royals,171,4,Mumbai Indians,172.0,3.0
1254082,25.0,2021,2021-04-29,"Narendra Modi Stadium, Ahmedabad",Ahmedabad,Kolkata Knight Riders,Delhi Capitals,Delhi Capitals,field,1.0,Delhi Capitals,,7.0,PP Shaw,N Rana|Shubman Gill|RA Tripathi|EJG Morgan|SP Narine|AD Russell|KD Karthik|PJ Cummins|Shivam Mavi|CV Varun|M Prasidh Krishna,PP Shaw|S Dhawan|RR Pant|MP Stoinis|SO Hetmyer|SPD Smith|Lalit Yadav|AR Patel|K Rabada|Avesh Khan|I Sharma,Kolkata Knight Riders,154,6,Delhi Capitals,156.0,3.0
1254083,26.0,2021,2021-04-30,"Narendra Modi Stadium, Ahmedabad",Ahmedabad,Punjab Kings,Royal Challengers Bangalore,Royal Challengers Bangalore,field,0.0,Punjab Kings,34.0,,Harpreet Brar,KL Rahul|P Simran Singh|CH Gayle|N Pooran|DJ Hooda|M Shahrukh Khan|Harpreet Brar|RP Meredith|Ravi Bishnoi|Mohammed Shami|CJ Jordan,V Kohli|D Padikkal|RM Patidar|GJ Maxwell|AB de Villiers|Shahbaz Ahmed|DR Sams|KA Jamieson|HV Patel|Mohammed Siraj|YS Chahal,Punjab Kings,179,5,Royal Challengers Bangalore,145.0,8.0
1254084,27.0,2021,2021-05-01,"Arun Jaitley Stadium, Delhi",Delhi,Chennai Super Kings,Mumbai Indians,Mumbai Indians,field,1.0,Mumbai Indians,,4.0,KA Pollard,RD Gaikwad|F du Plessis|MM Ali|SK Raina|AT Rayudu|RA Jadeja|MS Dhoni|SM Curran|SN Thakur|DL Chahar|L Ngidi,Q de Kock|RG Sharma|SA Yadav|KH Pandya|KA Pollard|HH Pandya|JDS Neesham|DS Kulkarni|RD Chahar|JJ Bumrah|TA Boult,Chennai Super Kings,218,4,Mumbai Indians,219.0,6.0
1254085,28.0,2021,2021-05-02,"Arun Jaitley Stadium, Delhi",Delhi,Rajasthan Royals,Sunrisers Hyderabad,Sunrisers Hyderabad,field,0.0,Rajasthan Royals,55.0,,JC Buttler,JC Buttler|YBK Jaiswal|SV Samson|R Parag|DA Miller|Anuj Rawat|R Tewatia|CH Morris|Kartik Tyagi|C Sakariya|Mustafizur Rahman,MK Pandey|JM Bairstow|KS Williamson|V Shankar|KM Jadhav|Mohammad Nabi|Abdul Samad|Rashid Khan|B Kumar|Sandeep Sharma|KK Ahmed,Rajasthan Royals,220,3,Sunrisers Hyderabad,165.0,8.0
1254086,29.0,2021,2021-05-02,"Narendra Modi Stadium, Ahmedabad",Ahmedabad,Punjab Kings,Delhi Capitals,Delhi Capitals,field,1.0,Delhi Capitals,,7.0,MA Agarwal,P Simran Singh|MA Agarwal|CH Gayle|DJ Malan|DJ Hooda|M Shahrukh Khan|CJ Jordan|Harpreet Brar|RP Meredith|Ravi Bishnoi|Mohammed Shami,PP Shaw|S Dhawan|SPD Smith|RR Pant|SO Hetmyer|MP Stoinis|AR Patel|Lalit Yadav|K Rabada|I Sharma|Avesh Khan,Punjab Kings,166,6,Delhi Capitals,167.0,3.0
1254087,31.0,2021,2021-09-20,"Zayed Cricket Stadium, Abu Dhabi",Abu Dhabi,Royal Challengers Bangalore,Kolkata Knight Riders,Royal Challengers Bangalore,bat,0.0,Kolkata Knight Riders,,9.0,CV Varun,V Kohli|D Padikkal|KS Bharat|GJ Maxwell|AB de Villiers|Sachin Baby|PWH de Silva|KA Jamieson|HV Patel|Mohammed Siraj|YS Chahal,Shubman Gill|VR Iyer|AD Russell|N Rana|RA Tripathi|EJG Morgan|KD Karthik|LH Ferguson|SP Narine|CV Varun|M Prasidh Krishna,Royal Challengers Bangalore,92,10,Kolkata Knight Riders,94.0,1.0
1254088,55.0,2021,2021-10-08,"Zayed Cricket Stadium, Abu Dhabi",Abu Dhabi,Mumbai Indians,Sunrisers Hyderabad,Mumbai Indians,bat,1.0,Mumbai Indians,42.0,,Ishan Kishan,RG Sharma|Ishan Kishan|HH Pandya|KA Pollard|SA Yadav|JDS Neesham|KH Pandya|NM Coulter-Nile|PP Chawla|JJ Bumrah|TA Boult,JJ Roy|Abhishek Sharma|MK Pandey|Mohammad Nabi|Abdul Samad|PK Garg|JO Holder|Rashid Khan|WP Saha|S Kaul|Umran Malik,Mumbai Indians,235,9,Sunrisers Hyderabad,193.0,8.0
1254089,47.0,2021,2021-10-02,"Zayed Cricket Stadium, Abu Dhabi",Abu Dhabi,Chennai Super Kings,Rajasthan Royals,Rajasthan Royals,field,1.0,Rajasthan Royals,,7.0,RD Gaikwad,RD Gaikwad|F du Plessis|SK Raina|MM Ali|AT Rayudu|RA Jadeja|MS Dhoni|SM Curran|SN Thakur|JR Hazlewood|KM Asif,E Lewis|YBK Jaiswal|SV Samson|S Dube|GD Phillips|DA Miller|R Tewatia|Akash Singh|M Markande|C Sakariya|Mustafizur Rahman,Chennai Super Kings,189,4,Rajasthan Royals,190.0,3.0
1254090,48.0,2021,2021-10-03,Sharjah Cricket Stadium,Sharjah,Royal Challengers Bangalore,Punjab Kings,Royal Challengers Bangalore,bat,1.0,Royal Challengers Bangalore,6.0,,GJ Maxwell,V Kohli|D Padikkal|DT Christian|GJ Maxwell|AB de Villiers|Shahbaz Ahmed|KS Bharat|GHS Garton|HV Patel|Mohammed Siraj|YS Chahal,KL Rahul|MA Agarwal|N Pooran|AK Markram|SN Khan|M Shahrukh Khan|MC Henriques|Harpreet Brar|Ravi Bishnoi|Mohammed Shami|Arshdeep Singh,Royal Challengers Bangalore,164,7,Punjab Kings,158.0,6.0
1254091,44.0,2021,2021-09-30,Sharjah Cricket Stadium,Sharjah,Sunrisers Hyderabad,Chennai Super Kings,Chennai Super Kings,field,1.0,Chennai Super Kings,,6.0,JR Hazlewood,JJ Roy|WP Saha|KS Williamson|PK Garg|Abhishek Sharma|Abdul Samad|JO Holder|Rashid Khan|B Kumar|Sandeep Sharma|S Kaul,RD Gaikwad|F du Plessis|MM Ali|SK Raina|AT Rayudu|MS Dhoni|RA Jadeja|DJ Bravo|SN Thakur|DL Chahar|JR Hazlewood,Sunrisers Hyderabad,134,7,Chennai Super Kings,139.0,4.0
1254092,41.0,2021,2021-09-28,Sharjah Cricket Stadium,Sharjah,Delhi Capitals,Kolkata Knight Riders,Kolkata Knight Riders,field,1.0,Kolkata Knight Riders,,3.0,SP Narine,SPD Smith|S Dhawan|SS Iyer|RR Pant|SO Hetmyer|Lalit Yadav|AR Patel|R Ashwin|K Rabada|Avesh Khan|A Nortje,Shubman Gill|VR Iyer|RA Tripathi|N Rana|EJG Morgan|KD Karthik|SP Narine|TG Southee|LH Ferguson|S Sandeep Warrier|CV Varun,Delhi Capitals,127,9,Kolkata Knight Riders,130.0,7.0
1254093,51.0,2021,2021-10-05,Sharjah Cricket Stadium,Sharjah,Rajasthan Royals,Mumbai Indians,Mumbai Indians,field,1.0,Mumbai Indians,,8.0,NM Coulter-Nile,E Lewis|YBK Jaiswal|SV Samson|S Dube|GD Phillips|DA Miller|R Tewatia|S Gopal|C Sakariya|K Yadav|Mustafizur Rahman,RG Sharma|Ishan Kishan|SA Yadav|HH Pandya|SS Tiwary|KA Pollard|JDS Neesham|NM Coulter-Nile|J Yadav|JJ Bumrah|TA Boult,Rajasthan Royals,90,9,Mumbai Indians,94.0,2.0
1254094,53.0,2021,2021-10-07,Dubai International Cricket Stadium,Dubai,Chennai Super Kings,Punjab Kings,Punjab Kings,field,1.0,Punjab Kings,,6.0,KL Rahul,RD Gaikwad|F du Plessis|MM Ali|RV Uthappa|AT Rayudu|MS Dhoni|RA Jadeja|DJ Bravo|DL Chahar|SN Thakur|JR Hazlewood,KL Rahul|MA Agarwal|SN Khan|M Shahrukh Khan|AK Markram|MC Henriques|CJ Jordan|Harpreet Brar|Ravi Bishnoi|Mohammed Shami|Arshdeep Singh,Chennai Super Kings,134,6,Punjab Kings,139.0,4.0
1254095,52.0,2021,2021-10-06,"Zayed Cricket Stadium, Abu Dhabi",Abu Dhabi,Sunrisers Hyderabad,Royal Challengers Bangalore,Royal Challengers Bangalore,field,0.0,Sunrisers Hyderabad,4.0,,KS Williamson,JJ Roy|Abhishek Sharma|KS Williamson|PK Garg|Abdul Samad|WP Saha|JO Holder|Rashid Khan|B Kumar|S Kaul|Umran Malik,V Kohli|D Padikkal|DT Christian|KS Bharat|GJ Maxwell|AB de Villiers|Shahbaz Ahmed|GHS Garton|HV Patel|Mohammed Siraj|YS Chahal,Sunrisers Hyderabad,141,7,Royal Challengers Bangalore,137.0,6.0
1254096,34.0,2021,2021-09-23,"Zayed Cricket Stadium, Abu Dhabi",Abu Dhabi,Mumbai Indians,Kolkata Knight Riders,Kolkata Knight Riders,field,1.0,Kolkata Knight Riders,,7.0,SP Narine,RG Sharma|Q de Kock|SA Yadav|Ishan Kishan|KA Pollard|KH Pandya|SS Tiwary|AF Milne|RD Chahar|JJ Bumrah|TA Boult,Shubman Gill|VR Iyer|RA Tripathi|EJG Morgan|N Rana|AD Russell|KD Karthik|SP Narine|LH Ferguson|M Prasidh Krishna|CV Varun,Mumbai Indians,155,6,Kolkata Knight Riders,159.0,3.0
1254097,36.0,2021,2021-09-25,"Zayed Cricket Stadium, Abu Dhabi",Abu Dhabi,Delhi Capitals,Rajasthan Royals,Rajasthan Royals,field,0.0,Delhi Capitals,33.0,,SS Iyer,PP Shaw|S Dhawan|SS Iyer|RR Pant|SO Hetmyer|Lalit Yadav|AR Patel|R Ashwin|K Rabada|A Nortje|Avesh Khan,LS Livingstone|YBK Jaiswal|SV Samson|DA Miller|MK Lomror|R Parag|R Tewatia|T Shamsi|Kartik Tyagi|C Sakariya|Mustafizur Rahman,Delhi Capitals,154,6,Rajasthan Royals,121.0,6.0
1254098,38.0,2021,2021-09-26,"Zayed Cricket Stadium, Abu Dhabi",Abu Dhabi,Kolkata Knight Riders,Chennai Super Kings,Kolkata Knight Riders,bat,0.0,Chennai Super Kings,,2.0,RA Jadeja,Shubman Gill|VR Iyer|RA Tripathi|EJG Morgan|N Rana|AD Russell|KD Karthik|SP Narine|LH Ferguson|M Prasidh Krishna|CV Varun,RD Gaikwad|F du Plessis|MM Ali|AT Rayudu|SK Raina|MS Dhoni|RA Jadeja|SM Curran|SN Thakur|DL Chahar|JR Hazlewood,Kolkata Knight Riders,171,6,Chennai Super Kings,172.0,8.0
1254099,42.0,2021,2021-09-28,"Zayed Cricket Stadium, Abu Dhabi",Abu Dhabi,Punjab Kings,Mumbai Indians,Mumbai Indians,field,1.0,Mumbai Indians,,6.0,KA Pollard,KL Rahul|Mandeep Singh|CH Gayle|AK Markram|N Pooran|DJ Hooda|Harpreet Brar|NT Ellis|Ravi Bishnoi|Mohammed Shami|Arshdeep Singh,RG Sharma|Q de Kock|SA Yadav|SS Tiwary|HH Pandya|KA Pollard|KH Pandya|NM Coulter-Nile|RD Chahar|TA Boult|JJ Bumrah,Punjab Kings,135,6,Mumbai Indians,137.0,4.0
1254100,40.0,2021,2021-09-27,Dubai International Cricket Stadium,Dubai,Rajasthan Royals,Sunrisers Hyderabad,Rajasthan Royals,bat,0.0,Sunrisers Hyderabad,,7.0,JJ Roy,E Lewis|YBK Jaiswal|SV Samson|LS Livingstone|MK Lomror|R Parag|R Tewatia|CH Morris|JD Unadkat|C Sakariya|Mustafizur Rahman,JJ Roy|WP Saha|KS Williamson|PK Garg|Abhishek Sharma|JO Holder|Abdul Samad|Rashid Khan|B Kumar|Sandeep Sharma|S Kaul,Rajasthan Royals,164,5,Sunrisers Hyderabad,167.0,3.0
1254101,56.0,2021,2021-10-08,Dubai International Cricket Stadium,Dubai,Delhi Capitals,Royal Challengers Bangalore,Royal Challengers Bangalore,field,1.0,Royal Challengers Bangalore,,7.0,KS Bharat,PP Shaw|S Dhawan|RR Pant|SS Iyer|SO Hetmyer|RV Patel|AR Patel|R Ashwin|K Rabada|Avesh Khan|A Nortje,V Kohli|D Padikkal|KS Bharat|AB de Villiers|GJ Maxwell|DT Christian|Shahbaz Ahmed|GHS Garton|HV Patel|Mohammed Siraj|YS Chahal,Delhi Capitals,164,5,Royal Challengers Bangalore,166.0,3.0
1254102,45.0,2021,2021-10-01,Dubai International Cricket Stadium,Dubai,Kolkata Knight Riders,Punjab Kings,Punjab Kings,field,1.0,Punjab Kings,,5.0,KL Rahul,VR Iyer|Shubman Gill|RA Tripathi|N Rana|EJG Morgan|KD Karthik|TL Seifert|SP Narine|TG Southee|CV Varun|Shivam Mavi,KL Rahul|MA Agarwal|N Pooran|AK Markram|DJ Hooda|M Shahrukh Khan|FA Allen|NT Ellis|Ravi Bishnoi|Mohammed Shami|Arshdeep Singh,Kolkata Knight Riders,165,7,Punjab Kings,168.0,5.0
1254103,43.0,2021,2021-09-29,Dubai International Cricket Stadium,Dubai,Rajasthan Royals,Royal Challengers Bangalore,Royal Challengers Bangalore,field,1.0,Royal Challengers Bangalore,,7.0,YS Chahal,E Lewis|YBK Jaiswal|SV Samson|MK Lomror|LS Livingstone|R Tewatia|R Parag|CH Morris|C Sakariya|Kartik Tyagi|Mustafizur Rahman,V Kohli|D Padikkal|KS Bharat|GJ Maxwell|AB de Villiers|DT Christian|Shahbaz Ahmed|GHS Garton|HV Patel|Mohammed Siraj|YS Chahal,Rajasthan Royals,149,9,Royal Challengers Bangalore,153.0,3.0
1254104,30.0,2021,2021-09-19,Dubai International Cricket Stadium,Dubai,Chennai Super Kings,Mumbai Indians,Chennai Super Kings,bat,1.0,Chennai Super Kings,20.0,,RD Gaikwad,RD Gaikwad|F du Plessis|MM Ali|AT Rayudu|SK Raina|MS Dhoni|RA Jadeja|DJ Bravo|SN Thakur|DL Chahar|JR Hazlewood,Q de Kock|Anmolpreet Singh|SA Yadav|Ishan Kishan|SS Tiwary|KA Pollard|KH Pandya|AF Milne|RD Chahar|JJ Bumrah|TA Boult,Chennai Super Kings,156,7,Mumbai Indians,136.0,8.0
1254105,33.0,2021,2021-09-22,Dubai International Cricket Stadium,Dubai,Sunrisers Hyderabad,Delhi Capitals,Sunrisers Hyderabad,bat,0.0,Delhi Capitals,,8.0,A Nortje,DA Warner|WP Saha|KS Williamson|MK Pandey|KM Jadhav|Abdul Samad|JO Holder|Rashid Khan|B Kumar|Sandeep Sharma|KK Ahmed,PP Shaw|S Dhawan|SS Iyer|RR Pant|MP Stoinis|SO Hetmyer|AR Patel|R Ashwin|K Rabada|A Nortje|Avesh Khan,Sunrisers Hyderabad,134,9,Delhi Capitals,139.0,2.0
1254106,54.0,2021,2021-10-07,Sharjah Cricket Stadium,Sharjah,Kolkata Knight Riders,Rajasthan Royals,Rajasthan Royals,field,0.0,Kolkata Knight Riders,86.0,,Shivam Mavi,Shubman Gill|VR Iyer|N Rana|RA Tripathi|KD Karthik|EJG Morgan|Shakib Al Hasan|SP Narine|LH Ferguson|CV Varun|Shivam Mavi,YBK Jaiswal|LS Livingstone|SV Samson|S Dube|Anuj Rawat|GD Phillips|R Tewatia|CH Morris|JD Unadkat|C Sakariya|Mustafizur Rahman,Kolkata Knight Riders,171,4,Rajasthan Royals,85.0,10.0
1254107,37.0,2021,2021-09-25,Sharjah Cricket Stadium,Sharjah,Punjab Kings,Sunrisers Hyderabad,Sunrisers Hyderabad,field,0.0,Punjab Kings,5.0,,JO Holder,KL Rahul|MA Agarwal|CH Gayle|AK Markram|N Pooran|DJ Hooda|Harpreet Brar|NT Ellis|Mohammed Shami|Ravi Bishnoi|Arshdeep Singh,DA Warner|WP Saha|KS Williamson|MK Pandey|KM Jadhav|Abdul Samad|JO Holder|Rashid Khan|B Kumar|Sandeep Sharma|KK Ahmed,Punjab Kings,125,7,Sunrisers Hyderabad,120.0,7.0
1254108,39.0,2021,2021-09-26,Dubai International Cricket Stadium,Dubai,Royal Challengers Bangalore,Mumbai Indians,Mumbai Indians,field,0.0,Royal Challengers Bangalore,54.0,,GJ Maxwell,V Kohli|D Padikkal|KS Bharat|GJ Maxwell|AB de Villiers|DT Christian|Shahbaz Ahmed|KA Jamieson|HV Patel|Mohammed Siraj|YS Chahal,RG Sharma|Q de Kock|Ishan Kishan|SA Yadav|KH Pandya|KA Pollard|HH Pandya|AF Milne|RD Chahar|JJ Bumrah|TA Boult,Royal Challengers Bangalore,165,6,Mumbai Indians,111.0,10.0
1254109,49.0,2021,2021-10-03,Dubai International Cricket Stadium,Dubai,Sunrisers Hyderabad,Kolkata Knight Riders,Sunrisers Hyderabad,bat,0.0,Kolkata Knight Riders,,6.0,Shubman Gill,JJ Roy|WP Saha|KS Williamson|PK Garg|Abhishek Sharma|Abdul Samad|JO Holder|Rashid Khan|B Kumar|S Kaul|Umran Malik,Shubman Gill|VR Iyer|RA Tripathi|N Rana|KD Karthik|EJG Morgan|Shakib Al Hasan|SP Narine|TG Southee|CV Varun|Shivam Mavi,Sunrisers Hyderabad,115,8,Kolkata Knight Riders,119.0,4.0
1254110,50.0,2021,2021-10-04,Dubai International Cricket Stadium,Dubai,Chennai Super Kings,Delhi Capitals,Delhi Capitals,field,1.0,Delhi Capitals,,3.0,AR Patel,RD Gaikwad|F du Plessis|RV Uthappa|MM Ali|AT Rayudu|MS Dhoni|RA Jadeja|DJ Bravo|DL Chahar|SN Thakur|JR Hazlewood,PP Shaw|S Dhawan|SS Iyer|RR Pant|RV Patel|R Ashwin|SO Hetmyer|AR Patel|K Rabada|Avesh Khan|A Nortje,Chennai Super Kings,136,5,Delhi Capitals,139.0,7.0
1254111,32.0,2021,2021-09-21,Dubai International Cricket Stadium,Dubai,Rajasthan Royals,Punjab Kings,Punjab Kings,field,0.0,Rajasthan Royals,2.0,,Kartik Tyagi,E Lewis|YBK Jaiswal|SV Samson|LS Livingstone|MK Lomror|R Parag|R Tewatia|CH Morris|C Sakariya|Kartik Tyagi|Mustafizur Rahman,KL Rahul|MA Agarwal|AK Markram|N Pooran|DJ Hooda|FA Allen|IC Porel|AU Rashid|Harpreet Brar|Arshdeep Singh|Mohammed Shami,Rajasthan Royals,185,10,Punjab Kings,183.0,4.0
1254112,46.0,2021,2021-10-02,Sharjah Cricket Stadium,Sharjah,Mumbai Indians,Delhi Capitals,Delhi Capitals,field,1.0,Delhi Capitals,,4.0,AR Patel,RG Sharma|Q de Kock|SA Yadav|SS Tiwary|KA Pollard|HH Pandya|KH Pandya|NM Coulter-Nile|J Yadav|JJ Bumrah|TA Boult,PP Shaw|S Dhawan|SPD Smith|RR Pant|SS Iyer|AR Patel|SO Hetmyer|R Ashwin|K Rabada|Avesh Khan|A Nortje,Mumbai Indians,129,8,Delhi Capitals,132.0,6.0
1254113,35.0,2021,2021-09-24,Sharjah Cricket Stadium,Sharjah,Royal Challengers Bangalore,Chennai Super Kings,Chennai Super Kings,field,1.0,Chennai Super Kings,,6.0,DJ Bravo,V Kohli|D Padikkal|AB de Villiers|GJ Maxwell|TH David|HV Patel|PWH de Silva|KS Bharat|Navdeep Saini|Mohammed Siraj|YS Chahal,RD Gaikwad|F du Plessis|MM Ali|AT Rayudu|SK Raina|MS Dhoni|RA Jadeja|DJ Bravo|SN Thakur|DL Chahar|JR Hazlewood,Royal Challengers Bangalore,156,6,Chennai Super Kings,157.0,4.0
1254114,,2021,2021-10-10,Dubai International Cricket Stadium,Dubai,Delhi Capitals,Chennai Super Kings,Chennai Super Kings,field,1.0,Chennai Super Kings,,4.0,RD Gaikwad,PP Shaw|S Dhawan|SS Iyer|AR Patel|RR Pant|SO Hetmyer|TK Curran|R Ashwin|K Rabada|Avesh Khan|A Nortje,RD Gaikwad|F du Plessis|RV Uthappa|SN Thakur|AT Rayudu|MM Ali|MS Dhoni|RA Jadeja|DJ Bravo|DL Chahar|JR Hazlewood,Delhi Capitals,172,5,Chennai Super Kings,173.0,6.0
1254115,,2021,2021-10-11,Sharjah Cricket Stadium,Sharjah,Royal Challengers Bangalore,Kolkata Knight Riders,Royal Challengers Bangalore,bat,0.0,Kolkata Knight Riders,,4.0,SP Narine,D Padikkal|V Kohli|KS Bharat|GJ Maxwell|AB de Villiers|Shahbaz Ahmed|DT Christian|HV Patel|GHS Garton|Mohammed Siraj|YS Chahal,Shubman Gill|VR Iyer|RA Tripathi|N Rana|SP Narine|KD Karthik|EJG Morgan|Shakib Al Hasan|LH Ferguson|Shivam Mavi|CV Varun,Royal Challengers Bangalore,138,7,Kolkata Knight Riders,139.0,6.0
1254116,,2021,2021-10-13,Sharjah Cricket Stadium,Sharjah,Delhi Capitals,Kolkata Knight Riders,Kolkata Knight Riders,field,1.0,Kolkata Knight Riders,,3.0,VR Iyer,PP Shaw|S Dhawan|MP Stoinis|SS Iyer|RR Pant|SO Hetmyer|AR Patel|R Ashwin|K Rabada|Avesh Khan|A Nortje,Shubman Gill|VR Iyer|N Rana|RA Tripathi|KD Karthik|EJG Morgan|Shakib Al Hasan|SP Narine|LH Ferguson|Shivam Mavi|CV Varun,Delhi Capitals,135,5,Kolkata Knight Riders,136.0,7.0
1254117,,2021,2021-10-15,Dubai International Cricket Stadium,Dubai,Chennai Super Kings,Kolkata Knight Riders,Kolkata Knight Riders,field,0.0,Chennai Super Kings,27.0,,F du Plessis,RD Gaikwad|F du Plessis|RV Uthappa|MM Ali|AT Rayudu|MS Dhoni|RA Jadeja|DJ Bravo|SN Thakur|DL Chahar|JR Hazlewood,Shubman Gill|VR Iyer|N Rana|SP Narine|EJG Morgan|KD Karthik|Shakib Al Hasan|RA Tripathi|LH Ferguson|Shivam Mavi|CV Varun,Chennai Super Kings,192,3,Kolkata Knight Riders,165.0,9.0
1304047,1.0,2022,2022-03-26,"Wankhede Stadium, Mumbai",Mumbai,Chennai Super Kings,Kolkata Knight Riders,Kolkata Knight Riders,field,1.0,Kolkata Knight Riders,,6.0,UT Yadav,RD Gaikwad|DP Conway|RV Uthappa|AT Rayudu|RA Jadeja|S Dube|MS Dhoni|DJ Bravo|MJ Santner|AF Milne|TU Deshpande,AM Rahane|VR Iyer|N Rana|SS Iyer|SW Billings|SP Jackson|AD Russell|SP Narine|UT Yadav|Shivam Mavi|CV Varun,Chennai Super Kings,131,5,Kolkata Knight Riders,133.0,4.0
1304048,2.0,2022,2022-03-27,"Brabourne Stadium, Mumbai",Mumbai,Mumbai Indians,Delhi Capitals,Delhi Capitals,field,1.0,Delhi Capitals,,4.0,Kuldeep Yadav,RG Sharma|Ishan Kishan|Anmolpreet Singh|Tilak Varma|KA Pollard|TH David|DR Sams|M Ashwin|TS Mills|JJ Bumrah|Basil Thampi,PP Shaw|TL Seifert|Mandeep Singh|RR Pant|Lalit Yadav|R Powell|SN Thakur|AR Patel|Kuldeep Yadav|KK Ahmed|KL Nagarkoti,Mumbai Indians,177,5,Delhi Capitals,179.0,6.0
1304049,3.0,2022,2022-03-27,"Dr DY Patil Sports Academy, Mumbai",Mumbai,Royal Challengers Bangalore,Punjab Kings,Punjab Kings,field,1.0,Punjab Kings,,5.0,OF Smith,F du Plessis|Anuj Rawat|V Kohli|KD Karthik|SE Rutherford|DJ Willey|Shahbaz Ahmed|PWH de Silva|HV Patel|Mohammed Siraj|Akash Deep,MA Agarwal|S Dhawan|PBB Rajapaksa|LS Livingstone|RA Bawa|M Shahrukh Khan|OF Smith|Harpreet Brar|Arshdeep Singh|Sandeep Sharma|RD Chahar,Royal Challengers Bangalore,205,2,Punjab Kings,208.0,5.0
1304050,4.0,2022,2022-03-28,"Wankhede Stadium, Mumbai",Mumbai,Lucknow Super Giants,Gujarat Titans,Gujarat Titans,field,1.0,Gujarat Titans,,5.0,Mohammed Shami,KL Rahul|Q de Kock|E Lewis|MK Pandey|DJ Hooda|A Badoni|KH Pandya|PVD Chameera|Mohsin Khan|Ravi Bishnoi|Avesh Khan,Shubman Gill|MS Wade|V Shankar|HH Pandya|DA Miller|R Tewatia|A Manohar|Rashid Khan|LH Ferguson|Mohammed Shami|VR Aaron,Lucknow Super Giants,158,6,Gujarat Titans,161.0,5.0
1304051,5.0,2022,2022-03-29,"Maharashtra Cricket Association Stadium, Pune",Pune,Rajasthan Royals,Sunrisers Hyderabad,Sunrisers Hyderabad,field,0.0,Rajasthan Royals,61.0,,SV Samson,JC Buttler|YBK Jaiswal|SV Samson|D Padikkal|SO Hetmyer|R Parag|NM Coulter-Nile|R Ashwin|YS Chahal|TA Boult|M Prasidh Krishna,KS Williamson|Abhishek Sharma|RA Tripathi|N Pooran|AK Markram|Abdul Samad|R Shepherd|Washington Sundar|B Kumar|Umran Malik|T Natarajan,Rajasthan Royals,210,6,Sunrisers Hyderabad,149.0,7.0
1304052,6.0,2022,2022-03-30,"Dr DY Patil Sports Academy, Mumbai",Mumbai,Kolkata Knight Riders,Royal Challengers Bangalore,Royal Challengers Bangalore,field,1.0,Royal Challengers Bangalore,,3.0,PWH de Silva,AM Rahane|VR Iyer|SS Iyer|N Rana|SP Narine|SW Billings|SP Jackson|AD Russell|TG Southee|UT Yadav|CV Varun,F du Plessis|Anuj Rawat|V Kohli|DJ Willey|SE Rutherford|Shahbaz Ahmed|KD Karthik|PWH de Silva|HV Patel|Mohammed Siraj|Akash Deep,Kolkata Knight Riders,128,10,Royal Challengers Bangalore,132.0,7.0
1304053,7.0,2022,2022-03-31,"Brabourne Stadium, Mumbai",Mumbai,Chennai Super Kings,Lucknow Super Giants,Lucknow Super Giants,field,1.0,Lucknow Super Giants,,6.0,E Lewis,RV Uthappa|RD Gaikwad|MM Ali|S Dube|AT Rayudu|RA Jadeja|MS Dhoni|D Pretorius|DJ Bravo|TU Deshpande|Mukesh Choudhary,KL Rahul|Q de Kock|MK Pandey|E Lewis|DJ Hooda|A Badoni|KH Pandya|PVD Chameera|AJ Tye|Ravi Bishnoi|Avesh Khan,Chennai Super Kings,210,7,Lucknow Super Giants,211.0,4.0
1304054,8.0,2022,2022-04-01,"Wankhede Stadium, Mumbai",Mumbai,Punjab Kings,Kolkata Knight Riders,Kolkata Knight Riders,field,1.0,Kolkata Knight Riders,,6.0,UT Yadav,MA Agarwal|S Dhawan|PBB Rajapaksa|LS Livingstone|RA Bawa|M Shahrukh Khan|Harpreet Brar|OF Smith|RD Chahar|K Rabada|Arshdeep Singh,AM Rahane|VR Iyer|SS Iyer|SW Billings|N Rana|AD Russell|SP Narine|TG Southee|UT Yadav|CV Varun|Shivam Mavi,Punjab Kings,137,10,Kolkata Knight Riders,141.0,4.0
1304055,9.0,2022,2022-04-02,"Dr DY Patil Sports Academy, Mumbai",Mumbai,Rajasthan Royals,Mumbai Indians,Mumbai Indians,field,0.0,Rajasthan Royals,23.0,,JC Buttler,JC Buttler|YBK Jaiswal|D Padikkal|SV Samson|SO Hetmyer|R Parag|R Ashwin|Navdeep Saini|TA Boult|YS Chahal|M Prasidh Krishna,Ishan Kishan|RG Sharma|Anmolpreet Singh|Tilak Varma|KA Pollard|TH David|DR Sams|M Ashwin|JJ Bumrah|TS Mills|Basil Thampi,Rajasthan Royals,193,8,Mumbai Indians,170.0,8.0
1304056,10.0,2022,2022-04-02,"Maharashtra Cricket Association Stadium, Pune",Pune,Gujarat Titans,Delhi Capitals,Delhi Capitals,field,0.0,Gujarat Titans,14.0,,LH Ferguson,MS Wade|Shubman Gill|V Shankar|HH Pandya|DA Miller|R Tewatia|A Manohar|Rashid Khan|VR Aaron|LH Ferguson|Mohammed Shami,PP Shaw|TL Seifert|Mandeep Singh|RR Pant|Lalit Yadav|R Powell|AR Patel|SN Thakur|Kuldeep Yadav|KK Ahmed|Mustafizur Rahman,Gujarat Titans,171,6,Delhi Capitals,157.0,9.0
1304057,11.0,2022,2022-04-03,"Brabourne Stadium, Mumbai",Mumbai,Punjab Kings,Chennai Super Kings,Chennai Super Kings,field,0.0,Punjab Kings,54.0,,LS Livingstone,MA Agarwal|S Dhawan|PBB Rajapaksa|LS Livingstone|JM Sharma|M Shahrukh Khan|OF Smith|K Rabada|RD Chahar|VG Arora|Arshdeep Singh,RV Uthappa|RD Gaikwad|MM Ali|AT Rayudu|RA Jadeja|S Dube|MS Dhoni|DJ Bravo|D Pretorius|CJ Jordan|Mukesh Choudhary,Punjab Kings,180,8,Chennai Super Kings,126.0,10.0
1304058,12.0,2022,2022-04-04,"Dr DY Patil Sports Academy, Mumbai",Mumbai,Lucknow Super Giants,Sunrisers Hyderabad,Sunrisers Hyderabad,field,0.0,Lucknow Super Giants,12.0,,Avesh Khan,KL Rahul|Q de Kock|E Lewis|MK Pandey|DJ Hooda|A Badoni|KH Pandya|JO Holder|AJ Tye|Ravi Bishnoi|Avesh Khan,Abhishek Sharma|KS Williamson|RA Tripathi|AK Markram|N Pooran|Washington Sundar|Abdul Samad|R Shepherd|B Kumar|Umran Malik|T Natarajan,Lucknow Super Giants,169,7,Sunrisers Hyderabad,157.0,9.0
1304059,13.0,2022,2022-04-05,"Wankhede Stadium, Mumbai",Mumbai,Rajasthan Royals,Royal Challengers Bangalore,Royal Challengers Bangalore,field,1.0,Royal Challengers Bangalore,,4.0,KD Karthik,JC Buttler|YBK Jaiswal|D Padikkal|SV Samson|SO Hetmyer|R Parag|R Ashwin|Navdeep Saini|TA Boult|YS Chahal|M Prasidh Krishna,F du Plessis|Anuj Rawat|V Kohli|DJ Willey|SE Rutherford|Shahbaz Ahmed|KD Karthik|HV Patel|PWH de Silva|Mohammed Siraj|Akash Deep,Rajasthan Royals,169,3,Royal Challengers Bangalore,173.0,6.0
1304060,14.0,2022,2022-04-06,"Maharashtra Cricket Association Stadium, Pune",Pune,Mumbai Indians,Kolkata Knight Riders,Kolkata Knight Riders,field,1.0,Kolkata Knight Riders,,5.0,PJ Cummins,RG Sharma|Ishan Kishan|D Brevis|SA Yadav|Tilak Varma|KA Pollard|DR Sams|M Ashwin|TS Mills|JJ Bumrah|Basil Thampi,AM Rahane|VR Iyer|SS Iyer|SW Billings|N Rana|AD Russell|PJ Cummins|SP Narine|Rasikh Salam|UT Yadav|CV Varun,Mumbai Indians,161,4,Kolkata Knight Riders,162.0,5.0
1304061,15.0,2022,2022-04-07,"Dr DY Patil Sports Academy, Mumbai",Mumbai,Delhi Capitals,Lucknow Super Giants,Lucknow Super Giants,field,1.0,Lucknow Super Giants,,6.0,Q de Kock,PP Shaw|DA Warner|R Powell|RR Pant|SN Khan|Lalit Yadav|AR Patel|SN Thakur|Kuldeep Yadav|Mustafizur Rahman|A Nortje,KL Rahul|Q de Kock|E Lewis|DJ Hooda|KH Pandya|A Badoni|K Gowtham|JO Holder|Avesh Khan|AJ Tye|Ravi Bishnoi,Delhi Capitals,149,3,Lucknow Super Giants,155.0,4.0
1304062,16.0,2022,2022-04-08,"Brabourne Stadium, Mumbai",Mumbai,Punjab Kings,Gujarat Titans,Gujarat Titans,field,1.0,Gujarat Titans,,6.0,Shubman Gill,MA Agarwal|S Dhawan|JM Bairstow|LS Livingstone|JM Sharma|OF Smith|M Shahrukh Khan|K Rabada|RD Chahar|VG Arora|Arshdeep Singh,MS Wade|Shubman Gill|B Sai Sudharsan|HH Pandya|DA Miller|R Tewatia|A Manohar|Rashid Khan|DG Nalkande|Mohammed Shami|LH Ferguson,Punjab Kings,189,9,Gujarat Titans,190.0,4.0
1304063,17.0,2022,2022-04-09,"Dr DY Patil Sports Academy, Mumbai",Mumbai,Chennai Super Kings,Sunrisers Hyderabad,Sunrisers Hyderabad,field,1.0,Sunrisers Hyderabad,,8.0,Abhishek Sharma,RV Uthappa|RD Gaikwad|MM Ali|AT Rayudu|S Dube|RA Jadeja|MS Dhoni|DJ Bravo|CJ Jordan|M Theekshana|Mukesh Choudhary,Abhishek Sharma|KS Williamson|RA Tripathi|N Pooran|AK Markram|Shashank Singh|Washington Sundar|B Kumar|M Jansen|Umran Malik|T Natarajan,Chennai Super Kings,154,7,Sunrisers Hyderabad,155.0,2.0
1304064,18.0,2022,2022-04-09,"Maharashtra Cricket Association Stadium, Pune",Pune,Mumbai Indians,Royal Challengers Bangalore,Royal Challengers Bangalore,field,1.0,Royal Challengers Bangalore,,7.0,Anuj Rawat,Ishan Kishan|RG Sharma|D Brevis|SA Yadav|Tilak Varma|KA Pollard|Ramandeep Singh|JD Unadkat|M Ashwin|JJ Bumrah|Basil Thampi,F du Plessis|Anuj Rawat|V Kohli|KD Karthik|GJ Maxwell|DJ Willey|Shahbaz Ahmed|PWH de Silva|HV Patel|Mohammed Siraj|Akash Deep,Mumbai Indians,151,6,Royal Challengers Bangalore,152.0,3.0
1304065,19.0,2022,2022-04-10,"Brabourne Stadium, Mumbai",Mumbai,Delhi Capitals,Kolkata Knight Riders,Kolkata Knight Riders,field,0.0,Delhi Capitals,44.0,,Kuldeep Yadav,PP Shaw|DA Warner|RR Pant|Lalit Yadav|R Powell|AR Patel|SN Thakur|SN Khan|Kuldeep Yadav|Mustafizur Rahman|KK Ahmed,AM Rahane|VR Iyer|SS Iyer|N Rana|AD Russell|SW Billings|PJ Cummins|SP Narine|UT Yadav|Rasikh Salam|CV Varun,Delhi Capitals,215,5,Kolkata Knight Riders,171.0,10.0
1304066,20.0,2022,2022-04-10,"Wankhede Stadium, Mumbai",Mumbai,Rajasthan Royals,Lucknow Super Giants,Lucknow Super Giants,field,0.0,Rajasthan Royals,3.0,,YS Chahal,JC Buttler|D Padikkal|SV Samson|HE van der Dussen|SO Hetmyer|R Ashwin|R Parag|TA Boult|YS Chahal|KR Sen|M Prasidh Krishna,KL Rahul|Q de Kock|K Gowtham|JO Holder|DJ Hooda|A Badoni|KH Pandya|MP Stoinis|PVD Chameera|Avesh Khan|Ravi Bishnoi,Rajasthan Royals,165,6,Lucknow Super Giants,162.0,8.0
1304067,21.0,2022,2022-04-11,"Dr DY Patil Sports Academy, Mumbai",Mumbai,Gujarat Titans,Sunrisers Hyderabad,Sunrisers Hyderabad,field,1.0,Sunrisers Hyderabad,,8.0,KS Williamson,MS Wade|Shubman Gill|B Sai Sudharsan|HH Pandya|DA Miller|A Manohar|R Tewatia|Rashid Khan|DG Nalkande|Mohammed Shami|LH Ferguson,Abhishek Sharma|KS Williamson|RA Tripathi|N Pooran|AK Markram|Shashank Singh|Washington Sundar|M Jansen|B Kumar|T Natarajan|Umran Malik,Gujarat Titans,162,7,Sunrisers Hyderabad,168.0,3.0
1304068,22.0,2022,2022-04-12,"Dr DY Patil Sports Academy, Mumbai",Mumbai,Chennai Super Kings,Royal Challengers Bangalore,Royal Challengers Bangalore,field,0.0,Chennai Super Kings,23.0,,S Dube,RD Gaikwad|RV Uthappa|MM Ali|S Dube|RA Jadeja|MS Dhoni|AT Rayudu|DJ Bravo|CJ Jordan|M Theekshana|Mukesh Choudhary,F du Plessis|Anuj Rawat|V Kohli|GJ Maxwell|Shahbaz Ahmed|SS Prabhudessai|KD Karthik|PWH de Silva|Akash Deep|Mohammed Siraj|JR Hazlewood,Chennai Super Kings,216,4,Royal Challengers Bangalore,193.0,9.0
1304069,23.0,2022,2022-04-13,"Maharashtra Cricket Association Stadium, Pune",Pune,Punjab Kings,Mumbai Indians,Mumbai Indians,field,0.0,Punjab Kings,12.0,,MA Agarwal,MA Agarwal|S Dhawan|JM Bairstow|LS Livingstone|JM Sharma|M Shahrukh Khan|OF Smith|K Rabada|RD Chahar|VG Arora|Arshdeep Singh,RG Sharma|Ishan Kishan|D Brevis|Tilak Varma|SA Yadav|KA Pollard|JD Unadkat|M Ashwin|JJ Bumrah|TS Mills|Basil Thampi,Punjab Kings,198,5,Mumbai Indians,186.0,9.0
1304070,24.0,2022,2022-04-14,"Dr DY Patil Sports Academy, Mumbai",Mumbai,Gujarat Titans,Rajasthan Royals,Rajasthan Royals,field,0.0,Gujarat Titans,37.0,,HH Pandya,MS Wade|Shubman Gill|V Shankar|HH Pandya|A Manohar|DA Miller|R Tewatia|Rashid Khan|Mohammed Shami|LH Ferguson|Yash Dayal,JC Buttler|D Padikkal|R Ashwin|SV Samson|HE van der Dussen|SO Hetmyer|R Parag|JDS Neesham|M Prasidh Krishna|YS Chahal|KR Sen,Gujarat Titans,192,4,Rajasthan Royals,155.0,9.0
1304071,25.0,2022,2022-04-15,"Brabourne Stadium, Mumbai",Mumbai,Kolkata Knight Riders,Sunrisers Hyderabad,Sunrisers Hyderabad,field,1.0,Sunrisers Hyderabad,,7.0,RA Tripathi,VR Iyer|AJ Finch|SS Iyer|SP Narine|N Rana|SP Jackson|AD Russell|PJ Cummins|Aman Hakim Khan|UT Yadav|CV Varun,Abhishek Sharma|KS Williamson|RA Tripathi|AK Markram|N Pooran|Shashank Singh|J Suchith|M Jansen|B Kumar|T Natarajan|Umran Malik,Kolkata Knight Riders,175,8,Sunrisers Hyderabad,176.0,3.0
1304072,26.0,2022,2022-04-16,"Brabourne Stadium, Mumbai",Mumbai,Lucknow Super Giants,Mumbai Indians,Mumbai Indians,field,0.0,Lucknow Super Giants,18.0,,KL Rahul,KL Rahul|Q de Kock|MK Pandey|MP Stoinis|DJ Hooda|KH Pandya|A Badoni|JO Holder|PVD Chameera|Avesh Khan|Ravi Bishnoi,Ishan Kishan|RG Sharma|D Brevis|SA Yadav|Tilak Varma|KA Pollard|FA Allen|JD Unadkat|M Ashwin|JJ Bumrah|TS Mills,Lucknow Super Giants,199,4,Mumbai Indians,181.0,9.0
1304073,27.0,2022,2022-04-16,"Wankhede Stadium, Mumbai",Mumbai,Royal Challengers Bangalore,Delhi Capitals,Delhi Capitals,field,0.0,Royal Challengers Bangalore,16.0,,KD Karthik,F du Plessis|Anuj Rawat|V Kohli|GJ Maxwell|SS Prabhudessai|Shahbaz Ahmed|KD Karthik|PWH de Silva|Mohammed Siraj|HV Patel|JR Hazlewood,PP Shaw|DA Warner|MR Marsh|RR Pant|R Powell|Lalit Yadav|SN Thakur|AR Patel|Kuldeep Yadav|Mustafizur Rahman|KK Ahmed,Royal Challengers Bangalore,189,5,Delhi Capitals,173.0,7.0
1304074,28.0,2022,2022-04-17,"Dr DY Patil Sports Academy, Mumbai",Mumbai,Punjab Kings,Sunrisers Hyderabad,Sunrisers Hyderabad,field,1.0,Sunrisers Hyderabad,,7.0,Umran Malik,S Dhawan|P Simran Singh|JM Bairstow|LS Livingstone|JM Sharma|M Shahrukh Khan|OF Smith|K Rabada|RD Chahar|VG Arora|Arshdeep Singh,Abhishek Sharma|KS Williamson|RA Tripathi|AK Markram|N Pooran|Shashank Singh|J Suchith|B Kumar|M Jansen|T Natarajan|Umran Malik,Punjab Kings,151,10,Sunrisers Hyderabad,152.0,3.0
1304075,29.0,2022,2022-04-17,"Maharashtra Cricket Association Stadium, Pune",Pune,Chennai Super Kings,Gujarat Titans,Gujarat Titans,field,1.0,Gujarat Titans,,3.0,DA Miller,RD Gaikwad|RV Uthappa|MM Ali|AT Rayudu|S Dube|RA Jadeja|MS Dhoni|DJ Bravo|CJ Jordan|M Theekshana|Mukesh Choudhary,WP Saha|Shubman Gill|V Shankar|A Manohar|DA Miller|R Tewatia|Rashid Khan|AS Joseph|LH Ferguson|Mohammed Shami|Yash Dayal,Chennai Super Kings,169,5,Gujarat Titans,170.0,7.0
1304076,30.0,2022,2022-04-18,"Brabourne Stadium, Mumbai",Mumbai,Rajasthan Royals,Kolkata Knight Riders,Kolkata Knight Riders,field,0.0,Rajasthan Royals,7.0,,YS Chahal,JC Buttler|D Padikkal|SV Samson|SO Hetmyer|R Parag|KK Nair|R Ashwin|TA Boult|OC McCoy|M Prasidh Krishna|YS Chahal,AJ Finch|SP Narine|SS Iyer|N Rana|AD Russell|VR Iyer|SP Jackson|Shivam Mavi|PJ Cummins|UT Yadav|CV Varun,Rajasthan Royals,217,5,Kolkata Knight Riders,210.0,10.0
1304077,31.0,2022,2022-04-19,"Dr DY Patil Sports Academy, Mumbai",Mumbai,Royal Challengers Bangalore,Lucknow Super Giants,Lucknow Super Giants,field,0.0,Royal Challengers Bangalore,18.0,,F du Plessis,Anuj Rawat|F du Plessis|V Kohli|GJ Maxwell|SS Prabhudessai|Shahbaz Ahmed|KD Karthik|HV Patel|PWH de Silva|JR Hazlewood|Mohammed Siraj,Q de Kock|KL Rahul|MK Pandey|KH Pandya|DJ Hooda|A Badoni|MP Stoinis|JO Holder|PVD Chameera|Ravi Bishnoi|Avesh Khan,Royal Challengers Bangalore,181,6,Lucknow Super Giants,163.0,8.0
1304078,32.0,2022,2022-04-20,"Brabourne Stadium, Mumbai",Mumbai,Punjab Kings,Delhi Capitals,Delhi Capitals,field,1.0,Delhi Capitals,,9.0,Kuldeep Yadav,MA Agarwal|S Dhawan|JM Bairstow|LS Livingstone|JM Sharma|M Shahrukh Khan|K Rabada|NT Ellis|RD Chahar|Arshdeep Singh|VG Arora,PP Shaw|DA Warner|SN Khan|RR Pant|R Powell|Lalit Yadav|SN Thakur|AR Patel|Kuldeep Yadav|Mustafizur Rahman|KK Ahmed,Punjab Kings,115,10,Delhi Capitals,119.0,1.0
1304079,33.0,2022,2022-04-21,"Dr DY Patil Sports Academy, Mumbai",Navi Mumbai,Mumbai Indians,Chennai Super Kings,Chennai Super Kings,field,1.0,Chennai Super Kings,,3.0,Mukesh Choudhary,RG Sharma|Ishan Kishan|D Brevis|SA Yadav|Tilak Varma|HR Shokeen|KA Pollard|DR Sams|JD Unadkat|RP Meredith|JJ Bumrah,RD Gaikwad|RV Uthappa|MJ Santner|AT Rayudu|S Dube|RA Jadeja|MS Dhoni|D Pretorius|DJ Bravo|Mukesh Choudhary|M Theekshana,Mumbai Indians,155,7,Chennai Super Kings,156.0,7.0
1304080,34.0,2022,2022-04-22,"Wankhede Stadium, Mumbai",Mumbai,Rajasthan Royals,Delhi Capitals,Delhi Capitals,field,0.0,Rajasthan Royals,15.0,,JC Buttler,JC Buttler|D Padikkal|SV Samson|SO Hetmyer|R Parag|KK Nair|R Ashwin|TA Boult|OC McCoy|M Prasidh Krishna|YS Chahal,PP Shaw|DA Warner|SN Khan|RR Pant|Lalit Yadav|AR Patel|SN Thakur|R Powell|Kuldeep Yadav|Mustafizur Rahman|KK Ahmed,Rajasthan Royals,222,2,Delhi Capitals,207.0,8.0
1304081,35.0,2022,2022-04-23,"Dr DY Patil Sports Academy, Mumbai",Navi Mumbai,Gujarat Titans,Kolkata Knight Riders,Gujarat Titans,bat,1.0,Gujarat Titans,8.0,,Rashid Khan,WP Saha|Shubman Gill|HH Pandya|DA Miller|R Tewatia|Rashid Khan|A Manohar|LH Ferguson|AS Joseph|Yash Dayal|Mohammed Shami,SW Billings|SP Narine|SS Iyer|N Rana|RK Singh|VR Iyer|AD Russell|Shivam Mavi|UT Yadav|TG Southee|CV Varun,Gujarat Titans,156,9,Kolkata Knight Riders,148.0,8.0
1304082,36.0,2022,2022-04-23,"Brabourne Stadium, Mumbai",Mumbai,Royal Challengers Bangalore,Sunrisers Hyderabad,Sunrisers Hyderabad,field,1.0,Sunrisers Hyderabad,,9.0,M Jansen,F du Plessis|Anuj Rawat|V Kohli|GJ Maxwell|SS Prabhudessai|Shahbaz Ahmed|KD Karthik|HV Patel|PWH de Silva|JR Hazlewood|Mohammed Siraj,Abhishek Sharma|KS Williamson|RA Tripathi|AK Markram|N Pooran|Shashank Singh|J Suchith|B Kumar|M Jansen|T Natarajan|Umran Malik,Royal Challengers Bangalore,68,10,Sunrisers Hyderabad,72.0,1.0
1304083,37.0,2022,2022-04-24,"Wankhede Stadium, Mumbai",Mumbai,Lucknow Super Giants,Mumbai Indians,Mumbai Indians,field,0.0,Lucknow Super Giants,36.0,,KL Rahul,Q de Kock|KL Rahul|MK Pandey|MP Stoinis|KH Pandya|DJ Hooda|A Badoni|JO Holder|PVD Chameera|Ravi Bishnoi|Mohsin Khan,Ishan Kishan|RG Sharma|D Brevis|SA Yadav|Tilak Varma|KA Pollard|DR Sams|JD Unadkat|HR Shokeen|JJ Bumrah|RP Meredith,Lucknow Super Giants,168,6,Mumbai Indians,132.0,8.0
1304084,38.0,2022,2022-04-25,"Wankhede Stadium, Mumbai",Mumbai,Punjab Kings,Chennai Super Kings,Chennai Super Kings,field,0.0,Punjab Kings,11.0,,S Dhawan,MA Agarwal|S Dhawan|PBB Rajapaksa|LS Livingstone|JM Bairstow|JM Sharma|R Dhawan|K Rabada|RD Chahar|Arshdeep Singh|Sandeep Sharma,RD Gaikwad|RV Uthappa|MJ Santner|S Dube|AT Rayudu|RA Jadeja|MS Dhoni|D Pretorius|DJ Bravo|Mukesh Choudhary|M Theekshana,Punjab Kings,187,4,Chennai Super Kings,176.0,6.0
1304085,39.0,2022,2022-04-26,"Maharashtra Cricket Association Stadium, Pune",Pune,Rajasthan Royals,Royal Challengers Bangalore,Royal Challengers Bangalore,field,0.0,Rajasthan Royals,29.0,,R Parag,JC Buttler|D Padikkal|R Ashwin|SV Samson|DJ Mitchell|R Parag|SO Hetmyer|TA Boult|M Prasidh Krishna|YS Chahal|KR Sen,V Kohli|F du Plessis|RM Patidar|GJ Maxwell|Shahbaz Ahmed|SS Prabhudessai|KD Karthik|PWH de Silva|HV Patel|Mohammed Siraj|JR Hazlewood,Rajasthan Royals,144,8,Royal Challengers Bangalore,115.0,10.0
1304086,40.0,2022,2022-04-27,"Wankhede Stadium, Mumbai",Mumbai,Sunrisers Hyderabad,Gujarat Titans,Gujarat Titans,field,1.0,Gujarat Titans,,5.0,Umran Malik,Abhishek Sharma|KS Williamson|RA Tripathi|AK Markram|N Pooran|Washington Sundar|Shashank Singh|M Jansen|B Kumar|T Natarajan|Umran Malik,WP Saha|Shubman Gill|HH Pandya|DA Miller|R Tewatia|A Manohar|Rashid Khan|LH Ferguson|AS Joseph|Yash Dayal|Mohammed Shami,Sunrisers Hyderabad,195,6,Gujarat Titans,199.0,5.0
1304087,41.0,2022,2022-04-28,"Wankhede Stadium, Mumbai",Mumbai,Kolkata Knight Riders,Delhi Capitals,Delhi Capitals,field,1.0,Delhi Capitals,,4.0,Kuldeep Yadav,AJ Finch|VR Iyer|SS Iyer|B Indrajith|SP Narine|N Rana|AD Russell|RK Singh|UT Yadav|TG Southee|Harshit Rana,PP Shaw|DA Warner|MR Marsh|Lalit Yadav|RR Pant|R Powell|AR Patel|SN Thakur|Kuldeep Yadav|Mustafizur Rahman|C Sakariya,Kolkata Knight Riders,146,9,Delhi Capitals,150.0,6.0
1304088,42.0,2022,2022-04-29,"Maharashtra Cricket Association Stadium, Pune",Pune,Lucknow Super Giants,Punjab Kings,Punjab Kings,field,0.0,Lucknow Super Giants,20.0,,KH Pandya,Q de Kock|KL Rahul|DJ Hooda|KH Pandya|MP Stoinis|A Badoni|JO Holder|PVD Chameera|Mohsin Khan|Avesh Khan|Ravi Bishnoi,MA Agarwal|S Dhawan|JM Bairstow|PBB Rajapaksa|LS Livingstone|JM Sharma|R Dhawan|K Rabada|RD Chahar|Arshdeep Singh|Sandeep Sharma,Lucknow Super Giants,153,8,Punjab Kings,133.0,8.0
1304089,43.0,2022,2022-04-30,"Brabourne Stadium, Mumbai",Mumbai,Royal Challengers Bangalore,Gujarat Titans,Royal Challengers Bangalore,bat,0.0,Gujarat Titans,,6.0,R Tewatia,V Kohli|F du Plessis|RM Patidar|GJ Maxwell|KD Karthik|Shahbaz Ahmed|MK Lomror|PWH de Silva|HV Patel|JR Hazlewood|Mohammed Siraj,WP Saha|Shubman Gill|B Sai Sudharsan|HH Pandya|DA Miller|R Tewatia|Rashid Khan|PJ Sangwan|AS Joseph|LH Ferguson|Mohammed Shami,Royal Challengers Bangalore,170,6,Gujarat Titans,174.0,4.0
1304090,44.0,2022,2022-04-30,"Dr DY Patil Sports Academy, Mumbai",Navi Mumbai,Rajasthan Royals,Mumbai Indians,Mumbai Indians,field,1.0,Mumbai Indians,,5.0,SA Yadav,JC Buttler|D Padikkal|SV Samson|DJ Mitchell|SO Hetmyer|R Parag|R Ashwin|TA Boult|M Prasidh Krishna|YS Chahal|KR Sen,RG Sharma|Ishan Kishan|SA Yadav|Tilak Varma|KA Pollard|TH David|DR Sams|HR Shokeen|K Kartikeya|JJ Bumrah|RP Meredith,Rajasthan Royals,158,6,Mumbai Indians,161.0,5.0
1304091,45.0,2022,2022-05-01,"Wankhede Stadium, Mumbai",Mumbai,Lucknow Super Giants,Delhi Capitals,Lucknow Super Giants,bat,1.0,Lucknow Super Giants,6.0,,Mohsin Khan,Q de Kock|KL Rahul|DJ Hooda|MP Stoinis|KH Pandya|A Badoni|JO Holder|Mohsin Khan|K Gowtham|PVD Chameera|Ravi Bishnoi,PP Shaw|DA Warner|MR Marsh|RR Pant|Lalit Yadav|R Powell|AR Patel|SN Thakur|Kuldeep Yadav|Mustafizur Rahman|C Sakariya,Lucknow Super Giants,195,3,Delhi Capitals,189.0,7.0
1304092,46.0,2022,2022-05-01,"Maharashtra Cricket Association Stadium, Pune",Pune,Chennai Super Kings,Sunrisers Hyderabad,Sunrisers Hyderabad,field,0.0,Chennai Super Kings,13.0,,RD Gaikwad,RD Gaikwad|DP Conway|MS Dhoni|RA Jadeja|RV Uthappa|AT Rayudu|Simarjeet Singh|MJ Santner|D Pretorius|Mukesh Choudhary|M Theekshana,Abhishek Sharma|KS Williamson|RA Tripathi|AK Markram|N Pooran|Shashank Singh|Washington Sundar|M Jansen|B Kumar|T Natarajan|Umran Malik,Chennai Super Kings,202,2,Sunrisers Hyderabad,189.0,6.0
1304093,47.0,2022,2022-05-02,"Wankhede Stadium, Mumbai",Mumbai,Rajasthan Royals,Kolkata Knight Riders,Kolkata Knight Riders,field,1.0,Kolkata Knight Riders,,7.0,RK Singh,JC Buttler|D Padikkal|SV Samson|KK Nair|R Parag|SO Hetmyer|R Ashwin|TA Boult|M Prasidh Krishna|YS Chahal|KR Sen,B Indrajith|AJ Finch|SS Iyer|N Rana|RK Singh|AS Roy|AD Russell|SP Narine|UT Yadav|TG Southee|Shivam Mavi,Rajasthan Royals,152,5,Kolkata Knight Riders,158.0,3.0
1304094,48.0,2022,2022-05-03,"Dr DY Patil Sports Academy, Mumbai",Navi Mumbai,Gujarat Titans,Punjab Kings,Gujarat Titans,bat,0.0,Punjab Kings,,8.0,K Rabada,WP Saha|Shubman Gill|B Sai Sudharsan|HH Pandya|DA Miller|R Tewatia|Rashid Khan|PJ Sangwan|LH Ferguson|AS Joseph|Mohammed Shami,JM Bairstow|S Dhawan|PBB Rajapaksa|LS Livingstone|MA Agarwal|JM Sharma|R Dhawan|K Rabada|RD Chahar|Arshdeep Singh|Sandeep Sharma,Gujarat Titans,143,8,Punjab Kings,145.0,2.0
1304095,49.0,2022,2022-05-04,"Maharashtra Cricket Association Stadium, Pune",Pune,Royal Challengers Bangalore,Chennai Super Kings,Chennai Super Kings,field,0.0,Royal Challengers Bangalore,13.0,,HV Patel,V Kohli|F du Plessis|GJ Maxwell|MK Lomror|RM Patidar|KD Karthik|PWH de Silva|Shahbaz Ahmed|HV Patel|Mohammed Siraj|JR Hazlewood,RD Gaikwad|DP Conway|RV Uthappa|AT Rayudu|MM Ali|RA Jadeja|MS Dhoni|D Pretorius|Simarjeet Singh|M Theekshana|Mukesh Choudhary,Royal Challengers Bangalore,173,8,Chennai Super Kings,160.0,8.0
1304096,50.0,2022,2022-05-05,"Brabourne Stadium, Mumbai",Mumbai,Delhi Capitals,Sunrisers Hyderabad,Sunrisers Hyderabad,field,0.0,Delhi Capitals,21.0,,DA Warner,Mandeep Singh|DA Warner|MR Marsh|RR Pant|R Powell|Lalit Yadav|RV Patel|SN Thakur|Kuldeep Yadav|A Nortje|KK Ahmed,Abhishek Sharma|KS Williamson|RA Tripathi|AK Markram|N Pooran|Shashank Singh|SA Abbott|S Gopal|Kartik Tyagi|B Kumar|Umran Malik,Delhi Capitals,207,3,Sunrisers Hyderabad,186.0,8.0
1304097,51.0,2022,2022-05-06,"Brabourne Stadium, Mumbai",Mumbai,Mumbai Indians,Gujarat Titans,Gujarat Titans,field,0.0,Mumbai Indians,5.0,,TH David,Ishan Kishan|RG Sharma|SA Yadav|Tilak Varma|KA Pollard|TH David|DR Sams|M Ashwin|K Kartikeya|JJ Bumrah|RP Meredith,WP Saha|Shubman Gill|HH Pandya|B Sai Sudharsan|DA Miller|R Tewatia|Rashid Khan|PJ Sangwan|LH Ferguson|AS Joseph|Mohammed Shami,Mumbai Indians,177,6,Gujarat Titans,172.0,5.0
1304098,52.0,2022,2022-05-07,"Wankhede Stadium, Mumbai",Mumbai,Punjab Kings,Rajasthan Royals,Punjab Kings,bat,0.0,Rajasthan Royals,,6.0,YBK Jaiswal,JM Bairstow|S Dhawan|PBB Rajapaksa|MA Agarwal|JM Sharma|LS Livingstone|R Dhawan|K Rabada|RD Chahar|Arshdeep Singh|Sandeep Sharma,YBK Jaiswal|JC Buttler|SV Samson|D Padikkal|SO Hetmyer|R Parag|R Ashwin|TA Boult|M Prasidh Krishna|YS Chahal|KR Sen,Punjab Kings,189,5,Rajasthan Royals,190.0,4.0
1304099,53.0,2022,2022-05-07,"Maharashtra Cricket Association Stadium, Pune",Pune,Lucknow Super Giants,Kolkata Knight Riders,Kolkata Knight Riders,field,0.0,Lucknow Super Giants,75.0,,Avesh Khan,Q de Kock|KL Rahul|DJ Hooda|KH Pandya|A Badoni|MP Stoinis|JO Holder|PVD Chameera|Avesh Khan|Mohsin Khan|Ravi Bishnoi,B Indrajith|AJ Finch|SS Iyer|N Rana|RK Singh|AD Russell|SP Narine|AS Roy|Shivam Mavi|TG Southee|Harshit Rana,Lucknow Super Giants,176,7,Kolkata Knight Riders,101.0,10.0
1304100,54.0,2022,2022-05-08,"Wankhede Stadium, Mumbai",Mumbai,Royal Challengers Bangalore,Sunrisers Hyderabad,Royal Challengers Bangalore,bat,1.0,Royal Challengers Bangalore,67.0,,PWH de Silva,V Kohli|F du Plessis|RM Patidar|GJ Maxwell|KD Karthik|MK Lomror|Shahbaz Ahmed|PWH de Silva|HV Patel|JR Hazlewood|Mohammed Siraj,Abhishek Sharma|KS Williamson|RA Tripathi|AK Markram|N Pooran|J Suchith|Shashank Singh|Kartik Tyagi|B Kumar|Umran Malik|Fazalhaq Farooqi,Royal Challengers Bangalore,192,3,Sunrisers Hyderabad,125.0,10.0
1304101,55.0,2022,2022-05-08,"Dr DY Patil Sports Academy, Mumbai",Navi Mumbai,Chennai Super Kings,Delhi Capitals,Delhi Capitals,field,0.0,Chennai Super Kings,91.0,,DP Conway,RD Gaikwad|DP Conway|S Dube|AT Rayudu|MS Dhoni|MM Ali|RV Uthappa|DJ Bravo|Simarjeet Singh|M Theekshana|Mukesh Choudhary,DA Warner|KS Bharat|MR Marsh|RR Pant|R Powell|RV Patel|AR Patel|SN Thakur|Kuldeep Yadav|A Nortje|KK Ahmed,Chennai Super Kings,208,6,Delhi Capitals,117.0,10.0
1304102,56.0,2022,2022-05-09,"Dr DY Patil Sports Academy, Mumbai",Navi Mumbai,Kolkata Knight Riders,Mumbai Indians,Mumbai Indians,field,0.0,Kolkata Knight Riders,52.0,,JJ Bumrah,VR Iyer|AM Rahane|N Rana|SS Iyer|AD Russell|RK Singh|SP Jackson|PJ Cummins|SP Narine|TG Southee|CV Varun,RG Sharma|Ishan Kishan|Tilak Varma|Ramandeep Singh|TH David|KA Pollard|DR Sams|M Ashwin|K Kartikeya|JJ Bumrah|RP Meredith,Kolkata Knight Riders,165,9,Mumbai Indians,113.0,10.0
1304103,57.0,2022,2022-05-10,"Maharashtra Cricket Association Stadium, Pune",Pune,Gujarat Titans,Lucknow Super Giants,Gujarat Titans,bat,1.0,Gujarat Titans,62.0,,Shubman Gill,WP Saha|Shubman Gill|MS Wade|HH Pandya|DA Miller|R Tewatia|Rashid Khan|R Sai Kishore|AS Joseph|Yash Dayal|Mohammed Shami,Q de Kock|KL Rahul|DJ Hooda|KS Sharma|KH Pandya|A Badoni|MP Stoinis|JO Holder|Mohsin Khan|PVD Chameera|Avesh Khan,Gujarat Titans,144,4,Lucknow Super Giants,82.0,10.0
1304104,58.0,2022,2022-05-11,"Dr DY Patil Sports Academy, Mumbai",Navi Mumbai,Rajasthan Royals,Delhi Capitals,Delhi Capitals,field,1.0,Delhi Capitals,,8.0,MR Marsh,YBK Jaiswal|JC Buttler|R Ashwin|D Padikkal|SV Samson|R Parag|HE van der Dussen|TA Boult|M Prasidh Krishna|YS Chahal|KR Sen,KS Bharat|DA Warner|MR Marsh|RR Pant|R Powell|Lalit Yadav|AR Patel|SN Thakur|Kuldeep Yadav|A Nortje|C Sakariya,Rajasthan Royals,160,6,Delhi Capitals,161.0,2.0
1304105,59.0,2022,2022-05-12,"Wankhede Stadium, Mumbai",Mumbai,Chennai Super Kings,Mumbai Indians,Mumbai Indians,field,1.0,Mumbai Indians,,5.0,DR Sams,RD Gaikwad|DP Conway|MM Ali|RV Uthappa|AT Rayudu|MS Dhoni|S Dube|DJ Bravo|Simarjeet Singh|M Theekshana|Mukesh Choudhary,Ishan Kishan|RG Sharma|DR Sams|Tilak Varma|T Stubbs|HR Shokeen|TH David|Ramandeep Singh|JJ Bumrah|RP Meredith|K Kartikeya,Chennai Super Kings,97,10,Mumbai Indians,103.0,5.0
1304106,60.0,2022,2022-05-13,"Brabourne Stadium, Mumbai",Mumbai,Punjab Kings,Royal Challengers Bangalore,Royal Challengers Bangalore,field,0.0,Punjab Kings,54.0,,JM Bairstow,JM Bairstow|S Dhawan|PBB Rajapaksa|LS Livingstone|MA Agarwal|JM Sharma|Harpreet Brar|R Dhawan|RD Chahar|K Rabada|Arshdeep Singh,V Kohli|F du Plessis|RM Patidar|MK Lomror|GJ Maxwell|KD Karthik|Shahbaz Ahmed|HV Patel|PWH de Silva|Mohammed Siraj|JR Hazlewood,Punjab Kings,209,9,Royal Challengers Bangalore,155.0,9.0
1304107,61.0,2022,2022-05-14,"Maharashtra Cricket Association Stadium, Pune",Pune,Kolkata Knight Riders,Sunrisers Hyderabad,Kolkata Knight Riders,bat,1.0,Kolkata Knight Riders,54.0,,AD Russell,VR Iyer|AM Rahane|N Rana|SS Iyer|SW Billings|RK Singh|AD Russell|SP Narine|UT Yadav|TG Southee|CV Varun,Abhishek Sharma|KS Williamson|RA Tripathi|AK Markram|N Pooran|Washington Sundar|Shashank Singh|M Jansen|B Kumar|Umran Malik|T Natarajan,Kolkata Knight Riders,177,6,Sunrisers Hyderabad,123.0,8.0
1304108,62.0,2022,2022-05-15,"Wankhede Stadium, Mumbai",Mumbai,Chennai Super Kings,Gujarat Titans,Chennai Super Kings,bat,0.0,Gujarat Titans,,7.0,WP Saha,RD Gaikwad|DP Conway|MM Ali|N Jagadeesan|S Dube|MS Dhoni|MJ Santner|PH Solanki|Simarjeet Singh|M Pathirana|Mukesh Choudhary,WP Saha|Shubman Gill|MS Wade|HH Pandya|DA Miller|R Tewatia|Rashid Khan|R Sai Kishore|AS Joseph|Yash Dayal|Mohammed Shami,Chennai Super Kings,133,5,Gujarat Titans,137.0,3.0
1304109,63.0,2022,2022-05-15,"Brabourne Stadium, Mumbai",Mumbai,Rajasthan Royals,Lucknow Super Giants,Rajasthan Royals,bat,1.0,Rajasthan Royals,24.0,,TA Boult,YBK Jaiswal|JC Buttler|SV Samson|D Padikkal|R Parag|JDS Neesham|R Ashwin|TA Boult|M Prasidh Krishna|YS Chahal|OC McCoy,Q de Kock|KL Rahul|A Badoni|DJ Hooda|KH Pandya|MP Stoinis|JO Holder|PVD Chameera|Mohsin Khan|Avesh Khan|Ravi Bishnoi,Rajasthan Royals,178,6,Lucknow Super Giants,154.0,8.0
1304110,64.0,2022,2022-05-16,"Dr DY Patil Sports Academy, Mumbai",Navi Mumbai,Delhi Capitals,Punjab Kings,Punjab Kings,field,0.0,Delhi Capitals,17.0,,SN Thakur,DA Warner|SN Khan|MR Marsh|Lalit Yadav|RR Pant|R Powell|AR Patel|SN Thakur|Kuldeep Yadav|A Nortje|KK Ahmed,JM Bairstow|S Dhawan|PBB Rajapaksa|LS Livingstone|MA Agarwal|JM Sharma|Harpreet Brar|R Dhawan|RD Chahar|K Rabada|Arshdeep Singh,Delhi Capitals,159,7,Punjab Kings,142.0,9.0
1304111,65.0,2022,2022-05-17,"Wankhede Stadium, Mumbai",Mumbai,Sunrisers Hyderabad,Mumbai Indians,Mumbai Indians,field,0.0,Sunrisers Hyderabad,3.0,,RA Tripathi,Abhishek Sharma|PK Garg|RA Tripathi|N Pooran|AK Markram|KS Williamson|Washington Sundar|B Kumar|Umran Malik|T Natarajan|Fazalhaq Farooqi,RG Sharma|Ishan Kishan|DR Sams|Tilak Varma|TH David|T Stubbs|Ramandeep Singh|R Sanjay Yadav|JJ Bumrah|M Markande|RP Meredith,Sunrisers Hyderabad,193,6,Mumbai Indians,190.0,7.0
1304112,66.0,2022,2022-05-18,"Dr DY Patil Sports Academy, Mumbai",Navi Mumbai,Lucknow Super Giants,Kolkata Knight Riders,Lucknow Super Giants,bat,1.0,Lucknow Super Giants,2.0,,Q de Kock,Q de Kock|KL Rahul|E Lewis|DJ Hooda|M Vohra|MP Stoinis|JO Holder|K Gowtham|Mohsin Khan|Avesh Khan|Ravi Bishnoi,VR Iyer|A Tomar|N Rana|SS Iyer|SW Billings|AD Russell|RK Singh|SP Narine|UT Yadav|TG Southee|CV Varun,Lucknow Super Giants,210,0,Kolkata Knight Riders,208.0,8.0
1304113,67.0,2022,2022-05-19,"Wankhede Stadium, Mumbai",Mumbai,Gujarat Titans,Royal Challengers Bangalore,Gujarat Titans,bat,0.0,Royal Challengers Bangalore,,8.0,V Kohli,WP Saha|Shubman Gill|MS Wade|HH Pandya|DA Miller|R Tewatia|Rashid Khan|R Sai Kishore|LH Ferguson|Yash Dayal|Mohammed Shami,V Kohli|F du Plessis|GJ Maxwell|KD Karthik|RM Patidar|MK Lomror|Shahbaz Ahmed|HV Patel|PWH de Silva|JR Hazlewood|S Kaul,Gujarat Titans,168,5,Royal Challengers Bangalore,170.0,2.0
1304114,68.0,2022,2022-05-20,"Brabourne Stadium, Mumbai",Mumbai,Chennai Super Kings,Rajasthan Royals,Chennai Super Kings,bat,0.0,Rajasthan Royals,,5.0,R Ashwin,RD Gaikwad|DP Conway|MM Ali|N Jagadeesan|AT Rayudu|MS Dhoni|MJ Santner|Simarjeet Singh|Mukesh Choudhary|PH Solanki|M Pathirana,YBK Jaiswal|JC Buttler|SV Samson|D Padikkal|R Ashwin|SO Hetmyer|R Parag|TA Boult|YS Chahal|M Prasidh Krishna|OC McCoy,Chennai Super Kings,150,6,Rajasthan Royals,151.0,5.0
1304115,69.0,2022,2022-05-21,"Wankhede Stadium, Mumbai",Mumbai,Delhi Capitals,Mumbai Indians,Mumbai Indians,field,1.0,Mumbai Indians,,5.0,JJ Bumrah,PP Shaw|DA Warner|MR Marsh|RR Pant|SN Khan|R Powell|AR Patel|SN Thakur|Kuldeep Yadav|A Nortje|KK Ahmed,Ishan Kishan|RG Sharma|D Brevis|Tilak Varma|TH David|Ramandeep Singh|DR Sams|HR Shokeen|JJ Bumrah|M Markande|RP Meredith,Delhi Capitals,159,7,Mumbai Indians,160.0,5.0
1304116,70.0,2022,2022-05-22,"Wankhede Stadium, Mumbai",Mumbai,Sunrisers Hyderabad,Punjab Kings,Sunrisers Hyderabad,bat,0.0,Punjab Kings,,5.0,Harpreet Brar,PK Garg|Abhishek Sharma|RA Tripathi|AK Markram|N Pooran|Washington Sundar|R Shepherd|J Suchith|B Kumar|Umran Malik|Fazalhaq Farooqi,JM Bairstow|S Dhawan|M Shahrukh Khan|MA Agarwal|LS Livingstone|JM Sharma|PN Mankad|Harpreet Brar|K Rabada|NT Ellis|Arshdeep Singh,Sunrisers Hyderabad,157,8,Punjab Kings,160.0,5.0
1312197,,2022,2022-05-24,"Eden Gardens, Kolkata",Kolkata,Rajasthan Royals,Gujarat Titans,Gujarat Titans,field,1.0,Gujarat Titans,,7.0,DA Miller,YBK Jaiswal|JC Buttler|SV Samson|D Padikkal|SO Hetmyer|R Parag|R Ashwin|TA Boult|YS Chahal|M Prasidh Krishna|OC McCoy,WP Saha|Shubman Gill|MS Wade|HH Pandya|DA Miller|R Tewatia|Rashid Khan|R Sai Kishore|AS Joseph|Yash Dayal|Mohammed Shami,Rajasthan Royals,188,6,Gujarat Titans,191.0,3.0
1312198,,2022,2022-05-25,"Eden Gardens, Kolkata",Kolkata,Royal Challengers Bangalore,Lucknow Super Giants,Lucknow Super Giants,field,0.0,Royal Challengers Bangalore,14.0,,RM Patidar,V Kohli|F du Plessis|RM Patidar|GJ Maxwell|MK Lomror|KD Karthik|Shahbaz Ahmed|HV Patel|PWH de Silva|JR Hazlewood|Mohammed Siraj,Q de Kock|KL Rahul|M Vohra|DJ Hooda|MP Stoinis|E Lewis|KH Pandya|PVD Chameera|Mohsin Khan|Avesh Khan|Ravi Bishnoi,Royal Challengers Bangalore,207,4,Lucknow Super Giants,193.0,6.0
1312199,,2022,2022-05-27,"Narendra Modi Stadium, Ahmedabad",Ahmedabad,Royal Challengers Bangalore,Rajasthan Royals,Rajasthan Royals,field,1.0,Rajasthan Royals,,7.0,JC Buttler,V Kohli|F du Plessis|RM Patidar|GJ Maxwell|MK Lomror|KD Karthik|Shahbaz Ahmed|PWH de Silva|HV Patel|JR Hazlewood|Mohammed Siraj,YBK Jaiswal|JC Buttler|SV Samson|D Padikkal|SO Hetmyer|R Parag|R Ashwin|TA Boult|YS Chahal|M Prasidh Krishna|OC McCoy,Royal Challengers Bangalore,157,8,Rajasthan Royals,161.0,3.0
1312200,,2022,2022-05-29,"Narendra Modi Stadium, Ahmedabad",Ahmedabad,Rajasthan Royals,Gujarat Titans,Rajasthan Royals,bat,0.0,Gujarat Titans,,7.0,HH Pandya,YBK Jaiswal|JC Buttler|SV Samson|D Padikkal|SO Hetmyer|R Ashwin|R Parag|TA Boult|OC McCoy|M Prasidh Krishna|YS Chahal,WP Saha|Shubman Gill|MS Wade|HH Pandya|DA Miller|R Tewatia|Rashid Khan|R Sai Kishore|LH Ferguson|Yash Dayal|Mohammed Shami,Rajasthan Royals,130,9,Gujarat Titans,133.0,3.0
1359475,1.0,2023,2023-03-31,"Narendra Modi Stadium, Ahmedabad",Ahmedabad,Chennai Super Kings,Gujarat Titans,Gujarat Titans,field,1.0,Gujarat Titans,,5.0,Rashid Khan,TU Deshpande|DP Conway|RD Gaikwad|MM Ali|BA Stokes|AT Rayudu|S Dube|RA Jadeja|MS Dhoni|MJ Santner|DL Chahar|RS Hangargekar,KS Williamson|WP Saha|Shubman Gill|B Sai Sudharsan|HH Pandya|V Shankar|R Tewatia|Rashid Khan|Mohammed Shami|J Little|Yash Dayal|AS Joseph,Chennai Super Kings,178,7,Gujarat Titans,182.0,5.0
1359476,2.0,2023,2023-04-01,"Punjab Cricket Association IS Bindra Stadium, Mohali, Chandigarh",Chandigarh,Punjab Kings,Kolkata Knight Riders,Kolkata Knight Riders,field,0.0,Punjab Kings,7.0,,Arshdeep Singh,P Simran Singh|S Dhawan|PBB Rajapaksa|JM Sharma|Sikandar Raza|SM Curran|M Shahrukh Khan|Harpreet Brar|RD Chahar|Arshdeep Singh|NT Ellis|R Dhawan,Mandeep Singh|Rahmanullah Gurbaz|AS Roy|VR Iyer|N Rana|RK Singh|AD Russell|SN Thakur|SP Narine|TG Southee|UT Yadav|CV Varun,Punjab Kings,191,5,Kolkata Knight Riders,146.0,7.0
1359477,3.0,2023,2023-04-01,"Bharat Ratna Shri Atal Bihari Vajpayee Ekana Cricket Stadium, Lucknow",Lucknow,Lucknow Super Giants,Delhi Capitals,Delhi Capitals,field,0.0,Lucknow Super Giants,50.0,,MA Wood,KL Rahul|KR Mayers|DJ Hooda|KH Pandya|MP Stoinis|N Pooran|A Badoni|K Gowtham|Avesh Khan|Ravi Bishnoi|JD Unadkat|MA Wood,KK Ahmed|PP Shaw|DA Warner|MR Marsh|SN Khan|RR Rossouw|R Powell|Aman Hakim Khan|AR Patel|Kuldeep Yadav|C Sakariya|Mukesh Kumar,Lucknow Super Giants,193,6,Delhi Capitals,143.0,9.0
1359478,4.0,2023,2023-04-02,"Rajiv Gandhi International Stadium, Uppal, Hyderabad",Hyderabad,Rajasthan Royals,Sunrisers Hyderabad,Sunrisers Hyderabad,field,0.0,Rajasthan Royals,72.0,,JC Buttler,NA Saini|YBK Jaiswal|JC Buttler|SV Samson|D Padikkal|R Parag|SO Hetmyer|R Ashwin|JO Holder|TA Boult|KM Asif|YS Chahal,Fazalhaq Farooqi|Abhishek Sharma|MA Agarwal|RA Tripathi|HC Brook|Washington Sundar|GD Phillips|Abdul Samad|AU Rashid|B Kumar|Umran Malik|T Natarajan,Rajasthan Royals,203,5,Sunrisers Hyderabad,131.0,8.0
1359479,5.0,2023,2023-04-02,"M Chinnaswamy Stadium, Bengaluru",Bengaluru,Mumbai Indians,Royal Challengers Bangalore,Royal Challengers Bangalore,field,1.0,Royal Challengers Bangalore,,8.0,F du Plessis,JP Behrendorff|RG Sharma|Ishan Kishan|C Green|SA Yadav|Tilak Varma|N Wadhera|TH David|HR Shokeen|Arshad Khan|PP Chawla|JC Archer,V Kohli|F du Plessis|KD Karthik|GJ Maxwell|MG Bracewell|Shahbaz Ahmed|HV Patel|Akash Deep|RJW Topley|Mohammed Siraj|KV Sharma,Mumbai Indians,171,7,Royal Challengers Bangalore,172.0,2.0
1359480,6.0,2023,2023-04-03,"MA Chidambaram Stadium, Chepauk, Chennai",Chennai,Chennai Super Kings,Lucknow Super Giants,Lucknow Super Giants,field,0.0,Chennai Super Kings,12.0,,MM Ali,TU Deshpande|RD Gaikwad|DP Conway|S Dube|MM Ali|BA Stokes|AT Rayudu|RA Jadeja|MS Dhoni|MJ Santner|DL Chahar|RS Hangargekar,Avesh Khan|KL Rahul|KR Mayers|DJ Hooda|KH Pandya|MP Stoinis|N Pooran|A Badoni|K Gowtham|MA Wood|Yash Thakur|Ravi Bishnoi,Chennai Super Kings,217,7,Lucknow Super Giants,205.0,7.0
1359481,7.0,2023,2023-04-04,"Arun Jaitley Stadium, Delhi",Delhi,Delhi Capitals,Gujarat Titans,Gujarat Titans,field,1.0,Gujarat Titans,,6.0,B Sai Sudharsan,KK Ahmed|DA Warner|PP Shaw|MR Marsh|SN Khan|RR Rossouw|Abishek Porel|AR Patel|Aman Hakim Khan|Kuldeep Yadav|A Nortje|Mukesh Kumar,J Little|WP Saha|Shubman Gill|B Sai Sudharsan|HH Pandya|V Shankar|DA Miller|R Tewatia|Rashid Khan|AS Joseph|Yash Dayal|Mohammed Shami,Delhi Capitals,162,8,Gujarat Titans,163.0,4.0
1359482,8.0,2023,2023-04-05,"Barsapara Cricket Stadium, Guwahati",Guwahati,Punjab Kings,Rajasthan Royals,Rajasthan Royals,field,0.0,Punjab Kings,5.0,,NT Ellis,P Simran Singh|S Dhawan|PBB Rajapaksa|JM Sharma|Sikandar Raza|M Shahrukh Khan|SM Curran|Harpreet Brar|NT Ellis|RD Chahar|Arshdeep Singh|R Dhawan,YBK Jaiswal|R Ashwin|JC Buttler|SV Samson|D Padikkal|R Parag|SO Hetmyer|Dhruv Jurel|JO Holder|YS Chahal|TA Boult|KM Asif,Punjab Kings,197,5,Rajasthan Royals,192.0,7.0
1359483,9.0,2023,2023-04-06,"Eden Gardens, Kolkata",Kolkata,Kolkata Knight Riders,Royal Challengers Bangalore,Royal Challengers Bangalore,field,0.0,Kolkata Knight Riders,81.0,,SN Thakur,Suyash Sharma|Rahmanullah Gurbaz|VR Iyer|Mandeep Singh|N Rana|RK Singh|AD Russell|SN Thakur|SP Narine|UT Yadav|TG Southee|CV Varun,Mohammed Siraj|V Kohli|F du Plessis|MG Bracewell|GJ Maxwell|HV Patel|Shahbaz Ahmed|KD Karthik|Anuj Rawat|DJ Willey|KV Sharma|Akash Deep,Kolkata Knight Riders,204,7,Royal Challengers Bangalore,123.0,10.0
1359484,10.0,2023,2023-04-07,"Bharat Ratna Shri Atal Bihari Vajpayee Ekana Cricket Stadium, Lucknow",Lucknow,Sunrisers Hyderabad,Lucknow Super Giants,Sunrisers Hyderabad,bat,0.0,Lucknow Super Giants,,5.0,KH Pandya,Fazalhaq Farooqi|Anmolpreet Singh|MA Agarwal|RA Tripathi|AK Markram|HC Brook|Washington Sundar|Abdul Samad|AU Rashid|Umran Malik|B Kumar|T Natarajan,A Mishra|KR Mayers|KL Rahul|DJ Hooda|KH Pandya|MP Stoinis|R Shepherd|N Pooran|Yash Thakur|JD Unadkat|Ravi Bishnoi|A Badoni,Sunrisers Hyderabad,121,8,Lucknow Super Giants,127.0,5.0
1359485,11.0,2023,2023-04-08,"Barsapara Cricket Stadium, Guwahati",Guwahati,Rajasthan Royals,Delhi Capitals,Delhi Capitals,field,0.0,Rajasthan Royals,57.0,,YBK Jaiswal,M Ashwin|YBK Jaiswal|JC Buttler|SV Samson|R Parag|SO Hetmyer|Dhruv Jurel|JO Holder|R Ashwin|YS Chahal|TA Boult|Sandeep Sharma,KK Ahmed|PP Shaw|DA Warner|MK Pandey|RR Rossouw|Lalit Yadav|AR Patel|R Powell|Abishek Porel|Kuldeep Yadav|A Nortje|Mukesh Kumar,Rajasthan Royals,199,4,Delhi Capitals,142.0,9.0
1359486,12.0,2023,2023-04-08,"Wankhede Stadium, Mumbai",Mumbai,Mumbai Indians,Chennai Super Kings,Chennai Super Kings,field,1.0,Chennai Super Kings,,7.0,RA Jadeja,K Kartikeya|RG Sharma|Ishan Kishan|C Green|SA Yadav|Tilak Varma|Arshad Khan|TH David|T Stubbs|HR Shokeen|PP Chawla|JP Behrendorff,DL Chahar|DP Conway|RD Gaikwad|AM Rahane|S Dube|AT Rayudu|RA Jadeja|MS Dhoni|D Pretorius|MJ Santner|SSB Magala|TU Deshpande,Mumbai Indians,157,8,Chennai Super Kings,159.0,3.0
1359487,13.0,2023,2023-04-09,"Narendra Modi Stadium, Ahmedabad",Ahmedabad,Gujarat Titans,Kolkata Knight Riders,Gujarat Titans,bat,0.0,Kolkata Knight Riders,,3.0,RK Singh,J Little|WP Saha|Shubman Gill|B Sai Sudharsan|A Manohar|V Shankar|DA Miller|R Tewatia|Rashid Khan|AS Joseph|Mohammed Shami|Yash Dayal,Suyash Sharma|Rahmanullah Gurbaz|N Jagadeesan|VR Iyer|N Rana|RK Singh|AD Russell|SP Narine|SN Thakur|UT Yadav|LH Ferguson|CV Varun,Gujarat Titans,204,4,Kolkata Knight Riders,207.0,7.0
1359488,14.0,2023,2023-04-09,"Rajiv Gandhi International Stadium, Uppal, Hyderabad",Hyderabad,Punjab Kings,Sunrisers Hyderabad,Sunrisers Hyderabad,field,1.0,Sunrisers Hyderabad,,8.0,S Dhawan,P Simran Singh|S Dhawan|MW Short|JM Sharma|SM Curran|Sikandar Raza|M Shahrukh Khan|Harpreet Brar|RD Chahar|NT Ellis|Mohit Rathee|Arshdeep Singh,HC Brook|MA Agarwal|RA Tripathi|AK Markram|H Klaasen|Washington Sundar|M Jansen|M Markande|B Kumar|Umran Malik|T Natarajan,Punjab Kings,143,9,Sunrisers Hyderabad,145.0,2.0
1359489,15.0,2023,2023-04-10,"M Chinnaswamy Stadium, Bengaluru",Bengaluru,Royal Challengers Bangalore,Lucknow Super Giants,Lucknow Super Giants,field,1.0,Lucknow Super Giants,,1.0,N Pooran,Anuj Rawat|V Kohli|F du Plessis|GJ Maxwell|KD Karthik|MK Lomror|Shahbaz Ahmed|DJ Willey|WD Parnell|HV Patel|Mohammed Siraj|KV Sharma,A Mishra|KR Mayers|KL Rahul|DJ Hooda|KH Pandya|MP Stoinis|N Pooran|A Badoni|JD Unadkat|MA Wood|Ravi Bishnoi|Avesh Khan,Royal Challengers Bangalore,212,2,Lucknow Super Giants,213.0,9.0
1359490,16.0,2023,2023-04-11,"Arun Jaitley Stadium, Delhi",Delhi,Delhi Capitals,Mumbai Indians,Mumbai Indians,field,1.0,Mumbai Indians,,6.0,RG Sharma,Mukesh Kumar|DA Warner|PP Shaw|MK Pandey|YV Dhull|R Powell|Lalit Yadav|AR Patel|Abishek Porel|Kuldeep Yadav|A Nortje|Mustafizur Rahman,RP Meredith|RG Sharma|Ishan Kishan|Tilak Varma|SA Yadav|TH David|C Green|N Wadhera|HR Shokeen|Arshad Khan|JP Behrendorff|PP Chawla,Delhi Capitals,172,10,Mumbai Indians,173.0,4.0
1359491,17.0,2023,2023-04-12,"MA Chidambaram Stadium, Chepauk, Chennai",Chennai,Rajasthan Royals,Chennai Super Kings,Chennai Super Kings,field,0.0,Rajasthan Royals,3.0,,R Ashwin,YBK Jaiswal|JC Buttler|D Padikkal|SV Samson|R Ashwin|SO Hetmyer|Dhruv Jurel|JO Holder|A Zampa|KR Sen|Sandeep Sharma|YS Chahal,RD Gaikwad|DP Conway|AM Rahane|S Dube|MM Ali|AT Rayudu|RA Jadeja|MS Dhoni|SSB Magala|TU Deshpande|M Theekshana|Akash Singh,Rajasthan Royals,175,8,Chennai Super Kings,172.0,6.0
1359492,18.0,2023,2023-04-13,"Punjab Cricket Association IS Bindra Stadium, Mohali, Chandigarh",Chandigarh,Punjab Kings,Gujarat Titans,Gujarat Titans,field,1.0,Gujarat Titans,,6.0,MM Sharma,RD Chahar|P Simran Singh|S Dhawan|MW Short|PBB Rajapaksa|JM Sharma|SM Curran|M Shahrukh Khan|Harpreet Brar|R Dhawan|K Rabada|Arshdeep Singh,WP Saha|Shubman Gill|B Sai Sudharsan|HH Pandya|DA Miller|R Tewatia|Rashid Khan|AS Joseph|Mohammed Shami|MM Sharma|J Little,Punjab Kings,153,8,Gujarat Titans,154.0,4.0
1359493,19.0,2023,2023-04-14,"Eden Gardens, Kolkata",Kolkata,Sunrisers Hyderabad,Kolkata Knight Riders,Kolkata Knight Riders,field,0.0,Sunrisers Hyderabad,23.0,,HC Brook,Washington Sundar|HC Brook|MA Agarwal|RA Tripathi|AK Markram|Abhishek Sharma|H Klaasen|M Jansen|M Markande|B Kumar|Umran Malik|T Natarajan,Suyash Sharma|Rahmanullah Gurbaz|N Jagadeesan|VR Iyer|SP Narine|N Rana|AD Russell|RK Singh|SN Thakur|UT Yadav|LH Ferguson|CV Varun,Sunrisers Hyderabad,228,4,Kolkata Knight Riders,205.0,7.0
1359494,20.0,2023,2023-04-15,"M Chinnaswamy Stadium, Bengaluru",Bengaluru,Royal Challengers Bangalore,Delhi Capitals,Delhi Capitals,field,0.0,Royal Challengers Bangalore,23.0,,V Kohli,V Kohli|F du Plessis|MK Lomror|GJ Maxwell|HV Patel|Shahbaz Ahmed|KD Karthik|Anuj Rawat|PWH de Silva|WD Parnell|Mohammed Siraj|Vijaykumar Vyshak,DA Warner|PP Shaw|MR Marsh|YV Dhull|MK Pandey|Abishek Porel|AR Patel|Aman Hakim Khan|Lalit Yadav|A Nortje|Kuldeep Yadav|Mustafizur Rahman,Royal Challengers Bangalore,174,6,Delhi Capitals,151.0,9.0
1359495,21.0,2023,2023-04-15,"Bharat Ratna Shri Atal Bihari Vajpayee Ekana Cricket Stadium, Lucknow",Lucknow,Lucknow Super Giants,Punjab Kings,Punjab Kings,field,1.0,Punjab Kings,,2.0,Sikandar Raza,KL Rahul|KR Mayers|DJ Hooda|KH Pandya|N Pooran|MP Stoinis|A Badoni|K Gowtham|Yudhvir Singh|Ravi Bishnoi|Avesh Khan|MA Wood,Atharva Taide|P Simran Singh|MW Short|Harpreet Singh|Sikandar Raza|SM Curran|JM Sharma|M Shahrukh Khan|Harpreet Brar|K Rabada|RD Chahar|Arshdeep Singh,Lucknow Super Giants,159,8,Punjab Kings,161.0,8.0
1359496,22.0,2023,2023-04-16,"Wankhede Stadium, Mumbai",Mumbai,Kolkata Knight Riders,Mumbai Indians,Mumbai Indians,field,1.0,Mumbai Indians,,5.0,VR Iyer,Suyash Sharma|Rahmanullah Gurbaz|N Jagadeesan|VR Iyer|N Rana|SN Thakur|RK Singh|AD Russell|SP Narine|UT Yadav|LH Ferguson|CV Varun,RP Meredith|RG Sharma|Ishan Kishan|SA Yadav|Tilak Varma|TH David|N Wadhera|C Green|Arjun Tendulkar|HR Shokeen|PP Chawla|D Jansen,Kolkata Knight Riders,185,6,Mumbai Indians,186.0,5.0
1359497,23.0,2023,2023-04-16,"Narendra Modi Stadium, Ahmedabad",Ahmedabad,Gujarat Titans,Rajasthan Royals,Rajasthan Royals,field,1.0,Rajasthan Royals,,3.0,SO Hetmyer,Noor Ahmad|WP Saha|Shubman Gill|B Sai Sudharsan|HH Pandya|DA Miller|A Manohar|R Tewatia|Rashid Khan|AS Joseph|Mohammed Shami|MM Sharma,YS Chahal|YBK Jaiswal|JC Buttler|D Padikkal|SV Samson|R Parag|SO Hetmyer|Dhruv Jurel|R Ashwin|TA Boult|Sandeep Sharma|A Zampa,Gujarat Titans,177,7,Rajasthan Royals,179.0,7.0
1359498,24.0,2023,2023-04-17,"M Chinnaswamy Stadium, Bengaluru",Bengaluru,Chennai Super Kings,Royal Challengers Bangalore,Royal Challengers Bangalore,field,0.0,Chennai Super Kings,8.0,,DP Conway,RD Gaikwad|DP Conway|AM Rahane|S Dube|AT Rayudu|MM Ali|RA Jadeja|MS Dhoni|TU Deshpande|M Theekshana|M Pathirana|Akash Singh,V Kohli|F du Plessis|MK Lomror|GJ Maxwell|Shahbaz Ahmed|KD Karthik|SS Prabhudessai|WD Parnell|PWH de Silva|HV Patel|Mohammed Siraj|Vijaykumar Vyshak,Chennai Super Kings,226,6,Royal Challengers Bangalore,218.0,8.0
1359499,25.0,2023,2023-04-18,"Rajiv Gandhi International Stadium, Uppal, Hyderabad",Hyderabad,Mumbai Indians,Sunrisers Hyderabad,Sunrisers Hyderabad,field,0.0,Mumbai Indians,14.0,,C Green,RP Meredith|RG Sharma|Ishan Kishan|C Green|SA Yadav|Tilak Varma|TH David|N Wadhera|Arjun Tendulkar|HR Shokeen|PP Chawla|JP Behrendorff,T Natarajan|HC Brook|MA Agarwal|RA Tripathi|AK Markram|Abhishek Sharma|H Klaasen|Abdul Samad|M Jansen|Washington Sundar|B Kumar|M Markande,Mumbai Indians,192,5,Sunrisers Hyderabad,178.0,10.0
1359500,26.0,2023,2023-04-19,"Sawai Mansingh Stadium, Jaipur",Jaipur,Lucknow Super Giants,Rajasthan Royals,Rajasthan Royals,field,0.0,Lucknow Super Giants,10.0,,MP Stoinis,A Mishra|KL Rahul|KR Mayers|A Badoni|DJ Hooda|MP Stoinis|N Pooran|KH Pandya|Yudhvir Singh|Naveen-ul-Haq|Ravi Bishnoi|Avesh Khan,YS Chahal|YBK Jaiswal|JC Buttler|SV Samson|D Padikkal|SO Hetmyer|R Parag|Dhruv Jurel|R Ashwin|JO Holder|TA Boult|Sandeep Sharma,Lucknow Super Giants,154,7,Rajasthan Royals,144.0,6.0
1359501,27.0,2023,2023-04-20,"Punjab Cricket Association IS Bindra Stadium, Mohali, Chandigarh",Chandigarh,Royal Challengers Bangalore,Punjab Kings,Punjab Kings,field,0.0,Royal Challengers Bangalore,24.0,,Mohammed Siraj,Vijaykumar Vyshak|V Kohli|F du Plessis|GJ Maxwell|KD Karthik|MK Lomror|Shahbaz Ahmed|SS Prabhudessai|PWH de Silva|HV Patel|WD Parnell|Mohammed Siraj,RD Chahar|Atharva Taide|P Simran Singh|MW Short|LS Livingstone|Harpreet Singh|SM Curran|JM Sharma|M Shahrukh Khan|Harpreet Brar|NT Ellis|Arshdeep Singh,Royal Challengers Bangalore,174,4,Punjab Kings,150.0,10.0
1359502,28.0,2023,2023-04-20,"Arun Jaitley Stadium, Delhi",Delhi,Kolkata Knight Riders,Delhi Capitals,Delhi Capitals,field,1.0,Delhi Capitals,,4.0,I Sharma,JJ Roy|Liton Das|VR Iyer|N Rana|Mandeep Singh|RK Singh|SP Narine|AD Russell|AS Roy|UT Yadav|CV Varun|K Khejroliya,I Sharma|DA Warner|PP Shaw|MR Marsh|PD Salt|MK Pandey|AR Patel|Aman Hakim Khan|Lalit Yadav|Mukesh Kumar|Kuldeep Yadav|A Nortje,Kolkata Knight Riders,127,10,Delhi Capitals,128.0,6.0
1359503,29.0,2023,2023-04-21,"MA Chidambaram Stadium, Chepauk, Chennai",Chennai,Sunrisers Hyderabad,Chennai Super Kings,Chennai Super Kings,field,1.0,Chennai Super Kings,,7.0,RA Jadeja,Mayank Dagar|HC Brook|Abhishek Sharma|RA Tripathi|AK Markram|H Klaasen|MA Agarwal|M Jansen|Washington Sundar|B Kumar|M Markande|Umran Malik,Akash Singh|RD Gaikwad|DP Conway|AM Rahane|AT Rayudu|MM Ali|S Dube|RA Jadeja|MS Dhoni|TU Deshpande|M Theekshana|M Pathirana,Sunrisers Hyderabad,134,7,Chennai Super Kings,138.0,3.0
1359504,30.0,2023,2023-04-22,"Bharat Ratna Shri Atal Bihari Vajpayee Ekana Cricket Stadium, Lucknow",Lucknow,Gujarat Titans,Lucknow Super Giants,Gujarat Titans,bat,1.0,Gujarat Titans,7.0,,MM Sharma,J Yadav|WP Saha|Shubman Gill|HH Pandya|A Manohar|V Shankar|DA Miller|R Tewatia|Rashid Khan|Mohammed Shami|Noor Ahmad|MM Sharma,A Mishra|KL Rahul|KR Mayers|KH Pandya|N Pooran|A Badoni|MP Stoinis|DJ Hooda|PN Mankad|Ravi Bishnoi|Avesh Khan|Naveen-ul-Haq,Gujarat Titans,135,6,Lucknow Super Giants,128.0,7.0
1359505,31.0,2023,2023-04-22,"Wankhede Stadium, Mumbai",Mumbai,Punjab Kings,Mumbai Indians,Mumbai Indians,field,0.0,Punjab Kings,13.0,,SM Curran,NT Ellis|MW Short|P Simran Singh|Atharva Taide|LS Livingstone|Harpreet Singh|SM Curran|JM Sharma|M Shahrukh Khan|Harpreet Brar|Arshdeep Singh|RD Chahar,JP Behrendorff|RG Sharma|Ishan Kishan|C Green|SA Yadav|TH David|Tilak Varma|N Wadhera|JC Archer|Arjun Tendulkar|HR Shokeen|PP Chawla,Punjab Kings,214,8,Mumbai Indians,201.0,6.0
1359506,32.0,2023,2023-04-23,"M Chinnaswamy Stadium, Bengaluru",Bengaluru,Royal Challengers Bangalore,Rajasthan Royals,Rajasthan Royals,field,0.0,Royal Challengers Bangalore,7.0,,GJ Maxwell,HV Patel|V Kohli|F du Plessis|Shahbaz Ahmed|GJ Maxwell|MK Lomror|KD Karthik|SS Prabhudessai|PWH de Silva|DJ Willey|Vijaykumar Vyshak|Mohammed Siraj,YBK Jaiswal|JC Buttler|D Padikkal|SV Samson|SO Hetmyer|Dhruv Jurel|R Ashwin|Abdul Basith|JO Holder|TA Boult|Sandeep Sharma|YS Chahal,Royal Challengers Bangalore,189,9,Rajasthan Royals,182.0,6.0
1359507,33.0,2023,2023-04-23,"Eden Gardens, Kolkata",Kolkata,Chennai Super Kings,Kolkata Knight Riders,Kolkata Knight Riders,field,0.0,Chennai Super Kings,49.0,,AM Rahane,Akash Singh|RD Gaikwad|DP Conway|AM Rahane|S Dube|RA Jadeja|MS Dhoni|MM Ali|AT Rayudu|M Pathirana|TU Deshpande|M Theekshana,Suyash Sharma|N Jagadeesan|SP Narine|VR Iyer|N Rana|JJ Roy|RK Singh|AD Russell|D Wiese|UT Yadav|CV Varun|K Khejroliya,Chennai Super Kings,235,4,Kolkata Knight Riders,186.0,8.0
1359508,34.0,2023,2023-04-24,"Rajiv Gandhi International Stadium, Uppal, Hyderabad",Hyderabad,Delhi Capitals,Sunrisers Hyderabad,Delhi Capitals,bat,1.0,Delhi Capitals,7.0,,AR Patel,Mukesh Kumar|DA Warner|PD Salt|MR Marsh|SN Khan|MK Pandey|Aman Hakim Khan|AR Patel|RV Patel|A Nortje|Kuldeep Yadav|I Sharma,T Natarajan|HC Brook|MA Agarwal|RA Tripathi|Abhishek Sharma|AK Markram|H Klaasen|Washington Sundar|M Jansen|M Markande|B Kumar|Umran Malik,Delhi Capitals,144,9,Sunrisers Hyderabad,137.0,6.0
1359509,35.0,2023,2023-04-25,"Narendra Modi Stadium, Ahmedabad",Ahmedabad,Gujarat Titans,Mumbai Indians,Mumbai Indians,field,0.0,Gujarat Titans,55.0,,A Manohar,J Little|WP Saha|Shubman Gill|HH Pandya|V Shankar|DA Miller|A Manohar|R Tewatia|Rashid Khan|MM Sharma|Mohammed Shami|Noor Ahmad,K Kartikeya|RG Sharma|Ishan Kishan|C Green|Tilak Varma|SA Yadav|TH David|N Wadhera|PP Chawla|Arjun Tendulkar|JP Behrendorff|RP Meredith,Gujarat Titans,207,6,Mumbai Indians,152.0,9.0
1359510,36.0,2023,2023-04-26,"M Chinnaswamy Stadium, Bengaluru",Bengaluru,Kolkata Knight Riders,Royal Challengers Bangalore,Royal Challengers Bangalore,field,0.0,Kolkata Knight Riders,21.0,,CV Varun,Suyash Sharma|JJ Roy|N Jagadeesan|VR Iyer|N Rana|AD Russell|RK Singh|D Wiese|SP Narine|VG Arora|UT Yadav|CV Varun,HV Patel|V Kohli|F du Plessis|Shahbaz Ahmed|GJ Maxwell|MK Lomror|KD Karthik|SS Prabhudessai|PWH de Silva|DJ Willey|Vijaykumar Vyshak|Mohammed Siraj,Kolkata Knight Riders,200,5,Royal Challengers Bangalore,179.0,8.0
1359511,37.0,2023,2023-04-27,"Sawai Mansingh Stadium, Jaipur",Jaipur,Rajasthan Royals,Chennai Super Kings,Rajasthan Royals,bat,1.0,Rajasthan Royals,32.0,,YBK Jaiswal,K Yadav|YBK Jaiswal|JC Buttler|SV Samson|SO Hetmyer|Dhruv Jurel|D Padikkal|R Ashwin|JO Holder|Sandeep Sharma|YS Chahal|A Zampa,Akash Singh|RD Gaikwad|DP Conway|AM Rahane|S Dube|AT Rayudu|MM Ali|RA Jadeja|MS Dhoni|M Pathirana|TU Deshpande|M Theekshana,Rajasthan Royals,202,5,Chennai Super Kings,170.0,6.0
1359512,38.0,2023,2023-04-28,"Punjab Cricket Association IS Bindra Stadium, Mohali, Chandigarh",Chandigarh,Lucknow Super Giants,Punjab Kings,Punjab Kings,field,0.0,Lucknow Super Giants,56.0,,MP Stoinis,A Mishra|KL Rahul|KR Mayers|A Badoni|MP Stoinis|N Pooran|DJ Hooda|KH Pandya|Naveen-ul-Haq|Ravi Bishnoi|Avesh Khan|Yash Thakur,Gurnoor Brar|P Simran Singh|S Dhawan|Atharva Taide|Sikandar Raza|LS Livingstone|SM Curran|JM Sharma|M Shahrukh Khan|RD Chahar|K Rabada|Arshdeep Singh,Lucknow Super Giants,257,5,Punjab Kings,201.0,10.0
1359513,39.0,2023,2023-04-29,"Eden Gardens, Kolkata",Kolkata,Kolkata Knight Riders,Gujarat Titans,Gujarat Titans,field,1.0,Gujarat Titans,,7.0,J Little,Suyash Sharma|N Jagadeesan|Rahmanullah Gurbaz|SN Thakur|VR Iyer|N Rana|RK Singh|AD Russell|D Wiese|SP Narine|Harshit Rana|CV Varun,MM Sharma|WP Saha|Shubman Gill|HH Pandya|V Shankar|DA Miller|A Manohar|R Tewatia|Rashid Khan|Noor Ahmad|Mohammed Shami|J Little,Kolkata Knight Riders,179,7,Gujarat Titans,180.0,3.0
1359514,40.0,2023,2023-04-29,"Arun Jaitley Stadium, Delhi",Delhi,Sunrisers Hyderabad,Delhi Capitals,Sunrisers Hyderabad,bat,1.0,Sunrisers Hyderabad,9.0,,MR Marsh,T Natarajan|Abhishek Sharma|MA Agarwal|RA Tripathi|AK Markram|HC Brook|H Klaasen|Abdul Samad|AJ Hosein|M Markande|B Kumar|Umran Malik,I Sharma|DA Warner|PD Salt|MR Marsh|MK Pandey|PK Garg|SN Khan|AR Patel|RV Patel|Kuldeep Yadav|A Nortje|Mukesh Kumar,Sunrisers Hyderabad,197,6,Delhi Capitals,188.0,6.0
1359515,41.0,2023,2023-04-30,"MA Chidambaram Stadium, Chepauk, Chennai",Chennai,Chennai Super Kings,Punjab Kings,Chennai Super Kings,bat,0.0,Punjab Kings,,4.0,DP Conway,Akash Singh|RD Gaikwad|DP Conway|S Dube|MM Ali|RA Jadeja|MS Dhoni|AM Rahane|M Pathirana|TU Deshpande|M Theekshana|AT Rayudu,K Rabada|P Simran Singh|S Dhawan|Atharva Taide|LS Livingstone|SM Curran|JM Sharma|M Shahrukh Khan|Sikandar Raza|Harpreet Brar|RD Chahar|Arshdeep Singh,Chennai Super Kings,200,4,Punjab Kings,201.0,6.0
1359516,42.0,2023,2023-04-30,"Wankhede Stadium, Mumbai",Mumbai,Rajasthan Royals,Mumbai Indians,Rajasthan Royals,bat,0.0,Mumbai Indians,,6.0,YBK Jaiswal,KR Sen|YBK Jaiswal|JC Buttler|SV Samson|D Padikkal|JO Holder|SO Hetmyer|Dhruv Jurel|R Ashwin|TA Boult|Sandeep Sharma|YS Chahal,RG Sharma|Ishan Kishan|C Green|SA Yadav|Tilak Varma|TH David|PP Chawla|JC Archer|K Kartikeya|RP Meredith|Arshad Khan,Rajasthan Royals,212,7,Mumbai Indians,214.0,4.0
1359517,43.0,2023,2023-05-01,"Bharat Ratna Shri Atal Bihari Vajpayee Ekana Cricket Stadium, Lucknow",Lucknow,Royal Challengers Bangalore,Lucknow Super Giants,Royal Challengers Bangalore,bat,1.0,Royal Challengers Bangalore,18.0,,F du Plessis,V Kohli|F du Plessis|Anuj Rawat|GJ Maxwell|SS Prabhudessai|KD Karthik|MK Lomror|PWH de Silva|KV Sharma|Mohammed Siraj|JR Hazlewood|HV Patel,KR Mayers|A Badoni|KH Pandya|DJ Hooda|MP Stoinis|N Pooran|K Gowtham|Ravi Bishnoi|A Mishra|Naveen-ul-Haq|KL Rahul|Yash Thakur,Royal Challengers Bangalore,126,9,Lucknow Super Giants,108.0,10.0
1359518,44.0,2023,2023-05-02,"Narendra Modi Stadium, Ahmedabad",Ahmedabad,Delhi Capitals,Gujarat Titans,Delhi Capitals,bat,1.0,Delhi Capitals,5.0,,Mohammed Shami,KK Ahmed|PD Salt|DA Warner|PK Garg|RR Rossouw|MK Pandey|AR Patel|Aman Hakim Khan|RV Patel|A Nortje|Kuldeep Yadav|I Sharma,MM Sharma|WP Saha|Shubman Gill|HH Pandya|V Shankar|DA Miller|A Manohar|R Tewatia|Rashid Khan|Noor Ahmad|Mohammed Shami|J Little,Delhi Capitals,130,8,Gujarat Titans,125.0,6.0
1359519,45.0,2023,2023-05-03,"Bharat Ratna Shri Atal Bihari Vajpayee Ekana Cricket Stadium, Lucknow",Lucknow,Lucknow Super Giants,Chennai Super Kings,Chennai Super Kings,field,,,,,,M Vohra|KR Mayers|KS Sharma|KH Pandya|MP Stoinis|N Pooran|A Badoni|K Gowtham|Naveen-ul-Haq|Ravi Bishnoi|Mohsin Khan,AT Rayudu|RD Gaikwad|DP Conway|AM Rahane|MM Ali|S Dube|RA Jadeja|MS Dhoni|M Pathirana|TU Deshpande|M Theekshana|DL Chahar,Lucknow Super Giants,125,7,,,
1359520,46.0,2023,2023-05-03,"Punjab Cricket Association IS Bindra Stadium, Mohali, Chandigarh",Chandigarh,Punjab Kings,Mumbai Indians,Mumbai Indians,field,1.0,Mumbai Indians,,6.0,Ishan Kishan,NT Ellis|P Simran Singh|S Dhawan|MW Short|LS Livingstone|JM Sharma|SM Curran|M Shahrukh Khan|Harpreet Brar|R Dhawan|RD Chahar|Arshdeep Singh,Akash Madhwal|RG Sharma|Ishan Kishan|C Green|SA Yadav|TH David|Tilak Varma|N Wadhera|PP Chawla|JC Archer|K Kartikeya|Arshad Khan,Punjab Kings,214,3,Mumbai Indians,216.0,4.0
1359521,47.0,2023,2023-05-04,"Rajiv Gandhi International Stadium, Uppal, Hyderabad",Hyderabad,Kolkata Knight Riders,Sunrisers Hyderabad,Kolkata Knight Riders,bat,1.0,Kolkata Knight Riders,5.0,,CV Varun,JJ Roy|Rahmanullah Gurbaz|VR Iyer|N Rana|RK Singh|AD Russell|SP Narine|SN Thakur|AS Roy|Harshit Rana|VG Arora|CV Varun,T Natarajan|Abhishek Sharma|MA Agarwal|RA Tripathi|AK Markram|HC Brook|H Klaasen|Abdul Samad|M Jansen|B Kumar|M Markande|Kartik Tyagi,Kolkata Knight Riders,171,9,Sunrisers Hyderabad,166.0,8.0
1359522,48.0,2023,2023-05-05,"Sawai Mansingh Stadium, Jaipur",Jaipur,Rajasthan Royals,Gujarat Titans,Rajasthan Royals,bat,0.0,Gujarat Titans,,9.0,Rashid Khan,YBK Jaiswal|JC Buttler|SV Samson|D Padikkal|R Ashwin|R Parag|SO Hetmyer|Dhruv Jurel|TA Boult|A Zampa|Sandeep Sharma|YS Chahal,MM Sharma|WP Saha|Shubman Gill|HH Pandya|Rashid Khan|DA Miller|V Shankar|R Tewatia|A Manohar|Noor Ahmad|Mohammed Shami|J Little,Rajasthan Royals,118,10,Gujarat Titans,119.0,1.0
1359523,49.0,2023,2023-05-06,"MA Chidambaram Stadium, Chepauk, Chennai",Chennai,Mumbai Indians,Chennai Super Kings,Chennai Super Kings,field,1.0,Chennai Super Kings,,6.0,M Pathirana,R Goyal|C Green|Ishan Kishan|RG Sharma|N Wadhera|SA Yadav|T Stubbs|TH David|Arshad Khan|JC Archer|PP Chawla|Akash Madhwal,M Theekshana|RD Gaikwad|DP Conway|AM Rahane|AT Rayudu|S Dube|MS Dhoni|MM Ali|RA Jadeja|DL Chahar|M Pathirana|TU Deshpande,Mumbai Indians,139,8,Chennai Super Kings,140.0,4.0
1359524,50.0,2023,2023-05-06,"Arun Jaitley Stadium, Delhi",Delhi,Royal Challengers Bangalore,Delhi Capitals,Royal Challengers Bangalore,bat,0.0,Delhi Capitals,,7.0,PD Salt,HV Patel|V Kohli|F du Plessis|GJ Maxwell|MK Lomror|KD Karthik|Anuj Rawat|KM Jadhav|PWH de Silva|KV Sharma|Mohammed Siraj|JR Hazlewood,I Sharma|DA Warner|PD Salt|MR Marsh|RR Rossouw|AR Patel|Aman Hakim Khan|MK Pandey|Kuldeep Yadav|Mukesh Kumar|KK Ahmed|RV Patel,Royal Challengers Bangalore,181,4,Delhi Capitals,187.0,3.0
1359525,51.0,2023,2023-05-07,"Narendra Modi Stadium, Ahmedabad",Ahmedabad,Gujarat Titans,Lucknow Super Giants,Lucknow Super Giants,field,0.0,Gujarat Titans,56.0,,Shubman Gill,AS Joseph|WP Saha|Shubman Gill|HH Pandya|DA Miller|V Shankar|Rashid Khan|R Tewatia|A Manohar|MM Sharma|Mohammed Shami|Noor Ahmad,Yash Thakur|KR Mayers|Q de Kock|DJ Hooda|MP Stoinis|N Pooran|A Badoni|Swapnil Singh|KH Pandya|Ravi Bishnoi|Mohsin Khan|Avesh Khan,Gujarat Titans,227,2,Lucknow Super Giants,171.0,7.0
1359526,52.0,2023,2023-05-07,"Sawai Mansingh Stadium, Jaipur",Jaipur,Rajasthan Royals,Sunrisers Hyderabad,Rajasthan Royals,bat,0.0,Sunrisers Hyderabad,,4.0,GD Phillips,OC McCoy|YBK Jaiswal|JC Buttler|SV Samson|SO Hetmyer|JE Root|Dhruv Jurel|R Ashwin|Sandeep Sharma|M Ashwin|K Yadav|YS Chahal,T Natarajan|Anmolpreet Singh|Abhishek Sharma|RA Tripathi|H Klaasen|AK Markram|GD Phillips|Abdul Samad|M Jansen|Vivrant Sharma|M Markande|B Kumar,Rajasthan Royals,214,2,Sunrisers Hyderabad,217.0,6.0
1359527,53.0,2023,2023-05-08,"Eden Gardens, Kolkata",Kolkata,Punjab Kings,Kolkata Knight Riders,Punjab Kings,bat,0.0,Kolkata Knight Riders,,5.0,AD Russell,NT Ellis|P Simran Singh|S Dhawan|PBB Rajapaksa|LS Livingstone|JM Sharma|SM Curran|R Dhawan|M Shahrukh Khan|Harpreet Brar|RD Chahar|Arshdeep Singh,Suyash Sharma|JJ Roy|Rahmanullah Gurbaz|N Rana|VR Iyer|AD Russell|RK Singh|SN Thakur|SP Narine|Harshit Rana|VG Arora|CV Varun,Punjab Kings,179,7,Kolkata Knight Riders,182.0,5.0
1359528,54.0,2023,2023-05-09,"Wankhede Stadium, Mumbai",Mumbai,Royal Challengers Bangalore,Mumbai Indians,Mumbai Indians,field,1.0,Mumbai Indians,,6.0,SA Yadav,V Kohli|F du Plessis|Anuj Rawat|GJ Maxwell|MK Lomror|KD Karthik|KM Jadhav|PWH de Silva|JR Hazlewood|Mohammed Siraj|Vijaykumar Vyshak|HV Patel,Ishan Kishan|RG Sharma|SA Yadav|N Wadhera|TH David|C Green|CJ Jordan|PP Chawla|JP Behrendorff|K Kartikeya|Akash Madhwal,Royal Challengers Bangalore,199,6,Mumbai Indians,200.0,4.0
1359529,55.0,2023,2023-05-10,"MA Chidambaram Stadium, Chepauk, Chennai",Chennai,Chennai Super Kings,Delhi Capitals,Chennai Super Kings,bat,1.0,Chennai Super Kings,27.0,,RA Jadeja,M Pathirana|RD Gaikwad|DP Conway|AM Rahane|MM Ali|S Dube|AT Rayudu|RA Jadeja|MS Dhoni|DL Chahar|TU Deshpande|M Theekshana,KK Ahmed|DA Warner|PD Salt|MR Marsh|MK Pandey|RR Rossouw|RV Patel|AR Patel|Aman Hakim Khan|Lalit Yadav|Kuldeep Yadav|I Sharma,Chennai Super Kings,167,8,Delhi Capitals,140.0,8.0
1359530,56.0,2023,2023-05-11,"Eden Gardens, Kolkata",Kolkata,Kolkata Knight Riders,Rajasthan Royals,Rajasthan Royals,field,1.0,Rajasthan Royals,,9.0,YBK Jaiswal,Suyash Sharma|JJ Roy|Rahmanullah Gurbaz|VR Iyer|N Rana|AD Russell|RK Singh|SN Thakur|AS Roy|SP Narine|Harshit Rana|CV Varun,YBK Jaiswal|JC Buttler|SV Samson|JE Root|Dhruv Jurel|SO Hetmyer|R Ashwin|Sandeep Sharma|KM Asif|TA Boult|YS Chahal,Kolkata Knight Riders,149,8,Rajasthan Royals,151.0,1.0
1359531,57.0,2023,2023-05-12,"Wankhede Stadium, Mumbai",Mumbai,Mumbai Indians,Gujarat Titans,Gujarat Titans,field,0.0,Mumbai Indians,27.0,,SA Yadav,Akash Madhwal|Ishan Kishan|RG Sharma|SA Yadav|N Wadhera|Vishnu Vinod|TH David|C Green|CJ Jordan|PP Chawla|JP Behrendorff|K Kartikeya,MM Sharma|WP Saha|Shubman Gill|HH Pandya|V Shankar|DA Miller|A Manohar|R Tewatia|Rashid Khan|Noor Ahmad|AS Joseph|Mohammed Shami,Mumbai Indians,218,5,Gujarat Titans,191.0,8.0
1359532,58.0,2023,2023-05-13,"Rajiv Gandhi International Stadium, Uppal, Hyderabad",Hyderabad,Sunrisers Hyderabad,Lucknow Super Giants,Sunrisers Hyderabad,bat,0.0,Lucknow Super Giants,,7.0,PN Mankad,Vivrant Sharma|Anmolpreet Singh|Abhishek Sharma|RA Tripathi|AK Markram|H Klaasen|GD Phillips|Abdul Samad|B Kumar|T Natarajan|M Markande|Fazalhaq Farooqi,A Mishra|KR Mayers|Q de Kock|PN Mankad|MP Stoinis|N Pooran|KH Pandya|Yash Thakur|Ravi Bishnoi|Yudhvir Singh|Avesh Khan|A Badoni,Sunrisers Hyderabad,182,6,Lucknow Super Giants,185.0,3.0
1359533,59.0,2023,2023-05-13,"Arun Jaitley Stadium, Delhi",Delhi,Punjab Kings,Delhi Capitals,Delhi Capitals,field,0.0,Punjab Kings,31.0,,P Simran Singh,NT Ellis|P Simran Singh|S Dhawan|LS Livingstone|JM Sharma|SM Curran|Harpreet Brar|M Shahrukh Khan|Sikandar Raza|R Dhawan|RD Chahar|Arshdeep Singh,KK Ahmed|DA Warner|PD Salt|MR Marsh|RR Rossouw|AR Patel|MK Pandey|Aman Hakim Khan|P Dubey|Kuldeep Yadav|Mukesh Kumar|I Sharma,Punjab Kings,167,7,Delhi Capitals,136.0,8.0
1359534,60.0,2023,2023-05-14,"Sawai Mansingh Stadium, Jaipur",Jaipur,Royal Challengers Bangalore,Rajasthan Royals,Royal Challengers Bangalore,bat,1.0,Royal Challengers Bangalore,112.0,,WD Parnell,Shahbaz Ahmed|V Kohli|F du Plessis|GJ Maxwell|MK Lomror|KD Karthik|MG Bracewell|Anuj Rawat|WD Parnell|KV Sharma|HV Patel|Mohammed Siraj,YS Chahal|YBK Jaiswal|JC Buttler|SV Samson|JE Root|D Padikkal|SO Hetmyer|Dhruv Jurel|R Ashwin|A Zampa|Sandeep Sharma|KM Asif,Royal Challengers Bangalore,171,5,Rajasthan Royals,59.0,10.0
1359535,61.0,2023,2023-05-14,"MA Chidambaram Stadium, Chepauk, Chennai",Chennai,Chennai Super Kings,Kolkata Knight Riders,Chennai Super Kings,bat,0.0,Kolkata Knight Riders,,6.0,RK Singh,M Pathirana|RD Gaikwad|DP Conway|AM Rahane|AT Rayudu|S Dube|MM Ali|RA Jadeja|MS Dhoni|DL Chahar|TU Deshpande|M Theekshana,Suyash Sharma|JJ Roy|Rahmanullah Gurbaz|VR Iyer|N Rana|RK Singh|AD Russell|SN Thakur|SP Narine|VG Arora|Harshit Rana|CV Varun,Chennai Super Kings,144,6,Kolkata Knight Riders,147.0,4.0
1359536,62.0,2023,2023-05-15,"Narendra Modi Stadium, Ahmedabad",Ahmedabad,Gujarat Titans,Sunrisers Hyderabad,Sunrisers Hyderabad,field,0.0,Gujarat Titans,34.0,,Shubman Gill,Yash Dayal|WP Saha|Shubman Gill|B Sai Sudharsan|HH Pandya|DA Miller|R Tewatia|MD Shanaka|Rashid Khan|Noor Ahmad|Mohammed Shami|MM Sharma,T Natarajan|Anmolpreet Singh|Abhishek Sharma|AK Markram|RA Tripathi|H Klaasen|Sanvir Singh|Abdul Samad|M Jansen|B Kumar|M Markande|Fazalhaq Farooqi,Gujarat Titans,188,9,Sunrisers Hyderabad,154.0,9.0
1359537,63.0,2023,2023-05-16,"Bharat Ratna Shri Atal Bihari Vajpayee Ekana Cricket Stadium, Lucknow",Lucknow,Lucknow Super Giants,Mumbai Indians,Mumbai Indians,field,0.0,Lucknow Super Giants,5.0,,MP Stoinis,Yash Thakur|DJ Hooda|Q de Kock|PN Mankad|KH Pandya|MP Stoinis|N Pooran|A Badoni|Naveen-ul-Haq|Ravi Bishnoi|Swapnil Singh|Mohsin Khan,Akash Madhwal|Ishan Kishan|RG Sharma|SA Yadav|N Wadhera|TH David|Vishnu Vinod|C Green|CJ Jordan|HR Shokeen|PP Chawla|JP Behrendorff,Lucknow Super Giants,177,4,Mumbai Indians,172.0,5.0
1359538,64.0,2023,2023-05-17,"Himachal Pradesh Cricket Association Stadium, Dharamsala",Dharamsala,Delhi Capitals,Punjab Kings,Punjab Kings,field,0.0,Delhi Capitals,15.0,,RR Rossouw,Mukesh Kumar|DA Warner|PP Shaw|RR Rossouw|PD Salt|AR Patel|Aman Hakim Khan|YV Dhull|Kuldeep Yadav|A Nortje|I Sharma|KK Ahmed,NT Ellis|P Simran Singh|S Dhawan|Atharva Taide|LS Livingstone|JM Sharma|M Shahrukh Khan|SM Curran|Harpreet Brar|RD Chahar|K Rabada|Arshdeep Singh,Delhi Capitals,213,2,Punjab Kings,198.0,8.0
1359539,65.0,2023,2023-05-18,"Rajiv Gandhi International Stadium, Uppal, Hyderabad",Hyderabad,Sunrisers Hyderabad,Royal Challengers Bangalore,Royal Challengers Bangalore,field,1.0,Royal Challengers Bangalore,,8.0,V Kohli,T Natarajan|Abhishek Sharma|RA Tripathi|AK Markram|H Klaasen|HC Brook|GD Phillips|Abdul Samad|B Kumar|Kartik Tyagi|Mayank Dagar|Nithish Kumar Reddy,V Kohli|F du Plessis|GJ Maxwell|MG Bracewell|MK Lomror|Anuj Rawat|Shahbaz Ahmed|HV Patel|WD Parnell|KV Sharma|Mohammed Siraj,Sunrisers Hyderabad,186,5,Royal Challengers Bangalore,187.0,2.0
1359540,66.0,2023,2023-05-19,"Himachal Pradesh Cricket Association Stadium, Dharamsala",Dharamsala,Punjab Kings,Rajasthan Royals,Rajasthan Royals,field,1.0,Rajasthan Royals,,4.0,D Padikkal,NT Ellis|P Simran Singh|S Dhawan|Atharva Taide|LS Livingstone|SM Curran|JM Sharma|M Shahrukh Khan|Harpreet Brar|RD Chahar|K Rabada|Arshdeep Singh,YS Chahal|YBK Jaiswal|JC Buttler|D Padikkal|SV Samson|SO Hetmyer|R Parag|Dhruv Jurel|TA Boult|A Zampa|Navdeep Saini|Sandeep Sharma,Punjab Kings,187,5,Rajasthan Royals,189.0,6.0
1359541,67.0,2023,2023-05-20,"Arun Jaitley Stadium, Delhi",Delhi,Chennai Super Kings,Delhi Capitals,Chennai Super Kings,bat,1.0,Chennai Super Kings,77.0,,RD Gaikwad,M Pathirana|RD Gaikwad|DP Conway|S Dube|MS Dhoni|RA Jadeja|AM Rahane|MM Ali|AT Rayudu|DL Chahar|TU Deshpande|M Theekshana,KK Ahmed|PP Shaw|DA Warner|PD Salt|RR Rossouw|YV Dhull|AR Patel|Aman Hakim Khan|Lalit Yadav|A Nortje|Kuldeep Yadav|C Sakariya,Chennai Super Kings,223,3,Delhi Capitals,146.0,9.0
1359542,68.0,2023,2023-05-20,"Eden Gardens, Kolkata",Kolkata,Lucknow Super Giants,Kolkata Knight Riders,Kolkata Knight Riders,field,0.0,Lucknow Super Giants,1.0,,N Pooran,Yash Thakur|KS Sharma|Q de Kock|PN Mankad|MP Stoinis|KH Pandya|A Badoni|N Pooran|K Gowtham|Ravi Bishnoi|Naveen-ul-Haq|Mohsin Khan,Harshit Rana|JJ Roy|VR Iyer|N Rana|Rahmanullah Gurbaz|RK Singh|AD Russell|SN Thakur|SP Narine|VG Arora|CV Varun|Suyash Sharma,Lucknow Super Giants,176,8,Kolkata Knight Riders,175.0,7.0
1359543,69.0,2023,2023-05-21,"Wankhede Stadium, Mumbai",Mumbai,Sunrisers Hyderabad,Mumbai Indians,Mumbai Indians,field,1.0,Mumbai Indians,,8.0,C Green,Kartik Tyagi|Vivrant Sharma|MA Agarwal|H Klaasen|GD Phillips|AK Markram|HC Brook|Sanvir Singh|Nithish Kumar Reddy|Mayank Dagar|B Kumar|Umran Malik,Ishan Kishan|RG Sharma|C Green|SA Yadav|TH David|N Wadhera|CJ Jordan|PP Chawla|JP Behrendorff|K Kartikeya|Akash Madhwal,Sunrisers Hyderabad,200,5,Mumbai Indians,201.0,2.0
1359544,70.0,2023,2023-05-21,"M Chinnaswamy Stadium, Bengaluru",Bengaluru,Royal Challengers Bangalore,Gujarat Titans,Gujarat Titans,field,1.0,Gujarat Titans,,6.0,Shubman Gill,H Sharma|V Kohli|F du Plessis|GJ Maxwell|MK Lomror|MG Bracewell|KD Karthik|Anuj Rawat|HV Patel|WD Parnell|Vijaykumar Vyshak|Mohammed Siraj,Yash Dayal|WP Saha|Shubman Gill|V Shankar|MD Shanaka|DA Miller|R Tewatia|HH Pandya|Rashid Khan|Noor Ahmad|Mohammed Shami|MM Sharma,Royal Challengers Bangalore,197,5,Gujarat Titans,198.0,4.0
1370350,,2023,2023-05-23,"MA Chidambaram Stadium, Chepauk, Chennai",Chennai,Chennai Super Kings,Gujarat Titans,Gujarat Titans,field,0.0,Chennai Super Kings,15.0,,RD Gaikwad,M Pathirana|RD Gaikwad|DP Conway|S Dube|AM Rahane|AT Rayudu|RA Jadeja|MS Dhoni|MM Ali|DL Chahar|TU Deshpande|M Theekshana,MM Sharma|WP Saha|Shubman Gill|HH Pandya|MD Shanaka|DA Miller|V Shankar|R Tewatia|Rashid Khan|DG Nalkande|Noor Ahmad|Mohammed Shami,Chennai Super Kings,172,7,Gujarat Titans,157.0,10.0
1370351,,2023,2023-05-24,"MA Chidambaram Stadium, Chepauk, Chennai",Chennai,Mumbai Indians,Lucknow Super Giants,Mumbai Indians,bat,1.0,Mumbai Indians,81.0,,Akash Madhwal,Ishan Kishan|RG Sharma|C Green|SA Yadav|Tilak Varma|TH David|N Wadhera|CJ Jordan|HR Shokeen|PP Chawla|JP Behrendorff|Akash Madhwal,Yash Thakur|KR Mayers|PN Mankad|KH Pandya|MP Stoinis|A Badoni|N Pooran|DJ Hooda|K Gowtham|Ravi Bishnoi|Naveen-ul-Haq|Mohsin Khan,Mumbai Indians,182,8,Lucknow Super Giants,101.0,10.0
1370352,,2023,2023-05-26,"Narendra Modi Stadium, Ahmedabad",Ahmedabad,Gujarat Titans,Mumbai Indians,Mumbai Indians,field,0.0,Gujarat Titans,62.0,,Shubman Gill,J Little|WP Saha|Shubman Gill|B Sai Sudharsan|HH Pandya|Rashid Khan|DA Miller|R Tewatia|V Shankar|Noor Ahmad|Mohammed Shami|MM Sharma,Ishan Kishan|Akash Madhwal|RG Sharma|N Wadhera|C Green|SA Yadav|Tilak Varma|Vishnu Vinod|TH David|CJ Jordan|PP Chawla|K Kartikeya|JP Behrendorff,Gujarat Titans,233,3,Mumbai Indians,171.0,10.0
1370353,,2023,2023-05-29,"Narendra Modi Stadium, Ahmedabad",Ahmedabad,Gujarat Titans,Chennai Super Kings,Chennai Super Kings,field,1.0,Chennai Super Kings,,5.0,DP Conway,WP Saha|Shubman Gill|B Sai Sudharsan|HH Pandya|Rashid Khan|V Shankar|DA Miller|R Tewatia|MM Sharma|Noor Ahmad|Mohammed Shami|J Little,RD Gaikwad|DP Conway|S Dube|AM Rahane|AT Rayudu|MS Dhoni|RA Jadeja|MM Ali|DL Chahar|M Pathirana|TU Deshpande|M Theekshana,Gujarat Titans,214,4,Chennai Super Kings,171.0,5.0
1422119,1.0,2024,2024-03-22,"MA Chidambaram Stadium, Chepauk, Chennai",Chennai,Royal Challengers Bengaluru,Chennai Super Kings,Royal Challengers Bengaluru,bat,0.0,Chennai Super Kings,,6.0,Mustafizur Rahman,V Kohli|F du Plessis|RM Patidar|GJ Maxwell|C Green|Anuj Rawat|KD Karthik|KV Sharma|AS Joseph|Mayank Dagar|Mohammed Siraj|Yash Dayal,RD Gaikwad|R Ravindra|AM Rahane|DJ Mitchell|S Dube|RA Jadeja|Sameer Rizvi|MS Dhoni|DL Chahar|M Theekshana|TU Deshpande|Mustafizur Rahman,Royal Challengers Bengaluru,173,6,Chennai Super Kings,176.0,4.0
1422120,2.0,2024,2024-03-23,"Maharaja Yadavindra Singh International Cricket Stadium, Mullanpur",Mohali,Delhi Capitals,Punjab Kings,Punjab Kings,field,1.0,Punjab Kings,,4.0,SM Curran,DA Warner|MR Marsh|SD Hope|RR Pant|RK Bhui|T Stubbs|AR Patel|Sumit Kumar|Abishek Porel|Kuldeep Yadav|KK Ahmed|I Sharma,Arshdeep Singh|S Dhawan|JM Bairstow|P Simran Singh|SM Curran|JM Sharma|LS Livingstone|Shashank Singh|Harpreet Brar|HV Patel|K Rabada|RD Chahar,Delhi Capitals,174,9,Punjab Kings,177.0,6.0
1422121,3.0,2024,2024-03-23,"Eden Gardens, Kolkata",Kolkata,Kolkata Knight Riders,Sunrisers Hyderabad,Sunrisers Hyderabad,field,0.0,Kolkata Knight Riders,4.0,,AD Russell,Suyash Sharma|PD Salt|SP Narine|VR Iyer|SS Iyer|N Rana|Ramandeep Singh|RK Singh|AD Russell|MA Starc|Harshit Rana|CV Varun,T Natarajan|MA Agarwal|Abhishek Sharma|RA Tripathi|AK Markram|H Klaasen|Abdul Samad|Shahbaz Ahmed|M Jansen|PJ Cummins|B Kumar|M Markande,Kolkata Knight Riders,208,7,Sunrisers Hyderabad,204.0,7.0
1422122,4.0,2024,2024-03-24,"Sawai Mansingh Stadium, Jaipur",Jaipur,Rajasthan Royals,Lucknow Super Giants,Rajasthan Royals,bat,1.0,Rajasthan Royals,20.0,,SV Samson,YBK Jaiswal|JC Buttler|SV Samson|R Parag|SO Hetmyer|Dhruv Jurel|R Ashwin|Sandeep Sharma|YS Chahal|Avesh Khan|TA Boult|N Burger,Q de Kock|KL Rahul|D Padikkal|A Badoni|DJ Hooda|N Pooran|MP Stoinis|KH Pandya|Ravi Bishnoi|Mohsin Khan|Naveen-ul-Haq|Yash Thakur,Rajasthan Royals,193,4,Lucknow Super Giants,173.0,6.0
1422123,5.0,2024,2024-03-24,"Narendra Modi Stadium, Ahmedabad",Ahmedabad,Gujarat Titans,Mumbai Indians,Mumbai Indians,field,0.0,Gujarat Titans,6.0,,B Sai Sudharsan,MM Sharma|WP Saha|Shubman Gill|B Sai Sudharsan|Azmatullah Omarzai|DA Miller|V Shankar|R Tewatia|Rashid Khan|UT Yadav|R Sai Kishore|SH Johnson,L Wood|Ishan Kishan|RG Sharma|Naman Dhir|D Brevis|Tilak Varma|TH David|HH Pandya|G Coetzee|SZ Mulani|PP Chawla|JJ Bumrah,Gujarat Titans,168,6,Mumbai Indians,162.0,9.0
1422124,6.0,2024,2024-03-25,"M Chinnaswamy Stadium, Bengaluru",Bengaluru,Punjab Kings,Royal Challengers Bengaluru,Royal Challengers Bengaluru,field,1.0,Royal Challengers Bengaluru,,4.0,V Kohli,Arshdeep Singh|S Dhawan|JM Bairstow|P Simran Singh|LS Livingstone|SM Curran|JM Sharma|Shashank Singh|Harpreet Brar|HV Patel|K Rabada|RD Chahar,Yash Dayal|V Kohli|F du Plessis|C Green|RM Patidar|GJ Maxwell|Anuj Rawat|KD Karthik|MK Lomror|AS Joseph|Mayank Dagar|Mohammed Siraj,Punjab Kings,176,6,Royal Challengers Bengaluru,178.0,6.0
1422125,7.0,2024,2024-03-26,"MA Chidambaram Stadium, Chepauk, Chennai",Chennai,Chennai Super Kings,Gujarat Titans,Gujarat Titans,field,0.0,Chennai Super Kings,63.0,,S Dube,M Pathirana|RD Gaikwad|R Ravindra|AM Rahane|S Dube|DJ Mitchell|Sameer Rizvi|RA Jadeja|MS Dhoni|DL Chahar|TU Deshpande|Mustafizur Rahman,MM Sharma|WP Saha|Shubman Gill|B Sai Sudharsan|V Shankar|DA Miller|Azmatullah Omarzai|R Tewatia|Rashid Khan|UT Yadav|SH Johnson|R Sai Kishore,Chennai Super Kings,206,6,Gujarat Titans,143.0,8.0
1422126,8.0,2024,2024-03-27,"Rajiv Gandhi International Stadium, Uppal, Hyderabad",Hyderabad,Sunrisers Hyderabad,Mumbai Indians,Mumbai Indians,field,0.0,Sunrisers Hyderabad,31.0,,Abhishek Sharma,Umran Malik|MA Agarwal|TM Head|Abhishek Sharma|AK Markram|H Klaasen|Abdul Samad|Shahbaz Ahmed|PJ Cummins|B Kumar|M Markande|JD Unadkat,KT Maphaka|RG Sharma|Ishan Kishan|Naman Dhir|Tilak Varma|HH Pandya|TH David|R Shepherd|G Coetzee|JJ Bumrah|PP Chawla|SZ Mulani,Sunrisers Hyderabad,277,3,Mumbai Indians,246.0,5.0
1422127,9.0,2024,2024-03-28,"Sawai Mansingh Stadium, Jaipur",Jaipur,Rajasthan Royals,Delhi Capitals,Delhi Capitals,field,0.0,Rajasthan Royals,12.0,,R Parag,N Burger|YBK Jaiswal|JC Buttler|SV Samson|R Parag|R Ashwin|Dhruv Jurel|SO Hetmyer|TA Boult|Avesh Khan|Sandeep Sharma|YS Chahal,KK Ahmed|DA Warner|MR Marsh|RK Bhui|RR Pant|T Stubbs|Abishek Porel|AR Patel|Sumit Kumar|Kuldeep Yadav|A Nortje|Mukesh Kumar,Rajasthan Royals,185,5,Delhi Capitals,173.0,5.0
1422128,10.0,2024,2024-03-29,"M Chinnaswamy Stadium, Bengaluru",Bengaluru,Royal Challengers Bengaluru,Kolkata Knight Riders,Kolkata Knight Riders,field,1.0,Kolkata Knight Riders,,7.0,SP Narine,Vijaykumar Vyshak|V Kohli|F du Plessis|C Green|GJ Maxwell|RM Patidar|Anuj Rawat|KD Karthik|AS Joseph|Mayank Dagar|Mohammed Siraj|Yash Dayal,CV Varun|PD Salt|SP Narine|VR Iyer|SS Iyer|RK Singh|AD Russell|Ramandeep Singh|MA Starc|AS Roy|Harshit Rana|A Raghuvanshi,Royal Challengers Bengaluru,182,6,Kolkata Knight Riders,186.0,3.0
1422129,11.0,2024,2024-03-30,"Bharat Ratna Shri Atal Bihari Vajpayee Ekana Cricket Stadium, Lucknow",Lucknow,Lucknow Super Giants,Punjab Kings,Lucknow Super Giants,bat,1.0,Lucknow Super Giants,21.0,,MP Yadav,Q de Kock|KL Rahul|D Padikkal|MP Stoinis|N Pooran|A Badoni|KH Pandya|Ravi Bishnoi|Mohsin Khan|Naveen-ul-Haq|MP Yadav|M Siddharth,Arshdeep Singh|S Dhawan|JM Bairstow|P Simran Singh|JM Sharma|LS Livingstone|SM Curran|Shashank Singh|Harpreet Brar|HV Patel|K Rabada|RD Chahar,Lucknow Super Giants,199,8,Punjab Kings,178.0,5.0
1422130,12.0,2024,2024-03-31,"Narendra Modi Stadium, Ahmedabad",Ahmedabad,Sunrisers Hyderabad,Gujarat Titans,Sunrisers Hyderabad,bat,0.0,Gujarat Titans,,7.0,MM Sharma,TM Head|MA Agarwal|Abhishek Sharma|AK Markram|H Klaasen|Shahbaz Ahmed|Abdul Samad|Washington Sundar|PJ Cummins|B Kumar|M Markande|JD Unadkat,MM Sharma|WP Saha|Shubman Gill|B Sai Sudharsan|DA Miller|V Shankar|Azmatullah Omarzai|R Tewatia|Rashid Khan|UT Yadav|Noor Ahmad|DG Nalkande,Sunrisers Hyderabad,162,8,Gujarat Titans,168.0,3.0
1422131,13.0,2024,2024-03-31,"Dr. Y.S. Rajasekhara Reddy ACA-VDCA Cricket Stadium, Visakhapatnam",Visakhapatnam,Delhi Capitals,Chennai Super Kings,Delhi Capitals,bat,1.0,Delhi Capitals,20.0,,KK Ahmed,Rasikh Salam|PP Shaw|DA Warner|RR Pant|MR Marsh|T Stubbs|AR Patel|Abishek Porel|A Nortje|Mukesh Kumar|I Sharma|KK Ahmed,M Pathirana|RD Gaikwad|R Ravindra|AM Rahane|DJ Mitchell|S Dube|Sameer Rizvi|RA Jadeja|MS Dhoni|DL Chahar|TU Deshpande|Mustafizur Rahman,Delhi Capitals,191,5,Chennai Super Kings,171.0,6.0
1422132,14.0,2024,2024-04-01,"Wankhede Stadium, Mumbai",Mumbai,Mumbai Indians,Rajasthan Royals,Rajasthan Royals,field,1.0,Rajasthan Royals,,6.0,TA Boult,Ishan Kishan|RG Sharma|Naman Dhir|D Brevis|Tilak Varma|HH Pandya|PP Chawla|TH David|G Coetzee|JJ Bumrah|Akash Madhwal|KT Maphaka,YS Chahal|YBK Jaiswal|JC Buttler|SV Samson|R Parag|R Ashwin|SB Dubey|Dhruv Jurel|SO Hetmyer|TA Boult|Avesh Khan|N Burger,Mumbai Indians,125,9,Rajasthan Royals,127.0,4.0
1422133,15.0,2024,2024-04-02,"M Chinnaswamy Stadium, Bengaluru",Bengaluru,Lucknow Super Giants,Royal Challengers Bengaluru,Royal Challengers Bengaluru,field,0.0,Lucknow Super Giants,28.0,,MP Yadav,M Siddharth|Q de Kock|KL Rahul|D Padikkal|MP Stoinis|N Pooran|A Badoni|KH Pandya|Ravi Bishnoi|Yash Thakur|Naveen-ul-Haq|MP Yadav,Yash Dayal|V Kohli|F du Plessis|RM Patidar|GJ Maxwell|C Green|Anuj Rawat|MK Lomror|KD Karthik|Mayank Dagar|RJW Topley|Mohammed Siraj,Lucknow Super Giants,181,5,Royal Challengers Bengaluru,153.0,10.0
1422134,16.0,2024,2024-04-03,"Dr. Y.S. Rajasekhara Reddy ACA-VDCA Cricket Stadium, Visakhapatnam",Visakhapatnam,Kolkata Knight Riders,Delhi Capitals,Kolkata Knight Riders,bat,1.0,Kolkata Knight Riders,106.0,,SP Narine,VG Arora|PD Salt|SP Narine|A Raghuvanshi|AD Russell|SS Iyer|RK Singh|VR Iyer|Ramandeep Singh|MA Starc|Harshit Rana|CV Varun,KK Ahmed|DA Warner|PP Shaw|MR Marsh|Abishek Porel|RR Pant|T Stubbs|AR Patel|Sumit Kumar|Rasikh Salam|A Nortje|I Sharma,Kolkata Knight Riders,272,7,Delhi Capitals,166.0,10.0
1422135,17.0,2024,2024-04-04,"Narendra Modi Stadium, Ahmedabad",Ahmedabad,Gujarat Titans,Punjab Kings,Punjab Kings,field,1.0,Punjab Kings,,3.0,Shashank Singh,MM Sharma|WP Saha|Shubman Gill|KS Williamson|B Sai Sudharsan|V Shankar|R Tewatia|Azmatullah Omarzai|Rashid Khan|Noor Ahmad|UT Yadav|DG Nalkande,Arshdeep Singh|S Dhawan|JM Bairstow|P Simran Singh|SM Curran|Sikandar Raza|Shashank Singh|JM Sharma|Ashutosh Sharma|Harpreet Brar|HV Patel|K Rabada,Gujarat Titans,199,4,Punjab Kings,200.0,7.0
1422136,18.0,2024,2024-04-05,"Rajiv Gandhi International Stadium, Uppal, Hyderabad",Hyderabad,Chennai Super Kings,Sunrisers Hyderabad,Sunrisers Hyderabad,field,1.0,Sunrisers Hyderabad,,6.0,Abhishek Sharma,Mukesh Choudhary|R Ravindra|RD Gaikwad|AM Rahane|S Dube|RA Jadeja|DJ Mitchell|MS Dhoni|MM Ali|DL Chahar|TU Deshpande|M Theekshana,T Natarajan|TM Head|Abhishek Sharma|AK Markram|Shahbaz Ahmed|H Klaasen|Nithish Kumar Reddy|Abdul Samad|PJ Cummins|B Kumar|M Markande|JD Unadkat,Chennai Super Kings,165,5,Sunrisers Hyderabad,166.0,4.0
1422137,19.0,2024,2024-04-06,"Sawai Mansingh Stadium, Jaipur",Jaipur,Royal Challengers Bengaluru,Rajasthan Royals,Rajasthan Royals,field,1.0,Rajasthan Royals,,6.0,JC Buttler,H Sharma|V Kohli|F du Plessis|GJ Maxwell|Saurav Chauhan|C Green|RM Patidar|KD Karthik|RJW Topley|Mayank Dagar|Mohammed Siraj|Yash Dayal,YS Chahal|YBK Jaiswal|JC Buttler|SV Samson|R Parag|Dhruv Jurel|SO Hetmyer|R Ashwin|TA Boult|Avesh Khan|N Burger|SB Dubey,Royal Challengers Bengaluru,183,3,Rajasthan Royals,189.0,4.0
1422138,20.0,2024,2024-04-07,"Wankhede Stadium, Mumbai",Mumbai,Mumbai Indians,Delhi Capitals,Delhi Capitals,field,0.0,Mumbai Indians,29.0,,R Shepherd,Akash Madhwal|RG Sharma|Ishan Kishan|SA Yadav|HH Pandya|Tilak Varma|TH David|R Shepherd|Mohammad Nabi|G Coetzee|PP Chawla|JJ Bumrah,KK Ahmed|PP Shaw|DA Warner|Abishek Porel|T Stubbs|RR Pant|AR Patel|Lalit Yadav|Kumar Kushagra|JA Richardson|A Nortje|I Sharma,Mumbai Indians,234,5,Delhi Capitals,205.0,8.0
1422139,21.0,2024,2024-04-07,"Bharat Ratna Shri Atal Bihari Vajpayee Ekana Cricket Stadium, Lucknow",Lucknow,Lucknow Super Giants,Gujarat Titans,Lucknow Super Giants,bat,1.0,Lucknow Super Giants,33.0,,Yash Thakur,M Siddharth|Q de Kock|KL Rahul|D Padikkal|MP Stoinis|N Pooran|A Badoni|KH Pandya|Ravi Bishnoi|Naveen-ul-Haq|Yash Thakur|MP Yadav,MM Sharma|B Sai Sudharsan|Shubman Gill|KS Williamson|BR Sharath|V Shankar|DG Nalkande|R Tewatia|Rashid Khan|UT Yadav|SH Johnson|Noor Ahmad,Lucknow Super Giants,163,5,Gujarat Titans,130.0,10.0
1426260,22.0,2024,2024-04-08,"MA Chidambaram Stadium, Chepauk, Chennai",Chennai,Kolkata Knight Riders,Chennai Super Kings,Chennai Super Kings,field,1.0,Chennai Super Kings,,7.0,RA Jadeja,PD Salt|SP Narine|A Raghuvanshi|SS Iyer|VR Iyer|Ramandeep Singh|RK Singh|AD Russell|AS Roy|MA Starc|VG Arora|CV Varun,Mustafizur Rahman|R Ravindra|RD Gaikwad|DJ Mitchell|S Dube|MS Dhoni|AM Rahane|Sameer Rizvi|RA Jadeja|SN Thakur|TU Deshpande|M Theekshana,Kolkata Knight Riders,137,9,Chennai Super Kings,141.0,3.0
1426261,23.0,2024,2024-04-09,"Maharaja Yadavindra Singh International Cricket Stadium, Mullanpur",Mohali,Sunrisers Hyderabad,Punjab Kings,Punjab Kings,field,0.0,Sunrisers Hyderabad,2.0,,Nithish Kumar Reddy,TM Head|Abhishek Sharma|AK Markram|Nithish Kumar Reddy|RA Tripathi|H Klaasen|Abdul Samad|Shahbaz Ahmed|PJ Cummins|B Kumar|JD Unadkat|T Natarajan,Arshdeep Singh|S Dhawan|JM Bairstow|P Simran Singh|SM Curran|Sikandar Raza|Shashank Singh|JM Sharma|Ashutosh Sharma|Harpreet Brar|HV Patel|K Rabada,Sunrisers Hyderabad,182,9,Punjab Kings,180.0,6.0
1426262,24.0,2024,2024-04-10,"Sawai Mansingh Stadium, Jaipur",Jaipur,Rajasthan Royals,Gujarat Titans,Gujarat Titans,field,1.0,Gujarat Titans,,3.0,Rashid Khan,KA Maharaj|YBK Jaiswal|JC Buttler|SV Samson|R Parag|SO Hetmyer|Dhruv Jurel|R Ashwin|TA Boult|Avesh Khan|KR Sen|YS Chahal,MM Sharma|B Sai Sudharsan|Shubman Gill|MS Wade|A Manohar|V Shankar|R Tewatia|M Shahrukh Khan|Rashid Khan|Noor Ahmad|UT Yadav|SH Johnson,Rajasthan Royals,196,3,Gujarat Titans,199.0,7.0
1426263,25.0,2024,2024-04-11,"Wankhede Stadium, Mumbai",Mumbai,Royal Challengers Bengaluru,Mumbai Indians,Mumbai Indians,field,1.0,Mumbai Indians,,7.0,JJ Bumrah,V Kohli|F du Plessis|WG Jacks|RM Patidar|GJ Maxwell|KD Karthik|MK Lomror|Saurav Chauhan|Vijaykumar Vyshak|Akash Deep|RJW Topley|Mohammed Siraj,Akash Madhwal|Ishan Kishan|RG Sharma|SA Yadav|HH Pandya|Tilak Varma|TH David|Mohammad Nabi|R Shepherd|S Gopal|JJ Bumrah|G Coetzee,Royal Challengers Bengaluru,196,8,Mumbai Indians,199.0,3.0
1426264,26.0,2024,2024-04-12,"Bharat Ratna Shri Atal Bihari Vajpayee Ekana Cricket Stadium, Lucknow",Lucknow,Lucknow Super Giants,Delhi Capitals,Lucknow Super Giants,bat,0.0,Delhi Capitals,,6.0,Kuldeep Yadav,Q de Kock|KL Rahul|D Padikkal|MP Stoinis|N Pooran|DJ Hooda|A Badoni|KH Pandya|Arshad Khan|Ravi Bishnoi|Naveen-ul-Haq|Yash Thakur,KK Ahmed|PP Shaw|DA Warner|J Fraser-McGurk|RR Pant|T Stubbs|SD Hope|AR Patel|Kuldeep Yadav|Mukesh Kumar|I Sharma|Abishek Porel,Lucknow Super Giants,167,7,Delhi Capitals,170.0,4.0
1426265,27.0,2024,2024-04-13,"Maharaja Yadavindra Singh International Cricket Stadium, Mullanpur",Mohali,Punjab Kings,Rajasthan Royals,Rajasthan Royals,field,1.0,Rajasthan Royals,,3.0,SO Hetmyer,Atharva Taide|JM Bairstow|P Simran Singh|SM Curran|JM Sharma|Shashank Singh|LS Livingstone|Ashutosh Sharma|Harpreet Brar|HV Patel|K Rabada|Arshdeep Singh,KR Sen|YBK Jaiswal|Tanush Kotian|SV Samson|R Parag|Dhruv Jurel|SO Hetmyer|R Powell|KA Maharaj|TA Boult|Avesh Khan|YS Chahal,Punjab Kings,147,8,Rajasthan Royals,152.0,7.0
1426266,28.0,2024,2024-04-14,"Eden Gardens, Kolkata",Kolkata,Lucknow Super Giants,Kolkata Knight Riders,Kolkata Knight Riders,field,1.0,Kolkata Knight Riders,,8.0,PD Salt,Q de Kock|KL Rahul|DJ Hooda|A Badoni|MP Stoinis|N Pooran|KH Pandya|Arshad Khan (2)|Mohsin Khan|Ravi Bishnoi|S Joseph|Yash Thakur,CV Varun|PD Salt|SP Narine|A Raghuvanshi|SS Iyer|VR Iyer|AD Russell|Ramandeep Singh|MA Starc|VG Arora|Harshit Rana|RK Singh,Lucknow Super Giants,161,7,Kolkata Knight Riders,162.0,2.0
1426267,29.0,2024,2024-04-14,"Wankhede Stadium, Mumbai",Mumbai,Chennai Super Kings,Mumbai Indians,Mumbai Indians,field,0.0,Chennai Super Kings,20.0,,M Pathirana,AM Rahane|R Ravindra|RD Gaikwad|S Dube|DJ Mitchell|MS Dhoni|RA Jadeja|Sameer Rizvi|SN Thakur|TU Deshpande|Mustafizur Rahman|M Pathirana,Akash Madhwal|RG Sharma|Ishan Kishan|SA Yadav|Tilak Varma|HH Pandya|TH David|R Shepherd|Mohammad Nabi|S Gopal|JJ Bumrah|G Coetzee,Chennai Super Kings,206,4,Mumbai Indians,186.0,6.0
1426268,30.0,2024,2024-04-15,"M Chinnaswamy Stadium, Bengaluru",Bengaluru,Sunrisers Hyderabad,Royal Challengers Bengaluru,Royal Challengers Bengaluru,field,0.0,Sunrisers Hyderabad,25.0,,TM Head,M Markande|Abhishek Sharma|TM Head|H Klaasen|AK Markram|Abdul Samad|Shahbaz Ahmed|PJ Cummins|B Kumar|JD Unadkat|T Natarajan|Nithish Kumar Reddy,Yash Dayal|V Kohli|F du Plessis|WG Jacks|RM Patidar|Saurav Chauhan|KD Karthik|MK Lomror|Anuj Rawat|Vijaykumar Vyshak|RJW Topley|LH Ferguson,Sunrisers Hyderabad,287,3,Royal Challengers Bengaluru,262.0,7.0
1426269,31.0,2024,2024-04-16,"Eden Gardens, Kolkata",Kolkata,Kolkata Knight Riders,Rajasthan Royals,Rajasthan Royals,field,1.0,Rajasthan Royals,,2.0,JC Buttler,VG Arora|PD Salt|SP Narine|A Raghuvanshi|SS Iyer|AD Russell|RK Singh|VR Iyer|Ramandeep Singh|MA Starc|CV Varun|Harshit Rana,KR Sen|YBK Jaiswal|JC Buttler|SV Samson|R Parag|Dhruv Jurel|R Ashwin|SO Hetmyer|R Powell|TA Boult|Avesh Khan|YS Chahal,Kolkata Knight Riders,223,6,Rajasthan Royals,224.0,8.0
1426270,32.0,2024,2024-04-17,"Narendra Modi Stadium, Ahmedabad",Ahmedabad,Gujarat Titans,Delhi Capitals,Delhi Capitals,field,1.0,Delhi Capitals,,6.0,RR Pant,WP Saha|Shubman Gill|B Sai Sudharsan|DA Miller|A Manohar|R Tewatia|M Shahrukh Khan|Rashid Khan|MM Sharma|Noor Ahmad|SH Johnson|S Sandeep Warrier,KK Ahmed|PP Shaw|J Fraser-McGurk|Abishek Porel|SD Hope|RR Pant|Sumit Kumar|T Stubbs|AR Patel|Kuldeep Yadav|I Sharma|Mukesh Kumar,Gujarat Titans,89,10,Delhi Capitals,92.0,4.0
1426271,33.0,2024,2024-04-18,"Maharaja Yadavindra Singh International Cricket Stadium, Mullanpur",Mohali,Mumbai Indians,Punjab Kings,Punjab Kings,field,0.0,Mumbai Indians,9.0,,JJ Bumrah,Akash Madhwal|Ishan Kishan|RG Sharma|SA Yadav|Tilak Varma|HH Pandya|TH David|R Shepherd|Mohammad Nabi|G Coetzee|S Gopal|JJ Bumrah,Arshdeep Singh|SM Curran|P Simran Singh|RR Rossouw|LS Livingstone|Harpreet Singh|Shashank Singh|JM Sharma|Ashutosh Sharma|Harpreet Brar|HV Patel|K Rabada,Mumbai Indians,192,7,Punjab Kings,183.0,10.0
1426272,34.0,2024,2024-04-19,"Bharat Ratna Shri Atal Bihari Vajpayee Ekana Cricket Stadium, Lucknow",Lucknow,Chennai Super Kings,Lucknow Super Giants,Lucknow Super Giants,field,1.0,Lucknow Super Giants,,8.0,KL Rahul,AM Rahane|R Ravindra|RD Gaikwad|RA Jadeja|S Dube|Sameer Rizvi|MM Ali|MS Dhoni|DL Chahar|TU Deshpande|Mustafizur Rahman|M Pathirana,Q de Kock|KL Rahul|N Pooran|MP Stoinis|DJ Hooda|A Badoni|KH Pandya|MJ Henry|Ravi Bishnoi|Mohsin Khan|Yash Thakur,Chennai Super Kings,176,6,Lucknow Super Giants,180.0,2.0
1426273,35.0,2024,2024-04-20,"Arun Jaitley Stadium, Delhi",Delhi,Sunrisers Hyderabad,Delhi Capitals,Delhi Capitals,field,0.0,Sunrisers Hyderabad,67.0,,TM Head,TM Head|Abhishek Sharma|AK Markram|H Klaasen|Nithish Kumar Reddy|Shahbaz Ahmed|Abdul Samad|PJ Cummins|Washington Sundar|B Kumar|T Natarajan|M Markande,KK Ahmed|PP Shaw|DA Warner|J Fraser-McGurk|Abishek Porel|T Stubbs|RR Pant|Lalit Yadav|AR Patel|A Nortje|Kuldeep Yadav|Mukesh Kumar,Sunrisers Hyderabad,266,7,Delhi Capitals,199.0,10.0
1426274,36.0,2024,2024-04-21,"Eden Gardens, Kolkata",Kolkata,Kolkata Knight Riders,Royal Challengers Bengaluru,Royal Challengers Bengaluru,field,0.0,Kolkata Knight Riders,1.0,,AD Russell,Suyash Sharma|PD Salt|SP Narine|A Raghuvanshi|VR Iyer|SS Iyer|RK Singh|AD Russell|Ramandeep Singh|MA Starc|CV Varun|Harshit Rana,Yash Dayal|V Kohli|F du Plessis|WG Jacks|RM Patidar|C Green|SS Prabhudessai|MK Lomror|KD Karthik|KV Sharma|Mohammed Siraj|LH Ferguson,Kolkata Knight Riders,222,6,Royal Challengers Bengaluru,221.0,10.0
1426275,37.0,2024,2024-04-21,"Maharaja Yadavindra Singh International Cricket Stadium, Mullanpur",Mohali,Punjab Kings,Gujarat Titans,Punjab Kings,bat,0.0,Gujarat Titans,,3.0,R Sai Kishore,SM Curran|P Simran Singh|RR Rossouw|JM Sharma|LS Livingstone|Shashank Singh|Ashutosh Sharma|Harpreet Singh|Harpreet Brar|HV Patel|K Rabada|Arshdeep Singh,S Sandeep Warrier|WP Saha|Shubman Gill|B Sai Sudharsan|DA Miller|Azmatullah Omarzai|R Tewatia|M Shahrukh Khan|Rashid Khan|R Sai Kishore|Noor Ahmad|MM Sharma,Punjab Kings,142,10,Gujarat Titans,146.0,7.0
1426276,38.0,2024,2024-04-22,"Sawai Mansingh Stadium, Jaipur",Jaipur,Mumbai Indians,Rajasthan Royals,Mumbai Indians,bat,0.0,Rajasthan Royals,,9.0,Sandeep Sharma,N Thushara|RG Sharma|Ishan Kishan|SA Yadav|Tilak Varma|Mohammad Nabi|N Wadhera|HH Pandya|TH David|G Coetzee|PP Chawla|JJ Bumrah,YS Chahal|YBK Jaiswal|JC Buttler|SV Samson|R Powell|R Parag|SO Hetmyer|Dhruv Jurel|R Ashwin|TA Boult|Avesh Khan|Sandeep Sharma,Mumbai Indians,179,9,Rajasthan Royals,183.0,1.0
1426277,39.0,2024,2024-04-23,"MA Chidambaram Stadium, Chepauk, Chennai",Chennai,Chennai Super Kings,Lucknow Super Giants,Lucknow Super Giants,field,1.0,Lucknow Super Giants,,6.0,MP Stoinis,SN Thakur|AM Rahane|RD Gaikwad|DJ Mitchell|RA Jadeja|S Dube|MS Dhoni|MM Ali|DL Chahar|TU Deshpande|Mustafizur Rahman|M Pathirana,Yash Thakur|Q de Kock|KL Rahul|MP Stoinis|D Padikkal|N Pooran|DJ Hooda|A Badoni|KH Pandya|MJ Henry|Ravi Bishnoi|Mohsin Khan,Chennai Super Kings,210,4,Lucknow Super Giants,213.0,4.0
1426278,40.0,2024,2024-04-24,"Arun Jaitley Stadium, Delhi",Delhi,Delhi Capitals,Gujarat Titans,Gujarat Titans,field,0.0,Delhi Capitals,4.0,,RR Pant,Rasikh Salam|PP Shaw|J Fraser-McGurk|AR Patel|SD Hope|RR Pant|T Stubbs|Abishek Porel|Kuldeep Yadav|A Nortje|KK Ahmed|Mukesh Kumar,S Sandeep Warrier|WP Saha|Shubman Gill|B Sai Sudharsan|Azmatullah Omarzai|DA Miller|M Shahrukh Khan|R Tewatia|Rashid Khan|R Sai Kishore|MM Sharma|Noor Ahmad,Delhi Capitals,224,4,Gujarat Titans,220.0,8.0
1426279,41.0,2024,2024-04-25,"Rajiv Gandhi International Stadium, Uppal, Hyderabad",Hyderabad,Royal Challengers Bengaluru,Sunrisers Hyderabad,Royal Challengers Bengaluru,bat,1.0,Royal Challengers Bengaluru,35.0,,RM Patidar,V Kohli|F du Plessis|WG Jacks|RM Patidar|C Green|MK Lomror|KD Karthik|Swapnil Singh|KV Sharma|LH Ferguson|Yash Dayal|Mohammed Siraj,T Natarajan|Abhishek Sharma|TM Head|AK Markram|Nithish Kumar Reddy|H Klaasen|Shahbaz Ahmed|Abdul Samad|PJ Cummins|B Kumar|JD Unadkat|M Markande,Royal Challengers Bengaluru,206,7,Sunrisers Hyderabad,171.0,8.0
1426280,42.0,2024,2024-04-26,"Eden Gardens, Kolkata",Kolkata,Kolkata Knight Riders,Punjab Kings,Punjab Kings,field,1.0,Punjab Kings,,8.0,JM Bairstow,AS Roy|PD Salt|SP Narine|VR Iyer|AD Russell|SS Iyer|RK Singh|Ramandeep Singh|A Raghuvanshi|CV Varun|Harshit Rana|PVD Chameera,Arshdeep Singh|P Simran Singh|JM Bairstow|RR Rossouw|Shashank Singh|SM Curran|JM Sharma|Ashutosh Sharma|Harpreet Brar|HV Patel|K Rabada|RD Chahar,Kolkata Knight Riders,261,6,Punjab Kings,262.0,2.0
1426281,43.0,2024,2024-04-27,"Arun Jaitley Stadium, Delhi",Delhi,Delhi Capitals,Mumbai Indians,Mumbai Indians,field,0.0,Delhi Capitals,10.0,,J Fraser-McGurk,Rasikh Salam|J Fraser-McGurk|Abishek Porel|SD Hope|RR Pant|T Stubbs|AR Patel|Kumar Kushagra|Kuldeep Yadav|LB Williams|KK Ahmed|Mukesh Kumar,N Thushara|Ishan Kishan|RG Sharma|SA Yadav|Tilak Varma|HH Pandya|N Wadhera|TH David|Mohammad Nabi|PP Chawla|L Wood|JJ Bumrah,Delhi Capitals,257,4,Mumbai Indians,247.0,9.0
1426282,44.0,2024,2024-04-27,"Bharat Ratna Shri Atal Bihari Vajpayee Ekana Cricket Stadium, Lucknow",Lucknow,Lucknow Super Giants,Rajasthan Royals,Rajasthan Royals,field,1.0,Rajasthan Royals,,7.0,SV Samson,A Mishra|Q de Kock|KL Rahul|MP Stoinis|DJ Hooda|N Pooran|A Badoni|KH Pandya|MJ Henry|Ravi Bishnoi|Mohsin Khan|Yash Thakur,YS Chahal|YBK Jaiswal|JC Buttler|SV Samson|R Parag|Dhruv Jurel|R Powell|SO Hetmyer|R Ashwin|TA Boult|Avesh Khan|Sandeep Sharma,Lucknow Super Giants,196,5,Rajasthan Royals,199.0,3.0
1426283,45.0,2024,2024-04-28,"Narendra Modi Stadium, Ahmedabad",Ahmedabad,Gujarat Titans,Royal Challengers Bengaluru,Royal Challengers Bengaluru,field,1.0,Royal Challengers Bengaluru,,9.0,WG Jacks,S Sandeep Warrier|WP Saha|Shubman Gill|B Sai Sudharsan|M Shahrukh Khan|DA Miller|Azmatullah Omarzai|R Tewatia|Rashid Khan|R Sai Kishore|MM Sharma|Noor Ahmad,V Kohli|F du Plessis|WG Jacks|RM Patidar|GJ Maxwell|C Green|KD Karthik|KV Sharma|Mohammed Siraj|Yash Dayal|Swapnil Singh,Gujarat Titans,200,3,Royal Challengers Bengaluru,206.0,1.0
1426284,46.0,2024,2024-04-28,"MA Chidambaram Stadium, Chepauk, Chennai",Chennai,Chennai Super Kings,Sunrisers Hyderabad,Sunrisers Hyderabad,field,0.0,Chennai Super Kings,78.0,,RD Gaikwad,SN Thakur|AM Rahane|RD Gaikwad|DJ Mitchell|S Dube|MS Dhoni|MM Ali|RA Jadeja|DL Chahar|TU Deshpande|Mustafizur Rahman|M Pathirana,T Natarajan|TM Head|Abhishek Sharma|Anmolpreet Singh|AK Markram|Nithish Kumar Reddy|H Klaasen|Abdul Samad|Shahbaz Ahmed|PJ Cummins|B Kumar|JD Unadkat,Chennai Super Kings,212,3,Sunrisers Hyderabad,134.0,10.0
1426285,47.0,2024,2024-04-29,"Eden Gardens, Kolkata",Kolkata,Delhi Capitals,Kolkata Knight Riders,Delhi Capitals,bat,0.0,Kolkata Knight Riders,,7.0,CV Varun,PP Shaw|J Fraser-McGurk|Abishek Porel|SD Hope|RR Pant|AR Patel|T Stubbs|Kumar Kushagra|Kuldeep Yadav|Rasikh Salam|LB Williams|KK Ahmed,CV Varun|PD Salt|SP Narine|RK Singh|SS Iyer|VR Iyer|AD Russell|Ramandeep Singh|MA Starc|VG Arora|Harshit Rana|A Raghuvanshi,Delhi Capitals,153,9,Kolkata Knight Riders,157.0,3.0
1426286,48.0,2024,2024-04-30,"Bharat Ratna Shri Atal Bihari Vajpayee Ekana Cricket Stadium, Lucknow",Lucknow,Mumbai Indians,Lucknow Super Giants,Lucknow Super Giants,field,1.0,Lucknow Super Giants,,4.0,MP Stoinis,N Thushara|Ishan Kishan|RG Sharma|SA Yadav|Tilak Varma|HH Pandya|N Wadhera|TH David|Mohammad Nabi|G Coetzee|PP Chawla|JJ Bumrah,MP Yadav|KL Rahul|AA Kulkarni|MP Stoinis|DJ Hooda|N Pooran|AJ Turner|A Badoni|KH Pandya|Ravi Bishnoi|Naveen-ul-Haq|Mohsin Khan,Mumbai Indians,144,7,Lucknow Super Giants,145.0,6.0
1426287,49.0,2024,2024-05-01,"MA Chidambaram Stadium, Chepauk, Chennai",Chennai,Chennai Super Kings,Punjab Kings,Punjab Kings,field,1.0,Punjab Kings,,7.0,Harpreet Brar,AM Rahane|RD Gaikwad|S Dube|RA Jadeja|Sameer Rizvi|MM Ali|MS Dhoni|DJ Mitchell|DL Chahar|SN Thakur|RJ Gleeson|Mustafizur Rahman,Arshdeep Singh|P Simran Singh|JM Bairstow|RR Rossouw|Shashank Singh|SM Curran|JM Sharma|Ashutosh Sharma|Harpreet Brar|RD Chahar|HV Patel|K Rabada,Chennai Super Kings,162,7,Punjab Kings,163.0,3.0
1426288,50.0,2024,2024-05-02,"Rajiv Gandhi International Stadium, Uppal, Hyderabad",Hyderabad,Sunrisers Hyderabad,Rajasthan Royals,Sunrisers Hyderabad,bat,1.0,Sunrisers Hyderabad,1.0,,B Kumar,JD Unadkat|TM Head|Abhishek Sharma|Anmolpreet Singh|Nithish Kumar Reddy|H Klaasen|Abdul Samad|Shahbaz Ahmed|M Jansen|PJ Cummins|B Kumar|T Natarajan,YS Chahal|YBK Jaiswal|JC Buttler|SV Samson|R Parag|SO Hetmyer|R Powell|Dhruv Jurel|R Ashwin|TA Boult|Avesh Khan|Sandeep Sharma,Sunrisers Hyderabad,201,3,Rajasthan Royals,200.0,7.0
1426289,51.0,2024,2024-05-03,"Wankhede Stadium, Mumbai",Mumbai,Kolkata Knight Riders,Mumbai Indians,Mumbai Indians,field,0.0,Kolkata Knight Riders,24.0,,VR Iyer,PD Salt|SP Narine|A Raghuvanshi|SS Iyer|VR Iyer|RK Singh|MK Pandey|AD Russell|Ramandeep Singh|MA Starc|VG Arora|CV Varun,N Thushara|Ishan Kishan|RG Sharma|Naman Dhir|SA Yadav|Tilak Varma|N Wadhera|HH Pandya|TH David|G Coetzee|PP Chawla|JJ Bumrah,Kolkata Knight Riders,169,10,Mumbai Indians,145.0,10.0
1426290,52.0,2024,2024-05-04,"M Chinnaswamy Stadium, Bengaluru",Bengaluru,Gujarat Titans,Royal Challengers Bengaluru,Royal Challengers Bengaluru,field,1.0,Royal Challengers Bengaluru,,4.0,Mohammed Siraj,WP Saha|Shubman Gill|B Sai Sudharsan|M Shahrukh Khan|DA Miller|R Tewatia|Rashid Khan|V Shankar|MJ Suthar|MM Sharma|Noor Ahmad|J Little,Yash Dayal|V Kohli|F du Plessis|WG Jacks|RM Patidar|GJ Maxwell|C Green|KD Karthik|Swapnil Singh|KV Sharma|Mohammed Siraj|Vijaykumar Vyshak,Gujarat Titans,147,10,Royal Challengers Bengaluru,152.0,6.0
1426291,53.0,2024,2024-05-05,"Himachal Pradesh Cricket Association Stadium, Dharamsala",Dharamsala,Chennai Super Kings,Punjab Kings,Punjab Kings,field,0.0,Chennai Super Kings,28.0,,RA Jadeja,Simarjeet Singh|AM Rahane|RD Gaikwad|DJ Mitchell|S Dube|MM Ali|RA Jadeja|MJ Santner|SN Thakur|MS Dhoni|TU Deshpande|RJ Gleeson,Arshdeep Singh|P Simran Singh|JM Bairstow|RR Rossouw|Shashank Singh|SM Curran|JM Sharma|Ashutosh Sharma|Harpreet Brar|HV Patel|RD Chahar|K Rabada,Chennai Super Kings,167,9,Punjab Kings,139.0,9.0
1426292,54.0,2024,2024-05-05,"Bharat Ratna Shri Atal Bihari Vajpayee Ekana Cricket Stadium, Lucknow",Lucknow,Kolkata Knight Riders,Lucknow Super Giants,Lucknow Super Giants,field,0.0,Kolkata Knight Riders,98.0,,SP Narine,VG Arora|PD Salt|SP Narine|A Raghuvanshi|AD Russell|RK Singh|SS Iyer|Ramandeep Singh|VR Iyer|MA Starc|Harshit Rana|CV Varun,Yash Thakur|Mohsin Khan|KL Rahul|AA Kulkarni|MP Stoinis|DJ Hooda|N Pooran|A Badoni|AJ Turner|KH Pandya|Yudhvir Singh|Ravi Bishnoi|Naveen-ul-Haq,Kolkata Knight Riders,235,6,Lucknow Super Giants,137.0,10.0
1426293,55.0,2024,2024-05-06,"Wankhede Stadium, Mumbai",Mumbai,Sunrisers Hyderabad,Mumbai Indians,Mumbai Indians,field,1.0,Mumbai Indians,,7.0,SA Yadav,TM Head|Abhishek Sharma|MA Agarwal|Nithish Kumar Reddy|H Klaasen|M Jansen|Shahbaz Ahmed|Abdul Samad|PJ Cummins|Sanvir Singh|B Kumar|T Natarajan,Ishan Kishan|RG Sharma|Naman Dhir|SA Yadav|Tilak Varma|HH Pandya|TH David|A Kamboj|PP Chawla|JJ Bumrah|N Thushara,Sunrisers Hyderabad,173,8,Mumbai Indians,174.0,3.0
1426294,56.0,2024,2024-05-07,"Arun Jaitley Stadium, Delhi",Delhi,Delhi Capitals,Rajasthan Royals,Rajasthan Royals,field,0.0,Delhi Capitals,20.0,,Kuldeep Yadav,J Fraser-McGurk|Abishek Porel|SD Hope|AR Patel|RR Pant|T Stubbs|Gulbadin Naib|Rasikh Salam|Kuldeep Yadav|Mukesh Kumar|I Sharma|KK Ahmed,YS Chahal|YBK Jaiswal|JC Buttler|SV Samson|R Parag|SB Dubey|R Powell|D Ferreira|R Ashwin|TA Boult|Avesh Khan|Sandeep Sharma,Delhi Capitals,221,8,Rajasthan Royals,201.0,8.0
1426295,57.0,2024,2024-05-08,"Rajiv Gandhi International Stadium, Uppal, Hyderabad",Hyderabad,Lucknow Super Giants,Sunrisers Hyderabad,Lucknow Super Giants,bat,0.0,Sunrisers Hyderabad,,10.0,TM Head,KL Rahul|Q de Kock|MP Stoinis|KH Pandya|N Pooran|A Badoni|DJ Hooda|K Gowtham|Yash Thakur|Ravi Bishnoi|Naveen-ul-Haq,T Natarajan|Abhishek Sharma|TM Head|Nithish Kumar Reddy|H Klaasen|Abdul Samad|Shahbaz Ahmed|Sanvir Singh|PJ Cummins|B Kumar|JD Unadkat|V Viyaskanth,Lucknow Super Giants,165,4,Sunrisers Hyderabad,167.0,0.0
1426296,58.0,2024,2024-05-09,"Himachal Pradesh Cricket Association Stadium, Dharamsala",Dharamsala,Royal Challengers Bengaluru,Punjab Kings,Punjab Kings,field,0.0,Royal Challengers Bengaluru,60.0,,V Kohli,Yash Dayal|V Kohli|F du Plessis|WG Jacks|RM Patidar|C Green|KD Karthik|MK Lomror|Swapnil Singh|KV Sharma|Mohammed Siraj|LH Ferguson,V Kaverappa|P Simran Singh|JM Bairstow|RR Rossouw|Shashank Singh|JM Sharma|LS Livingstone|SM Curran|Ashutosh Sharma|HV Patel|RD Chahar|Arshdeep Singh,Royal Challengers Bengaluru,241,7,Punjab Kings,181.0,10.0
1426297,59.0,2024,2024-05-10,"Narendra Modi Stadium, Ahmedabad",Ahmedabad,Gujarat Titans,Chennai Super Kings,Chennai Super Kings,field,0.0,Gujarat Titans,35.0,,Shubman Gill,S Sandeep Warrier|B Sai Sudharsan|Shubman Gill|DA Miller|M Shahrukh Khan|MS Wade|R Tewatia|Rashid Khan|Noor Ahmad|UT Yadav|MM Sharma|Kartik Tyagi,TU Deshpande|AM Rahane|R Ravindra|RD Gaikwad|DJ Mitchell|MM Ali|S Dube|RA Jadeja|MS Dhoni|MJ Santner|SN Thakur|Simarjeet Singh,Gujarat Titans,231,3,Chennai Super Kings,196.0,8.0
1426298,60.0,2024,2024-05-11,"Eden Gardens, Kolkata",Kolkata,Kolkata Knight Riders,Mumbai Indians,Mumbai Indians,field,0.0,Kolkata Knight Riders,18.0,,CV Varun,VG Arora|PD Salt|SP Narine|VR Iyer|SS Iyer|N Rana|AD Russell|RK Singh|Ramandeep Singh|MA Starc|Harshit Rana|CV Varun,N Thushara|Ishan Kishan|RG Sharma|SA Yadav|Tilak Varma|HH Pandya|TH David|N Wadhera|Naman Dhir|A Kamboj|PP Chawla|JJ Bumrah,Kolkata Knight Riders,157,7,Mumbai Indians,139.0,8.0
1426299,61.0,2024,2024-05-12,"MA Chidambaram Stadium, Chepauk, Chennai",Chennai,Rajasthan Royals,Chennai Super Kings,Rajasthan Royals,bat,0.0,Chennai Super Kings,,5.0,Simarjeet Singh,N Burger|YBK Jaiswal|JC Buttler|SV Samson|R Parag|Dhruv Jurel|SB Dubey|R Ashwin|TA Boult|Avesh Khan|Sandeep Sharma|YS Chahal,R Ravindra|RD Gaikwad|DJ Mitchell|MM Ali|S Dube|RA Jadeja|Sameer Rizvi|MS Dhoni|SN Thakur|TU Deshpande|Simarjeet Singh|M Theekshana,Rajasthan Royals,141,5,Chennai Super Kings,145.0,5.0
1426300,62.0,2024,2024-05-12,"M Chinnaswamy Stadium, Bengaluru",Bengaluru,Royal Challengers Bengaluru,Delhi Capitals,Delhi Capitals,field,0.0,Royal Challengers Bengaluru,47.0,,C Green,V Kohli|F du Plessis|WG Jacks|RM Patidar|C Green|MK Lomror|KD Karthik|Swapnil Singh|KV Sharma|Mohammed Siraj|Yash Dayal|LH Ferguson,KK Ahmed|DA Warner|J Fraser-McGurk|Abishek Porel|SD Hope|Kumar Kushagra|AR Patel|T Stubbs|Rasikh Salam|Kuldeep Yadav|Mukesh Kumar|I Sharma,Royal Challengers Bengaluru,187,9,Delhi Capitals,140.0,10.0
1426302,64.0,2024,2024-05-14,"Arun Jaitley Stadium, Delhi",Delhi,Delhi Capitals,Lucknow Super Giants,Lucknow Super Giants,field,0.0,Delhi Capitals,19.0,,I Sharma,I Sharma|J Fraser-McGurk|Abishek Porel|SD Hope|RR Pant|T Stubbs|AR Patel|Gulbadin Naib|Rasikh Salam|Mukesh Kumar|Kuldeep Yadav|KK Ahmed,Mohsin Khan|Q de Kock|KL Rahul|MP Stoinis|DJ Hooda|N Pooran|A Badoni|KH Pandya|Arshad Khan|Yudhvir Singh|Ravi Bishnoi|Naveen-ul-Haq,Delhi Capitals,208,4,Lucknow Super Giants,189.0,9.0
1426303,65.0,2024,2024-05-15,"Barsapara Cricket Stadium, Guwahati",Guwahati,Rajasthan Royals,Punjab Kings,Rajasthan Royals,bat,0.0,Punjab Kings,,5.0,SM Curran,YBK Jaiswal|T Kohler-Cadmore|SV Samson|R Parag|R Ashwin|Dhruv Jurel|R Powell|D Ferreira|TA Boult|Avesh Khan|Sandeep Sharma|YS Chahal,Arshdeep Singh|P Simran Singh|JM Bairstow|RR Rossouw|Shashank Singh|SM Curran|JM Sharma|Ashutosh Sharma|Harpreet Brar|HV Patel|NT Ellis|RD Chahar,Rajasthan Royals,144,9,Punjab Kings,145.0,5.0
1426305,67.0,2024,2024-05-17,"Wankhede Stadium, Mumbai",Mumbai,Lucknow Super Giants,Mumbai Indians,Mumbai Indians,field,0.0,Lucknow Super Giants,18.0,,N Pooran,Naveen-ul-Haq|KL Rahul|D Padikkal|MP Stoinis|DJ Hooda|N Pooran|Arshad Khan|A Badoni|KH Pandya|MJ Henry|Ravi Bishnoi|Mohsin Khan,N Thushara|RG Sharma|D Brevis|SA Yadav|Ishan Kishan|HH Pandya|N Wadhera|Naman Dhir|R Shepherd|A Kamboj|PP Chawla|Arjun Tendulkar,Lucknow Super Giants,214,6,Mumbai Indians,196.0,6.0
1426306,68.0,2024,2024-05-18,"M Chinnaswamy Stadium, Bengaluru",Bengaluru,Royal Challengers Bengaluru,Chennai Super Kings,Chennai Super Kings,field,0.0,Royal Challengers Bengaluru,27.0,,F du Plessis,Swapnil Singh|V Kohli|F du Plessis|RM Patidar|C Green|KD Karthik|GJ Maxwell|MK Lomror|Yash Dayal|KV Sharma|Mohammed Siraj|LH Ferguson,M Theekshana|RD Gaikwad|R Ravindra|DJ Mitchell|AM Rahane|S Dube|RA Jadeja|MJ Santner|MS Dhoni|SN Thakur|TU Deshpande|Simarjeet Singh,Royal Challengers Bengaluru,218,5,Chennai Super Kings,191.0,7.0
1426307,69.0,2024,2024-05-19,"Rajiv Gandhi International Stadium, Uppal, Hyderabad",Hyderabad,Punjab Kings,Sunrisers Hyderabad,Punjab Kings,bat,0.0,Sunrisers Hyderabad,,4.0,Abhishek Sharma,Arshdeep Singh|Atharva Taide|P Simran Singh|RR Rossouw|Shashank Singh|JM Sharma|Ashutosh Sharma|Shivam Singh|R Dhawan|Harpreet Brar|HV Patel|RD Chahar,T Natarajan|TM Head|Abhishek Sharma|RA Tripathi|Nithish Kumar Reddy|H Klaasen|Shahbaz Ahmed|Abdul Samad|Sanvir Singh|PJ Cummins|B Kumar|V Viyaskanth,Punjab Kings,214,5,Sunrisers Hyderabad,215.0,6.0
1426309,,2024,2024-05-21,"Narendra Modi Stadium, Ahmedabad",Ahmedabad,Sunrisers Hyderabad,Kolkata Knight Riders,Sunrisers Hyderabad,bat,0.0,Kolkata Knight Riders,,8.0,MA Starc,TM Head|Abhishek Sharma|RA Tripathi|Nithish Kumar Reddy|Shahbaz Ahmed|H Klaasen|Abdul Samad|Sanvir Singh|PJ Cummins|B Kumar|V Viyaskanth|T Natarajan,Rahmanullah Gurbaz|SP Narine|VR Iyer|SS Iyer|RK Singh|AD Russell|Ramandeep Singh|MA Starc|VG Arora|Harshit Rana|CV Varun,Sunrisers Hyderabad,159,10,Kolkata Knight Riders,164.0,2.0
1426310,,2024,2024-05-22,"Narendra Modi Stadium, Ahmedabad",Ahmedabad,Royal Challengers Bengaluru,Rajasthan Royals,Rajasthan Royals,field,1.0,Rajasthan Royals,,4.0,R Ashwin,V Kohli|F du Plessis|C Green|RM Patidar|GJ Maxwell|MK Lomror|KD Karthik|Swapnil Singh|KV Sharma|Yash Dayal|Mohammed Siraj|LH Ferguson,YS Chahal|YBK Jaiswal|T Kohler-Cadmore|SV Samson|R Parag|Dhruv Jurel|SO Hetmyer|R Powell|R Ashwin|TA Boult|Avesh Khan|Sandeep Sharma,Royal Challengers Bengaluru,172,8,Rajasthan Royals,174.0,6.0
1426311,,2024,2024-05-24,"MA Chidambaram Stadium, Chepauk, Chennai",Chennai,Sunrisers Hyderabad,Rajasthan Royals,Rajasthan Royals,field,0.0,Sunrisers Hyderabad,36.0,,Shahbaz Ahmed,TM Head|Abhishek Sharma|RA Tripathi|AK Markram|H Klaasen|Nithish Kumar Reddy|Abdul Samad|Shahbaz Ahmed|PJ Cummins|JD Unadkat|B Kumar|T Natarajan,YS Chahal|YBK Jaiswal|T Kohler-Cadmore|SV Samson|R Parag|Dhruv Jurel|R Ashwin|SO Hetmyer|R Powell|TA Boult|Sandeep Sharma|Avesh Khan,Sunrisers Hyderabad,175,9,Rajasthan Royals,139.0,7.0
1426312,,2024,2024-05-26,"MA Chidambaram Stadium, Chepauk, Chennai",Chennai,Sunrisers Hyderabad,Kolkata Knight Riders,Sunrisers Hyderabad,bat,0.0,Kolkata Knight Riders,,8.0,MA Starc,Abhishek Sharma|TM Head|RA Tripathi|AK Markram|Nithish Kumar Reddy|H Klaasen|Shahbaz Ahmed|Abdul Samad|PJ Cummins|JD Unadkat|B Kumar|T Natarajan,Rahmanullah Gurbaz|SP Narine|VR Iyer|SS Iyer|RK Singh|AD Russell|Ramandeep Singh|MA Starc|VG Arora|Harshit Rana|CV Varun,Sunrisers Hyderabad,113,10,Kolkata Knight Riders,114.0,2.0
1473438,1.0,2025,2025-03-22,"Eden Gardens, Kolkata",Kolkata,Kolkata Knight Riders,Royal Challengers Bengaluru,Royal Challengers Bengaluru,field,1.0,Royal Challengers Bengaluru,,7.0,KH Pandya,VG Arora|Q de Kock|SP Narine|AM Rahane|VR Iyer|A Raghuvanshi|RK Singh|AD Russell|Ramandeep Singh|Harshit Rana|SH Johnson|CV Varun,Suyash Sharma|PD Salt|V Kohli|D Padikkal|RM Patidar|LS Livingstone|JM Sharma|TH David|KH Pandya|Rasikh Salam|JR Hazlewood|Yash Dayal,Kolkata Knight Riders,174,8,Royal Challengers Bengaluru,177.0,3.0
1473439,2.0,2025,2025-03-23,"Rajiv Gandhi International Stadium, Uppal, Hyderabad",Hyderabad,Sunrisers Hyderabad,Rajasthan Royals,Rajasthan Royals,field,0.0,Sunrisers Hyderabad,44.0,,Ishan Kishan,A Zampa|Abhishek Sharma|TM Head|Ishan Kishan|Nithish Kumar Reddy|H Klaasen|Aniket Verma|A Manohar|PJ Cummins|Simarjeet Singh|HV Patel|Mohammed Shami,Fazalhaq Farooqi|YBK Jaiswal|SV Samson|R Parag|N Rana|Dhruv Jurel|SO Hetmyer|SB Dubey|JC Archer|M Theekshana|TU Deshpande|Sandeep Sharma,Sunrisers Hyderabad,286,6,Rajasthan Royals,242.0,6.0
1473440,3.0,2025,2025-03-23,"MA Chidambaram Stadium, Chepauk, Chennai",Chennai,Mumbai Indians,Chennai Super Kings,Chennai Super Kings,field,1.0,Chennai Super Kings,,4.0,Noor Ahmad,V Puthur|RG Sharma|RD Rickelton|WG Jacks|SA Yadav|Tilak Varma|R Minz|Naman Dhir|MJ Santner|DL Chahar|TA Boult|PVSN Raju,KK Ahmed|R Ravindra|RA Tripathi|RD Gaikwad|S Dube|DJ Hooda|SM Curran|RA Jadeja|MS Dhoni|R Ashwin|Noor Ahmad|NT Ellis,Mumbai Indians,155,9,Chennai Super Kings,158.0,6.0
1473441,4.0,2025,2025-03-24,"Dr. Y.S. Rajasekhara Reddy ACA-VDCA Cricket Stadium, Visakhapatnam",Visakhapatnam,Lucknow Super Giants,Delhi Capitals,Delhi Capitals,field,1.0,Delhi Capitals,,1.0,Ashutosh Sharma,M Siddharth|AK Markram|MR Marsh|N Pooran|RR Pant|DA Miller|A Badoni|SN Thakur|Shahbaz Ahmed|Ravi Bishnoi|DS Rathi|Prince Yadav,Mukesh Kumar|J Fraser-McGurk|F du Plessis|Abishek Porel|Sameer Rizvi|AR Patel|T Stubbs|Ashutosh Sharma|V Nigam|MA Starc|Kuldeep Yadav|MM Sharma,Lucknow Super Giants,209,8,Delhi Capitals,211.0,9.0
1473442,5.0,2025,2025-03-25,"Narendra Modi Stadium, Ahmedabad",Ahmedabad,Punjab Kings,Gujarat Titans,Gujarat Titans,field,0.0,Punjab Kings,11.0,,SS Iyer,Priyansh Arya|P Simran Singh|SS Iyer|Azmatullah Omarzai|GJ Maxwell|MP Stoinis|Shashank Singh|Suryansh Shedge|M Jansen|Arshdeep Singh|YS Chahal|Vijaykumar Vyshak,B Sai Sudharsan|Shubman Gill|JC Buttler|SE Rutherford|R Tewatia|M Shahrukh Khan|Arshad Khan|R Sai Kishore|Rashid Khan|K Rabada|Mohammed Siraj|M Prasidh Krishna,Punjab Kings,243,5,Gujarat Titans,232.0,5.0
1473443,6.0,2025,2025-03-26,"Barsapara Cricket Stadium, Guwahati",Guwahati,Rajasthan Royals,Kolkata Knight Riders,Kolkata Knight Riders,field,1.0,Kolkata Knight Riders,,8.0,Q de Kock,YBK Jaiswal|SV Samson|R Parag|N Rana|PWH de Silva|Dhruv Jurel|SB Dubey|SO Hetmyer|JC Archer|M Theekshana|TU Deshpande|Sandeep Sharma,CV Varun|MM Ali|Q de Kock|AM Rahane|A Raghuvanshi|VR Iyer|RK Singh|AD Russell|Ramandeep Singh|SH Johnson|VG Arora|Harshit Rana,Rajasthan Royals,151,9,Kolkata Knight Riders,153.0,2.0
1473444,7.0,2025,2025-03-27,"Rajiv Gandhi International Stadium, Uppal, Hyderabad",Hyderabad,Sunrisers Hyderabad,Lucknow Super Giants,Lucknow Super Giants,field,1.0,Lucknow Super Giants,,5.0,SN Thakur,TM Head|Abhishek Sharma|Ishan Kishan|Nithish Kumar Reddy|H Klaasen|Aniket Verma|A Manohar|PJ Cummins|HV Patel|Mohammed Shami|Simarjeet Singh|A Zampa,DS Rathi|MR Marsh|AK Markram|N Pooran|RR Pant|A Badoni|DA Miller|Abdul Samad|SN Thakur|Ravi Bishnoi|Prince Yadav|Avesh Khan,Sunrisers Hyderabad,190,9,Lucknow Super Giants,193.0,5.0
1473445,8.0,2025,2025-03-28,"MA Chidambaram Stadium, Chepauk, Chennai",Chennai,Royal Challengers Bengaluru,Chennai Super Kings,Chennai Super Kings,field,0.0,Royal Challengers Bengaluru,50.0,,RM Patidar,Suyash Sharma|PD Salt|V Kohli|D Padikkal|RM Patidar|LS Livingstone|JM Sharma|TH David|KH Pandya|B Kumar|JR Hazlewood|Yash Dayal,M Pathirana|R Ravindra|RA Tripathi|RD Gaikwad|DJ Hooda|SM Curran|S Dube|RA Jadeja|R Ashwin|MS Dhoni|Noor Ahmad|KK Ahmed,Royal Challengers Bengaluru,196,7,Chennai Super Kings,146.0,8.0
1473446,9.0,2025,2025-03-29,"Narendra Modi Stadium, Ahmedabad",Ahmedabad,Gujarat Titans,Mumbai Indians,Mumbai Indians,field,0.0,Gujarat Titans,36.0,,M Prasidh Krishna,I Sharma|B Sai Sudharsan|Shubman Gill|JC Buttler|M Shahrukh Khan|SE Rutherford|R Tewatia|Rashid Khan|K Rabada|R Sai Kishore|Mohammed Siraj|M Prasidh Krishna,PVSN Raju|RG Sharma|RD Rickelton|Tilak Varma|SA Yadav|R Minz|HH Pandya|Naman Dhir|MJ Santner|DL Chahar|TA Boult|Mujeeb Ur Rahman,Gujarat Titans,196,8,Mumbai Indians,160.0,6.0
1473447,10.0,2025,2025-03-30,"Dr. Y.S. Rajasekhara Reddy ACA-VDCA Cricket Stadium, Visakhapatnam",Visakhapatnam,Sunrisers Hyderabad,Delhi Capitals,Sunrisers Hyderabad,bat,0.0,Delhi Capitals,,7.0,MA Starc,Abhishek Sharma|TM Head|Ishan Kishan|Nithish Kumar Reddy|Aniket Verma|H Klaasen|A Manohar|PJ Cummins|PWA Mulder|HV Patel|Mohammed Shami|Zeeshan Ansari,J Fraser-McGurk|F du Plessis|Abishek Porel|KL Rahul|T Stubbs|AR Patel|V Nigam|MA Starc|Kuldeep Yadav|MM Sharma|Mukesh Kumar,Sunrisers Hyderabad,163,10,Delhi Capitals,166.0,3.0
1473448,11.0,2025,2025-03-30,"Barsapara Cricket Stadium, Guwahati",Guwahati,Rajasthan Royals,Chennai Super Kings,Chennai Super Kings,field,0.0,Rajasthan Royals,6.0,,N Rana,YBK Jaiswal|SV Samson|N Rana|R Parag|Dhruv Jurel|PWH de Silva|SO Hetmyer|JC Archer|K Kartikeya|M Theekshana|TU Deshpande|Sandeep Sharma,M Pathirana|R Ravindra|RA Tripathi|RD Gaikwad|S Dube|V Shankar|RA Jadeja|MS Dhoni|J Overton|R Ashwin|Noor Ahmad|KK Ahmed,Rajasthan Royals,182,9,Chennai Super Kings,176.0,6.0
1473449,12.0,2025,2025-03-31,"Wankhede Stadium, Mumbai",Mumbai,Kolkata Knight Riders,Mumbai Indians,Mumbai Indians,field,1.0,Mumbai Indians,,8.0,Ashwani Kumar,Q de Kock|SP Narine|AM Rahane|A Raghuvanshi|VR Iyer|RK Singh|MK Pandey|AD Russell|Ramandeep Singh|Harshit Rana|SH Johnson|CV Varun,V Puthur|RG Sharma|RD Rickelton|WG Jacks|SA Yadav|Tilak Varma|HH Pandya|Naman Dhir|MJ Santner|DL Chahar|TA Boult|Ashwani Kumar,Kolkata Knight Riders,116,10,Mumbai Indians,121.0,2.0
1473450,13.0,2025,2025-04-01,"Bharat Ratna Shri Atal Bihari Vajpayee Ekana Cricket Stadium, Lucknow",Lucknow,Lucknow Super Giants,Punjab Kings,Punjab Kings,field,1.0,Punjab Kings,,8.0,P Simran Singh,M Siddharth|AK Markram|MR Marsh|N Pooran|RR Pant|A Badoni|DA Miller|Abdul Samad|SN Thakur|Avesh Khan|Ravi Bishnoi|DS Rathi,YS Chahal|Priyansh Arya|P Simran Singh|SS Iyer|N Wadhera|GJ Maxwell|MP Stoinis|Shashank Singh|Suryansh Shedge|M Jansen|LH Ferguson|Arshdeep Singh,Lucknow Super Giants,171,7,Punjab Kings,177.0,2.0
1473451,14.0,2025,2025-04-02,"M Chinnaswamy Stadium, Bengaluru",Bengaluru,Royal Challengers Bengaluru,Gujarat Titans,Gujarat Titans,field,1.0,Gujarat Titans,,8.0,Mohammed Siraj,Rasikh Salam|PD Salt|V Kohli|D Padikkal|RM Patidar|LS Livingstone|JM Sharma|KH Pandya|TH David|B Kumar|JR Hazlewood|Yash Dayal,I Sharma|B Sai Sudharsan|Shubman Gill|JC Buttler|SE Rutherford|M Shahrukh Khan|R Tewatia|Arshad Khan|Rashid Khan|R Sai Kishore|Mohammed Siraj|M Prasidh Krishna,Royal Challengers Bengaluru,169,8,Gujarat Titans,170.0,2.0
1473452,15.0,2025,2025-04-03,"Eden Gardens, Kolkata",Kolkata,Kolkata Knight Riders,Sunrisers Hyderabad,Sunrisers Hyderabad,field,0.0,Kolkata Knight Riders,80.0,,VG Arora,VG Arora|Q de Kock|SP Narine|AM Rahane|A Raghuvanshi|VR Iyer|RK Singh|AD Russell|MM Ali|Ramandeep Singh|Harshit Rana|CV Varun,Zeeshan Ansari|TM Head|Abhishek Sharma|Ishan Kishan|Nithish Kumar Reddy|PHKD Mendis|H Klaasen|Aniket Verma|PJ Cummins|HV Patel|Simarjeet Singh|Mohammed Shami,Kolkata Knight Riders,200,6,Sunrisers Hyderabad,120.0,10.0
1473453,16.0,2025,2025-04-04,"Bharat Ratna Shri Atal Bihari Vajpayee Ekana Cricket Stadium, Lucknow",Lucknow,Lucknow Super Giants,Mumbai Indians,Mumbai Indians,field,0.0,Lucknow Super Giants,12.0,,DS Rathi,Ravi Bishnoi|MR Marsh|AK Markram|N Pooran|RR Pant|A Badoni|DA Miller|Abdul Samad|SN Thakur|Akash Deep|Avesh Khan|DS Rathi,V Puthur|WG Jacks|RD Rickelton|Naman Dhir|SA Yadav|Tilak Varma|HH Pandya|MJ Santner|RA Bawa|DL Chahar|TA Boult|Ashwani Kumar,Lucknow Super Giants,203,8,Mumbai Indians,191.0,5.0
1473454,17.0,2025,2025-04-05,"MA Chidambaram Stadium, Chepauk, Chennai",Chennai,Delhi Capitals,Chennai Super Kings,Delhi Capitals,bat,1.0,Delhi Capitals,25.0,,KL Rahul,Mukesh Kumar|J Fraser-McGurk|KL Rahul|Abishek Porel|AR Patel|Sameer Rizvi|T Stubbs|Ashutosh Sharma|V Nigam|MA Starc|Kuldeep Yadav|MM Sharma,M Pathirana|R Ravindra|DP Conway|RD Gaikwad|V Shankar|S Dube|RA Jadeja|MS Dhoni|R Ashwin|Noor Ahmad|Mukesh Choudhary|KK Ahmed,Delhi Capitals,183,6,Chennai Super Kings,158.0,5.0
1473455,18.0,2025,2025-04-05,"Maharaja Yadavindra Singh International Cricket Stadium, Mullanpur",Mohali,Rajasthan Royals,Punjab Kings,Punjab Kings,field,0.0,Rajasthan Royals,50.0,,JC Archer,K Kartikeya|YBK Jaiswal|SV Samson|R Parag|N Rana|SO Hetmyer|Dhruv Jurel|PWH de Silva|JC Archer|M Theekshana|Yudhvir Singh|Sandeep Sharma,YS Chahal|Priyansh Arya|P Simran Singh|SS Iyer|MP Stoinis|N Wadhera|GJ Maxwell|Shashank Singh|Suryansh Shedge|M Jansen|Arshdeep Singh|LH Ferguson,Rajasthan Royals,205,4,Punjab Kings,155.0,9.0
1473456,21.0,2025,2025-04-08,"Eden Gardens, Kolkata",Kolkata,Lucknow Super Giants,Kolkata Knight Riders,Kolkata Knight Riders,field,0.0,Lucknow Super Giants,4.0,,N Pooran,AK Markram|MR Marsh|N Pooran|Abdul Samad|DA Miller|RR Pant|A Badoni|SN Thakur|Akash Deep|Avesh Khan|DS Rathi|Ravi Bishnoi,CV Varun|Q de Kock|SP Narine|AM Rahane|VR Iyer|Ramandeep Singh|A Raghuvanshi|AD Russell|RK Singh|Harshit Rana|VG Arora|SH Johnson,Lucknow Super Giants,238,3,Kolkata Knight Riders,234.0,7.0
1473457,19.0,2025,2025-04-06,"Rajiv Gandhi International Stadium, Uppal, Hyderabad",Hyderabad,Sunrisers Hyderabad,Gujarat Titans,Gujarat Titans,field,1.0,Gujarat Titans,,7.0,Mohammed Siraj,Abhishek Sharma|TM Head|Ishan Kishan|Nithish Kumar Reddy|H Klaasen|Aniket Verma|PHKD Mendis|PJ Cummins|Simarjeet Singh|Mohammed Shami|Zeeshan Ansari|JD Unadkat,I Sharma|B Sai Sudharsan|Shubman Gill|JC Buttler|Washington Sundar|SE Rutherford|R Tewatia|M Shahrukh Khan|Rashid Khan|R Sai Kishore|Mohammed Siraj|M Prasidh Krishna,Sunrisers Hyderabad,152,8,Gujarat Titans,153.0,3.0
1473458,20.0,2025,2025-04-07,"Wankhede Stadium, Mumbai",Mumbai,Royal Challengers Bengaluru,Mumbai Indians,Mumbai Indians,field,0.0,Royal Challengers Bengaluru,12.0,,RM Patidar,PD Salt|V Kohli|D Padikkal|RM Patidar|LS Livingstone|JM Sharma|TH David|KH Pandya|B Kumar|JR Hazlewood|Yash Dayal|Suyash Sharma,V Puthur|RG Sharma|RD Rickelton|WG Jacks|SA Yadav|Tilak Varma|HH Pandya|Naman Dhir|MJ Santner|DL Chahar|TA Boult|JJ Bumrah,Royal Challengers Bengaluru,221,5,Mumbai Indians,209.0,9.0
1473459,22.0,2025,2025-04-08,"Maharaja Yadavindra Singh International Cricket Stadium, Mullanpur",Mohali,Punjab Kings,Chennai Super Kings,Punjab Kings,bat,1.0,Punjab Kings,18.0,,Priyansh Arya,Priyansh Arya|P Simran Singh|SS Iyer|MP Stoinis|N Wadhera|GJ Maxwell|Shashank Singh|M Jansen|YS Chahal|Arshdeep Singh|LH Ferguson|Yash Thakur,M Pathirana|R Ravindra|DP Conway|RD Gaikwad|S Dube|MS Dhoni|RA Jadeja|V Shankar|R Ashwin|Noor Ahmad|Mukesh Choudhary|KK Ahmed,Punjab Kings,219,6,Chennai Super Kings,201.0,5.0
1473460,23.0,2025,2025-04-09,"Narendra Modi Stadium, Ahmedabad",Ahmedabad,Gujarat Titans,Rajasthan Royals,Rajasthan Royals,field,0.0,Gujarat Titans,58.0,,B Sai Sudharsan,K Khejroliya|B Sai Sudharsan|Shubman Gill|JC Buttler|M Shahrukh Khan|SE Rutherford|R Tewatia|Rashid Khan|Arshad Khan|R Sai Kishore|Mohammed Siraj|M Prasidh Krishna,Fazalhaq Farooqi|YBK Jaiswal|SV Samson|N Rana|R Parag|Dhruv Jurel|SO Hetmyer|SB Dubey|JC Archer|M Theekshana|TU Deshpande|Sandeep Sharma,Gujarat Titans,217,6,Rajasthan Royals,159.0,10.0
1473461,24.0,2025,2025-04-10,"M Chinnaswamy Stadium, Bengaluru",Bengaluru,Royal Challengers Bengaluru,Delhi Capitals,Delhi Capitals,field,1.0,Delhi Capitals,,6.0,KL Rahul,PD Salt|V Kohli|D Padikkal|RM Patidar|LS Livingstone|JM Sharma|KH Pandya|TH David|B Kumar|JR Hazlewood|Yash Dayal|Suyash Sharma,F du Plessis|J Fraser-McGurk|Abishek Porel|KL Rahul|AR Patel|T Stubbs|Ashutosh Sharma|V Nigam|MA Starc|Kuldeep Yadav|MM Sharma|Mukesh Kumar,Royal Challengers Bengaluru,163,7,Delhi Capitals,169.0,4.0
1473462,25.0,2025,2025-04-11,"MA Chidambaram Stadium, Chepauk, Chennai",Chennai,Chennai Super Kings,Kolkata Knight Riders,Kolkata Knight Riders,field,1.0,Kolkata Knight Riders,,8.0,SP Narine,R Ravindra|DP Conway|RA Tripathi|V Shankar|S Dube|R Ashwin|RA Jadeja|DJ Hooda|MS Dhoni|Noor Ahmad|A Kamboj|KK Ahmed,Q de Kock|SP Narine|AM Rahane|RK Singh|VR Iyer|AD Russell|Ramandeep Singh|VG Arora|MM Ali|Harshit Rana|CV Varun,Chennai Super Kings,103,9,Kolkata Knight Riders,107.0,2.0
1473463,26.0,2025,2025-04-12,"Bharat Ratna Shri Atal Bihari Vajpayee Ekana Cricket Stadium, Lucknow",Lucknow,Gujarat Titans,Lucknow Super Giants,Lucknow Super Giants,field,1.0,Lucknow Super Giants,,6.0,AK Markram,M Prasidh Krishna|B Sai Sudharsan|Shubman Gill|JC Buttler|Washington Sundar|SE Rutherford|M Shahrukh Khan|R Tewatia|Rashid Khan|Arshad Khan|R Sai Kishore|Mohammed Siraj,DS Rathi|AK Markram|RR Pant|N Pooran|A Badoni|DA Miller|Abdul Samad|Himmat Singh|SN Thakur|Akash Deep|Avesh Khan|Ravi Bishnoi,Gujarat Titans,180,6,Lucknow Super Giants,186.0,4.0
1473464,27.0,2025,2025-04-12,"Rajiv Gandhi International Stadium, Uppal, Hyderabad",Hyderabad,Punjab Kings,Sunrisers Hyderabad,Punjab Kings,bat,0.0,Sunrisers Hyderabad,,8.0,Abhishek Sharma,Yash Thakur|Priyansh Arya|P Simran Singh|SS Iyer|N Wadhera|Shashank Singh|GJ Maxwell|MP Stoinis|M Jansen|YS Chahal|Arshdeep Singh|LH Ferguson,E Malinga|TM Head|Abhishek Sharma|H Klaasen|Ishan Kishan|Nithish Kumar Reddy|Aniket Verma|PJ Cummins|HV Patel|Mohammed Shami|Zeeshan Ansari|A Manohar,Punjab Kings,245,6,Sunrisers Hyderabad,247.0,2.0
1473465,28.0,2025,2025-04-13,"Sawai Mansingh Stadium, Jaipur",Jaipur,Rajasthan Royals,Royal Challengers Bengaluru,Royal Challengers Bengaluru,field,1.0,Royal Challengers Bengaluru,,9.0,PD Salt,K Kartikeya|YBK Jaiswal|SV Samson|R Parag|Dhruv Jurel|SO Hetmyer|N Rana|PWH de Silva|JC Archer|M Theekshana|Sandeep Sharma|TU Deshpande,Suyash Sharma|PD Salt|V Kohli|D Padikkal|RM Patidar|LS Livingstone|JM Sharma|TH David|KH Pandya|B Kumar|JR Hazlewood|Yash Dayal,Rajasthan Royals,173,4,Royal Challengers Bengaluru,175.0,1.0
1473466,29.0,2025,2025-04-13,"Arun Jaitley Stadium, Delhi",Delhi,Mumbai Indians,Delhi Capitals,Delhi Capitals,field,0.0,Mumbai Indians,12.0,,KV Sharma,KV Sharma|RG Sharma|RD Rickelton|SA Yadav|Tilak Varma|HH Pandya|Naman Dhir|WG Jacks|MJ Santner|DL Chahar|TA Boult|JJ Bumrah,Mukesh Kumar|J Fraser-McGurk|Abishek Porel|KK Nair|KL Rahul|AR Patel|T Stubbs|Ashutosh Sharma|V Nigam|MA Starc|Kuldeep Yadav|MM Sharma,Mumbai Indians,205,5,Delhi Capitals,193.0,10.0
1473467,30.0,2025,2025-04-14,"Bharat Ratna Shri Atal Bihari Vajpayee Ekana Cricket Stadium, Lucknow",Lucknow,Lucknow Super Giants,Chennai Super Kings,Chennai Super Kings,field,1.0,Chennai Super Kings,,5.0,MS Dhoni,Ravi Bishnoi|AK Markram|MR Marsh|N Pooran|RR Pant|A Badoni|Abdul Samad|DA Miller|SN Thakur|DS Rathi|Akash Deep|Avesh Khan,M Pathirana|SK Rasheed|R Ravindra|RA Tripathi|RA Jadeja|S Dube|V Shankar|MS Dhoni|J Overton|A Kamboj|Noor Ahmad|KK Ahmed,Lucknow Super Giants,166,7,Chennai Super Kings,168.0,5.0
1473468,31.0,2025,2025-04-15,"Maharaja Yadavindra Singh International Cricket Stadium, Mullanpur",Mohali,Punjab Kings,Kolkata Knight Riders,Punjab Kings,bat,1.0,Punjab Kings,16.0,,YS Chahal,Priyansh Arya|P Simran Singh|SS Iyer|JP Inglis|N Wadhera|GJ Maxwell|Suryansh Shedge|Shashank Singh|M Jansen|XC Bartlett|Arshdeep Singh|YS Chahal,CV Varun|Q de Kock|SP Narine|AM Rahane|A Raghuvanshi|VR Iyer|RK Singh|AD Russell|Ramandeep Singh|Harshit Rana|VG Arora|A Nortje,Punjab Kings,111,10,Kolkata Knight Riders,95.0,10.0
1473469,32.0,2025,2025-04-16,"Arun Jaitley Stadium, Delhi",Delhi,Delhi Capitals,Rajasthan Royals,Rajasthan Royals,field,,,,,MA Starc,Mukesh Kumar|J Fraser-McGurk|Abishek Porel|KK Nair|KL Rahul|T Stubbs|AR Patel|Ashutosh Sharma|V Nigam|MA Starc|Kuldeep Yadav|MM Sharma,YBK Jaiswal|SV Samson|R Parag|N Rana|Dhruv Jurel|SO Hetmyer|PWH de Silva|JC Archer|M Theekshana|Sandeep Sharma|TU Deshpande|SB Dubey,Delhi Capitals,188,5,Rajasthan Royals,188.0,5.0
1473470,33.0,2025,2025-04-17,"Wankhede Stadium, Mumbai",Mumbai,Sunrisers Hyderabad,Mumbai Indians,Mumbai Indians,field,1.0,Mumbai Indians,,4.0,WG Jacks,RD Chahar|Abhishek Sharma|TM Head|Ishan Kishan|Nithish Kumar Reddy|H Klaasen|Aniket Verma|PJ Cummins|HV Patel|Mohammed Shami|Zeeshan Ansari|E Malinga,KV Sharma|RD Rickelton|RG Sharma|WG Jacks|SA Yadav|Tilak Varma|HH Pandya|Naman Dhir|MJ Santner|DL Chahar|TA Boult|JJ Bumrah,Sunrisers Hyderabad,162,5,Mumbai Indians,166.0,6.0
1473471,34.0,2025,2025-04-18,"M Chinnaswamy Stadium, Bengaluru",Bengaluru,Royal Challengers Bengaluru,Punjab Kings,Punjab Kings,field,1.0,Punjab Kings,,5.0,TH David,PD Salt|V Kohli|RM Patidar|LS Livingstone|JM Sharma|KH Pandya|TH David|MS Bhandage|B Kumar|Yash Dayal|JR Hazlewood|Suyash Sharma,YS Chahal|Priyansh Arya|P Simran Singh|SS Iyer|JP Inglis|N Wadhera|Shashank Singh|MP Stoinis|Harpreet Brar|M Jansen|XC Bartlett|Arshdeep Singh,Royal Challengers Bengaluru,95,9,Punjab Kings,98.0,5.0
1473472,35.0,2025,2025-04-19,"Narendra Modi Stadium, Ahmedabad",Ahmedabad,Delhi Capitals,Gujarat Titans,Gujarat Titans,field,1.0,Gujarat Titans,,7.0,JC Buttler,Abishek Porel|KK Nair|KL Rahul|AR Patel|T Stubbs|Ashutosh Sharma|V Nigam|D Ferreira|MA Starc|Kuldeep Yadav|MM Sharma|Mukesh Kumar,I Sharma|B Sai Sudharsan|Shubman Gill|JC Buttler|SE Rutherford|R Tewatia|Rashid Khan|M Shahrukh Khan|Arshad Khan|R Sai Kishore|Mohammed Siraj|M Prasidh Krishna,Delhi Capitals,203,8,Gujarat Titans,204.0,3.0
1473473,36.0,2025,2025-04-19,"Sawai Mansingh Stadium, Jaipur",Jaipur,Lucknow Super Giants,Rajasthan Royals,Lucknow Super Giants,bat,1.0,Lucknow Super Giants,2.0,,Avesh Khan,MR Marsh|AK Markram|N Pooran|RR Pant|A Badoni|DA Miller|Abdul Samad|DS Rathi|SN Thakur|Ravi Bishnoi|Prince Yadav|Avesh Khan,Sandeep Sharma|YBK Jaiswal|V Suryavanshi|N Rana|R Parag|Dhruv Jurel|SO Hetmyer|SB Dubey|PWH de Silva|JC Archer|M Theekshana|TU Deshpande,Lucknow Super Giants,180,5,Rajasthan Royals,178.0,5.0
1473474,37.0,2025,2025-04-20,"Maharaja Yadavindra Singh International Cricket Stadium, Mullanpur",Mohali,Punjab Kings,Royal Challengers Bengaluru,Royal Challengers Bengaluru,field,1.0,Royal Challengers Bengaluru,,7.0,V Kohli,Harpreet Brar|Priyansh Arya|P Simran Singh|SS Iyer|JP Inglis|N Wadhera|Shashank Singh|MP Stoinis|M Jansen|XC Bartlett|Arshdeep Singh|YS Chahal,Suyash Sharma|PD Salt|V Kohli|D Padikkal|RM Patidar|JM Sharma|R Shepherd|TH David|KH Pandya|B Kumar|JR Hazlewood|Yash Dayal,Punjab Kings,157,6,Royal Challengers Bengaluru,159.0,3.0
1473475,38.0,2025,2025-04-20,"Wankhede Stadium, Mumbai",Mumbai,Chennai Super Kings,Mumbai Indians,Mumbai Indians,field,1.0,Mumbai Indians,,9.0,RG Sharma,R Ashwin|SK Rasheed|R Ravindra|A Mhatre|RA Jadeja|S Dube|MS Dhoni|J Overton|V Shankar|Noor Ahmad|KK Ahmed|M Pathirana,Ashwani Kumar|RD Rickelton|RG Sharma|SA Yadav|WG Jacks|Tilak Varma|HH Pandya|Naman Dhir|MJ Santner|DL Chahar|TA Boult|JJ Bumrah,Chennai Super Kings,176,5,Mumbai Indians,177.0,1.0
1473476,39.0,2025,2025-04-21,"Eden Gardens, Kolkata",Kolkata,Gujarat Titans,Kolkata Knight Riders,Kolkata Knight Riders,field,0.0,Gujarat Titans,39.0,,Shubman Gill,SE Rutherford|B Sai Sudharsan|Shubman Gill|JC Buttler|R Tewatia|M Shahrukh Khan|Rashid Khan|Washington Sundar|R Sai Kishore|Mohammed Siraj|M Prasidh Krishna|I Sharma,VG Arora|Rahmanullah Gurbaz|SP Narine|AM Rahane|VR Iyer|RK Singh|AD Russell|Ramandeep Singh|MM Ali|A Raghuvanshi|Harshit Rana|CV Varun,Gujarat Titans,198,3,Kolkata Knight Riders,159.0,8.0
1473477,40.0,2025,2025-04-22,"Bharat Ratna Shri Atal Bihari Vajpayee Ekana Cricket Stadium, Lucknow",Lucknow,Lucknow Super Giants,Delhi Capitals,Delhi Capitals,field,1.0,Delhi Capitals,,8.0,Mukesh Kumar,AK Markram|MR Marsh|N Pooran|Abdul Samad|DA Miller|A Badoni|RR Pant|SN Thakur|Ravi Bishnoi|DS Rathi|Avesh Khan|Prince Yadav,Abishek Porel|KK Nair|KL Rahul|AR Patel|T Stubbs|Ashutosh Sharma|V Nigam|MA Starc|PVD Chameera|Kuldeep Yadav|Mukesh Kumar,Lucknow Super Giants,159,6,Delhi Capitals,161.0,2.0
1473478,41.0,2025,2025-04-23,"Rajiv Gandhi International Stadium, Uppal, Hyderabad",Hyderabad,Sunrisers Hyderabad,Mumbai Indians,Mumbai Indians,field,1.0,Mumbai Indians,,7.0,TA Boult,TM Head|Abhishek Sharma|Ishan Kishan|Nithish Kumar Reddy|H Klaasen|Aniket Verma|A Manohar|PJ Cummins|HV Patel|JD Unadkat|Zeeshan Ansari|E Malinga,V Puthur|RD Rickelton|RG Sharma|WG Jacks|SA Yadav|Tilak Varma|HH Pandya|Naman Dhir|MJ Santner|DL Chahar|TA Boult|JJ Bumrah,Sunrisers Hyderabad,143,8,Mumbai Indians,146.0,3.0
1473479,42.0,2025,2025-04-24,"M Chinnaswamy Stadium, Bengaluru",Bengaluru,Royal Challengers Bengaluru,Rajasthan Royals,Rajasthan Royals,field,0.0,Royal Challengers Bengaluru,11.0,,JR Hazlewood,Suyash Sharma|PD Salt|V Kohli|D Padikkal|TH David|RM Patidar|JM Sharma|R Shepherd|KH Pandya|B Kumar|JR Hazlewood|Yash Dayal,Sandeep Sharma|YBK Jaiswal|V Suryavanshi|N Rana|R Parag|Dhruv Jurel|SO Hetmyer|SB Dubey|JC Archer|PWH de Silva|TU Deshpande|Fazalhaq Farooqi,Royal Challengers Bengaluru,205,5,Rajasthan Royals,194.0,9.0
1473480,43.0,2025,2025-04-25,"MA Chidambaram Stadium, Chepauk, Chennai",Chennai,Chennai Super Kings,Sunrisers Hyderabad,Sunrisers Hyderabad,field,1.0,Sunrisers Hyderabad,,5.0,HV Patel,SK Rasheed|A Mhatre|SM Curran|RA Jadeja|D Brevis|S Dube|DJ Hooda|MS Dhoni|A Kamboj|Noor Ahmad|KK Ahmed|M Pathirana,Zeeshan Ansari|Abhishek Sharma|TM Head|Ishan Kishan|H Klaasen|Aniket Verma|PHKD Mendis|Nithish Kumar Reddy|PJ Cummins|HV Patel|JD Unadkat|Mohammed Shami,Chennai Super Kings,154,10,Sunrisers Hyderabad,155.0,5.0
1473481,44.0,2025,2025-04-26,"Eden Gardens, Kolkata",Kolkata,Punjab Kings,Kolkata Knight Riders,Punjab Kings,bat,,,,,,Harpreet Brar|Priyansh Arya|P Simran Singh|SS Iyer|GJ Maxwell|M Jansen|JP Inglis|Shashank Singh|N Wadhera|Azmatullah Omarzai|YS Chahal|Arshdeep Singh,C Sakariya|Rahmanullah Gurbaz|SP Narine|VR Iyer|AM Rahane|RK Singh|AD Russell|R Powell|VG Arora|Harshit Rana|CV Varun|A Raghuvanshi,Punjab Kings,201,4,Kolkata Knight Riders,7.0,0.0
1473482,45.0,2025,2025-04-27,"Wankhede Stadium, Mumbai",Mumbai,Mumbai Indians,Lucknow Super Giants,Lucknow Super Giants,field,0.0,Mumbai Indians,54.0,,WG Jacks,JJ Bumrah|RD Rickelton|RG Sharma|WG Jacks|SA Yadav|Tilak Varma|HH Pandya|Naman Dhir|C Bosch|DL Chahar|TA Boult|KV Sharma,MR Marsh|AK Markram|N Pooran|RR Pant|A Badoni|DA Miller|Abdul Samad|Ravi Bishnoi|Avesh Khan|Prince Yadav|DS Rathi|MP Yadav,Mumbai Indians,215,7,Lucknow Super Giants,161.0,10.0
1473483,46.0,2025,2025-04-27,"Arun Jaitley Stadium, Delhi",Delhi,Delhi Capitals,Royal Challengers Bengaluru,Royal Challengers Bengaluru,field,1.0,Royal Challengers Bengaluru,,6.0,KH Pandya,Abishek Porel|F du Plessis|KK Nair|KL Rahul|AR Patel|T Stubbs|Ashutosh Sharma|V Nigam|MA Starc|PVD Chameera|Kuldeep Yadav|Mukesh Kumar,Suyash Sharma|JG Bethell|V Kohli|D Padikkal|RM Patidar|KH Pandya|TH David|R Shepherd|JM Sharma|B Kumar|JR Hazlewood|Yash Dayal,Delhi Capitals,162,8,Royal Challengers Bengaluru,165.0,4.0
1473484,47.0,2025,2025-04-28,"Sawai Mansingh Stadium, Jaipur",Jaipur,Gujarat Titans,Rajasthan Royals,Rajasthan Royals,field,1.0,Rajasthan Royals,,8.0,V Suryavanshi,I Sharma|B Sai Sudharsan|Shubman Gill|JC Buttler|Washington Sundar|R Tewatia|M Shahrukh Khan|Karim Janat|Rashid Khan|R Sai Kishore|Mohammed Siraj|M Prasidh Krishna,YBK Jaiswal|V Suryavanshi|N Rana|R Parag|Dhruv Jurel|SO Hetmyer|PWH de Silva|JC Archer|M Theekshana|Sandeep Sharma|Yudhvir Singh,Gujarat Titans,209,4,Rajasthan Royals,212.0,2.0
1473485,48.0,2025,2025-04-29,"Arun Jaitley Stadium, Delhi",Delhi,Kolkata Knight Riders,Delhi Capitals,Delhi Capitals,field,0.0,Kolkata Knight Riders,14.0,,SP Narine,VG Arora|Rahmanullah Gurbaz|SP Narine|AM Rahane|A Raghuvanshi|VR Iyer|RK Singh|AD Russell|R Powell|AS Roy|Harshit Rana|CV Varun,Mukesh Kumar|Abishek Porel|F du Plessis|KK Nair|KL Rahul|AR Patel|T Stubbs|V Nigam|Ashutosh Sharma|MA Starc|PVD Chameera|Kuldeep Yadav,Kolkata Knight Riders,204,9,Delhi Capitals,190.0,9.0
1473486,49.0,2025,2025-04-30,"MA Chidambaram Stadium, Chepauk, Chennai",Chennai,Chennai Super Kings,Punjab Kings,Punjab Kings,field,1.0,Punjab Kings,,4.0,SS Iyer,SK Rasheed|A Mhatre|SM Curran|RA Jadeja|D Brevis|S Dube|MS Dhoni|DJ Hooda|A Kamboj|Noor Ahmad|KK Ahmed|M Pathirana,YS Chahal|Priyansh Arya|P Simran Singh|SS Iyer|N Wadhera|Shashank Singh|JP Inglis|Suryansh Shedge|M Jansen|Azmatullah Omarzai|Harpreet Brar|Arshdeep Singh,Chennai Super Kings,190,10,Punjab Kings,194.0,6.0
1473487,50.0,2025,2025-05-01,"Sawai Mansingh Stadium, Jaipur",Jaipur,Mumbai Indians,Rajasthan Royals,Rajasthan Royals,field,0.0,Mumbai Indians,100.0,,RD Rickelton,KV Sharma|RD Rickelton|RG Sharma|SA Yadav|HH Pandya|WG Jacks|Tilak Varma|Naman Dhir|C Bosch|DL Chahar|TA Boult|JJ Bumrah,Fazalhaq Farooqi|YBK Jaiswal|V Suryavanshi|N Rana|R Parag|Dhruv Jurel|SO Hetmyer|SB Dubey|JC Archer|M Theekshana|K Kartikeya|Akash Madhwal,Mumbai Indians,217,2,Rajasthan Royals,117.0,10.0
1473488,51.0,2025,2025-05-02,"Narendra Modi Stadium, Ahmedabad",Ahmedabad,Gujarat Titans,Sunrisers Hyderabad,Sunrisers Hyderabad,field,0.0,Gujarat Titans,38.0,,M Prasidh Krishna,I Sharma|B Sai Sudharsan|Shubman Gill|JC Buttler|Washington Sundar|M Shahrukh Khan|R Tewatia|Rashid Khan|Mohammed Siraj|G Coetzee|R Sai Kishore|M Prasidh Krishna,Mohammed Shami|TM Head|Abhishek Sharma|Ishan Kishan|H Klaasen|Aniket Verma|Nithish Kumar Reddy|PHKD Mendis|PJ Cummins|HV Patel|JD Unadkat|Zeeshan Ansari,Gujarat Titans,224,6,Sunrisers Hyderabad,186.0,6.0
1473489,52.0,2025,2025-05-03,"M Chinnaswamy Stadium, Bengaluru",Bengaluru,Royal Challengers Bengaluru,Chennai Super Kings,Chennai Super Kings,field,0.0,Royal Challengers Bengaluru,2.0,,R Shepherd,Suyash Sharma|JG Bethell|V Kohli|D Padikkal|RM Patidar|JM Sharma|TH David|R Shepherd|KH Pandya|B Kumar|L Ngidi|Yash Dayal,M Pathirana|A Mhatre|SK Rasheed|SM Curran|RA Jadeja|D Brevis|MS Dhoni|S Dube|DJ Hooda|Noor Ahmad|KK Ahmed|A Kamboj,Royal Challengers Bengaluru,213,5,Chennai Super Kings,211.0,5.0
1473490,53.0,2025,2025-05-04,"Eden Gardens, Kolkata",Kolkata,Kolkata Knight Riders,Rajasthan Royals,Kolkata Knight Riders,bat,1.0,Kolkata Knight Riders,1.0,,AD Russell,Harshit Rana|Rahmanullah Gurbaz|SP Narine|AM Rahane|A Raghuvanshi|AD Russell|RK Singh|VR Iyer|Ramandeep Singh|MM Ali|VG Arora|CV Varun,Akash Madhwal|YBK Jaiswal|V Suryavanshi|KS Rathore|R Parag|Dhruv Jurel|PWH de Silva|SO Hetmyer|SB Dubey|JC Archer|M Theekshana|Yudhvir Singh,Kolkata Knight Riders,206,4,Rajasthan Royals,205.0,8.0
1473491,54.0,2025,2025-05-04,"Himachal Pradesh Cricket Association Stadium, Dharamsala",Dharamsala,Punjab Kings,Lucknow Super Giants,Lucknow Super Giants,field,0.0,Punjab Kings,37.0,,P Simran Singh,Vijaykumar Vyshak|Priyansh Arya|P Simran Singh|JP Inglis|SS Iyer|N Wadhera|Shashank Singh|MP Stoinis|Azmatullah Omarzai|M Jansen|YS Chahal|Arshdeep Singh,Akash Singh|AK Markram|MR Marsh|N Pooran|RR Pant|A Badoni|DA Miller|Abdul Samad|Avesh Khan|Prince Yadav|MP Yadav|DS Rathi,Punjab Kings,236,5,Lucknow Super Giants,199.0,7.0
1473492,55.0,2025,2025-05-05,"Rajiv Gandhi International Stadium, Uppal, Hyderabad",Hyderabad,Delhi Capitals,Sunrisers Hyderabad,Sunrisers Hyderabad,field,,,,,,KK Nair|F du Plessis|Abishek Porel|KL Rahul|AR Patel|T Stubbs|V Nigam|Ashutosh Sharma|MA Starc|PVD Chameera|Kuldeep Yadav|T Natarajan,JD Unadkat|Abhishek Sharma|Ishan Kishan|Sachin Baby|H Klaasen|Aniket Verma|A Manohar|PJ Cummins|HV Patel|Zeeshan Ansari|E Malinga|TM Head,Delhi Capitals,133,7,,,
1473493,56.0,2025,2025-05-06,"Wankhede Stadium, Mumbai",Mumbai,Mumbai Indians,Gujarat Titans,Gujarat Titans,field,1.0,Gujarat Titans,,3.0,Shubman Gill,RD Rickelton|RG Sharma|WG Jacks|SA Yadav|Tilak Varma|HH Pandya|Naman Dhir|C Bosch|DL Chahar|KV Sharma|TA Boult|JJ Bumrah|Ashwani Kumar,B Sai Sudharsan|Shubman Gill|JC Buttler|SE Rutherford|M Shahrukh Khan|R Tewatia|Rashid Khan|G Coetzee|Arshad Khan|R Sai Kishore|Mohammed Siraj|M Prasidh Krishna,Mumbai Indians,155,8,Gujarat Titans,147.0,7.0
1473494,57.0,2025,2025-05-07,"Eden Gardens, Kolkata",Kolkata,Kolkata Knight Riders,Chennai Super Kings,Kolkata Knight Riders,bat,0.0,Chennai Super Kings,,2.0,Noor Ahmad,Harshit Rana|Rahmanullah Gurbaz|SP Narine|AM Rahane|A Raghuvanshi|MK Pandey|AD Russell|RK Singh|Ramandeep Singh|MM Ali|VG Arora|CV Varun,M Pathirana|A Mhatre|DP Conway|Urvil Patel|R Ashwin|RA Jadeja|D Brevis|S Dube|MS Dhoni|Noor Ahmad|A Kamboj|KK Ahmed,Kolkata Knight Riders,179,6,Chennai Super Kings,183.0,8.0
1473495,58.0,2025,2025-05-08,"Himachal Pradesh Cricket Association Stadium, Dharamsala",Dharamsala,Punjab Kings,Delhi Capitals,Punjab Kings,bat,,,,,,Priyansh Arya|P Simran Singh|JP Inglis|SS Iyer|N Wadhera|Shashank Singh|MP Stoinis|Azmatullah Omarzai|M Jansen|YS Chahal|Arshdeep Singh,F du Plessis|Sameer Rizvi|Abishek Porel|KL Rahul|AR Patel|T Stubbs|M Tiwari|MA Starc|PVD Chameera|Kuldeep Yadav|T Natarajan,Punjab Kings,122,1,,,
1473497,59.0,2025,2025-05-18,"Sawai Mansingh Stadium, Jaipur",Jaipur,Punjab Kings,Rajasthan Royals,Punjab Kings,bat,1.0,Punjab Kings,10.0,,Harpreet Brar,Harpreet Brar|Priyansh Arya|P Simran Singh|MJ Owen|N Wadhera|SS Iyer|Shashank Singh|Azmatullah Omarzai|M Jansen|XC Bartlett|Arshdeep Singh|YS Chahal,Fazalhaq Farooqi|YBK Jaiswal|V Suryavanshi|SV Samson|R Parag|Dhruv Jurel|SO Hetmyer|SB Dubey|PWH de Silva|KT Maphaka|TU Deshpande|Akash Madhwal,Punjab Kings,219,5,Rajasthan Royals,209.0,7.0
1473498,60.0,2025,2025-05-18,"Arun Jaitley Stadium, Delhi",Delhi,Delhi Capitals,Gujarat Titans,Gujarat Titans,field,1.0,Gujarat Titans,,10.0,B Sai Sudharsan,PVD Chameera|KL Rahul|F du Plessis|Abishek Porel|AR Patel|T Stubbs|Sameer Rizvi|Ashutosh Sharma|V Nigam|T Natarajan|Kuldeep Yadav|Mustafizur Rahman,M Prasidh Krishna|B Sai Sudharsan|Shubman Gill|SE Rutherford|JC Buttler|M Shahrukh Khan|R Tewatia|Rashid Khan|K Rabada|Arshad Khan|R Sai Kishore|Mohammed Siraj,Delhi Capitals,199,3,Gujarat Titans,205.0,0.0
1473499,61.0,2025,2025-05-19,"Bharat Ratna Shri Atal Bihari Vajpayee Ekana Cricket Stadium, Lucknow",Lucknow,Lucknow Super Giants,Sunrisers Hyderabad,Sunrisers Hyderabad,field,1.0,Sunrisers Hyderabad,,6.0,Abhishek Sharma,MR Marsh|AK Markram|RR Pant|N Pooran|A Badoni|Abdul Samad|SN Thakur|Ravi Bishnoi|Akash Deep|Avesh Khan|DS Rathi|W O'Rourke,Zeeshan Ansari|Atharva Taide|Abhishek Sharma|Ishan Kishan|H Klaasen|PHKD Mendis|Aniket Verma|Nithish Kumar Reddy|PJ Cummins|HV Patel|Harsh Dubey|E Malinga,Lucknow Super Giants,205,7,Sunrisers Hyderabad,206.0,5.0
1473500,62.0,2025,2025-05-20,"Arun Jaitley Stadium, Delhi",Delhi,Chennai Super Kings,Rajasthan Royals,Rajasthan Royals,field,1.0,Rajasthan Royals,,6.0,Akash Madhwal,M Pathirana|A Mhatre|DP Conway|Urvil Patel|R Ashwin|RA Jadeja|D Brevis|S Dube|MS Dhoni|A Kamboj|Noor Ahmad|KK Ahmed,YBK Jaiswal|V Suryavanshi|SV Samson|R Parag|Dhruv Jurel|SO Hetmyer|PWH de Silva|KT Maphaka|Yudhvir Singh|TU Deshpande|Akash Madhwal,Chennai Super Kings,187,8,Rajasthan Royals,188.0,4.0
1473501,63.0,2025,2025-05-21,"Wankhede Stadium, Mumbai",Mumbai,Mumbai Indians,Delhi Capitals,Delhi Capitals,field,0.0,Mumbai Indians,59.0,,SA Yadav,RD Rickelton|RG Sharma|WG Jacks|SA Yadav|Tilak Varma|HH Pandya|Naman Dhir|MJ Santner|DL Chahar|TA Boult|JJ Bumrah|KV Sharma,KL Rahul|F du Plessis|Abishek Porel|Sameer Rizvi|V Nigam|T Stubbs|Ashutosh Sharma|M Tiwari|PVD Chameera|Kuldeep Yadav|Mustafizur Rahman|Mukesh Kumar,Mumbai Indians,180,5,Delhi Capitals,121.0,10.0
1473502,64.0,2025,2025-05-22,"Narendra Modi Stadium, Ahmedabad",Ahmedabad,Lucknow Super Giants,Gujarat Titans,Gujarat Titans,field,0.0,Lucknow Super Giants,33.0,,MR Marsh,AK Markram|MR Marsh|N Pooran|RR Pant|A Badoni|Abdul Samad|Himmat Singh|Shahbaz Ahmed|Avesh Khan|Akash Deep|W O'Rourke|Akash Singh,B Sai Sudharsan|Shubman Gill|JC Buttler|SE Rutherford|M Shahrukh Khan|R Tewatia|Arshad Khan|Rashid Khan|K Rabada|R Sai Kishore|Mohammed Siraj|M Prasidh Krishna,Lucknow Super Giants,235,2,Gujarat Titans,202.0,9.0
1473503,65.0,2025,2025-05-23,"Bharat Ratna Shri Atal Bihari Vajpayee Ekana Cricket Stadium, Lucknow",Lucknow,Sunrisers Hyderabad,Royal Challengers Bengaluru,Royal Challengers Bengaluru,field,0.0,Sunrisers Hyderabad,42.0,,Ishan Kishan,Abhishek Sharma|TM Head|Ishan Kishan|H Klaasen|Aniket Verma|Nithish Kumar Reddy|A Manohar|PJ Cummins|HV Patel|JD Unadkat|E Malinga|Harsh Dubey,PD Salt|V Kohli|MA Agarwal|RM Patidar|JM Sharma|R Shepherd|KH Pandya|TH David|B Kumar|Yash Dayal|L Ngidi|Suyash Sharma,Sunrisers Hyderabad,231,6,Royal Challengers Bengaluru,189.0,10.0
1473504,67.0,2025,2025-05-25,"Narendra Modi Stadium, Ahmedabad",Ahmedabad,Chennai Super Kings,Gujarat Titans,Chennai Super Kings,bat,1.0,Chennai Super Kings,83.0,,D Brevis,M Pathirana|A Mhatre|DP Conway|Urvil Patel|S Dube|D Brevis|RA Jadeja|MS Dhoni|DJ Hooda|Noor Ahmad|A Kamboj|KK Ahmed,M Prasidh Krishna|B Sai Sudharsan|Shubman Gill|JC Buttler|SE Rutherford|M Shahrukh Khan|R Tewatia|Rashid Khan|G Coetzee|Arshad Khan|R Sai Kishore|Mohammed Siraj,Chennai Super Kings,230,5,Gujarat Titans,147.0,10.0
1473505,68.0,2025,2025-05-25,"Arun Jaitley Stadium, Delhi",Delhi,Sunrisers Hyderabad,Kolkata Knight Riders,Sunrisers Hyderabad,bat,1.0,Sunrisers Hyderabad,110.0,,H Klaasen,Harsh Dubey|Abhishek Sharma|TM Head|H Klaasen|Ishan Kishan|Aniket Verma|Nithish Kumar Reddy|A Manohar|PJ Cummins|HV Patel|JD Unadkat|E Malinga,CV Varun|Q de Kock|SP Narine|AM Rahane|A Raghuvanshi|RK Singh|AD Russell|MK Pandey|Ramandeep Singh|Harshit Rana|VG Arora|A Nortje,Sunrisers Hyderabad,278,3,Kolkata Knight Riders,168.0,10.0
1473506,69.0,2025,2025-05-26,"Sawai Mansingh Stadium, Jaipur",Jaipur,Mumbai Indians,Punjab Kings,Punjab Kings,field,1.0,Punjab Kings,,7.0,JP Inglis,Ashwani Kumar|RD Rickelton|RG Sharma|SA Yadav|Tilak Varma|WG Jacks|HH Pandya|Naman Dhir|MJ Santner|DL Chahar|TA Boult|JJ Bumrah,Vijaykumar Vyshak|Priyansh Arya|P Simran Singh|JP Inglis|SS Iyer|N Wadhera|Shashank Singh|MP Stoinis|M Jansen|Harpreet Brar|KA Jamieson|Arshdeep Singh,Mumbai Indians,184,7,Punjab Kings,187.0,3.0
1473507,70.0,2025,2025-05-27,"Bharat Ratna Shri Atal Bihari Vajpayee Ekana Cricket Stadium, Lucknow",Lucknow,Lucknow Super Giants,Royal Challengers Bengaluru,Royal Challengers Bengaluru,field,1.0,Royal Challengers Bengaluru,,6.0,JM Sharma,Akash Singh|MR Marsh|MP Breetzke|RR Pant|N Pooran|Abdul Samad|A Badoni|Himmat Singh|Shahbaz Ahmed|DS Rathi|Avesh Khan|W O'Rourke,Suyash Sharma|PD Salt|V Kohli|RM Patidar|LS Livingstone|MA Agarwal|JM Sharma|R Shepherd|KH Pandya|B Kumar|Yash Dayal|N Thushara,Lucknow Super Giants,227,3,Royal Challengers Bengaluru,230.0,4.0
1473508,,2025,2025-05-29,"Maharaja Yadavindra Singh International Cricket Stadium, Mullanpur",New Chandigarh,Punjab Kings,Royal Challengers Bengaluru,Royal Challengers Bengaluru,field,1.0,Royal Challengers Bengaluru,,8.0,Suyash Sharma,Priyansh Arya|P Simran Singh|JP Inglis|SS Iyer|N Wadhera|MP Stoinis|Shashank Singh|Musheer Khan|Azmatullah Omarzai|Harpreet Brar|KA Jamieson|Arshdeep Singh,Suyash Sharma|PD Salt|V Kohli|MA Agarwal|RM Patidar|LS Livingstone|JM Sharma|R Shepherd|KH Pandya|B Kumar|Yash Dayal|JR Hazlewood,Punjab Kings,101,10,Royal Challengers Bengaluru,106.0,2.0
1473509,,2025,2025-05-30,"Maharaja Yadavindra Singh International Cricket Stadium, New Chandigarh",New Chandigarh,Mumbai Indians,Gujarat Titans,Mumbai Indians,bat,1.0,Mumbai Indians,20.0,,RG Sharma,Ashwani Kumar|RG Sharma|JM Bairstow|SA Yadav|Tilak Varma|HH Pandya|Naman Dhir|MJ Santner|RA Bawa|TA Boult|JJ Bumrah|RJ Gleeson,Mohammed Siraj|B Sai Sudharsan|Shubman Gill|BKG Mendis|Washington Sundar|SE Rutherford|R Tewatia|M Shahrukh Khan|Rashid Khan|R Sai Kishore|G Coetzee|M Prasidh Krishna,Mumbai Indians,228,5,Gujarat Titans,208.0,6.0
1473510,,2025,2025-06-01,"Narendra Modi Stadium, Ahmedabad",Ahmedabad,Mumbai Indians,Punjab Kings,Punjab Kings,field,1.0,Punjab Kings,,5.0,SS Iyer,Ashwani Kumar|RG Sharma|JM Bairstow|Tilak Varma|SA Yadav|HH Pandya|Naman Dhir|RA Bawa|MJ Santner|TA Boult|JJ Bumrah|RJW Topley,YS Chahal|Priyansh Arya|P Simran Singh|JP Inglis|SS Iyer|N Wadhera|Shashank Singh|MP Stoinis|Azmatullah Omarzai|Vijaykumar Vyshak|KA Jamieson|Arshdeep Singh,Mumbai Indians,203,6,Punjab Kings,207.0,5.0
1473511,,2025,2025-06-03,"Narendra Modi Stadium, Ahmedabad",Ahmedabad,Royal Challengers Bengaluru,Punjab Kings,Punjab Kings,field,0.0,Royal Challengers Bengaluru,6.0,,KH Pandya,Suyash Sharma|PD Salt|V Kohli|MA Agarwal|RM Patidar|LS Livingstone|JM Sharma|R Shepherd|KH Pandya|B Kumar|Yash Dayal|JR Hazlewood,YS Chahal|Priyansh Arya|P Simran Singh|JP Inglis|SS Iyer|N Wadhera|Shashank Singh|MP Stoinis|Azmatullah Omarzai|KA Jamieson|Vijaykumar Vyshak|Arshdeep Singh,Royal Challengers Bengaluru,190,9,Punjab Kings,184.0,7.0
1485779,66.0,2025,2025-05-24,"Sawai Mansingh Stadium, Jaipur",Jaipur,Punjab Kings,Delhi Capitals,Delhi Capitals,field,1.0,Delhi Capitals,,6.0,Sameer Rizvi,P Dubey|Priyansh Arya|P Simran Singh|JP Inglis|SS Iyer|N Wadhera|Shashank Singh|MP Stoinis|Azmatullah Omarzai|M Jansen|Harpreet Brar|Arshdeep Singh,Mukesh Kumar|KL Rahul|F du Plessis|KK Nair|Sediqullah Atal|Sameer Rizvi|T Stubbs|Ashutosh Sharma|V Nigam|Kuldeep Yadav|MM Sharma|Mustafizur Rahman,Punjab Kings,206,8,Delhi Capitals,208.0,4.0
335982,1.0,2008,2008-04-18,M Chinnaswamy Stadium,Bangalore,Royal Challengers Bangalore,Kolkata Knight Riders,Royal Challengers Bangalore,field,0.0,Kolkata Knight Riders,140.0,,BB McCullum,R Dravid|W Jaffer|V Kohli|JH Kallis|CL White|MV Boucher|B Akhil|AA Noffke|P Kumar|Z Khan|SB Joshi,SC Ganguly|BB McCullum|RT Ponting|DJ Hussey|Mohammad Hafeez|LR Shukla|WP Saha|AB Agarkar|AB Dinda|M Kartik|I Sharma,Kolkata Knight Riders,222,3,Royal Challengers Bangalore,82.0,10.0
335983,2.0,2008,2008-04-19,"Punjab Cricket Association Stadium, Mohali",Chandigarh,Kings XI Punjab,Chennai Super Kings,Chennai Super Kings,bat,1.0,Chennai Super Kings,33.0,,MEK Hussey,K Goel|JR Hopes|KC Sangakkara|Yuvraj Singh|SM Katich|IK Pathan|P Dharmani|B Lee|PP Chawla|WA Mota|S Sreesanth,PA Patel|ML Hayden|MEK Hussey|MS Dhoni|SK Raina|JDP Oram|S Badrinath|Joginder Sharma|P Amarnath|MS Gony|M Muralitharan,Chennai Super Kings,240,5,Kings XI Punjab,207.0,4.0
335984,3.0,2008,2008-04-19,Feroz Shah Kotla,Delhi,Delhi Daredevils,Rajasthan Royals,Rajasthan Royals,bat,0.0,Delhi Daredevils,,9.0,MF Maharoof,G Gambhir|V Sehwag|S Dhawan|MK Tiwary|KD Karthik|R Bhatia|M Manhas|DL Vettori|MF Maharoof|B Geeves|GD McGrath,T Kohli|YK Pathan|SR Watson|M Kaif|DS Lehmann|RA Jadeja|M Rawat|D Salunkhe|SK Warne|SK Trivedi|MM Patel,Rajasthan Royals,129,8,Delhi Daredevils,132.0,1.0
335985,5.0,2008,2008-04-20,Wankhede Stadium,Mumbai,Mumbai Indians,Royal Challengers Bangalore,Mumbai Indians,bat,0.0,Royal Challengers Bangalore,,5.0,MV Boucher,L Ronchi|ST Jayasuriya|DJ Thornely|RV Uthappa|PR Shah|AM Nayar|SM Pollock|Harbhajan Singh|MA Khote|A Nehra|DS Kulkarni,S Chanderpaul|R Dravid|LRPL Taylor|JH Kallis|V Kohli|MV Boucher|B Akhil|P Kumar|Z Khan|SB Joshi|R Vinay Kumar,Mumbai Indians,165,7,Royal Challengers Bangalore,166.0,5.0
335986,4.0,2008,2008-04-20,Eden Gardens,Kolkata,Kolkata Knight Riders,Deccan Chargers,Deccan Chargers,bat,0.0,Kolkata Knight Riders,,5.0,DJ Hussey,WP Saha|BB McCullum|RT Ponting|SC Ganguly|DJ Hussey|Mohammad Hafeez|LR Shukla|AB Agarkar|AB Dinda|M Kartik|I Sharma,AC Gilchrist|Y Venugopal Rao|VVS Laxman|A Symonds|RG Sharma|SB Styris|AS Yadav|SB Bangar|WPUJC Vaas|RP Singh|PP Ojha,Deccan Chargers,110,10,Kolkata Knight Riders,112.0,5.0
335987,6.0,2008,2008-04-21,Sawai Mansingh Stadium,Jaipur,Rajasthan Royals,Kings XI Punjab,Kings XI Punjab,bat,0.0,Rajasthan Royals,,6.0,SR Watson,M Kaif|Kamran Akmal|YK Pathan|SR Watson|DS Lehmann|RA Jadeja|Pankaj Singh|D Salunkhe|SK Warne|SK Trivedi|MM Patel,K Goel|JR Hopes|KC Sangakkara|DPMD Jayawardene|Yuvraj Singh|IK Pathan|S Sohal|B Lee|PP Chawla|WA Mota|S Sreesanth,Kings XI Punjab,166,8,Rajasthan Royals,168.0,4.0
335988,7.0,2008,2008-04-22,"Rajiv Gandhi International Stadium, Uppal",Hyderabad,Deccan Chargers,Delhi Daredevils,Deccan Chargers,bat,0.0,Delhi Daredevils,,9.0,V Sehwag,AC Gilchrist|Y Venugopal Rao|VVS Laxman|A Symonds|RG Sharma|Shahid Afridi|SB Bangar|AS Yadav|WPUJC Vaas|RP Singh|PP Ojha,G Gambhir|V Sehwag|S Dhawan|Shoaib Malik|KD Karthik|MK Tiwary|R Bhatia|MF Maharoof|Mohammad Asif|VY Mahesh|GD McGrath,Deccan Chargers,142,8,Delhi Daredevils,143.0,1.0
335989,8.0,2008,2008-04-23,"MA Chidambaram Stadium, Chepauk",Chennai,Chennai Super Kings,Mumbai Indians,Mumbai Indians,field,0.0,Chennai Super Kings,6.0,,ML Hayden,PA Patel|ML Hayden|MEK Hussey|SK Raina|MS Dhoni|JDP Oram|S Badrinath|Joginder Sharma|P Amarnath|MS Gony|M Muralitharan,L Ronchi|ST Jayasuriya|RV Uthappa|SM Pollock|DJ Bravo|AM Nayar|MA Khote|Harbhajan Singh|A Nehra|VS Yeligati|DS Kulkarni,Chennai Super Kings,208,5,Mumbai Indians,202.0,7.0
335990,9.0,2008,2008-04-24,"Rajiv Gandhi International Stadium, Uppal",Hyderabad,Deccan Chargers,Rajasthan Royals,Rajasthan Royals,field,1.0,Rajasthan Royals,,3.0,YK Pathan,AC Gilchrist|VVS Laxman|Shahid Afridi|A Symonds|RG Sharma|AS Yadav|SB Bangar|WPUJC Vaas|RP Singh|PP Ojha|D Kalyankrishna,Kamran Akmal|GC Smith|YK Pathan|SR Watson|M Kaif|RA Jadeja|SK Warne|D Salunkhe|Pankaj Singh|SK Trivedi|MM Patel,Deccan Chargers,214,5,Rajasthan Royals,217.0,7.0
335991,10.0,2008,2008-04-25,"Punjab Cricket Association Stadium, Mohali",Chandigarh,Kings XI Punjab,Mumbai Indians,Mumbai Indians,field,0.0,Kings XI Punjab,66.0,,KC Sangakkara,K Goel|IK Pathan|KC Sangakkara|Yuvraj Singh|RR Sarwan|DPMD Jayawardene|S Sohal|B Lee|PP Chawla|S Sreesanth|VRV Singh,L Ronchi|ST Jayasuriya|RV Uthappa|DJ Bravo|SS Tiwary|SM Pollock|AM Nayar|Harbhajan Singh|MA Khote|DS Kulkarni|A Nehra,Kings XI Punjab,182,10,Mumbai Indians,116.0,9.0
335992,12.0,2008,2008-04-26,M Chinnaswamy Stadium,Bangalore,Royal Challengers Bangalore,Rajasthan Royals,Rajasthan Royals,field,1.0,Rajasthan Royals,,7.0,SR Watson,S Chanderpaul|R Dravid|LRPL Taylor|JH Kallis|V Kohli|MV Boucher|P Kumar|SB Joshi|Z Khan|R Vinay Kumar|A Kumble,GC Smith|M Rawat|YK Pathan|SR Watson|M Kaif|RA Jadeja|D Salunkhe|SK Warne|Sohail Tanvir|SK Trivedi|MM Patel,Royal Challengers Bangalore,135,8,Rajasthan Royals,138.0,3.0
335993,11.0,2008,2008-04-26,"MA Chidambaram Stadium, Chepauk",Chennai,Chennai Super Kings,Kolkata Knight Riders,Kolkata Knight Riders,bat,0.0,Chennai Super Kings,,9.0,JDP Oram,PA Patel|ML Hayden|MS Dhoni|MEK Hussey|S Badrinath|SK Raina|JDP Oram|Joginder Sharma|P Amarnath|MS Gony|M Muralitharan,SC Ganguly|BB McCullum|RT Ponting|WP Saha|DJ Hussey|Mohammad Hafeez|LR Shukla|AB Agarkar|M Kartik|I Sharma|AB Dinda,Kolkata Knight Riders,147,9,Chennai Super Kings,152.0,1.0
335994,14.0,2008,2008-04-27,Dr DY Patil Sports Academy,Mumbai,Mumbai Indians,Deccan Chargers,Deccan Chargers,field,1.0,Deccan Chargers,,10.0,AC Gilchrist,L Ronchi|ST Jayasuriya|AM Rahane|RV Uthappa|SM Pollock|AM Nayar|DJ Bravo|MA Khote|A Nehra|DS Kulkarni|SD Chitnis,AC Gilchrist|VVS Laxman|A Symonds|RG Sharma|Shahid Afridi|SB Bangar|AS Yadav|RP Singh|PP Ojha|D Kalyankrishna|DNT Zoysa,Mumbai Indians,154,7,Deccan Chargers,155.0,0.0
335995,13.0,2008,2008-04-27,"Punjab Cricket Association Stadium, Mohali",Chandigarh,Kings XI Punjab,Delhi Daredevils,Delhi Daredevils,bat,0.0,Kings XI Punjab,,4.0,SM Katich,K Goel|SM Katich|KC Sangakkara|DPMD Jayawardene|Yuvraj Singh|TM Srivastava|IK Pathan|B Lee|PP Chawla|S Sreesanth|VRV Singh,G Gambhir|V Sehwag|S Dhawan|Shoaib Malik|MK Tiwary|KD Karthik|R Bhatia|MF Maharoof|VY Mahesh|Mohammad Asif|GD McGrath,Delhi Daredevils,158,8,Kings XI Punjab,162.0,6.0
335996,15.0,2008,2008-04-28,M Chinnaswamy Stadium,Bangalore,Royal Challengers Bangalore,Chennai Super Kings,Chennai Super Kings,bat,1.0,Chennai Super Kings,13.0,,MS Dhoni,B Chipli|W Jaffer|LRPL Taylor|JH Kallis|MV Boucher|V Kohli|R Dravid|P Kumar|Z Khan|B Akhil|DW Steyn,PA Patel|ML Hayden|MEK Hussey|SK Raina|MS Dhoni|JDP Oram|S Badrinath|JA Morkel|Joginder Sharma|P Amarnath|MS Gony,Chennai Super Kings,178,5,Royal Challengers Bangalore,165.0,10.0
335997,16.0,2008,2008-04-29,Eden Gardens,Kolkata,Kolkata Knight Riders,Mumbai Indians,Kolkata Knight Riders,bat,0.0,Mumbai Indians,,7.0,ST Jayasuriya,BB McCullum|SC Ganguly|RT Ponting|DB Das|DJ Hussey|Mohammad Hafeez|LR Shukla|AB Agarkar|M Kartik|I Sharma|AB Dinda,AM Rahane|ST Jayasuriya|MK Pandey|RV Uthappa|DJ Bravo|SM Pollock|AM Nayar|A Nehra|DS Kulkarni|CRD Fernando|PR Shah,Kolkata Knight Riders,137,8,Mumbai Indians,138.0,3.0
335998,17.0,2008,2008-04-30,Feroz Shah Kotla,Delhi,Delhi Daredevils,Royal Challengers Bangalore,Royal Challengers Bangalore,field,0.0,Delhi Daredevils,10.0,,GD McGrath,G Gambhir|V Sehwag|S Dhawan|Shoaib Malik|KD Karthik|MK Tiwary|R Bhatia|DL Vettori|Mohammad Asif|VY Mahesh|GD McGrath,P Kumar|W Jaffer|LRPL Taylor|JH Kallis|R Dravid|MV Boucher|V Kohli|Z Khan|DW Steyn|R Vinay Kumar|SB Joshi,Delhi Daredevils,191,5,Royal Challengers Bangalore,181.0,5.0
335999,19.0,2008,2008-05-01,"Rajiv Gandhi International Stadium, Uppal",Hyderabad,Deccan Chargers,Kings XI Punjab,Kings XI Punjab,field,1.0,Kings XI Punjab,,7.0,SE Marsh,AC Gilchrist|VVS Laxman|HH Gibbs|RG Sharma|Shahid Afridi|Y Venugopal Rao|SB Bangar|DNT Zoysa|D Kalyankrishna|RP Singh|PP Ojha,SE Marsh|RR Sarwan|KC Sangakkara|Yuvraj Singh|DPMD Jayawardene|K Goel|IK Pathan|PP Chawla|S Sreesanth|VRV Singh|Gagandeep Singh,Deccan Chargers,164,8,Kings XI Punjab,167.0,3.0
336000,18.0,2008,2008-05-01,Sawai Mansingh Stadium,Jaipur,Rajasthan Royals,Kolkata Knight Riders,Rajasthan Royals,bat,1.0,Rajasthan Royals,45.0,,SA Asnodkar,GC Smith|SA Asnodkar|M Kaif|YK Pathan|SR Watson|RA Jadeja|SK Warne|Sohail Tanvir|M Rawat|SK Trivedi|MM Patel,Salman Butt|SC Ganguly|AB Agarkar|BJ Hodge|DJ Hussey|LR Shukla|DB Das|WP Saha|Umar Gul|I Sharma|AB Dinda,Rajasthan Royals,196,7,Kolkata Knight Riders,151.0,10.0
336001,20.0,2008,2008-05-02,"MA Chidambaram Stadium, Chepauk",Chennai,Chennai Super Kings,Delhi Daredevils,Chennai Super Kings,bat,0.0,Delhi Daredevils,,8.0,V Sehwag,PA Patel|SP Fleming|S Vidyut|MS Dhoni|JA Morkel|SK Raina|S Badrinath|Joginder Sharma|M Ntini|MS Gony|M Muralitharan,G Gambhir|V Sehwag|AB de Villiers|S Dhawan|Shoaib Malik|KD Karthik|R Bhatia|VY Mahesh|GD McGrath|PJ Sangwan|Mohammad Asif,Chennai Super Kings,169,6,Delhi Daredevils,172.0,2.0
336002,51.0,2008,2008-05-25,"Rajiv Gandhi International Stadium, Uppal",Hyderabad,Deccan Chargers,Royal Challengers Bangalore,Deccan Chargers,bat,0.0,Royal Challengers Bangalore,,5.0,R Vinay Kumar,AC Gilchrist|HH Gibbs|RG Sharma|LPC Silva|Y Venugopal Rao|DB Ravi Teja|AS Yadav|SB Bangar|WPUJC Vaas|RP Singh|DP Vijaykumar,JH Kallis|W Jaffer|Misbah-ul-Haq|R Dravid|CL White|V Kohli|B Akhil|SP Goswami|R Vinay Kumar|A Kumble|DW Steyn,Deccan Chargers,165,10,Royal Challengers Bangalore,171.0,5.0
336003,22.0,2008,2008-05-03,"Punjab Cricket Association Stadium, Mohali",Chandigarh,Kings XI Punjab,Kolkata Knight Riders,Kings XI Punjab,bat,1.0,Kings XI Punjab,9.0,,IK Pathan,SE Marsh|JR Hopes|KC Sangakkara|Yuvraj Singh|DPMD Jayawardene|K Goel|IK Pathan|PP Chawla|S Sreesanth|VRV Singh|Gagandeep Singh,Mohammad Hafeez|SC Ganguly|DB Das|BJ Hodge|DJ Hussey|LR Shukla|WP Saha|AB Agarkar|Umar Gul|I Sharma|AB Dinda,Kings XI Punjab,178,6,Kolkata Knight Riders,169.0,6.0
336004,23.0,2008,2008-05-04,Dr DY Patil Sports Academy,Mumbai,Mumbai Indians,Delhi Daredevils,Delhi Daredevils,field,0.0,Mumbai Indians,29.0,,SM Pollock,YV Takawale|ST Jayasuriya|DJ Thornely|RV Uthappa|DJ Bravo|AM Nayar|SM Pollock|SS Tiwary|RR Raje|A Nehra|DS Kulkarni,G Gambhir|V Sehwag|S Dhawan|AB de Villiers|Shoaib Malik|KD Karthik|R Bhatia|PJ Sangwan|VY Mahesh|Mohammad Asif|GD McGrath,Mumbai Indians,162,8,Delhi Daredevils,133.0,10.0
336005,24.0,2008,2008-05-04,Sawai Mansingh Stadium,Jaipur,Rajasthan Royals,Chennai Super Kings,Chennai Super Kings,bat,0.0,Rajasthan Royals,,8.0,Sohail Tanvir,GC Smith|SA Asnodkar|YK Pathan|SR Watson|M Rawat|M Kaif|RA Jadeja|SK Warne|Sohail Tanvir|SK Trivedi|MM Patel,PA Patel|SP Fleming|S Vidyut|SK Raina|S Badrinath|MS Dhoni|JA Morkel|Joginder Sharma|MS Gony|M Muralitharan|M Ntini,Chennai Super Kings,109,10,Rajasthan Royals,110.0,2.0
336006,25.0,2008,2008-05-05,M Chinnaswamy Stadium,Bangalore,Royal Challengers Bangalore,Kings XI Punjab,Kings XI Punjab,field,1.0,Kings XI Punjab,,6.0,S Sreesanth,W Jaffer|V Kohli|CL White|JH Kallis|R Dravid|Misbah-ul-Haq|P Kumar|DT Patil|Z Khan|A Kumble|DW Steyn,SE Marsh|JR Hopes|RR Sarwan|Yuvraj Singh|DPMD Jayawardene|IK Pathan|PP Chawla|U Kaul|Gagandeep Singh|S Sreesanth|VRV Singh,Royal Challengers Bangalore,126,10,Kings XI Punjab,127.0,4.0
336007,26.0,2008,2008-05-06,"MA Chidambaram Stadium, Chepauk",Chennai,Chennai Super Kings,Deccan Chargers,Deccan Chargers,field,1.0,Deccan Chargers,,7.0,AC Gilchrist,PA Patel|SP Fleming|S Anirudha|SK Raina|S Badrinath|MS Dhoni|JA Morkel|Joginder Sharma|MS Gony|M Ntini|M Muralitharan,AC Gilchrist|HH Gibbs|SB Styris|RG Sharma|Shahid Afridi|Y Venugopal Rao|SB Bangar|AS Yadav|RP Singh|DP Vijaykumar|PP Ojha,Chennai Super Kings,144,7,Deccan Chargers,148.0,3.0
336008,27.0,2008,2008-05-07,Dr DY Patil Sports Academy,Mumbai,Mumbai Indians,Rajasthan Royals,Mumbai Indians,field,1.0,Mumbai Indians,,7.0,A Nehra,YV Takawale|ST Jayasuriya|RV Uthappa|DJ Bravo|AM Nayar|DJ Thornely|SM Pollock|SS Tiwary|RR Raje|A Nehra|DS Kulkarni,GC Smith|SA Asnodkar|YK Pathan|SR Watson|M Kaif|RA Jadeja|SK Warne|Sohail Tanvir|M Rawat|SK Trivedi|MM Patel,Rajasthan Royals,103,10,Mumbai Indians,104.0,3.0
336009,28.0,2008,2008-05-08,Feroz Shah Kotla,Delhi,Delhi Daredevils,Chennai Super Kings,Chennai Super Kings,field,1.0,Chennai Super Kings,,4.0,MS Dhoni,G Gambhir|V Sehwag|AB de Villiers|S Dhawan|Shoaib Malik|KD Karthik|MK Tiwary|VY Mahesh|GD McGrath|Mohammad Asif|PJ Sangwan,S Vidyut|SP Fleming|MS Dhoni|SK Raina|JA Morkel|CK Kapugedera|S Badrinath|MS Gony|P Amarnath|M Muralitharan|L Balaji,Delhi Daredevils,187,5,Chennai Super Kings,188.0,6.0
336010,29.0,2008,2008-05-08,Eden Gardens,Kolkata,Kolkata Knight Riders,Royal Challengers Bangalore,Kolkata Knight Riders,bat,1.0,Kolkata Knight Riders,5.0,,SC Ganguly,A Chopra|BJ Hodge|SC Ganguly|DJ Hussey|T Taibu|LR Shukla|WP Saha|M Kartik|Umar Gul|I Sharma|AB Dinda,J Arunkumar|S Chanderpaul|MV Boucher|R Dravid|CL White|P Kumar|R Vinay Kumar|V Kohli|Z Khan|A Kumble|DW Steyn,Kolkata Knight Riders,129,7,Royal Challengers Bangalore,124.0,4.0
336011,30.0,2008,2008-05-09,Sawai Mansingh Stadium,Jaipur,Rajasthan Royals,Deccan Chargers,Rajasthan Royals,field,1.0,Rajasthan Royals,,8.0,YK Pathan,GC Smith|YK Pathan|M Kaif|SR Watson|NK Patel|RA Jadeja|SK Warne|M Rawat|Sohail Tanvir|SK Trivedi|MM Patel,AC Gilchrist|HH Gibbs|SB Styris|RG Sharma|Shahid Afridi|SB Bangar|DB Ravi Teja|Y Venugopal Rao|RP Singh|PP Ojha|DP Vijaykumar,Deccan Chargers,140,8,Rajasthan Royals,141.0,2.0
336012,55.0,2008,2008-05-28,M Chinnaswamy Stadium,Bangalore,Royal Challengers Bangalore,Mumbai Indians,Mumbai Indians,field,1.0,Mumbai Indians,,9.0,CRD Fernando,MV Boucher|SP Goswami|Misbah-ul-Haq|R Dravid|CL White|V Kohli|B Akhil|P Kumar|R Vinay Kumar|A Kumble|DW Steyn,ST Jayasuriya|SR Tendulkar|RV Uthappa|DR Smith|AM Nayar|SM Pollock|MK Pandey|YV Takawale|DS Kulkarni|CRD Fernando|A Nehra,Royal Challengers Bangalore,122,9,Mumbai Indians,126.0,1.0
336013,31.0,2008,2008-05-10,"MA Chidambaram Stadium, Chepauk",Chennai,Chennai Super Kings,Kings XI Punjab,Kings XI Punjab,field,0.0,Chennai Super Kings,18.0,,L Balaji,S Vidyut|SP Fleming|SK Raina|S Badrinath|MS Dhoni|JA Morkel|CK Kapugedera|P Amarnath|MS Gony|M Muralitharan|L Balaji,SE Marsh|JR Hopes|K Goel|RR Sarwan|Yuvraj Singh|DPMD Jayawardene|IK Pathan|PP Chawla|S Sreesanth|VRV Singh|U Kaul,Chennai Super Kings,181,4,Kings XI Punjab,163.0,9.0
336014,32.0,2008,2008-05-11,"Rajiv Gandhi International Stadium, Uppal",Hyderabad,Deccan Chargers,Kolkata Knight Riders,Kolkata Knight Riders,bat,1.0,Kolkata Knight Riders,23.0,,SC Ganguly,AC Gilchrist|HH Gibbs|DB Ravi Teja|RG Sharma|SB Styris|Y Venugopal Rao|SB Bangar|WPUJC Vaas|RP Singh|DP Vijaykumar|PP Ojha,Salman Butt|A Chopra|SC Ganguly|DJ Hussey|T Taibu|LR Shukla|WP Saha|Umar Gul|I Sharma|AB Dinda|M Kartik,Kolkata Knight Riders,204,4,Deccan Chargers,181.0,7.0
336015,33.0,2008,2008-05-11,Sawai Mansingh Stadium,Jaipur,Rajasthan Royals,Delhi Daredevils,Rajasthan Royals,field,1.0,Rajasthan Royals,,3.0,SR Watson,YK Pathan|GC Smith|M Kaif|SR Watson|RA Jadeja|AD Mascarenhas|SK Warne|NK Patel|M Rawat|SK Trivedi|MM Patel,G Gambhir|V Sehwag|S Dhawan|AB de Villiers|KD Karthik|TM Dilshan|A Mishra|MF Maharoof|VY Mahesh|GD McGrath|PJ Sangwan,Delhi Daredevils,156,7,Rajasthan Royals,159.0,7.0
336016,34.0,2008,2008-05-12,"Punjab Cricket Association Stadium, Mohali",Chandigarh,Kings XI Punjab,Royal Challengers Bangalore,Royal Challengers Bangalore,bat,0.0,Kings XI Punjab,,9.0,SE Marsh,SE Marsh|JR Hopes|LA Pomersbach|Yuvraj Singh|DPMD Jayawardene|IK Pathan|TM Srivastava|PP Chawla|U Kaul|S Sreesanth|VRV Singh,J Arunkumar|V Kohli|Misbah-ul-Haq|CL White|R Dravid|MV Boucher|P Kumar|R Vinay Kumar|Z Khan|A Kumble|DW Steyn,Royal Challengers Bangalore,143,8,Kings XI Punjab,144.0,1.0
336017,35.0,2008,2008-05-13,Eden Gardens,Kolkata,Kolkata Knight Riders,Delhi Daredevils,Kolkata Knight Riders,bat,1.0,Kolkata Knight Riders,23.0,,Shoaib Akhtar,Salman Butt|A Chopra|SC Ganguly|DJ Hussey|T Taibu|LR Shukla|WP Saha|Iqbal Abdulla|I Sharma|AB Dinda|Shoaib Akhtar,G Gambhir|V Sehwag|AB de Villiers|MK Tiwary|S Dhawan|TM Dilshan|A Mishra|MF Maharoof|VY Mahesh|PJ Sangwan|GD McGrath,Kolkata Knight Riders,133,6,Delhi Daredevils,110.0,10.0
336018,36.0,2008,2008-05-14,Wankhede Stadium,Mumbai,Mumbai Indians,Chennai Super Kings,Mumbai Indians,field,1.0,Mumbai Indians,,9.0,ST Jayasuriya,ST Jayasuriya|SR Tendulkar|RV Uthappa|DJ Thornely|DJ Bravo|AM Nayar|SM Pollock|YV Takawale|RR Raje|A Nehra|DS Kulkarni,S Vidyut|SP Fleming|SK Raina|S Badrinath|CK Kapugedera|MS Dhoni|JA Morkel|Joginder Sharma|MS Gony|L Balaji|M Muralitharan,Chennai Super Kings,156,6,Mumbai Indians,158.0,1.0
336019,56.0,2008,2008-05-28,"Punjab Cricket Association Stadium, Mohali",Chandigarh,Kings XI Punjab,Rajasthan Royals,Rajasthan Royals,field,0.0,Kings XI Punjab,41.0,,SE Marsh,SE Marsh|JR Hopes|Yuvraj Singh|LA Pomersbach|KC Sangakkara|RR Powar|PP Chawla|IK Pathan|VRV Singh|S Sreesanth|WA Mota,M Kaif|NK Patel|Younis Khan|SR Watson|YK Pathan|Kamran Akmal|M Rawat|D Salunkhe|Pankaj Singh|SK Trivedi|MM Patel,Kings XI Punjab,221,3,Rajasthan Royals,180.0,7.0
336020,37.0,2008,2008-05-15,Feroz Shah Kotla,Delhi,Delhi Daredevils,Deccan Chargers,Deccan Chargers,field,0.0,Delhi Daredevils,12.0,,A Mishra,G Gambhir|V Sehwag|S Dhawan|MF Maharoof|TM Dilshan|MK Tiwary|KD Karthik|A Mishra|R Bhatia|GD McGrath|Mohammad Asif,AC Gilchrist|Shahid Afridi|HH Gibbs|RG Sharma|SB Styris|Y Venugopal Rao|DB Ravi Teja|RP Singh|PP Ojha|DP Vijaykumar|PM Sarvesh Kumar,Delhi Daredevils,194,4,Deccan Chargers,182.0,9.0
336021,38.0,2008,2008-05-16,Wankhede Stadium,Mumbai,Mumbai Indians,Kolkata Knight Riders,Mumbai Indians,field,1.0,Mumbai Indians,,8.0,SM Pollock,ST Jayasuriya|SR Tendulkar|RV Uthappa|DJ Thornely|DJ Bravo|AM Nayar|SM Pollock|RV Pawar|YV Takawale|RR Raje|A Nehra,Salman Butt|A Chopra|SC Ganguly|DJ Hussey|Mohammad Hafeez|WP Saha|LR Shukla|AB Agarkar|Shoaib Akhtar|I Sharma|AB Dinda,Kolkata Knight Riders,67,10,Mumbai Indians,68.0,2.0
336022,40.0,2008,2008-05-17,Feroz Shah Kotla,Delhi,Delhi Daredevils,Kings XI Punjab,Delhi Daredevils,bat,0.0,Kings XI Punjab,6.0,,DPMD Jayawardene,G Gambhir|V Sehwag|S Dhawan|TM Dilshan|MF Maharoof|Shoaib Malik|PJ Sangwan|KD Karthik|A Mishra|R Bhatia|GD McGrath,SE Marsh|JR Hopes|Yuvraj Singh|LA Pomersbach|DPMD Jayawardene|IK Pathan|RR Powar|PP Chawla|U Kaul|S Sreesanth|VRV Singh,Delhi Daredevils,118,4,Kings XI Punjab,94.0,3.0
336023,39.0,2008,2008-05-17,Sawai Mansingh Stadium,Jaipur,Rajasthan Royals,Royal Challengers Bangalore,Royal Challengers Bangalore,field,0.0,Rajasthan Royals,65.0,,GC Smith,GC Smith|SA Asnodkar|SR Watson|YK Pathan|M Kaif|RA Jadeja|SK Warne|Sohail Tanvir|M Rawat|SK Trivedi|MM Patel,J Arunkumar|V Kohli|Misbah-ul-Haq|JH Kallis|CL White|R Dravid|DT Patil|P Kumar|Z Khan|A Kumble|Abdur Razzak,Rajasthan Royals,197,1,Royal Challengers Bangalore,132.0,9.0
336024,42.0,2008,2008-05-18,"Rajiv Gandhi International Stadium, Uppal",Hyderabad,Deccan Chargers,Mumbai Indians,Deccan Chargers,field,0.0,Mumbai Indians,25.0,,DJ Bravo,AC Gilchrist|Shahid Afridi|RG Sharma|LPC Silva|Y Venugopal Rao|DB Ravi Teja|DNT Zoysa|H Das|RP Singh|PP Ojha|DP Vijaykumar,ST Jayasuriya|SR Tendulkar|DJ Thornely|AM Nayar|RV Uthappa|DJ Bravo|PR Shah|YV Takawale|RR Raje|A Nehra|CRD Fernando,Mumbai Indians,178,7,Deccan Chargers,153.0,7.0
336025,41.0,2008,2008-05-18,Eden Gardens,Kolkata,Kolkata Knight Riders,Chennai Super Kings,Kolkata Knight Riders,bat,0.0,Chennai Super Kings,3.0,,M Ntini,Salman Butt|Mohammad Hafeez|SC Ganguly|DB Das|DJ Hussey|LR Shukla|WP Saha|AB Agarkar|I Sharma|AB Dinda|Shoaib Akhtar,PA Patel|SP Fleming|S Vidyut|SK Raina|S Badrinath|MS Dhoni|JA Morkel|MS Gony|L Balaji|M Muralitharan|M Ntini,Kolkata Knight Riders,149,5,Chennai Super Kings,55.0,0.0
336026,43.0,2008,2008-05-19,M Chinnaswamy Stadium,Bangalore,Royal Challengers Bangalore,Delhi Daredevils,Delhi Daredevils,field,1.0,Delhi Daredevils,,5.0,SP Goswami,JH Kallis|B Chipli|SP Goswami|R Dravid|Misbah-ul-Haq|CL White|B Akhil|P Kumar|Z Khan|A Kumble|DW Steyn,G Gambhir|V Sehwag|AB de Villiers|TM Dilshan|S Dhawan|KD Karthik|MF Maharoof|R Bhatia|VY Mahesh|PJ Sangwan|GD McGrath,Royal Challengers Bangalore,154,7,Delhi Daredevils,158.0,5.0
336027,44.0,2008,2008-05-20,Eden Gardens,Kolkata,Kolkata Knight Riders,Rajasthan Royals,Rajasthan Royals,field,1.0,Rajasthan Royals,,6.0,YK Pathan,Salman Butt|Mohammad Hafeez|SC Ganguly|DJ Hussey|DB Das|LR Shukla|WP Saha|AB Agarkar|Umar Gul|I Sharma|AB Dinda,GC Smith|SA Asnodkar|Sohail Tanvir|M Kaif|SR Watson|YK Pathan|RA Jadeja|SK Warne|M Rawat|SK Trivedi|MM Patel,Kolkata Knight Riders,147,8,Rajasthan Royals,150.0,4.0
336028,45.0,2008,2008-05-21,Wankhede Stadium,Mumbai,Mumbai Indians,Kings XI Punjab,Mumbai Indians,field,0.0,Kings XI Punjab,1.0,,SE Marsh,ST Jayasuriya|SR Tendulkar|DR Smith|AM Nayar|RV Uthappa|SM Pollock|PR Shah|SD Chitnis|CRD Fernando|A Nehra|VS Yeligati,SE Marsh|JR Hopes|LA Pomersbach|Yuvraj Singh|DPMD Jayawardene|IK Pathan|TM Srivastava|PP Chawla|U Kaul|S Sreesanth|VRV Singh,Kings XI Punjab,189,4,Mumbai Indians,188.0,10.0
336029,46.0,2008,2008-05-21,"MA Chidambaram Stadium, Chepauk",Chennai,Chennai Super Kings,Royal Challengers Bangalore,Royal Challengers Bangalore,bat,1.0,Royal Challengers Bangalore,14.0,,A Kumble,PA Patel|SP Fleming|MS Dhoni|SK Raina|S Badrinath|JA Morkel|S Vidyut|MS Gony|L Balaji|M Ntini|M Muralitharan,JH Kallis|SP Goswami|V Kohli|R Dravid|Misbah-ul-Haq|MV Boucher|B Akhil|P Kumar|R Vinay Kumar|A Kumble|DW Steyn,Royal Challengers Bangalore,126,8,Chennai Super Kings,112.0,8.0
336031,48.0,2008,2008-05-23,"Punjab Cricket Association Stadium, Mohali",Chandigarh,Kings XI Punjab,Deccan Chargers,Kings XI Punjab,field,1.0,Kings XI Punjab,,6.0,SE Marsh,SE Marsh|KC Sangakkara|Yuvraj Singh|LA Pomersbach|DPMD Jayawardene|PP Chawla|TM Srivastava|RR Powar|Gagandeep Singh|VRV Singh|S Sreesanth,AC Gilchrist|HH Gibbs|RG Sharma|Y Venugopal Rao|LPC Silva|SB Styris|DB Ravi Teja|SB Bangar|RP Singh|PP Ojha|DP Vijaykumar,Deccan Chargers,175,4,Kings XI Punjab,178.0,4.0
336032,50.0,2008,2008-05-24,Feroz Shah Kotla,Delhi,Delhi Daredevils,Mumbai Indians,Delhi Daredevils,field,1.0,Delhi Daredevils,,5.0,KD Karthik,G Gambhir|V Sehwag|S Dhawan|MK Tiwary|TM Dilshan|KD Karthik|MF Maharoof|B Geeves|VY Mahesh|A Mishra|GD McGrath,ST Jayasuriya|SR Tendulkar|DR Smith|RV Uthappa|AM Nayar|SM Pollock|SD Chitnis|PR Shah|A Nel|DS Kulkarni|A Nehra,Mumbai Indians,176,8,Delhi Daredevils,179.0,5.0
336033,49.0,2008,2008-05-24,"MA Chidambaram Stadium, Chepauk",Chennai,Chennai Super Kings,Rajasthan Royals,Rajasthan Royals,bat,1.0,Rajasthan Royals,10.0,,JA Morkel,PA Patel|SP Fleming|SK Raina|JA Morkel|MS Dhoni|S Badrinath|MS Gony|A Mukund|L Balaji|M Muralitharan|M Ntini,GC Smith|SA Asnodkar|Kamran Akmal|YK Pathan|M Kaif|T Kohli|D Salunkhe|SK Warne|Sohail Tanvir|Pankaj Singh|MM Patel,Rajasthan Royals,211,5,Chennai Super Kings,201.0,7.0
336034,21.0,2008,2008-05-03,M Chinnaswamy Stadium,Bangalore,Royal Challengers Bangalore,Deccan Chargers,Deccan Chargers,field,0.0,Royal Challengers Bangalore,3.0,,P Kumar,B Chipli|W Jaffer|V Kohli|JH Kallis|Misbah-ul-Haq|R Dravid|MV Boucher|P Kumar|Z Khan|DW Steyn|A Kumble,AC Gilchrist|VVS Laxman|HH Gibbs|RG Sharma|Shahid Afridi|SB Styris|AS Yadav|SB Bangar|RP Singh|DP Vijaykumar|PP Ojha,Royal Challengers Bangalore,156,8,Deccan Chargers,153.0,6.0
336035,52.0,2008,2008-05-25,Eden Gardens,Kolkata,Kolkata Knight Riders,Kings XI Punjab,Kings XI Punjab,bat,0.0,Kolkata Knight Riders,,3.0,Umar Gul,Salman Butt|SC Ganguly|DB Das|DJ Hussey|LR Shukla|WP Saha|A Chopra|Umar Gul|I Sharma|BAW Mendis|AB Dinda,SE Marsh|JR Hopes|KC Sangakkara|Yuvraj Singh|DPMD Jayawardene|IK Pathan|PP Chawla|TM Srivastava|RR Powar|VRV Singh|S Sreesanth,Kings XI Punjab,174,6,Kolkata Knight Riders,175.0,7.0
336036,53.0,2008,2008-05-26,Sawai Mansingh Stadium,Jaipur,Rajasthan Royals,Mumbai Indians,Rajasthan Royals,field,1.0,Rajasthan Royals,,5.0,Sohail Tanvir,Kamran Akmal|SA Asnodkar|YK Pathan|SR Watson|M Kaif|RA Jadeja|NK Patel|SK Warne|Sohail Tanvir|SK Trivedi|Pankaj Singh,ST Jayasuriya|SR Tendulkar|AM Nayar|RV Uthappa|DR Smith|SM Pollock|MK Pandey|YV Takawale|RR Raje|CRD Fernando|A Nehra,Mumbai Indians,145,7,Rajasthan Royals,146.0,5.0
336037,54.0,2008,2008-05-27,"Rajiv Gandhi International Stadium, Uppal",Hyderabad,Deccan Chargers,Chennai Super Kings,Deccan Chargers,bat,0.0,Chennai Super Kings,,7.0,SK Raina,AC Gilchrist|HH Gibbs|SB Styris|Y Venugopal Rao|DB Ravi Teja|Shahid Afridi|AS Yadav|RP Singh|PP Ojha|PM Sarvesh Kumar|DP Vijaykumar,PA Patel|SP Fleming|SK Raina|MS Dhoni|JA Morkel|S Badrinath|A Mukund|M Ntini|M Muralitharan|MS Gony|L Balaji,Deccan Chargers,147,8,Chennai Super Kings,148.0,3.0
336038,,2008,2008-05-30,Wankhede Stadium,Mumbai,Delhi Daredevils,Rajasthan Royals,Delhi Daredevils,field,0.0,Rajasthan Royals,105.0,,SR Watson,G Gambhir|V Sehwag|S Dhawan|MK Tiwary|TM Dilshan|KD Karthik|MF Maharoof|A Mishra|VY Mahesh|Mohammad Asif|GD McGrath,GC Smith|SA Asnodkar|Sohail Tanvir|SR Watson|M Kaif|YK Pathan|RA Jadeja|SK Warne|M Rawat|MM Patel|SK Trivedi,Rajasthan Royals,192,9,Delhi Daredevils,87.0,10.0
336039,,2008,2008-05-31,Wankhede Stadium,Mumbai,Chennai Super Kings,Kings XI Punjab,Kings XI Punjab,bat,0.0,Chennai Super Kings,,9.0,M Ntini,PA Patel|S Vidyut|SK Raina|MS Dhoni|CK Kapugedera|S Badrinath|JA Morkel|MS Gony|L Balaji|M Muralitharan|M Ntini,SE Marsh|JR Hopes|KC Sangakkara|Yuvraj Singh|DPMD Jayawardene|IK Pathan|WA Mota|PP Chawla|RR Powar|S Sreesanth|VRV Singh,Kings XI Punjab,112,8,Chennai Super Kings,116.0,1.0
336040,,2008,2008-06-01,Dr DY Patil Sports Academy,Mumbai,Chennai Super Kings,Rajasthan Royals,Rajasthan Royals,field,1.0,Rajasthan Royals,,3.0,YK Pathan,PA Patel|S Vidyut|SK Raina|JA Morkel|MS Dhoni|CK Kapugedera|S Badrinath|MS Gony|L Balaji|M Muralitharan|M Ntini,NK Patel|SA Asnodkar|Kamran Akmal|SR Watson|YK Pathan|M Kaif|RA Jadeja|SK Warne|Sohail Tanvir|SK Trivedi|MM Patel,Chennai Super Kings,163,5,Rajasthan Royals,164.0,7.0
392181,1.0,2009,2009-04-18,Newlands,Cape Town,Chennai Super Kings,Mumbai Indians,Chennai Super Kings,field,0.0,Mumbai Indians,19.0,,SR Tendulkar,PA Patel|ML Hayden|SK Raina|A Flintoff|MS Dhoni|JDP Oram|S Badrinath|Joginder Sharma|T Thushara|MS Gony|R Ashwin,ST Jayasuriya|SR Tendulkar|S Dhawan|JP Duminy|DJ Bravo|AM Nayar|Harbhajan Singh|Z Khan|PR Shah|SL Malinga|RR Raje,Mumbai Indians,165,7,Chennai Super Kings,146.0,7.0
392182,2.0,2009,2009-04-18,Newlands,Cape Town,Royal Challengers Bangalore,Rajasthan Royals,Royal Challengers Bangalore,bat,1.0,Royal Challengers Bangalore,75.0,,R Dravid,JD Ryder|RV Uthappa|LRPL Taylor|KP Pietersen|R Dravid|V Kohli|B Akhil|P Kumar|R Vinay Kumar|DW Steyn|A Kumble,GC Smith|SA Asnodkar|NK Patel|T Henderson|YK Pathan|AD Mascarenhas|RA Jadeja|SK Warne|M Rawat|MM Patel|Kamran Khan,Royal Challengers Bangalore,133,8,Rajasthan Royals,58.0,10.0
392183,3.0,2009,2009-04-19,Newlands,Cape Town,Delhi Daredevils,Kings XI Punjab,Delhi Daredevils,field,1.0,Delhi Daredevils,,10.0,DL Vettori,G Gambhir|V Sehwag|TM Dilshan|AB de Villiers|MK Tiwary|KD Karthik|DP Nannes|DL Vettori|VY Mahesh|AM Salvi|PJ Sangwan,RS Bopara|K Goel|Yuvraj Singh|KC Sangakkara|DPMD Jayawardene|IK Pathan|PP Chawla|T Kohli|VS Malik|VRV Singh|YA Abdulla,Kings XI Punjab,104,7,Delhi Daredevils,58.0,0.0
392184,4.0,2009,2009-04-19,Newlands,Cape Town,Deccan Chargers,Kolkata Knight Riders,Kolkata Knight Riders,bat,0.0,Deccan Chargers,,8.0,RP Singh,AC Gilchrist|HH Gibbs|VVS Laxman|RG Sharma|SB Styris|Y Venugopal Rao|Harmeet Singh|PP Ojha|RP Singh|DB Ravi Teja|FH Edwards,BB McCullum|CH Gayle|SC Ganguly|BJ Hodge|A Chopra|LR Shukla|MC Henriques|AB Agarkar|M Kartik|I Sharma|AB Dinda,Kolkata Knight Riders,101,10,Deccan Chargers,104.0,2.0
392185,5.0,2009,2009-04-20,St George's Park,Port Elizabeth,Royal Challengers Bangalore,Chennai Super Kings,Chennai Super Kings,bat,1.0,Chennai Super Kings,92.0,,M Muralitharan,P Kumar|RV Uthappa|JH Kallis|LRPL Taylor|KP Pietersen|R Dravid|V Kohli|R Bishnoi|R Vinay Kumar|DW Steyn|A Kumble,PA Patel|ML Hayden|SK Raina|MS Dhoni|A Flintoff|JA Morkel|S Badrinath|Joginder Sharma|L Balaji|MS Gony|M Muralitharan,Chennai Super Kings,179,5,Royal Challengers Bangalore,87.0,10.0
392186,6.0,2009,2009-04-21,Kingsmead,Durban,Kings XI Punjab,Kolkata Knight Riders,Kolkata Knight Riders,field,1.0,Kolkata Knight Riders,11.0,,CH Gayle,RS Bopara|K Goel|IK Pathan|KC Sangakkara|Yuvraj Singh|DPMD Jayawardene|T Kohli|PP Chawla|VS Malik|VRV Singh|YA Abdulla,BB McCullum|CH Gayle|BJ Hodge|SC Ganguly|Yashpal Singh|A Chopra|MC Henriques|LR Shukla|I Sharma|M Kartik|AB Dinda,Kings XI Punjab,158,6,Kolkata Knight Riders,79.0,1.0
392188,8.0,2009,2009-04-22,Newlands,Cape Town,Royal Challengers Bangalore,Deccan Chargers,Deccan Chargers,bat,1.0,Deccan Chargers,24.0,,AC Gilchrist,JD Ryder|RV Uthappa|JH Kallis|KP Pietersen|R Dravid|V Kohli|R Bishnoi|KV Sharma|P Kumar|A Kumble|DW Steyn,AC Gilchrist|HH Gibbs|VVS Laxman|RG Sharma|SB Styris|Y Venugopal Rao|DB Ravi Teja|FH Edwards|Harmeet Singh|PP Ojha|RP Singh,Deccan Chargers,184,6,Royal Challengers Bangalore,160.0,8.0
392189,9.0,2009,2009-04-23,Kingsmead,Durban,Chennai Super Kings,Delhi Daredevils,Delhi Daredevils,bat,1.0,Delhi Daredevils,9.0,,AB de Villiers,PA Patel|ML Hayden|SK Raina|MS Dhoni|A Flintoff|JA Morkel|S Badrinath|MS Gony|Joginder Sharma|L Balaji|M Muralitharan,G Gambhir|V Sehwag|AB de Villiers|TM Dilshan|KD Karthik|MK Tiwary|DL Vettori|DP Nannes|AM Salvi|PJ Sangwan|A Nehra,Delhi Daredevils,189,5,Chennai Super Kings,180.0,9.0
392190,10.0,2009,2009-04-23,Newlands,Cape Town,Kolkata Knight Riders,Rajasthan Royals,Kolkata Knight Riders,field,,,,,YK Pathan,CH Gayle|BB McCullum|LR Shukla|BJ Hodge|SC Ganguly|SB Bangar|Yashpal Singh|AB Agarkar|I Sharma|BAW Mendis|Anureet Singh,GC Smith|PC Valthaty|RJ Quiney|YK Pathan|RA Jadeja|AD Mascarenhas|AS Raut|SK Warne|M Rawat|MM Patel|Kamran Khan,Rajasthan Royals,150,6,Kolkata Knight Riders,150.0,8.0
392191,11.0,2009,2009-04-24,Kingsmead,Durban,Royal Challengers Bangalore,Kings XI Punjab,Royal Challengers Bangalore,bat,0.0,Kings XI Punjab,,7.0,RS Bopara,JD Ryder|RV Uthappa|JH Kallis|KP Pietersen|R Dravid|LRPL Taylor|V Kohli|P Kumar|R Vinay Kumar|Pankaj Singh|A Kumble,RS Bopara|K Goel|KC Sangakkara|Yuvraj Singh|DPMD Jayawardene|IK Pathan|WA Mota|PP Chawla|VRV Singh|RR Bose|YA Abdulla,Royal Challengers Bangalore,168,9,Kings XI Punjab,173.0,3.0
392192,12.0,2009,2009-04-25,Kingsmead,Durban,Deccan Chargers,Mumbai Indians,Deccan Chargers,bat,1.0,Deccan Chargers,12.0,,PP Ojha,AC Gilchrist|HH Gibbs|DR Smith|RG Sharma|VVS Laxman|Y Venugopal Rao|DB Ravi Teja|RP Singh|FH Edwards|PP Ojha|Harmeet Singh,ST Jayasuriya|SR Tendulkar|JP Duminy|S Dhawan|DJ Bravo|AM Nayar|Harbhajan Singh|Z Khan|PR Shah|SL Malinga|DS Kulkarni,Deccan Chargers,168,9,Mumbai Indians,156.0,7.0
392194,14.0,2009,2009-04-26,St George's Park,Port Elizabeth,Royal Challengers Bangalore,Delhi Daredevils,Royal Challengers Bangalore,bat,0.0,Delhi Daredevils,,6.0,TM Dilshan,JH Kallis|RV Uthappa|KP Pietersen|LRPL Taylor|V Kohli|MV Boucher|B Akhil|R Vinay Kumar|Pankaj Singh|A Kumble|KP Appanna,G Gambhir|V Sehwag|TM Dilshan|AB de Villiers|KD Karthik|M Manhas|A Mishra|DL Vettori|DP Nannes|PJ Sangwan|A Nehra,Royal Challengers Bangalore,149,7,Delhi Daredevils,150.0,4.0
392195,15.0,2009,2009-04-26,Newlands,Cape Town,Kings XI Punjab,Rajasthan Royals,Kings XI Punjab,bat,1.0,Kings XI Punjab,27.0,,KC Sangakkara,RS Bopara|K Goel|KC Sangakkara|Yuvraj Singh|DPMD Jayawardene|IK Pathan|PP Chawla|WA Mota|RR Powar|VRV Singh|YA Abdulla,SA Asnodkar|GC Smith|RJ Quiney|YK Pathan|AD Mascarenhas|RA Jadeja|AS Raut|SK Warne|M Rawat|MM Patel|Kamran Khan,Kings XI Punjab,139,6,Rajasthan Royals,112.0,7.0
392196,16.0,2009,2009-04-27,Kingsmead,Durban,Chennai Super Kings,Deccan Chargers,Deccan Chargers,field,1.0,Deccan Chargers,,6.0,HH Gibbs,PA Patel|ML Hayden|SK Raina|MS Dhoni|JDP Oram|JA Morkel|S Badrinath|MS Gony|Joginder Sharma|L Balaji|M Muralitharan,AC Gilchrist|HH Gibbs|VVS Laxman|RG Sharma|DR Smith|AA Bilakhia|Y Venugopal Rao|PP Ojha|RP Singh|FH Edwards|Shoaib Ahmed,Chennai Super Kings,165,6,Deccan Chargers,169.0,4.0
392197,17.0,2009,2009-04-27,St George's Park,Port Elizabeth,Kolkata Knight Riders,Mumbai Indians,Mumbai Indians,bat,1.0,Mumbai Indians,92.0,,SR Tendulkar,BB McCullum|CH Gayle|BJ Hodge|SC Ganguly|Yashpal Singh|AN Ghosh|LR Shukla|I Sharma|BAW Mendis|AB Dinda|Anureet Singh,ST Jayasuriya|SR Tendulkar|Harbhajan Singh|JP Duminy|AM Nayar|DJ Bravo|S Dhawan|SS Tiwary|PR Shah|Z Khan|SL Malinga,Mumbai Indians,187,6,Kolkata Knight Riders,95.0,9.0
392198,18.0,2009,2009-04-28,SuperSport Park,Centurion,Delhi Daredevils,Rajasthan Royals,Delhi Daredevils,bat,0.0,Rajasthan Royals,,5.0,YK Pathan,G Gambhir|V Sehwag|AB de Villiers|TM Dilshan|KD Karthik|DL Vettori|M Manhas|A Mishra|PJ Sangwan|A Nehra|DP Nannes,RJ Quiney|GC Smith|SA Asnodkar|PC Valthaty|RA Jadeja|SK Warne|YK Pathan|AD Mascarenhas|M Rawat|MM Patel|Kamran Khan,Delhi Daredevils,143,7,Rajasthan Royals,147.0,5.0
392199,19.0,2009,2009-04-29,Kingsmead,Durban,Royal Challengers Bangalore,Kolkata Knight Riders,Kolkata Knight Riders,bat,0.0,Royal Challengers Bangalore,,5.0,MV Boucher,JH Kallis|SP Goswami|KP Pietersen|V Kohli|MV Boucher|RE van der Merwe|MK Pandey|P Kumar|Pankaj Singh|A Kumble|KP Appanna,BB McCullum|CH Gayle|BJ Hodge|SC Ganguly|MN van Wyk|WP Saha|LR Shukla|AB Agarkar|M Kartik|I Sharma|AB Dinda,Kolkata Knight Riders,139,6,Royal Challengers Bangalore,143.0,5.0
392200,20.0,2009,2009-04-29,Kingsmead,Durban,Kings XI Punjab,Mumbai Indians,Kings XI Punjab,bat,1.0,Kings XI Punjab,3.0,,KC Sangakkara,RS Bopara|K Goel|KC Sangakkara|Yuvraj Singh|DPMD Jayawardene|IK Pathan|WA Mota|PP Chawla|RR Powar|VS Malik|YA Abdulla,ST Jayasuriya|SR Tendulkar|S Dhawan|JP Duminy|DJ Bravo|AM Nayar|Harbhajan Singh|SS Tiwary|Z Khan|PR Shah|SL Malinga,Kings XI Punjab,119,8,Mumbai Indians,116.0,7.0
392201,21.0,2009,2009-04-30,SuperSport Park,Centurion,Deccan Chargers,Delhi Daredevils,Delhi Daredevils,field,1.0,Delhi Daredevils,,6.0,DP Nannes,AC Gilchrist|HH Gibbs|AA Bilakhia|RG Sharma|TL Suman|DR Smith|Y Venugopal Rao|Shoaib Ahmed|RP Singh|PP Ojha|FH Edwards,G Gambhir|V Sehwag|AB de Villiers|TM Dilshan|KD Karthik|M Manhas|DL Vettori|A Mishra|PJ Sangwan|A Nehra|DP Nannes,Deccan Chargers,148,9,Delhi Daredevils,150.0,4.0
392202,22.0,2009,2009-04-30,SuperSport Park,Centurion,Chennai Super Kings,Rajasthan Royals,Rajasthan Royals,field,0.0,Chennai Super Kings,38.0,,SK Raina,PA Patel|ML Hayden|SK Raina|S Badrinath|JDP Oram|MS Dhoni|JA Morkel|S Tyagi|SB Jakati|L Balaji|M Muralitharan,RJ Quiney|GC Smith|SA Asnodkar|RA Jadeja|YK Pathan|AD Mascarenhas|SK Warne|M Rawat|MM Patel|SK Trivedi|Kamran Khan,Chennai Super Kings,164,5,Rajasthan Royals,126.0,9.0
392203,23.0,2009,2009-05-01,Buffalo Park,East London,Kolkata Knight Riders,Mumbai Indians,Mumbai Indians,bat,1.0,Mumbai Indians,9.0,,JP Duminy,CH Gayle|SC Ganguly|BJ Hodge|MN van Wyk|LR Shukla|BB McCullum|WP Saha|AB Agarkar|M Kartik|I Sharma|AB Dinda,ST Jayasuriya|SR Tendulkar|Harbhajan Singh|AM Nayar|JP Duminy|GR Napier|AM Rahane|Z Khan|SS Tiwary|PR Shah|SL Malinga,Mumbai Indians,148,6,Kolkata Knight Riders,139.0,6.0
392204,24.0,2009,2009-05-01,Kingsmead,Durban,Royal Challengers Bangalore,Kings XI Punjab,Royal Challengers Bangalore,bat,1.0,Royal Challengers Bangalore,8.0,,Yuvraj Singh,JD Ryder|SP Goswami|R Bishnoi|JH Kallis|RV Uthappa|V Kohli|MV Boucher|RE van der Merwe|P Kumar|A Kumble|KP Appanna,Yuvraj Singh|K Goel|SM Katich|KC Sangakkara|DPMD Jayawardene|IK Pathan|PP Chawla|RR Powar|TM Srivastava|VS Malik|YA Abdulla,Royal Challengers Bangalore,145,9,Kings XI Punjab,137.0,7.0
392205,25.0,2009,2009-05-02,St George's Park,Port Elizabeth,Deccan Chargers,Rajasthan Royals,Deccan Chargers,bat,0.0,Rajasthan Royals,,3.0,YK Pathan,HH Gibbs|AC Gilchrist|AA Bilakhia|RG Sharma|TL Suman|DR Smith|Y Venugopal Rao|Shoaib Ahmed|PP Ojha|RP Singh|FH Edwards,GC Smith|SA Asnodkar|LA Carseldine|NV Ojha|RA Jadeja|SK Warne|AS Raut|YK Pathan|SM Harwood|SK Trivedi|MM Patel,Deccan Chargers,141,5,Rajasthan Royals,142.0,7.0
392206,26.0,2009,2009-05-02,New Wanderers Stadium,Johannesburg,Chennai Super Kings,Delhi Daredevils,Delhi Daredevils,field,0.0,Chennai Super Kings,18.0,,SB Jakati,M Vijay|ML Hayden|SK Raina|S Badrinath|JA Morkel|MS Dhoni|JDP Oram|SB Jakati|L Balaji|M Muralitharan|S Tyagi,G Gambhir|DA Warner|AB de Villiers|TM Dilshan|KD Karthik|M Manhas|R Bhatia|PJ Sangwan|A Mishra|A Nehra|DP Nannes,Chennai Super Kings,163,10,Delhi Daredevils,145.0,8.0
392207,27.0,2009,2009-05-03,St George's Park,Port Elizabeth,Kings XI Punjab,Kolkata Knight Riders,Kolkata Knight Riders,bat,0.0,Kings XI Punjab,,6.0,DPMD Jayawardene,S Sohal|KC Sangakkara|SM Katich|DPMD Jayawardene|Yuvraj Singh|IK Pathan|RR Powar|TM Srivastava|VS Malik|PP Chawla|YA Abdulla,BB McCullum|CH Gayle|BJ Hodge|SC Ganguly|MN van Wyk|WP Saha|LR Shukla|AB Agarkar|M Kartik|I Sharma|AB Dinda,Kolkata Knight Riders,153,3,Kings XI Punjab,154.0,4.0
392208,28.0,2009,2009-05-03,New Wanderers Stadium,Johannesburg,Royal Challengers Bangalore,Mumbai Indians,Mumbai Indians,bat,0.0,Royal Challengers Bangalore,,9.0,JH Kallis,JH Kallis|W Jaffer|RV Uthappa|R Dravid|V Kohli|MV Boucher|RE van der Merwe|D du Preez|P Kumar|R Vinay Kumar|A Kumble,ST Jayasuriya|SR Tendulkar|AM Rahane|JP Duminy|DJ Bravo|AM Nayar|S Dhawan|PR Shah|Harbhajan Singh|Z Khan|SL Malinga,Mumbai Indians,149,4,Royal Challengers Bangalore,150.0,1.0
392209,29.0,2009,2009-05-04,Buffalo Park,East London,Chennai Super Kings,Deccan Chargers,Chennai Super Kings,bat,1.0,Chennai Super Kings,78.0,,MS Dhoni,M Vijay|ML Hayden|MS Dhoni|SK Raina|JA Morkel|JDP Oram|S Badrinath|S Tyagi|SB Jakati|L Balaji|M Muralitharan,AC Gilchrist|HH Gibbs|VVS Laxman|RG Sharma|DR Smith|TL Suman|Y Venugopal Rao|RJ Harris|RP Singh|Shoaib Ahmed|PP Ojha,Chennai Super Kings,178,3,Deccan Chargers,100.0,10.0
392210,30.0,2009,2009-05-05,Kingsmead,Durban,Kings XI Punjab,Rajasthan Royals,Kings XI Punjab,field,0.0,Rajasthan Royals,78.0,,GC Smith,S Sohal|KC Sangakkara|K Goel|SM Katich|DPMD Jayawardene|Yuvraj Singh|IK Pathan|PP Chawla|RR Powar|S Sreesanth|YA Abdulla,NV Ojha|GC Smith|YK Pathan|RA Jadeja|LA Carseldine|AS Raut|NK Patel|SK Warne|SM Harwood|SK Trivedi|A Singh,Rajasthan Royals,211,4,Kings XI Punjab,133.0,8.0
392211,31.0,2009,2009-05-05,Kingsmead,Durban,Delhi Daredevils,Kolkata Knight Riders,Kolkata Knight Riders,bat,0.0,Delhi Daredevils,,9.0,G Gambhir,G Gambhir|DA Warner|TM Dilshan|AB de Villiers|KD Karthik|M Manhas|R Bhatia|A Mishra|PJ Sangwan|A Nehra|DP Nannes,MN van Wyk|BB McCullum|BJ Hodge|MC Henriques|WP Saha|SC Ganguly|Yashpal Singh|AB Agarkar|M Kartik|I Sharma|AB Dinda,Kolkata Knight Riders,154,3,Delhi Daredevils,157.0,1.0
392212,32.0,2009,2009-05-06,SuperSport Park,Centurion,Deccan Chargers,Mumbai Indians,Deccan Chargers,bat,1.0,Deccan Chargers,19.0,,RG Sharma,AC Gilchrist|HH Gibbs|TL Suman|RG Sharma|DR Smith|Y Venugopal Rao|DB Ravi Teja|RJ Harris|Shoaib Ahmed|RP Singh|Harmeet Singh,ST Jayasuriya|SR Tendulkar|PR Shah|JP Duminy|DJ Bravo|AM Nayar|Harbhajan Singh|SS Tiwary|RR Raje|DS Kulkarni|SL Malinga,Deccan Chargers,145,6,Mumbai Indians,126.0,8.0
392213,33.0,2009,2009-05-07,SuperSport Park,Centurion,Royal Challengers Bangalore,Rajasthan Royals,Rajasthan Royals,field,1.0,Rajasthan Royals,,7.0,A Singh,JH Kallis|W Jaffer|RV Uthappa|R Dravid|V Kohli|MV Boucher|RE van der Merwe|D du Preez|P Kumar|R Vinay Kumar|A Kumble,GC Smith|NV Ojha|LA Carseldine|YK Pathan|RA Jadeja|AS Raut|NK Patel|SK Warne|M Morkel|MM Patel|A Singh,Royal Challengers Bangalore,105,10,Rajasthan Royals,107.0,3.0
392214,34.0,2009,2009-05-07,SuperSport Park,Centurion,Chennai Super Kings,Kings XI Punjab,Chennai Super Kings,bat,1.0,Chennai Super Kings,12.0,,ML Hayden,S Badrinath|ML Hayden|SK Raina|MS Dhoni|JA Morkel|GJ Bailey|S Tyagi|SB Jakati|L Balaji|M Muralitharan|MS Gony,S Sohal|SM Katich|K Goel|Yuvraj Singh|DPMD Jayawardene|KC Sangakkara|IK Pathan|S Sreesanth|PP Chawla|YA Abdulla|VRV Singh,Chennai Super Kings,185,3,Kings XI Punjab,174.0,3.0
392215,35.0,2009,2009-05-08,Buffalo Park,East London,Delhi Daredevils,Mumbai Indians,Mumbai Indians,bat,0.0,Delhi Daredevils,,7.0,A Nehra,G Gambhir|DA Warner|TM Dilshan|AB de Villiers|KD Karthik|M Manhas|R Bhatia|A Mishra|PJ Sangwan|A Nehra|DP Nannes,L Ronchi|JP Duminy|PR Shah|SR Tendulkar|AM Nayar|DJ Bravo|Harbhajan Singh|AM Rahane|RR Raje|DS Kulkarni|SL Malinga,Mumbai Indians,116,10,Delhi Daredevils,118.0,3.0
392216,36.0,2009,2009-05-09,De Beers Diamond Oval,Kimberley,Deccan Chargers,Kings XI Punjab,Kings XI Punjab,field,1.0,Kings XI Punjab,,3.0,DPMD Jayawardene,AC Gilchrist|HH Gibbs|TL Suman|RG Sharma|A Symonds|Y Venugopal Rao|DB Ravi Teja|PP Ojha|Shoaib Ahmed|RP Singh|RJ Harris,S Sohal|SM Katich|KC Sangakkara|Yuvraj Singh|DPMD Jayawardene|IK Pathan|WA Mota|B Lee|PP Chawla|RR Powar|S Sreesanth,Deccan Chargers,168,5,Kings XI Punjab,169.0,7.0
392217,37.0,2009,2009-05-09,De Beers Diamond Oval,Kimberley,Chennai Super Kings,Rajasthan Royals,Rajasthan Royals,bat,0.0,Chennai Super Kings,,7.0,S Badrinath,M Vijay|ML Hayden|SK Raina|S Badrinath|JDP Oram|MS Dhoni|JA Morkel|S Tyagi|SB Jakati|L Balaji|M Muralitharan,GC Smith|NV Ojha|SA Asnodkar|RA Jadeja|YK Pathan|LA Carseldine|AS Raut|SK Warne|SM Harwood|A Singh|SK Trivedi,Rajasthan Royals,140,7,Chennai Super Kings,141.0,3.0
392218,38.0,2009,2009-05-10,St George's Park,Port Elizabeth,Royal Challengers Bangalore,Mumbai Indians,Mumbai Indians,bat,1.0,Mumbai Indians,16.0,,JP Duminy,JH Kallis|V Kohli|RV Uthappa|LRPL Taylor|R Dravid|MV Boucher|RE van der Merwe|R Vinay Kumar|A Kumble|KP Appanna|A Mithun,ST Jayasuriya|SR Tendulkar|AM Rahane|JP Duminy|AM Nayar|DJ Bravo|Harbhajan Singh|YV Takawale|C Nanda|DS Kulkarni|SL Malinga,Mumbai Indians,157,2,Royal Challengers Bangalore,141.0,7.0
392219,39.0,2009,2009-05-10,New Wanderers Stadium,Johannesburg,Delhi Daredevils,Kolkata Knight Riders,Delhi Daredevils,field,1.0,Delhi Daredevils,,7.0,A Mishra,G Gambhir|DA Warner|AB de Villiers|TM Dilshan|KD Karthik|M Manhas|R Bhatia|A Mishra|PJ Sangwan|A Nehra|DP Nannes,BB McCullum|SC Ganguly|BJ Hodge|MN van Wyk|Yashpal Singh|WP Saha|MC Henriques|AB Agarkar|M Kartik|I Sharma|SS Sarkar,Kolkata Knight Riders,123,8,Delhi Daredevils,125.0,3.0
392220,40.0,2009,2009-05-11,De Beers Diamond Oval,Kimberley,Deccan Chargers,Rajasthan Royals,Deccan Chargers,bat,1.0,Deccan Chargers,53.0,,DR Smith,TL Suman|AC Gilchrist|RG Sharma|A Symonds|DR Smith|WPUJC Vaas|Y Venugopal Rao|DB Ravi Teja|RP Singh|PP Ojha|Shoaib Ahmed,GC Smith|SA Asnodkar|LA Carseldine|NV Ojha|YK Pathan|RA Jadeja|AS Raut|M Morkel|SK Warne|SK Trivedi|MM Patel,Deccan Chargers,166,7,Rajasthan Royals,113.0,10.0
392221,41.0,2009,2009-05-12,SuperSport Park,Centurion,Royal Challengers Bangalore,Kolkata Knight Riders,Royal Challengers Bangalore,field,1.0,Royal Challengers Bangalore,,6.0,LRPL Taylor,JD Ryder|JH Kallis|RV Uthappa|LRPL Taylor|R Dravid|MV Boucher|V Kohli|B Akhil|KP Appanna|R Vinay Kumar|A Kumble,BB McCullum|SC Ganguly|AN Ghosh|DJ Hussey|AD Mathews|WP Saha|Yashpal Singh|AB Agarkar|M Kartik|I Sharma|BAW Mendis,Kolkata Knight Riders,173,4,Royal Challengers Bangalore,176.0,4.0
392222,42.0,2009,2009-05-12,SuperSport Park,Centurion,Kings XI Punjab,Mumbai Indians,Kings XI Punjab,bat,0.0,Mumbai Indians,,8.0,Harbhajan Singh,S Sohal|SM Katich|IK Pathan|KC Sangakkara|Yuvraj Singh|WA Mota|LA Pomersbach|K Goel|B Lee|PP Chawla|S Sreesanth,ST Jayasuriya|DJ Bravo|AM Rahane|SR Tendulkar|JP Duminy|AM Nayar|Harbhajan Singh|RR Raje|YV Takawale|DS Kulkarni|SL Malinga,Kings XI Punjab,119,9,Mumbai Indians,122.0,2.0
392223,43.0,2009,2009-05-13,Kingsmead,Durban,Deccan Chargers,Delhi Daredevils,Deccan Chargers,field,0.0,Delhi Daredevils,12.0,,R Bhatia,TL Suman|AC Gilchrist|RG Sharma|DB Ravi Teja|A Symonds|DR Smith|Y Venugopal Rao|WPUJC Vaas|RP Singh|PP Ojha|Shoaib Ahmed,G Gambhir|DA Warner|TM Dilshan|AB de Villiers|V Sehwag|KD Karthik|R Bhatia|A Mishra|PJ Sangwan|A Nehra|DP Nannes,Delhi Daredevils,173,7,Deccan Chargers,161.0,10.0
392224,44.0,2009,2009-05-14,Kingsmead,Durban,Royal Challengers Bangalore,Chennai Super Kings,Chennai Super Kings,bat,0.0,Royal Challengers Bangalore,,2.0,LRPL Taylor,RV Uthappa|JH Kallis|R Dravid|LRPL Taylor|V Kohli|MV Boucher|RE van der Merwe|B Akhil|P Kumar|R Vinay Kumar|A Kumble,M Vijay|ML Hayden|SK Raina|MS Dhoni|JDP Oram|S Badrinath|JA Morkel|SB Jakati|L Balaji|M Muralitharan|S Tyagi,Chennai Super Kings,129,10,Royal Challengers Bangalore,132.0,8.0
392225,45.0,2009,2009-05-14,Kingsmead,Durban,Mumbai Indians,Rajasthan Royals,Rajasthan Royals,bat,1.0,Rajasthan Royals,2.0,,SK Warne,DJ Bravo|YV Takawale|AM Rahane|ST Jayasuriya|SR Tendulkar|JP Duminy|AM Nayar|Harbhajan Singh|DS Kulkarni|C Nanda|SL Malinga,RJ Quiney|GC Smith|YK Pathan|RA Jadeja|SD Chitnis|NV Ojha|J Botha|SK Warne|AS Raut|MM Patel|SK Trivedi,Rajasthan Royals,145,7,Mumbai Indians,143.0,10.0
392226,46.0,2009,2009-05-15,OUTsurance Oval,Bloemfontein,Delhi Daredevils,Kings XI Punjab,Kings XI Punjab,field,1.0,Kings XI Punjab,,6.0,B Lee,G Gambhir|V Sehwag|TM Dilshan|AB de Villiers|M Manhas|KD Karthik|MF Maharoof|DL Vettori|R Bhatia|PJ Sangwan|A Nehra,S Sohal|SM Katich|LA Pomersbach|Yuvraj Singh|KC Sangakkara|IK Pathan|B Lee|PP Chawla|RR Powar|WA Mota|S Sreesanth,Delhi Daredevils,120,9,Kings XI Punjab,123.0,4.0
392227,47.0,2009,2009-05-16,St George's Park,Port Elizabeth,Chennai Super Kings,Mumbai Indians,Mumbai Indians,bat,0.0,Chennai Super Kings,,7.0,ML Hayden,PA Patel|ML Hayden|SK Raina|S Badrinath|MS Dhoni|JDP Oram|JA Morkel|SB Jakati|L Balaji|M Muralitharan|S Tyagi,ST Jayasuriya|DJ Bravo|JP Duminy|SR Tendulkar|AM Nayar|Harbhajan Singh|YV Takawale|AM Rahane|DS Kulkarni|SL Malinga|C Nanda,Mumbai Indians,147,5,Chennai Super Kings,151.0,3.0
392228,48.0,2009,2009-05-16,New Wanderers Stadium,Johannesburg,Deccan Chargers,Kolkata Knight Riders,Deccan Chargers,field,1.0,Deccan Chargers,,6.0,RG Sharma,AC Gilchrist|HH Gibbs|TL Suman|A Symonds|RG Sharma|Y Venugopal Rao|DB Ravi Teja|RJ Harris|Harmeet Singh|RP Singh|PP Ojha,BB McCullum|SC Ganguly|BJ Hodge|DJ Hussey|WP Saha|Mashrafe Mortaza|AB Agarkar|Yashpal Singh|M Kartik|I Sharma|SS Shaikh,Kolkata Knight Riders,160,5,Deccan Chargers,166.0,4.0
392229,49.0,2009,2009-05-17,New Wanderers Stadium,Johannesburg,Deccan Chargers,Kings XI Punjab,Deccan Chargers,field,0.0,Kings XI Punjab,1.0,,Yuvraj Singh,AC Gilchrist|HH Gibbs|TL Suman|A Symonds|RG Sharma|Y Venugopal Rao|DB Ravi Teja|RJ Harris|RP Singh|Jaskaran Singh|PP Ojha,S Sohal|SM Katich|LA Pomersbach|Yuvraj Singh|KC Sangakkara|WA Mota|IK Pathan|B Lee|PP Chawla|RR Powar|S Sreesanth,Kings XI Punjab,134,7,Deccan Chargers,133.0,8.0
392230,50.0,2009,2009-05-17,OUTsurance Oval,Bloemfontein,Delhi Daredevils,Rajasthan Royals,Delhi Daredevils,bat,1.0,Delhi Daredevils,14.0,,AB de Villiers,G Gambhir|V Sehwag|AB de Villiers|TM Dilshan|KD Karthik|A Mishra|M Manhas|MF Maharoof|AM Salvi|A Nehra|DP Nannes,RJ Quiney|GC Smith|NV Ojha|J Botha|RA Jadeja|YK Pathan|AS Raut|SK Warne|A Singh|SK Trivedi|MM Patel,Delhi Daredevils,150,3,Rajasthan Royals,136.0,9.0
392231,51.0,2009,2009-05-18,SuperSport Park,Centurion,Chennai Super Kings,Kolkata Knight Riders,Chennai Super Kings,bat,0.0,Kolkata Knight Riders,,7.0,BJ Hodge,PA Patel|GJ Bailey|SK Raina|MS Dhoni|JA Morkel|S Badrinath|JDP Oram|SB Jakati|L Balaji|M Muralitharan|S Tyagi,BB McCullum|SC Ganguly|BJ Hodge|DJ Hussey|WP Saha|LR Shukla|AB Agarkar|Anureet Singh|M Kartik|AB Dinda|BAW Mendis,Chennai Super Kings,188,3,Kolkata Knight Riders,189.0,3.0
392232,52.0,2009,2009-05-19,New Wanderers Stadium,Johannesburg,Royal Challengers Bangalore,Delhi Daredevils,Delhi Daredevils,bat,0.0,Royal Challengers Bangalore,,7.0,JH Kallis,RV Uthappa|JH Kallis|R Dravid|LRPL Taylor|MV Boucher|V Kohli|RE van der Merwe|P Kumar|B Akhil|A Kumble|MK Pandey,G Gambhir|V Sehwag|M Manhas|AB de Villiers|KD Karthik|AB McDonald|Y Nagar|MF Maharoof|DL Vettori|AM Salvi|A Nehra,Delhi Daredevils,134,7,Royal Challengers Bangalore,135.0,3.0
392233,53.0,2009,2009-05-20,Kingsmead,Durban,Kolkata Knight Riders,Rajasthan Royals,Kolkata Knight Riders,field,1.0,Kolkata Knight Riders,,4.0,LR Shukla,BB McCullum|SC Ganguly|BJ Hodge|Yashpal Singh|DJ Hussey|LR Shukla|SS Shaikh|AB Agarkar|CK Langeveldt|AB Dinda|SS Sarkar,NV Ojha|RJ Quiney|SA Asnodkar|NK Patel|J Botha|YK Pathan|RA Jadeja|T Henderson|SK Warne|MM Patel|A Singh,Rajasthan Royals,101,9,Kolkata Knight Riders,102.0,6.0
392234,54.0,2009,2009-05-20,Kingsmead,Durban,Chennai Super Kings,Kings XI Punjab,Chennai Super Kings,bat,1.0,Chennai Super Kings,24.0,,M Muralitharan,GJ Bailey|PA Patel|SK Raina|S Badrinath|MS Dhoni|JDP Oram|MS Gony|R Ashwin|T Thushara|L Balaji|M Muralitharan,S Sohal|SM Katich|LA Pomersbach|Yuvraj Singh|KC Sangakkara|WA Mota|IK Pathan|B Lee|PP Chawla|RR Powar|S Sreesanth,Chennai Super Kings,116,9,Kings XI Punjab,92.0,8.0
392235,55.0,2009,2009-05-21,SuperSport Park,Centurion,Delhi Daredevils,Mumbai Indians,Delhi Daredevils,field,1.0,Delhi Daredevils,,4.0,V Sehwag,G Gambhir|DA Warner|V Sehwag|TM Dilshan|R Bhatia|AB de Villiers|KD Karthik|A Mishra|AM Salvi|DP Nannes|PJ Sangwan,ST Jayasuriya|SR Tendulkar|JP Duminy|Mohammad Ashraful|AM Rahane|AM Nayar|PR Shah|Harbhajan Singh|SL Malinga|DS Kulkarni|RA Shaikh,Mumbai Indians,165,8,Delhi Daredevils,166.0,6.0
392236,56.0,2009,2009-05-21,SuperSport Park,Centurion,Royal Challengers Bangalore,Deccan Chargers,Royal Challengers Bangalore,bat,1.0,Royal Challengers Bangalore,12.0,,MK Pandey,JH Kallis|MK Pandey|RE van der Merwe|R Dravid|LRPL Taylor|V Kohli|RV Uthappa|MV Boucher|P Kumar|B Akhil|A Kumble,AC Gilchrist|HH Gibbs|TL Suman|A Symonds|RG Sharma|Y Venugopal Rao|AA Bilakhia|RJ Harris|Jaskaran Singh|RP Singh|PP Ojha,Royal Challengers Bangalore,170,4,Deccan Chargers,158.0,6.0
392237,,2009,2009-05-22,SuperSport Park,Centurion,Delhi Daredevils,Deccan Chargers,Deccan Chargers,field,1.0,Deccan Chargers,,6.0,AC Gilchrist,G Gambhir|DA Warner|V Sehwag|TM Dilshan|AB de Villiers|KD Karthik|R Bhatia|A Mishra|PJ Sangwan|DP Nannes|A Nehra,AC Gilchrist|HH Gibbs|AA Bilakhia|TL Suman|A Symonds|RG Sharma|Y Venugopal Rao|RJ Harris|PP Ojha|Harmeet Singh|RP Singh,Delhi Daredevils,153,8,Deccan Chargers,154.0,4.0
392238,,2009,2009-05-23,New Wanderers Stadium,Johannesburg,Royal Challengers Bangalore,Chennai Super Kings,Royal Challengers Bangalore,field,1.0,Royal Challengers Bangalore,,6.0,MK Pandey,JH Kallis|MK Pandey|RE van der Merwe|R Dravid|V Kohli|LRPL Taylor|RV Uthappa|MV Boucher|P Kumar|R Vinay Kumar|A Kumble,PA Patel|ML Hayden|MS Dhoni|SK Raina|JA Morkel|JDP Oram|S Badrinath|SB Jakati|L Balaji|M Muralitharan|MS Gony,Chennai Super Kings,146,5,Royal Challengers Bangalore,149.0,4.0
392239,,2009,2009-05-24,New Wanderers Stadium,Johannesburg,Royal Challengers Bangalore,Deccan Chargers,Royal Challengers Bangalore,field,0.0,Deccan Chargers,6.0,,A Kumble,JH Kallis|MK Pandey|RE van der Merwe|R Dravid|LRPL Taylor|V Kohli|MV Boucher|RV Uthappa|P Kumar|R Vinay Kumar|A Kumble,AC Gilchrist|HH Gibbs|TL Suman|A Symonds|RG Sharma|Y Venugopal Rao|AA Bilakhia|RJ Harris|PP Ojha|Harmeet Singh|RP Singh,Deccan Chargers,143,6,Royal Challengers Bangalore,137.0,9.0
419106,1.0,2010,2010-03-12,Dr DY Patil Sports Academy,Mumbai,Deccan Chargers,Kolkata Knight Riders,Deccan Chargers,field,0.0,Kolkata Knight Riders,11.0,,AD Mathews,AC Gilchrist|VVS Laxman|HH Gibbs|A Symonds|RG Sharma|Anirudh Singh|TL Suman|WPUJC Vaas|Jaskaran Singh|RP Singh|PP Ojha,MK Tiwary|BJ Hodge|SC Ganguly|CA Pujara|OA Shah|AD Mathews|WP Saha|LR Shukla|M Kartik|CK Langeveldt|I Sharma,Kolkata Knight Riders,161,4,Deccan Chargers,150.0,7.0
419107,2.0,2010,2010-03-13,Brabourne Stadium,Mumbai,Mumbai Indians,Rajasthan Royals,Mumbai Indians,bat,1.0,Mumbai Indians,4.0,,YK Pathan,ST Jayasuriya|SR Tendulkar|AP Tare|SS Tiwary|AT Rayudu|R Sathish|Harbhajan Singh|R McLaren|Z Khan|SL Malinga|AG Murtaza,GC Smith|SA Asnodkar|NV Ojha|AA Jhunjhunwala|YK Pathan|P Dogra|AD Mascarenhas|A Uniyal|SK Warne|Kamran Khan|SW Tait,Mumbai Indians,212,7,Rajasthan Royals,208.0,7.0
419108,3.0,2010,2010-03-13,"Punjab Cricket Association Stadium, Mohali",Chandigarh,Kings XI Punjab,Delhi Daredevils,Delhi Daredevils,field,1.0,Delhi Daredevils,,5.0,G Gambhir,RS Bopara|MS Bisla|KC Sangakkara|Yuvraj Singh|DPMD Jayawardene|IK Pathan|M Kaif|PP Chawla|RR Powar|S Sreesanth|YA Abdulla,G Gambhir|V Sehwag|TM Dilshan|AB de Villiers|KD Karthik|M Manhas|MF Maharoof|A Mishra|PJ Sangwan|VY Mahesh|DP Nannes,Kings XI Punjab,142,9,Delhi Daredevils,146.0,5.0
419109,4.0,2010,2010-03-14,Eden Gardens,Kolkata,Kolkata Knight Riders,Royal Challengers Bangalore,Kolkata Knight Riders,field,1.0,Kolkata Knight Riders,,7.0,MK Tiwary,BJ Hodge|MK Tiwary|SC Ganguly|CA Pujara|OA Shah|RS Gavaskar|AD Mathews|WP Saha|M Kartik|CK Langeveldt|I Sharma,JH Kallis|SP Goswami|MK Pandey|V Kohli|EJG Morgan|R Dravid|RV Uthappa|RE van der Merwe|P Kumar|A Kumble|DW Steyn,Royal Challengers Bangalore,135,7,Kolkata Knight Riders,136.0,3.0
419110,5.0,2010,2010-03-14,"MA Chidambaram Stadium, Chepauk",Chennai,Chennai Super Kings,Deccan Chargers,Deccan Chargers,bat,1.0,Deccan Chargers,31.0,,WPUJC Vaas,M Vijay|ML Hayden|SK Raina|S Badrinath|JM Kemp|MS Dhoni|JA Morkel|R Ashwin|L Balaji|M Muralitharan|S Tyagi,AC Gilchrist|VVS Laxman|HH Gibbs|A Symonds|RG Sharma|TL Suman|Anirudh Singh|WPUJC Vaas|Jaskaran Singh|RP Singh|PP Ojha,Deccan Chargers,190,4,Chennai Super Kings,159.0,9.0
419111,6.0,2010,2010-03-15,"Sardar Patel Stadium, Motera",Ahmedabad,Rajasthan Royals,Delhi Daredevils,Delhi Daredevils,field,1.0,Delhi Daredevils,,6.0,V Sehwag,SA Asnodkar|GC Smith|NV Ojha|YK Pathan|AA Jhunjhunwala|P Dogra|AD Mascarenhas|A Uniyal|SK Warne|SW Tait|MM Patel,G Gambhir|V Sehwag|TM Dilshan|AB de Villiers|KD Karthik|M Manhas|MF Maharoof|A Mishra|S Ladda|PJ Sangwan|DP Nannes,Rajasthan Royals,141,6,Delhi Daredevils,142.0,4.0
419112,7.0,2010,2010-03-16,M Chinnaswamy Stadium,Bangalore,Royal Challengers Bangalore,Kings XI Punjab,Kings XI Punjab,bat,0.0,Royal Challengers Bangalore,,8.0,JH Kallis,MK Pandey|JH Kallis|RV Uthappa|V Kohli|R Dravid|EJG Morgan|MV Boucher|P Kumar|A Kumble|DW Steyn|R Vinay Kumar,RS Bopara|MS Bisla|Yuvraj Singh|DPMD Jayawardene|IK Pathan|KC Sangakkara|M Kaif|PP Chawla|Bipul Sharma|YA Abdulla|S Sreesanth,Kings XI Punjab,203,3,Royal Challengers Bangalore,204.0,2.0
419113,8.0,2010,2010-03-16,Eden Gardens,Kolkata,Kolkata Knight Riders,Chennai Super Kings,Chennai Super Kings,bat,1.0,Chennai Super Kings,55.0,,MS Dhoni,BJ Hodge|MK Tiwary|SC Ganguly|WP Saha|OA Shah|AD Mathews|LR Shukla|RS Gavaskar|SE Bond|M Kartik|I Sharma,M Vijay|ML Hayden|SK Raina|S Badrinath|MS Dhoni|JM Kemp|JA Morkel|R Ashwin|L Balaji|M Muralitharan|MS Gony,Chennai Super Kings,164,3,Kolkata Knight Riders,109.0,10.0
419114,9.0,2010,2010-03-17,Feroz Shah Kotla,Delhi,Delhi Daredevils,Mumbai Indians,Delhi Daredevils,field,0.0,Mumbai Indians,98.0,,SR Tendulkar,TM Dilshan|V Sehwag|AB de Villiers|MF Maharoof|KD Karthik|M Manhas|A Mishra|PJ Sangwan|S Ladda|DP Nannes|G Gambhir,ST Jayasuriya|SR Tendulkar|AP Tare|SS Tiwary|AT Rayudu|KA Pollard|DJ Bravo|R Sathish|Harbhajan Singh|Z Khan|SL Malinga,Mumbai Indians,218,7,Delhi Daredevils,120.0,9.0
419115,10.0,2010,2010-03-18,M Chinnaswamy Stadium,Bangalore,Royal Challengers Bangalore,Rajasthan Royals,Royal Challengers Bangalore,field,1.0,Royal Challengers Bangalore,,10.0,JH Kallis,MK Pandey|JH Kallis|RV Uthappa|V Kohli|R Dravid|EJG Morgan|MV Boucher|P Kumar|A Kumble|DW Steyn|R Vinay Kumar,NV Ojha|MJ Lumb|DR Martyn|AA Jhunjhunwala|YK Pathan|P Dogra|S Narwal|SK Warne|M Morkel|MM Patel|SK Trivedi,Rajasthan Royals,92,10,Royal Challengers Bangalore,93.0,0.0
419116,11.0,2010,2010-03-19,Feroz Shah Kotla,Delhi,Delhi Daredevils,Chennai Super Kings,Delhi Daredevils,bat,0.0,Chennai Super Kings,,5.0,ML Hayden,DA Warner|V Sehwag|TM Dilshan|KD Karthik|AB de Villiers|M Manhas|R Bhatia|A Mishra|PJ Sangwan|DP Nannes|UT Yadav,PA Patel|ML Hayden|S Badrinath|SK Raina|JA Morkel|JM Kemp|M Vijay|R Ashwin|L Balaji|M Muralitharan|Joginder Sharma,Delhi Daredevils,185,6,Chennai Super Kings,190.0,5.0
419117,12.0,2010,2010-03-19,Barabati Stadium,Cuttack,Deccan Chargers,Kings XI Punjab,Kings XI Punjab,field,0.0,Deccan Chargers,6.0,,A Symonds,AC Gilchrist|VVS Laxman|HH Gibbs|A Symonds|RG Sharma|Anirudh Singh|TL Suman|WPUJC Vaas|Jaskaran Singh|RP Singh|PP Ojha,RS Bopara|MS Bisla|KC Sangakkara|Yuvraj Singh|DPMD Jayawardene|AB Barath|IK Pathan|PP Chawla|Bipul Sharma|S Sreesanth|SJ Srivastava,Deccan Chargers,170,8,Kings XI Punjab,164.0,8.0
419118,13.0,2010,2010-03-20,"Sardar Patel Stadium, Motera",Ahmedabad,Rajasthan Royals,Kolkata Knight Riders,Rajasthan Royals,bat,1.0,Rajasthan Royals,34.0,,AA Jhunjhunwala,MJ Lumb|NV Ojha|FY Fazal|AA Jhunjhunwala|YK Pathan|AC Voges|P Dogra|SK Warne|MM Patel|SK Trivedi|SW Tait,MK Tiwary|BJ Hodge|CA Pujara|SC Ganguly|OA Shah|AD Mathews|WP Saha|M Kartik|AB Dinda|SE Bond|I Sharma,Rajasthan Royals,168,7,Kolkata Knight Riders,134.0,5.0
419119,14.0,2010,2010-03-20,Brabourne Stadium,Mumbai,Mumbai Indians,Royal Challengers Bangalore,Mumbai Indians,bat,0.0,Royal Challengers Bangalore,,7.0,JH Kallis,ST Jayasuriya|SR Tendulkar|AP Tare|SS Tiwary|AT Rayudu|DJ Bravo|R Sathish|KA Pollard|Harbhajan Singh|Z Khan|SL Malinga,MK Pandey|JH Kallis|RV Uthappa|V Kohli|EJG Morgan|R Dravid|MV Boucher|P Kumar|A Kumble|DW Steyn|R Vinay Kumar,Mumbai Indians,151,9,Royal Challengers Bangalore,155.0,3.0
419120,15.0,2010,2010-03-21,Barabati Stadium,Cuttack,Deccan Chargers,Delhi Daredevils,Deccan Chargers,bat,1.0,Deccan Chargers,10.0,,A Symonds,MD Mishra|AC Gilchrist|HH Gibbs|A Symonds|RG Sharma|TL Suman|Y Venugopal Rao|WPUJC Vaas|R Sharma|PP Ojha|RP Singh,DA Warner|V Sehwag|AB de Villiers|KD Karthik|M Manhas|MC Henriques|Y Nagar|A Mishra|UT Yadav|S Ladda|DP Nannes,Deccan Chargers,171,6,Delhi Daredevils,161.0,9.0
419121,16.0,2010,2010-03-21,"MA Chidambaram Stadium, Chepauk",Chennai,Chennai Super Kings,Kings XI Punjab,Chennai Super Kings,field,,,,,J Theron,PA Patel|ML Hayden|SK Raina|M Vijay|S Badrinath|JA Morkel|MS Gony|R Ashwin|JM Kemp|L Balaji|M Muralitharan,RS Bopara|IK Pathan|KC Sangakkara|DPMD Jayawardene|Yuvraj Singh|M Kaif|MS Bisla|PP Chawla|J Theron|RR Powar|SJ Srivastava,Kings XI Punjab,136,8,Chennai Super Kings,136.0,7.0
419122,17.0,2010,2010-03-22,Brabourne Stadium,Mumbai,Mumbai Indians,Kolkata Knight Riders,Kolkata Knight Riders,bat,0.0,Mumbai Indians,,7.0,SR Tendulkar,S Dhawan|SR Tendulkar|SS Tiwary|KA Pollard|R Sathish|AP Tare|DJ Bravo|R McLaren|Harbhajan Singh|Z Khan|SL Malinga,CH Gayle|SC Ganguly|OA Shah|AD Mathews|CA Pujara|Mandeep Singh|WP Saha|M Kartik|Harpreet Singh|SE Bond|I Sharma,Kolkata Knight Riders,155,3,Mumbai Indians,156.0,3.0
419123,18.0,2010,2010-03-23,M Chinnaswamy Stadium,Bangalore,Royal Challengers Bangalore,Chennai Super Kings,Chennai Super Kings,field,0.0,Royal Challengers Bangalore,36.0,,RV Uthappa,MK Pandey|JH Kallis|R Dravid|RV Uthappa|V Kohli|EJG Morgan|MV Boucher|P Kumar|A Kumble|DW Steyn|R Vinay Kumar,PA Patel|ML Hayden|GJ Bailey|SK Raina|M Vijay|S Badrinath|JA Morkel|R Ashwin|L Balaji|M Muralitharan|S Tyagi,Royal Challengers Bangalore,171,5,Chennai Super Kings,135.0,7.0
419124,19.0,2010,2010-03-24,"Punjab Cricket Association Stadium, Mohali",Chandigarh,Kings XI Punjab,Rajasthan Royals,Kings XI Punjab,field,0.0,Rajasthan Royals,31.0,,AC Voges,RS Bopara|KC Sangakkara|MS Bisla|Yuvraj Singh|DPMD Jayawardene|IK Pathan|M Kaif|PP Chawla|J Theron|S Sreesanth|SJ Srivastava,MJ Lumb|NV Ojha|FY Fazal|YK Pathan|AC Voges|P Dogra|AA Jhunjhunwala|SK Warne|MM Patel|SK Trivedi|SW Tait,Rajasthan Royals,183,5,Kings XI Punjab,152.0,10.0
419125,21.0,2010,2010-03-25,"Brabourne Stadium, Mumbai",Mumbai,Chennai Super Kings,Mumbai Indians,Mumbai Indians,field,1.0,Mumbai Indians,,5.0,SR Tendulkar,PA Patel|ML Hayden|SK Raina|S Badrinath|MS Dhoni|JA Morkel|NLTC Perera|Joginder Sharma|L Balaji|M Muralitharan|SB Jakati,S Dhawan|SR Tendulkar|SS Tiwary|R Sathish|KA Pollard|DJ Bravo|R McLaren|AP Tare|Harbhajan Singh|Z Khan|SL Malinga,Chennai Super Kings,180,2,Mumbai Indians,181.0,5.0
419126,22.0,2010,2010-03-26,"Sardar Patel Stadium, Motera",Ahmedabad,Rajasthan Royals,Deccan Chargers,Deccan Chargers,bat,0.0,Rajasthan Royals,,8.0,YK Pathan,MJ Lumb|NV Ojha|YK Pathan|FY Fazal|AC Voges|AA Jhunjhunwala|P Dogra|SK Warne|S Narwal|SK Trivedi|SW Tait,AC Gilchrist|VVS Laxman|HH Gibbs|A Symonds|RG Sharma|TL Suman|Y Venugopal Rao|WPUJC Vaas|R Sharma|RP Singh|PP Ojha,Deccan Chargers,148,9,Rajasthan Royals,151.0,2.0
419127,23.0,2010,2010-03-27,"Punjab Cricket Association Stadium, Mohali",Chandigarh,Kings XI Punjab,Kolkata Knight Riders,Kolkata Knight Riders,bat,1.0,Kolkata Knight Riders,39.0,,MK Tiwary,RS Bopara|Yuvraj Singh|MS Bisla|KC Sangakkara|DPMD Jayawardene|IK Pathan|K Goel|B Lee|PP Chawla|SJ Srivastava|VS Malik,CH Gayle|SC Ganguly|Mandeep Singh|MK Tiwary|DJ Hussey|AD Mathews|WP Saha|SE Bond|AB Agarkar|AB Dinda|Iqbal Abdulla,Kolkata Knight Riders,183,5,Kings XI Punjab,144.0,6.0
419128,20.0,2010,2010-03-25,M Chinnaswamy Stadium,Bangalore,Royal Challengers Bangalore,Delhi Daredevils,Royal Challengers Bangalore,field,0.0,Delhi Daredevils,17.0,,KM Jadhav,MK Pandey|JH Kallis|RV Uthappa|R Dravid|EJG Morgan|V Kohli|MV Boucher|R Vinay Kumar|P Kumar|DW Steyn|A Kumble,DA Warner|V Sehwag|AB de Villiers|KD Karthik|KM Jadhav|AB McDonald|M Manhas|A Mishra|DP Nannes|UT Yadav|PJ Sangwan,Delhi Daredevils,183,4,Royal Challengers Bangalore,166.0,9.0
419129,24.0,2010,2010-03-28,"Sardar Patel Stadium, Motera",Ahmedabad,Rajasthan Royals,Chennai Super Kings,Rajasthan Royals,bat,1.0,Rajasthan Royals,17.0,,NV Ojha,MJ Lumb|NV Ojha|FY Fazal|YK Pathan|AC Voges|AA Jhunjhunwala|P Dogra|S Narwal|SK Warne|SW Tait|SK Trivedi,M Vijay|ML Hayden|SK Raina|MS Dhoni|S Badrinath|JA Morkel|KB Arun Karthik|T Thushara|Joginder Sharma|M Muralitharan|SB Jakati,Rajasthan Royals,177,8,Chennai Super Kings,160.0,6.0
419130,25.0,2010,2010-03-28,Dr DY Patil Sports Academy,Mumbai,Deccan Chargers,Mumbai Indians,Deccan Chargers,field,0.0,Mumbai Indians,41.0,,Harbhajan Singh,AC Gilchrist|MD Mishra|HH Gibbs|A Symonds|RG Sharma|TL Suman|Y Venugopal Rao|Jaskaran Singh|KAJ Roach|RP Singh|PP Ojha,S Dhawan|SR Tendulkar|DJ Bravo|SS Tiwary|AT Rayudu|R Sathish|KA Pollard|R McLaren|Harbhajan Singh|Z Khan|SL Malinga,Mumbai Indians,172,7,Deccan Chargers,131.0,10.0
419131,26.0,2010,2010-03-29,Feroz Shah Kotla,Delhi,Delhi Daredevils,Kolkata Knight Riders,Delhi Daredevils,bat,1.0,Delhi Daredevils,40.0,,DA Warner,DA Warner|V Sehwag|G Gambhir|KD Karthik|PD Collingwood|KM Jadhav|AB McDonald|A Mishra|DP Nannes|UT Yadav|R Bhatia,CH Gayle|SC Ganguly|Mandeep Singh|MK Tiwary|DJ Hussey|AD Mathews|WP Saha|AB Agarkar|M Kartik|CK Langeveldt|I Sharma,Delhi Daredevils,177,4,Kolkata Knight Riders,137.0,9.0
419132,27.0,2010,2010-03-30,Brabourne Stadium,Mumbai,Mumbai Indians,Kings XI Punjab,Mumbai Indians,field,1.0,Mumbai Indians,,4.0,SL Malinga,S Dhawan|SR Tendulkar|KA Pollard|SS Tiwary|AT Rayudu|DJ Bravo|R Sathish|Harbhajan Singh|R McLaren|Z Khan|SL Malinga,RS Bopara|SE Marsh|MS Bisla|DPMD Jayawardene|Yuvraj Singh|IK Pathan|B Lee|K Goel|PP Chawla|VS Malik|SJ Srivastava,Kings XI Punjab,163,10,Mumbai Indians,164.0,6.0
419133,28.0,2010,2010-03-31,"MA Chidambaram Stadium, Chepauk",Chennai,Chennai Super Kings,Royal Challengers Bangalore,Royal Challengers Bangalore,bat,0.0,Chennai Super Kings,,5.0,M Vijay,M Vijay|ML Hayden|SK Raina|MS Dhoni|JA Morkel|S Badrinath|C Ganapathy|MS Gony|M Muralitharan|T Thushara|SB Jakati,MK Pandey|JH Kallis|RV Uthappa|V Kohli|KP Pietersen|CL White|R Dravid|P Kumar|A Kumble|DW Steyn|R Vinay Kumar,Royal Challengers Bangalore,161,4,Chennai Super Kings,162.0,5.0
419134,29.0,2010,2010-03-31,Feroz Shah Kotla,Delhi,Delhi Daredevils,Rajasthan Royals,Delhi Daredevils,bat,1.0,Delhi Daredevils,67.0,,KD Karthik,DA Warner|V Sehwag|G Gambhir|PD Collingwood|KM Jadhav|KD Karthik|AB McDonald|A Mishra|MF Maharoof|S Ladda|UT Yadav,MJ Lumb|NV Ojha|FY Fazal|AA Jhunjhunwala|AC Voges|YK Pathan|P Dogra|SK Warne|S Narwal|SW Tait|SK Trivedi,Delhi Daredevils,188,6,Rajasthan Royals,121.0,10.0
419135,30.0,2010,2010-04-01,Eden Gardens,Kolkata,Kolkata Knight Riders,Deccan Chargers,Kolkata Knight Riders,bat,1.0,Kolkata Knight Riders,24.0,,SC Ganguly,SC Ganguly|CH Gayle|CA Pujara|MK Tiwary|DJ Hussey|AD Mathews|WP Saha|AB Agarkar|M Kartik|SE Bond|MB Parmar,HH Gibbs|AC Gilchrist|MD Mishra|A Symonds|RG Sharma|TL Suman|Y Venugopal Rao|Jaskaran Singh|KAJ Roach|Harmeet Singh|PP Ojha,Kolkata Knight Riders,181,6,Deccan Chargers,157.0,5.0
419136,31.0,2010,2010-04-02,"Punjab Cricket Association Stadium, Mohali",Chandigarh,Kings XI Punjab,Royal Challengers Bangalore,Kings XI Punjab,bat,0.0,Royal Challengers Bangalore,,6.0,KP Pietersen,SE Marsh|MS Bisla|KC Sangakkara|RS Bopara|Yuvraj Singh|IK Pathan|B Lee|PP Chawla|SJ Srivastava|Bipul Sharma|S Sreesanth,MK Pandey|JH Kallis|KP Pietersen|V Kohli|RV Uthappa|CL White|R Dravid|P Kumar|A Kumble|R Vinay Kumar|DW Steyn,Kings XI Punjab,181,5,Royal Challengers Bangalore,184.0,4.0
419137,32.0,2010,2010-04-03,"MA Chidambaram Stadium, Chepauk",Chennai,Chennai Super Kings,Rajasthan Royals,Chennai Super Kings,bat,1.0,Chennai Super Kings,23.0,,M Vijay,M Vijay|ML Hayden|SK Raina|JA Morkel|MS Dhoni|S Badrinath|S Anirudha|M Muralitharan|SB Jakati|DE Bollinger|S Tyagi,MJ Lumb|NV Ojha|YK Pathan|SR Watson|FY Fazal|AA Jhunjhunwala|AS Raut|S Narwal|SB Wagh|SK Warne|SW Tait,Chennai Super Kings,246,5,Rajasthan Royals,223.0,5.0
419138,33.0,2010,2010-04-03,Brabourne Stadium,Mumbai,Mumbai Indians,Deccan Chargers,Mumbai Indians,bat,1.0,Mumbai Indians,63.0,,AT Rayudu,S Dhawan|SR Tendulkar|SS Tiwary|DJ Bravo|AT Rayudu|KA Pollard|R Sathish|R McLaren|Harbhajan Singh|Z Khan|SL Malinga,HH Gibbs|AC Gilchrist|VVS Laxman|A Symonds|RG Sharma|MD Mishra|TL Suman|RJ Harris|R Sharma|Jaskaran Singh|PP Ojha,Mumbai Indians,178,5,Deccan Chargers,115.0,10.0
419139,34.0,2010,2010-04-04,Eden Gardens,Kolkata,Kolkata Knight Riders,Kings XI Punjab,Kolkata Knight Riders,bat,0.0,Kings XI Punjab,,8.0,DPMD Jayawardene,SC Ganguly|CH Gayle|MK Tiwary|AD Mathews|DJ Hussey|CA Pujara|WP Saha|AB Agarkar|M Kartik|SE Bond|JD Unadkat,MS Bisla|DPMD Jayawardene|KC Sangakkara|Yuvraj Singh|RS Bopara|IK Pathan|J Theron|PP Chawla|SJ Srivastava|Bipul Sharma|RR Powar,Kolkata Knight Riders,200,3,Kings XI Punjab,204.0,2.0
419140,35.0,2010,2010-04-04,Feroz Shah Kotla,Delhi,Delhi Daredevils,Royal Challengers Bangalore,Delhi Daredevils,bat,1.0,Delhi Daredevils,37.0,,PD Collingwood,DA Warner|V Sehwag|G Gambhir|PD Collingwood|KD Karthik|KM Jadhav|DL Vettori|R Bhatia|A Mishra|MF Maharoof|PJ Sangwan,JH Kallis|CL White|KP Pietersen|RV Uthappa|LRPL Taylor|V Kohli|R Dravid|R Vinay Kumar|A Mithun|A Kumble|KP Appanna,Delhi Daredevils,184,5,Royal Challengers Bangalore,147.0,9.0
419141,36.0,2010,2010-04-05,"Vidarbha Cricket Association Stadium, Jamtha",Nagpur,Deccan Chargers,Rajasthan Royals,Rajasthan Royals,bat,1.0,Rajasthan Royals,2.0,,SK Warne,VVS Laxman|AC Gilchrist|RG Sharma|A Symonds|Anirudh Singh|DR Smith|AA Bilakhia|RJ Harris|RP Singh|Harmeet Singh|PP Ojha,MJ Lumb|NV Ojha|FY Fazal|SR Watson|YK Pathan|AA Jhunjhunwala|AS Raut|SK Warne|M Morkel|AP Dole|SK Trivedi,Rajasthan Royals,159,10,Deccan Chargers,157.0,10.0
419142,37.0,2010,2010-04-06,"MA Chidambaram Stadium, Chepauk",Chennai,Chennai Super Kings,Mumbai Indians,Chennai Super Kings,bat,1.0,Chennai Super Kings,24.0,,SK Raina,M Vijay|ML Hayden|SK Raina|MS Dhoni|MEK Hussey|S Badrinath|R Ashwin|SB Jakati|DE Bollinger|S Tyagi|T Thushara,S Dhawan|SR Tendulkar|SS Tiwary|AT Rayudu|DJ Bravo|KA Pollard|R Sathish|R McLaren|Harbhajan Singh|AN Ahmed|SL Malinga,Chennai Super Kings,165,4,Mumbai Indians,141.0,9.0
419143,38.0,2010,2010-04-07,Sawai Mansingh Stadium,Jaipur,Rajasthan Royals,Kings XI Punjab,Kings XI Punjab,bat,0.0,Rajasthan Royals,,9.0,MJ Lumb,MJ Lumb|NV Ojha|YK Pathan|SR Watson|FY Fazal|AA Jhunjhunwala|AC Voges|AS Raut|SK Warne|SK Trivedi|AP Dole,MS Bisla|DPMD Jayawardene|KC Sangakkara|Yuvraj Singh|IK Pathan|RS Bopara|PP Chawla|Bipul Sharma|J Theron|S Sreesanth|RR Powar,Kings XI Punjab,153,6,Rajasthan Royals,157.0,1.0
419144,39.0,2010,2010-04-07,Eden Gardens,Kolkata,Kolkata Knight Riders,Delhi Daredevils,Kolkata Knight Riders,bat,1.0,Kolkata Knight Riders,14.0,,SC Ganguly,SC Ganguly|CH Gayle|BB McCullum|MK Tiwary|AD Mathews|CA Pujara|WP Saha|AB Agarkar|Iqbal Abdulla|AB Dinda|BAW Mendis,DA Warner|V Sehwag|G Gambhir|PD Collingwood|KD Karthik|KM Jadhav|MF Maharoof|R Bhatia|DL Vettori|A Mishra|PJ Sangwan,Kolkata Knight Riders,181,3,Delhi Daredevils,167.0,8.0
419145,40.0,2010,2010-04-08,M Chinnaswamy Stadium,Bangalore,Royal Challengers Bangalore,Deccan Chargers,Deccan Chargers,field,1.0,Deccan Chargers,,7.0,TL Suman,MK Pandey|JH Kallis|R Dravid|RV Uthappa|LRPL Taylor|V Kohli|CL White|P Kumar|R Vinay Kumar|A Kumble|DW Steyn,AC Gilchrist|MD Mishra|TL Suman|RG Sharma|A Symonds|Y Venugopal Rao|MR Marsh|RP Singh|PP Ojha|RJ Harris|Harmeet Singh,Royal Challengers Bangalore,184,6,Deccan Chargers,186.0,3.0
419146,41.0,2010,2010-04-09,"Punjab Cricket Association Stadium, Mohali",Chandigarh,Kings XI Punjab,Mumbai Indians,Mumbai Indians,bat,0.0,Kings XI Punjab,,6.0,KC Sangakkara,AB Barath|DPMD Jayawardene|KC Sangakkara|Yuvraj Singh|IK Pathan|RS Sodhi|K Goel|PP Chawla|RR Powar|B Lee|L Ablish,S Dhawan|SR Tendulkar|AT Rayudu|SS Tiwary|JP Duminy|R Sathish|KA Pollard|Harbhajan Singh|R McLaren|Z Khan|SL Malinga,Mumbai Indians,154,9,Kings XI Punjab,158.0,4.0
419147,42.0,2010,2010-04-10,"Vidarbha Cricket Association Stadium, Jamtha",Nagpur,Deccan Chargers,Chennai Super Kings,Chennai Super Kings,bat,0.0,Deccan Chargers,,6.0,RJ Harris,MD Mishra|AC Gilchrist|TL Suman|RG Sharma|A Symonds|DR Smith|B Sumanth|RP Singh|PP Ojha|RJ Harris|Harmeet Singh,M Vijay|ML Hayden|SK Raina|MS Dhoni|MEK Hussey|S Badrinath|R Ashwin|T Thushara|SB Jakati|DE Bollinger|S Tyagi,Chennai Super Kings,138,8,Deccan Chargers,139.0,4.0
419148,43.0,2010,2010-04-10,M Chinnaswamy Stadium,Bangalore,Royal Challengers Bangalore,Kolkata Knight Riders,Royal Challengers Bangalore,field,1.0,Royal Challengers Bangalore,,7.0,R Vinay Kumar,S Sriram|JH Kallis|R Dravid|RV Uthappa|LRPL Taylor|CL White|V Kohli|R Vinay Kumar|P Kumar|A Kumble|DW Steyn,SC Ganguly|CH Gayle|BB McCullum|MK Tiwary|AD Mathews|WP Saha|CA Pujara|AB Agarkar|AB Dinda|I Sharma|BAW Mendis,Kolkata Knight Riders,160,9,Royal Challengers Bangalore,162.0,3.0
419149,44.0,2010,2010-04-11,Feroz Shah Kotla,Delhi,Delhi Daredevils,Kings XI Punjab,Delhi Daredevils,bat,0.0,Kings XI Punjab,,7.0,PP Chawla,DA Warner|V Sehwag|G Gambhir|PD Collingwood|KD Karthik|DL Vettori|M Manhas|R Bhatia|MF Maharoof|A Mishra|A Nehra,DPMD Jayawardene|IK Pathan|KC Sangakkara|Yuvraj Singh|AB Barath|J Theron|K Goel|RS Sodhi|PP Chawla|RR Powar|L Ablish,Delhi Daredevils,111,10,Kings XI Punjab,112.0,3.0
419150,45.0,2010,2010-04-11,Sawai Mansingh Stadium,Jaipur,Rajasthan Royals,Mumbai Indians,Rajasthan Royals,field,0.0,Mumbai Indians,37.0,,SR Tendulkar,MJ Lumb|NV Ojha|FY Fazal|SR Watson|AA Jhunjhunwala|AC Voges|YK Pathan|AS Raut|AP Dole|SK Warne|SK Trivedi,ST Jayasuriya|SR Tendulkar|AT Rayudu|SS Tiwary|JP Duminy|KA Pollard|R Sathish|DS Kulkarni|Harbhajan Singh|SL Malinga|Z Khan,Mumbai Indians,174,5,Rajasthan Royals,137.0,8.0
419151,46.0,2010,2010-04-12,"Vidarbha Cricket Association Stadium, Jamtha",Nagpur,Deccan Chargers,Royal Challengers Bangalore,Royal Challengers Bangalore,field,0.0,Deccan Chargers,13.0,,Harmeet Singh,HH Gibbs|AC Gilchrist|TL Suman|RG Sharma|MD Mishra|A Symonds|RJ Harris|B Sumanth|RP Singh|PP Ojha|Harmeet Singh,MK Pandey|JH Kallis|R Dravid|RV Uthappa|LRPL Taylor|V Kohli|CL White|R Vinay Kumar|DW Steyn|A Kumble|KP Appanna,Deccan Chargers,151,6,Royal Challengers Bangalore,138.0,10.0
419152,47.0,2010,2010-04-13,Brabourne Stadium,Mumbai,Mumbai Indians,Delhi Daredevils,Mumbai Indians,bat,1.0,Mumbai Indians,39.0,,KA Pollard,C Madan|SR Tendulkar|SS Tiwary|AT Rayudu|JP Duminy|KA Pollard|DJ Bravo|Harbhajan Singh|AG Murtaza|Z Khan|CRD Fernando,DA Warner|V Sehwag|G Gambhir|KD Karthik|AB de Villiers|PD Collingwood|AB McDonald|A Mishra|PJ Sangwan|A Nehra|S Ladda,Mumbai Indians,183,4,Delhi Daredevils,144.0,7.0
419153,48.0,2010,2010-04-13,"MA Chidambaram Stadium, Chepauk",Chennai,Chennai Super Kings,Kolkata Knight Riders,Kolkata Knight Riders,bat,0.0,Chennai Super Kings,,9.0,R Ashwin,M Vijay|ML Hayden|SK Raina|S Anirudha|MS Dhoni|S Badrinath|JA Morkel|R Ashwin|SB Jakati|M Muralitharan|DE Bollinger,SC Ganguly|CH Gayle|BB McCullum|MK Tiwary|DJ Hussey|AD Mathews|WP Saha|LR Shukla|AB Agarkar|Iqbal Abdulla|AB Dinda,Kolkata Knight Riders,139,8,Chennai Super Kings,143.0,1.0
419154,49.0,2010,2010-04-14,Sawai Mansingh Stadium,Jaipur,Rajasthan Royals,Royal Challengers Bangalore,Rajasthan Royals,bat,0.0,Royal Challengers Bangalore,,5.0,KP Pietersen,MJ Lumb|NV Ojha|AG Paunikar|SR Watson|AA Jhunjhunwala|YK Pathan|AC Voges|AS Raut|Kamran Khan|SK Warne|SK Trivedi,MK Pandey|JH Kallis|KP Pietersen|RV Uthappa|V Kohli|LRPL Taylor|R Dravid|R Vinay Kumar|Pankaj Singh|A Kumble|DW Steyn,Rajasthan Royals,130,6,Royal Challengers Bangalore,132.0,5.0
419155,50.0,2010,2010-04-15,"MA Chidambaram Stadium, Chepauk",Chennai,Chennai Super Kings,Delhi Daredevils,Chennai Super Kings,bat,0.0,Delhi Daredevils,,6.0,G Gambhir,M Vijay|ML Hayden|MS Dhoni|SK Raina|MEK Hussey|S Badrinath|JA Morkel|R Ashwin|L Balaji|DE Bollinger|SB Jakati,V Sehwag|DA Warner|TM Dilshan|G Gambhir|KD Karthik|M Manhas|PD Collingwood|A Mishra|A Nehra|DP Nannes|UT Yadav,Chennai Super Kings,112,9,Delhi Daredevils,113.0,4.0
419156,51.0,2010,2010-04-16,Himachal Pradesh Cricket Association Stadium,Dharamsala,Kings XI Punjab,Deccan Chargers,Deccan Chargers,field,1.0,Deccan Chargers,,5.0,RG Sharma,DPMD Jayawardene|SE Marsh|KC Sangakkara|Yuvraj Singh|IK Pathan|K Goel|J Theron|RS Sodhi|PP Chawla|SJ Srivastava|VS Malik,AC Gilchrist|MD Mishra|TL Suman|RG Sharma|A Symonds|MR Marsh|B Sumanth|RP Singh|PP Ojha|RJ Harris|R Sharma,Kings XI Punjab,174,3,Deccan Chargers,178.0,5.0
419157,52.0,2010,2010-04-17,M Chinnaswamy Stadium,Bangalore,Royal Challengers Bangalore,Mumbai Indians,Royal Challengers Bangalore,field,0.0,Mumbai Indians,57.0,,R McLaren,MK Pandey|JH Kallis|KP Pietersen|R Dravid|RV Uthappa|LRPL Taylor|V Kohli|DW Steyn|R Vinay Kumar|Pankaj Singh|A Kumble,R McLaren|SR Tendulkar|AT Rayudu|KA Pollard|JP Duminy|AM Nayar|SS Tiwary|AP Tare|Harbhajan Singh|Z Khan|CRD Fernando,Mumbai Indians,191,4,Royal Challengers Bangalore,134.0,9.0
419158,53.0,2010,2010-04-17,Eden Gardens,Kolkata,Kolkata Knight Riders,Rajasthan Royals,Rajasthan Royals,bat,0.0,Kolkata Knight Riders,,8.0,JD Unadkat,SC Ganguly|BB McCullum|CH Gayle|CA Pujara|MK Tiwary|AD Mathews|LR Shukla|JD Unadkat|M Kartik|AB Dinda|SE Bond,SR Watson|NV Ojha|YK Pathan|AJ Finch|AC Voges|AS Raut|P Dogra|FY Fazal|SK Warne|SK Trivedi|Kamran Khan,Rajasthan Royals,132,9,Kolkata Knight Riders,133.0,2.0
419159,54.0,2010,2010-04-18,Himachal Pradesh Cricket Association Stadium,Dharamsala,Kings XI Punjab,Chennai Super Kings,Chennai Super Kings,field,1.0,Chennai Super Kings,,6.0,MS Dhoni,DPMD Jayawardene|SE Marsh|KC Sangakkara|Yuvraj Singh|IK Pathan|K Goel|J Theron|RR Powar|PP Chawla|S Sohal|VRV Singh,M Vijay|ML Hayden|SK Raina|S Badrinath|MS Dhoni|JA Morkel|JM Kemp|R Ashwin|SB Jakati|DE Bollinger|S Tyagi,Kings XI Punjab,192,3,Chennai Super Kings,195.0,4.0
419160,55.0,2010,2010-04-18,Feroz Shah Kotla,Delhi,Delhi Daredevils,Deccan Chargers,Deccan Chargers,bat,1.0,Deccan Chargers,11.0,,A Symonds,DA Warner|V Sehwag|TM Dilshan|G Gambhir|M Manhas|PD Collingwood|KD Karthik|A Mishra|A Nehra|DP Nannes|UT Yadav,AC Gilchrist|MD Mishra|TL Suman|RG Sharma|A Symonds|MR Marsh|B Sumanth|WPUJC Vaas|R Sharma|PP Ojha|Harmeet Singh,Deccan Chargers,145,7,Delhi Daredevils,134.0,7.0
419161,56.0,2010,2010-04-19,Eden Gardens,Kolkata,Kolkata Knight Riders,Mumbai Indians,Mumbai Indians,bat,0.0,Kolkata Knight Riders,,9.0,M Kartik,SC Ganguly|BB McCullum|DJ Hussey|MK Tiwary|AD Mathews|CA Pujara|WP Saha|JD Unadkat|M Kartik|AB Dinda|SE Bond,AP Tare|S Dhawan|SS Tiwary|JP Duminy|R Sathish|DJ Bravo|AT Rayudu|STR Binny|R McLaren|AG Murtaza|CRD Fernando,Mumbai Indians,133,8,Kolkata Knight Riders,135.0,1.0
419162,,2010,2010-04-21,Dr DY Patil Sports Academy,Mumbai,Royal Challengers Bangalore,Mumbai Indians,Mumbai Indians,bat,1.0,Mumbai Indians,35.0,,KA Pollard,JH Kallis|R Dravid|KP Pietersen|RV Uthappa|LRPL Taylor|V Kohli|MK Pandey|P Kumar|R Vinay Kumar|DW Steyn|A Kumble,S Dhawan|SR Tendulkar|AM Nayar|AT Rayudu|JP Duminy|SS Tiwary|KA Pollard|Harbhajan Singh|Z Khan|CRD Fernando|SL Malinga,Mumbai Indians,184,5,Royal Challengers Bangalore,149.0,9.0
419163,,2010,2010-04-22,Dr DY Patil Sports Academy,Mumbai,Chennai Super Kings,Deccan Chargers,Chennai Super Kings,bat,1.0,Chennai Super Kings,38.0,,DE Bollinger,M Vijay|ML Hayden|SK Raina|S Badrinath|MS Dhoni|JA Morkel|S Anirudha|R Ashwin|SB Jakati|DE Bollinger|M Muralitharan,AC Gilchrist|HH Gibbs|TL Suman|RG Sharma|A Symonds|MD Mishra|B Sumanth|RJ Harris|Harmeet Singh|RP Singh|PP Ojha,Chennai Super Kings,142,7,Deccan Chargers,104.0,10.0
419164,,2010,2010-04-24,Dr DY Patil Sports Academy,Mumbai,Royal Challengers Bangalore,Deccan Chargers,Deccan Chargers,bat,0.0,Royal Challengers Bangalore,,9.0,A Kumble,JH Kallis|R Dravid|KP Pietersen|RV Uthappa|V Kohli|CL White|B Akhil|P Kumar|A Kumble|ND Doshi|DW Steyn,AC Gilchrist|MD Mishra|Anirudh Singh|RG Sharma|A Symonds|DR Smith|Y Venugopal Rao|RJ Harris|R Sharma|Harmeet Singh|PP Ojha,Deccan Chargers,82,10,Royal Challengers Bangalore,86.0,1.0
419165,,2010,2010-04-25,Dr DY Patil Sports Academy,Mumbai,Chennai Super Kings,Mumbai Indians,Chennai Super Kings,bat,1.0,Chennai Super Kings,22.0,,SK Raina,M Vijay|ML Hayden|SK Raina|S Badrinath|MS Dhoni|JA Morkel|S Anirudha|R Ashwin|SB Jakati|DE Bollinger|M Muralitharan,S Dhawan|SR Tendulkar|AM Nayar|Harbhajan Singh|AT Rayudu|SS Tiwary|JP Duminy|KA Pollard|Z Khan|SL Malinga|CRD Fernando,Chennai Super Kings,168,5,Mumbai Indians,146.0,9.0
501198,1.0,2011,2011-04-08,"MA Chidambaram Stadium, Chepauk",Chennai,Chennai Super Kings,Kolkata Knight Riders,Chennai Super Kings,bat,1.0,Chennai Super Kings,2.0,,S Anirudha,S Anirudha|M Vijay|SK Raina|MS Dhoni|JA Morkel|SB Styris|S Badrinath|R Ashwin|SB Jakati|TG Southee|S Randiv,MS Bisla|JH Kallis|YK Pathan|MK Tiwary|EJG Morgan|G Gambhir|LR Shukla|R Bhatia|Iqbal Abdulla|L Balaji|S Ladda,Chennai Super Kings,153,4,Kolkata Knight Riders,151.0,7.0
501199,2.0,2011,2011-04-09,"Rajiv Gandhi International Stadium, Uppal",Hyderabad,Deccan Chargers,Rajasthan Royals,Rajasthan Royals,field,1.0,Rajasthan Royals,,8.0,SK Trivedi,S Dhawan|IR Jaggi|KC Sangakkara|B Chipli|JP Duminy|DT Christian|DB Ravi Teja|DW Steyn|A Mishra|I Sharma|PP Ojha,AG Paunikar|R Dravid|J Botha|LRPL Taylor|AS Raut|AL Menaria|A Singh|JDP Oram|SK Warne|SK Trivedi|STR Binny,Deccan Chargers,137,8,Rajasthan Royals,141.0,2.0
501200,3.0,2011,2011-04-09,Nehru Stadium,Kochi,Kochi Tuskers Kerala,Royal Challengers Bangalore,Kochi Tuskers Kerala,bat,0.0,Royal Challengers Bangalore,,6.0,AB de Villiers,BB McCullum|VVS Laxman|DPMD Jayawardene|BJ Hodge|RA Jadeja|RV Gomez|PA Patel|M Muralitharan|R Vinay Kumar|RP Singh|S Sreesanth,MA Agarwal|TM Dilshan|V Kohli|AB de Villiers|SS Tiwary|AUK Pathan|CA Pujara|Z Khan|DL Vettori|DP Nannes|A Mithun,Kochi Tuskers Kerala,161,5,Royal Challengers Bangalore,162.0,4.0
501201,4.0,2011,2011-04-10,Feroz Shah Kotla,Delhi,Delhi Daredevils,Mumbai Indians,Delhi Daredevils,bat,0.0,Mumbai Indians,,8.0,SL Malinga,DA Warner|V Sehwag|UBT Chand|AJ Finch|NV Ojha|Y Venugopal Rao|IK Pathan|RE van der Merwe|M Morkel|UT Yadav|AB Dinda,DJ Jacobs|SR Tendulkar|AT Rayudu|RG Sharma|KA Pollard|JEC Franklin|R Sathish|Harbhajan Singh|AG Murtaza|MM Patel|SL Malinga,Delhi Daredevils,95,10,Mumbai Indians,99.0,2.0
501202,5.0,2011,2011-04-10,Dr DY Patil Sports Academy,Mumbai,Pune Warriors,Kings XI Punjab,Kings XI Punjab,bat,0.0,Pune Warriors,,7.0,SB Wagh,GC Smith|JD Ryder|M Manhas|RV Uthappa|Yuvraj Singh|MD Mishra|R Sharma|M Kartik|SB Wagh|WD Parnell|AC Thomas,AC Gilchrist|SE Marsh|PC Valthaty|KD Karthik|AM Nayar|Sunny Singh|R McLaren|PP Chawla|P Kumar|NJ Rimmington|BA Bhatt,Kings XI Punjab,112,8,Pune Warriors,113.0,3.0
501203,6.0,2011,2011-04-11,Eden Gardens,Kolkata,Kolkata Knight Riders,Deccan Chargers,Kolkata Knight Riders,bat,1.0,Kolkata Knight Riders,9.0,,JH Kallis,JH Kallis|MS Bisla|G Gambhir|MK Tiwary|YK Pathan|EJG Morgan|RN ten Doeschate|Iqbal Abdulla|R Bhatia|L Balaji|JD Unadkat,S Dhawan|IR Jaggi|B Chipli|KC Sangakkara|JP Duminy|DT Christian|DB Ravi Teja|DW Steyn|A Mishra|I Sharma|PP Ojha,Kolkata Knight Riders,163,4,Deccan Chargers,154.0,8.0
501204,7.0,2011,2011-04-12,Sawai Mansingh Stadium,Jaipur,Rajasthan Royals,Delhi Daredevils,Delhi Daredevils,bat,0.0,Rajasthan Royals,,6.0,SK Warne,AG Paunikar|R Dravid|J Botha|AL Menaria|AM Rahane|LRPL Taylor|AS Raut|SK Warne|A Singh|SK Trivedi|SW Tait,DA Warner|V Sehwag|AJ Finch|UBT Chand|NV Ojha|Y Venugopal Rao|IK Pathan|RE van der Merwe|M Morkel|S Nadeem|AB Dinda,Delhi Daredevils,151,6,Rajasthan Royals,152.0,4.0
501205,8.0,2011,2011-04-12,M Chinnaswamy Stadium,Bangalore,Royal Challengers Bangalore,Mumbai Indians,Mumbai Indians,field,1.0,Mumbai Indians,,9.0,SR Tendulkar,MA Agarwal|TM Dilshan|V Kohli|AB de Villiers|AUK Pathan|SS Tiwary|CA Pujara|Z Khan|DL Vettori|DP Nannes|A Mithun,DJ Jacobs|SR Tendulkar|AT Rayudu|RG Sharma|KA Pollard|JEC Franklin|R Sathish|Harbhajan Singh|AG Murtaza|MM Patel|SL Malinga,Royal Challengers Bangalore,140,4,Mumbai Indians,143.0,1.0
501206,9.0,2011,2011-04-13,"Punjab Cricket Association Stadium, Mohali",Chandigarh,Kings XI Punjab,Chennai Super Kings,Kings XI Punjab,field,1.0,Kings XI Punjab,,6.0,PC Valthaty,PC Valthaty|AC Gilchrist|SE Marsh|Sunny Singh|AM Nayar|KD Karthik|R McLaren|P Kumar|RJ Harris|PP Chawla|BA Bhatt,S Anirudha|M Vijay|SK Raina|S Badrinath|MS Dhoni|SB Styris|JA Morkel|R Ashwin|SB Jakati|TG Southee|S Randiv,Chennai Super Kings,188,4,Kings XI Punjab,193.0,4.0
501207,10.0,2011,2011-04-13,Dr DY Patil Sports Academy,Mumbai,Pune Warriors,Kochi Tuskers Kerala,Kochi Tuskers Kerala,bat,0.0,Pune Warriors,,4.0,MD Mishra,JD Ryder|GC Smith|M Manhas|Yuvraj Singh|RV Uthappa|MD Mishra|WD Parnell|R Sharma|M Kartik|SB Wagh|AC Thomas,BB McCullum|VVS Laxman|PA Patel|DPMD Jayawardene|BJ Hodge|RA Jadeja|RV Gomez|R Vinay Kumar|S Sreesanth|RP Singh|M Muralitharan,Kochi Tuskers Kerala,148,8,Pune Warriors,151.0,6.0
501208,11.0,2011,2011-04-14,"Rajiv Gandhi International Stadium, Uppal",Hyderabad,Deccan Chargers,Royal Challengers Bangalore,Royal Challengers Bangalore,field,0.0,Deccan Chargers,33.0,,DW Steyn,S Sohal|S Dhawan|KC Sangakkara|B Chipli|JP Duminy|DT Christian|DB Ravi Teja|A Mishra|DW Steyn|I Sharma|MS Gony,MA Agarwal|TM Dilshan|Z Khan|V Kohli|AB de Villiers|SS Tiwary|CA Pujara|JJ van der Wath|DL Vettori|R Ninan|S Aravind,Deccan Chargers,175,5,Royal Challengers Bangalore,142.0,9.0
501209,12.0,2011,2011-04-15,Sawai Mansingh Stadium,Jaipur,Rajasthan Royals,Kolkata Knight Riders,Kolkata Knight Riders,field,1.0,Kolkata Knight Riders,,9.0,G Gambhir,AG Paunikar|R Dravid|AL Menaria|SR Watson|LRPL Taylor|J Botha|AS Raut|SK Warne|A Singh|SK Trivedi|ND Doshi,MS Bisla|JH Kallis|G Gambhir|MK Tiwary|YK Pathan|EJG Morgan|Shakib Al Hasan|Iqbal Abdulla|R Bhatia|B Lee|L Balaji,Rajasthan Royals,159,4,Kolkata Knight Riders,160.0,1.0
501210,13.0,2011,2011-04-15,Wankhede Stadium,Mumbai,Mumbai Indians,Kochi Tuskers Kerala,Kochi Tuskers Kerala,field,1.0,Kochi Tuskers Kerala,,8.0,BB McCullum,DJ Jacobs|SR Tendulkar|AT Rayudu|KA Pollard|RG Sharma|A Symonds|R Sathish|Harbhajan Singh|AG Murtaza|MM Patel|SL Malinga,BB McCullum|DPMD Jayawardene|RA Jadeja|BJ Hodge|KM Jadhav|PA Patel|NLTC Perera|RV Gomez|R Vinay Kumar|RP Singh|RR Powar,Mumbai Indians,182,2,Kochi Tuskers Kerala,184.0,2.0
501211,14.0,2011,2011-04-16,"MA Chidambaram Stadium, Chepauk",Chennai,Chennai Super Kings,Royal Challengers Bangalore,Chennai Super Kings,bat,1.0,Chennai Super Kings,21.0,,MEK Hussey,MEK Hussey|M Vijay|SK Raina|MS Dhoni|JA Morkel|S Badrinath|S Anirudha|R Ashwin|SB Jakati|TG Southee|S Randiv,MA Agarwal|TM Dilshan|AUK Pathan|V Kohli|AB de Villiers|SS Tiwary|CA Pujara|JJ van der Wath|DL Vettori|R Ninan|Z Khan,Chennai Super Kings,183,5,Royal Challengers Bangalore,162.0,7.0
501212,15.0,2011,2011-04-16,"Rajiv Gandhi International Stadium, Uppal",Hyderabad,Deccan Chargers,Kings XI Punjab,Kings XI Punjab,field,1.0,Kings XI Punjab,,8.0,PC Valthaty,S Sohal|S Dhawan|KC Sangakkara|JP Duminy|B Chipli|DT Christian|MS Gony|DB Ravi Teja|A Mishra|DW Steyn|I Sharma,AC Gilchrist|PC Valthaty|AM Nayar|KD Karthik|SE Marsh|Sunny Singh|R McLaren|P Kumar|RJ Harris|PP Chawla|VS Malik,Deccan Chargers,165,8,Kings XI Punjab,166.0,2.0
501213,16.0,2011,2011-04-17,Dr DY Patil Sports Academy,Mumbai,Pune Warriors,Delhi Daredevils,Delhi Daredevils,field,1.0,Delhi Daredevils,,3.0,Yuvraj Singh,JD Ryder|GC Smith|M Manhas|Yuvraj Singh|RV Uthappa|MD Mishra|WD Parnell|AA Jhunjhunwala|R Sharma|SB Wagh|AC Thomas,DA Warner|V Sehwag|IK Pathan|NV Ojha|MS Wade|Y Venugopal Rao|AJ Finch|JR Hopes|S Nadeem|AB Dinda|UT Yadav,Pune Warriors,187,5,Delhi Daredevils,190.0,7.0
501214,17.0,2011,2011-04-17,Eden Gardens,Kolkata,Kolkata Knight Riders,Rajasthan Royals,Kolkata Knight Riders,field,1.0,Kolkata Knight Riders,,8.0,L Balaji,JH Kallis|MS Bisla|G Gambhir|MK Tiwary|YK Pathan|EJG Morgan|Shakib Al Hasan|Iqbal Abdulla|R Bhatia|B Lee|L Balaji,SR Watson|AG Paunikar|FY Fazal|AS Raut|AL Menaria|LRPL Taylor|AM Rahane|SK Warne|A Singh|SW Tait|SK Trivedi,Rajasthan Royals,81,10,Kolkata Knight Riders,85.0,2.0
501215,18.0,2011,2011-04-18,Nehru Stadium,Kochi,Kochi Tuskers Kerala,Chennai Super Kings,Kochi Tuskers Kerala,field,1.0,Kochi Tuskers Kerala,,7.0,BB McCullum,BB McCullum|DPMD Jayawardene|PA Patel|BJ Hodge|RA Jadeja|KM Jadhav|NLTC Perera|RV Gomez|R Vinay Kumar|RP Singh|RR Powar,MEK Hussey|M Vijay|SK Raina|S Badrinath|MS Dhoni|JA Morkel|S Anirudha|R Ashwin|SB Jakati|TG Southee|DE Bollinger,Chennai Super Kings,131,4,Kochi Tuskers Kerala,135.0,3.0
501216,19.0,2011,2011-04-19,Feroz Shah Kotla,Delhi,Delhi Daredevils,Deccan Chargers,Deccan Chargers,bat,1.0,Deccan Chargers,16.0,,S Sohal,DA Warner|V Sehwag|NV Ojha|AJ Finch|Y Venugopal Rao|IK Pathan|JR Hopes|Y Nagar|M Morkel|S Nadeem|AB Dinda,S Sohal|S Dhawan|KC Sangakkara|CL White|DT Christian|B Chipli|DB Ravi Teja|A Mishra|DW Steyn|PP Ojha|Harmeet Singh,Deccan Chargers,168,4,Delhi Daredevils,152.0,7.0
501218,21.0,2011,2011-04-20,Wankhede Stadium,Mumbai,Mumbai Indians,Pune Warriors,Pune Warriors,bat,0.0,Mumbai Indians,,7.0,MM Patel,JEC Franklin|SR Tendulkar|AT Rayudu|RG Sharma|A Symonds|KA Pollard|R Sathish|AN Ahmed|AG Murtaza|MM Patel|SL Malinga,JD Ryder|TD Paine|M Manhas|RV Uthappa|Yuvraj Singh|MD Mishra|M Kartik|WD Parnell|R Sharma|SB Wagh|AC Thomas,Pune Warriors,118,10,Mumbai Indians,124.0,3.0
501219,22.0,2011,2011-04-20,Eden Gardens,Kolkata,Kolkata Knight Riders,Kochi Tuskers Kerala,Kolkata Knight Riders,field,0.0,Kochi Tuskers Kerala,6.0,,DPMD Jayawardene,MS Bisla|JH Kallis|G Gambhir|MK Tiwary|EJG Morgan|Shakib Al Hasan|YK Pathan|R Bhatia|B Lee|Iqbal Abdulla|L Balaji,BB McCullum|DPMD Jayawardene|PA Patel|BJ Hodge|RA Jadeja|KM Jadhav|RV Gomez|R Vinay Kumar|RR Powar|RP Singh|M Muralitharan,Kochi Tuskers Kerala,132,7,Kolkata Knight Riders,126.0,9.0
501220,23.0,2011,2011-04-21,"Punjab Cricket Association Stadium, Mohali",Chandigarh,Kings XI Punjab,Rajasthan Royals,Rajasthan Royals,field,0.0,Kings XI Punjab,48.0,,SE Marsh,AC Gilchrist|PC Valthaty|SE Marsh|KD Karthik|AM Nayar|R McLaren|Sunny Singh|PP Chawla|RJ Harris|P Kumar|BA Bhatt,SA Asnodkar|R Dravid|SR Watson|STR Binny|LRPL Taylor|AL Menaria|AS Raut|DH Yagnik|SK Warne|SW Tait|SK Trivedi,Kings XI Punjab,195,7,Rajasthan Royals,147.0,7.0
501221,25.0,2011,2011-04-22,Wankhede Stadium,Mumbai,Mumbai Indians,Chennai Super Kings,Chennai Super Kings,field,0.0,Mumbai Indians,8.0,,Harbhajan Singh,R Sathish|SR Tendulkar|AT Rayudu|RG Sharma|A Symonds|KA Pollard|JEC Franklin|Harbhajan Singh|AN Ahmed|MM Patel|SL Malinga,MEK Hussey|M Vijay|SK Raina|S Badrinath|MS Dhoni|S Anirudha|JA Morkel|R Ashwin|Joginder Sharma|S Randiv|DE Bollinger,Mumbai Indians,164,4,Chennai Super Kings,156.0,9.0
501222,24.0,2011,2011-04-22,Eden Gardens,Kolkata,Kolkata Knight Riders,Royal Challengers Bangalore,Royal Challengers Bangalore,field,1.0,Royal Challengers Bangalore,,9.0,CH Gayle,JH Kallis|BJ Haddin|G Gambhir|YK Pathan|EJG Morgan|MK Tiwary|Shakib Al Hasan|R Bhatia|Iqbal Abdulla|JD Unadkat|L Balaji,TM Dilshan|CH Gayle|V Kohli|AB de Villiers|SS Tiwary|CA Pujara|Z Khan|AUK Pathan|DL Vettori|S Aravind|J Syed Mohammad,Kolkata Knight Riders,171,5,Royal Challengers Bangalore,175.0,1.0
501223,26.0,2011,2011-04-23,Feroz Shah Kotla,Delhi,Delhi Daredevils,Kings XI Punjab,Kings XI Punjab,field,0.0,Delhi Daredevils,29.0,,DA Warner,DA Warner|V Sehwag|Y Nagar|Y Venugopal Rao|AJ Finch|NV Ojha|IK Pathan|JR Hopes|AB Agarkar|M Morkel|VR Aaron,AC Gilchrist|PC Valthaty|SE Marsh|KD Karthik|DJ Hussey|AM Nayar|Sunny Singh|RJ Harris|PP Chawla|P Kumar|SJ Srivastava,Delhi Daredevils,231,4,Kings XI Punjab,202.0,6.0
501224,27.0,2011,2011-04-24,"Rajiv Gandhi International Stadium, Uppal",Hyderabad,Deccan Chargers,Mumbai Indians,Deccan Chargers,field,0.0,Mumbai Indians,37.0,,SL Malinga,S Sohal|S Dhawan|KC Sangakkara|CL White|B Chipli|DT Christian|DB Ravi Teja|A Mishra|DW Steyn|I Sharma|PP Ojha,DJ Jacobs|SR Tendulkar|AT Rayudu|KA Pollard|RG Sharma|A Symonds|R Sathish|Harbhajan Singh|AN Ahmed|MM Patel|SL Malinga,Mumbai Indians,172,4,Deccan Chargers,135.0,8.0
501225,28.0,2011,2011-04-24,Sawai Mansingh Stadium,Jaipur,Rajasthan Royals,Kochi Tuskers Kerala,Rajasthan Royals,field,1.0,Rajasthan Royals,,8.0,SK Warne,SR Watson|R Dravid|J Botha|LRPL Taylor|AL Menaria|AM Rahane|A Singh|DH Yagnik|SK Warne|STR Binny|SK Trivedi,DPMD Jayawardene|VVS Laxman|PA Patel|BJ Hodge|RA Jadeja|RV Gomez|NLTC Perera|KM Jadhav|R Vinay Kumar|M Muralitharan|RP Singh,Kochi Tuskers Kerala,109,10,Rajasthan Royals,111.0,2.0
501226,29.0,2011,2011-04-25,"MA Chidambaram Stadium, Chepauk",Chennai,Chennai Super Kings,Pune Warriors,Pune Warriors,field,0.0,Chennai Super Kings,25.0,,MEK Hussey,M Vijay|MEK Hussey|SK Raina|MS Dhoni|JA Morkel|S Badrinath|S Anirudha|R Ashwin|DE Bollinger|SB Jakati|S Randiv,JD Ryder|MD Mishra|MK Pandey|RV Uthappa|Yuvraj Singh|M Manhas|NL McCullum|R Sharma|JE Taylor|M Kartik|AC Thomas,Chennai Super Kings,142,6,Pune Warriors,117.0,9.0
501227,30.0,2011,2011-04-26,Feroz Shah Kotla,Delhi,Delhi Daredevils,Royal Challengers Bangalore,Royal Challengers Bangalore,field,1.0,Royal Challengers Bangalore,,3.0,V Kohli,DA Warner|V Sehwag|JR Hopes|MS Wade|Y Venugopal Rao|NV Ojha|IK Pathan|Y Nagar|M Morkel|AB Dinda|UT Yadav,CH Gayle|TM Dilshan|V Kohli|AB de Villiers|SS Tiwary|CA Pujara|DL Vettori|A Mithun|J Syed Mohammad|Z Khan|S Aravind,Delhi Daredevils,160,6,Royal Challengers Bangalore,161.0,7.0
501228,31.0,2011,2011-04-27,Dr DY Patil Sports Academy,Mumbai,Pune Warriors,Chennai Super Kings,Pune Warriors,bat,0.0,Chennai Super Kings,,8.0,DE Bollinger,JD Ryder|MD Mishra|MK Pandey|M Manhas|Yuvraj Singh|RV Uthappa|MR Marsh|JE Taylor|M Kartik|R Sharma|AC Thomas,MEK Hussey|M Vijay|S Badrinath|SK Raina|MS Dhoni|S Anirudha|R Ashwin|KMDN Kulasekara|DE Bollinger|SB Jakati|TG Southee,Pune Warriors,141,6,Chennai Super Kings,145.0,2.0
501229,32.0,2011,2011-04-27,Nehru Stadium,Kochi,Kochi Tuskers Kerala,Deccan Chargers,Kochi Tuskers Kerala,field,0.0,Deccan Chargers,55.0,,I Sharma,BB McCullum|DPMD Jayawardene|PA Patel|RV Gomez|BJ Hodge|KM Jadhav|RA Jadeja|NLTC Perera|R Vinay Kumar|S Sreesanth|RP Singh,S Sohal|S Dhawan|B Chipli|KC Sangakkara|CL White|DT Christian|DB Ravi Teja|A Mishra|MS Gony|DW Steyn|I Sharma,Deccan Chargers,129,7,Kochi Tuskers Kerala,74.0,10.0
501230,33.0,2011,2011-04-28,Feroz Shah Kotla,Delhi,Delhi Daredevils,Kolkata Knight Riders,Delhi Daredevils,field,0.0,Kolkata Knight Riders,17.0,,MK Tiwary,DA Warner|V Sehwag|JR Hopes|IK Pathan|TR Birt|Y Venugopal Rao|NV Ojha|Y Nagar|AB Agarkar|M Morkel|UT Yadav,JH Kallis|SP Goswami|G Gambhir|MK Tiwary|YK Pathan|EJG Morgan|RN ten Doeschate|B Lee|L Balaji|Iqbal Abdulla|JD Unadkat,Kolkata Knight Riders,148,7,Delhi Daredevils,131.0,9.0
501231,34.0,2011,2011-04-29,Sawai Mansingh Stadium,Jaipur,Rajasthan Royals,Mumbai Indians,Rajasthan Royals,field,1.0,Rajasthan Royals,,7.0,J Botha,SR Watson|R Dravid|J Botha|LRPL Taylor|AL Menaria|AM Rahane|A Singh|DH Yagnik|SK Warne|STR Binny|SK Trivedi,DJ Jacobs|SR Tendulkar|AT Rayudu|RG Sharma|A Symonds|KA Pollard|R Sathish|Harbhajan Singh|SL Malinga|AG Murtaza|MM Patel,Mumbai Indians,94,8,Rajasthan Royals,95.0,3.0
501232,35.0,2011,2011-04-29,M Chinnaswamy Stadium,Bangalore,Royal Challengers Bangalore,Pune Warriors,Pune Warriors,field,0.0,Royal Challengers Bangalore,26.0,,V Kohli,CH Gayle|TM Dilshan|V Kohli|AB de Villiers|SS Tiwary|M Kaif|A Mithun|Z Khan|DL Vettori|S Aravind|J Syed Mohammad,JD Ryder|TD Paine|MK Pandey|Yuvraj Singh|RV Uthappa|M Manhas|Harpreet Singh|R Sharma|JE Taylor|AC Thomas|Kamran Khan,Royal Challengers Bangalore,181,5,Pune Warriors,155.0,5.0
501233,36.0,2011,2011-04-30,Nehru Stadium,Kochi,Kochi Tuskers Kerala,Delhi Daredevils,Delhi Daredevils,bat,1.0,Delhi Daredevils,38.0,,V Sehwag,BB McCullum|M Klinger|PA Patel|DPMD Jayawardene|BJ Hodge|RA Jadeja|B Akhil|R Vinay Kumar|RR Powar|S Sreesanth|RP Singh,DA Warner|V Sehwag|NV Ojha|Y Venugopal Rao|Y Nagar|TR Birt|IK Pathan|RE van der Merwe|M Morkel|AB Agarkar|UT Yadav,Delhi Daredevils,157,7,Kochi Tuskers Kerala,119.0,10.0
501234,37.0,2011,2011-04-30,Eden Gardens,Kolkata,Kolkata Knight Riders,Kings XI Punjab,Kolkata Knight Riders,field,1.0,Kolkata Knight Riders,,8.0,Iqbal Abdulla,JH Kallis|EJG Morgan|G Gambhir|MK Tiwary|SP Goswami|YK Pathan|R Bhatia|RN ten Doeschate|Iqbal Abdulla|L Balaji|B Lee,AC Gilchrist|PC Valthaty|SE Marsh|KD Karthik|AM Nayar|DJ Hussey|Bipul Sharma|P Kumar|PP Chawla|BA Bhatt|RJ Harris,Kings XI Punjab,119,6,Kolkata Knight Riders,120.0,2.0
501235,38.0,2011,2011-05-01,Sawai Mansingh Stadium,Jaipur,Rajasthan Royals,Pune Warriors,Rajasthan Royals,field,1.0,Rajasthan Royals,,6.0,LRPL Taylor,SR Watson|R Dravid|J Botha|AL Menaria|LRPL Taylor|AM Rahane|A Singh|SK Warne|STR Binny|DH Yagnik|SK Trivedi,JD Ryder|MK Pandey|RV Uthappa|Yuvraj Singh|Harpreet Singh|M Manhas|NL McCullum|R Sharma|M Kartik|JE Taylor|AC Thomas,Pune Warriors,143,7,Rajasthan Royals,144.0,4.0
501236,39.0,2011,2011-05-01,"MA Chidambaram Stadium, Chepauk",Chennai,Chennai Super Kings,Deccan Chargers,Chennai Super Kings,bat,1.0,Chennai Super Kings,19.0,,JA Morkel,M Vijay|MEK Hussey|SK Raina|MS Dhoni|JA Morkel|S Badrinath|S Anirudha|R Ashwin|DE Bollinger|SB Jakati|S Randiv,S Sohal|S Dhawan|B Chipli|KC Sangakkara|CL White|JP Duminy|DT Christian|A Mishra|I Sharma|PP Ojha|Harmeet Singh,Chennai Super Kings,165,5,Deccan Chargers,146.0,8.0
501237,40.0,2011,2011-05-02,Wankhede Stadium,Mumbai,Mumbai Indians,Kings XI Punjab,Kings XI Punjab,field,0.0,Mumbai Indians,23.0,,KA Pollard,DJ Jacobs|SR Tendulkar|AT Rayudu|KA Pollard|RG Sharma|A Symonds|TL Suman|Harbhajan Singh|MM Patel|SL Malinga|AN Ahmed,PC Valthaty|AC Gilchrist|SE Marsh|DJ Hussey|KD Karthik|AM Nayar|Bipul Sharma|PP Chawla|RJ Harris|P Kumar|BA Bhatt,Mumbai Indians,159,5,Kings XI Punjab,136.0,8.0
501238,41.0,2011,2011-05-02,Feroz Shah Kotla,Delhi,Delhi Daredevils,Kochi Tuskers Kerala,Kochi Tuskers Kerala,field,1.0,Kochi Tuskers Kerala,,7.0,P Parameswaran,DA Warner|V Sehwag|NV Ojha|Y Nagar|Y Venugopal Rao|TR Birt|IK Pathan|RE van der Merwe|M Morkel|AB Agarkar|UT Yadav,M Klinger|BB McCullum|PA Patel|DPMD Jayawardene|BJ Hodge|RA Jadeja|RV Gomez|R Vinay Kumar|RP Singh|S Sreesanth|P Parameswaran,Delhi Daredevils,140,6,Kochi Tuskers Kerala,141.0,3.0
501239,42.0,2011,2011-05-03,"Rajiv Gandhi International Stadium, Uppal",Hyderabad,Deccan Chargers,Kolkata Knight Riders,Deccan Chargers,field,0.0,Kolkata Knight Riders,20.0,,YK Pathan,S Sohal|S Dhawan|KC Sangakkara|CL White|DT Christian|DB Ravi Teja|B Chipli|A Mishra|PP Ojha|I Sharma|DW Steyn,EJG Morgan|JH Kallis|G Gambhir|YK Pathan|MK Tiwary|MV Boucher|R Bhatia|Iqbal Abdulla|L Balaji|B Lee|JD Unadkat,Kolkata Knight Riders,169,4,Deccan Chargers,149.0,6.0
501240,43.0,2011,2011-05-04,"MA Chidambaram Stadium, Chepauk",Chennai,Chennai Super Kings,Rajasthan Royals,Rajasthan Royals,bat,0.0,Chennai Super Kings,,8.0,MEK Hussey,MEK Hussey|M Vijay|SK Raina|JA Morkel|MS Dhoni|S Badrinath|S Anirudha|R Ashwin|DE Bollinger|SB Jakati|S Randiv,SR Watson|R Dravid|AL Menaria|J Botha|LRPL Taylor|AM Rahane|STR Binny|DH Yagnik|SK Warne|ND Doshi|SK Trivedi,Rajasthan Royals,147,6,Chennai Super Kings,149.0,2.0
501241,44.0,2011,2011-05-04,Dr DY Patil Sports Academy,Mumbai,Pune Warriors,Mumbai Indians,Pune Warriors,field,0.0,Mumbai Indians,21.0,,R Sharma,JD Ryder|MK Pandey|GC Smith|AA Jhunjhunwala|Yuvraj Singh|RV Uthappa|M Manhas|SB Wagh|R Sharma|JE Taylor|AC Thomas,AC Blizzard|SR Tendulkar|AT Rayudu|RG Sharma|TL Suman|KA Pollard|A Symonds|Harbhajan Singh|DS Kulkarni|MM Patel|SL Malinga,Mumbai Indians,160,7,Pune Warriors,139.0,7.0
501242,45.0,2011,2011-05-05,Nehru Stadium,Kochi,Kochi Tuskers Kerala,Kolkata Knight Riders,Kolkata Knight Riders,field,0.0,Kochi Tuskers Kerala,17.0,,BJ Hodge,BB McCullum|M Klinger|PA Patel|DPMD Jayawardene|RA Jadeja|BJ Hodge|RV Gomez|R Vinay Kumar|RP Singh|S Sreesanth|P Parameswaran,JH Kallis|EJG Morgan|G Gambhir|MK Tiwary|YK Pathan|MV Boucher|B Lee|R Bhatia|Iqbal Abdulla|S Ladda|JD Unadkat,Kochi Tuskers Kerala,156,5,Kolkata Knight Riders,139.0,7.0
501243,46.0,2011,2011-05-05,"Rajiv Gandhi International Stadium, Uppal",Hyderabad,Deccan Chargers,Delhi Daredevils,Delhi Daredevils,field,1.0,Delhi Daredevils,,4.0,V Sehwag,S Dhawan|DB Ravi Teja|KC Sangakkara|JP Duminy|DT Christian|B Chipli|I Malhotra|S Sohal|A Mishra|DW Steyn|I Sharma,AJ Finch|V Sehwag|NV Ojha|Y Venugopal Rao|TR Birt|IK Pathan|JR Hopes|Y Nagar|M Morkel|AB Agarkar|AM Salvi,Deccan Chargers,175,5,Delhi Daredevils,179.0,6.0
501244,47.0,2011,2011-05-06,M Chinnaswamy Stadium,Bangalore,Royal Challengers Bangalore,Kings XI Punjab,Kings XI Punjab,field,0.0,Royal Challengers Bangalore,85.0,,CH Gayle,CH Gayle|TM Dilshan|V Kohli|AB de Villiers|SS Tiwary|AUK Pathan|M Kaif|A Mithun|DL Vettori|Z Khan|S Aravind,AC Gilchrist|PC Valthaty|AM Nayar|SE Marsh|KD Karthik|Sunny Singh|R McLaren|PP Chawla|RJ Harris|P Kumar|L Ablish,Royal Challengers Bangalore,205,6,Kings XI Punjab,120.0,9.0
501245,48.0,2011,2011-05-07,Eden Gardens,Kolkata,Kolkata Knight Riders,Chennai Super Kings,Chennai Super Kings,bat,0.0,Kolkata Knight Riders,10.0,,Iqbal Abdulla,EJG Morgan|JH Kallis|G Gambhir|MK Tiwary|YK Pathan|MV Boucher|R Bhatia|Iqbal Abdulla|B Lee|L Balaji|JD Unadkat,MEK Hussey|M Vijay|SK Raina|S Badrinath|JA Morkel|MS Dhoni|WP Saha|R Ashwin|DE Bollinger|SB Jakati|S Randiv,Chennai Super Kings,114,4,Kolkata Knight Riders,61.0,2.0
501246,49.0,2011,2011-05-07,Wankhede Stadium,Mumbai,Mumbai Indians,Delhi Daredevils,Delhi Daredevils,field,0.0,Mumbai Indians,32.0,,AT Rayudu,AC Blizzard|SR Tendulkar|AT Rayudu|RG Sharma|KA Pollard|A Symonds|TL Suman|DS Kulkarni|Harbhajan Singh|MM Patel|SL Malinga,V Sehwag|DA Warner|CA Ingram|NV Ojha|Y Venugopal Rao|JR Hopes|IK Pathan|Y Nagar|AB Agarkar|M Morkel|S Nadeem,Mumbai Indians,178,4,Delhi Daredevils,146.0,10.0
501247,50.0,2011,2011-05-08,M Chinnaswamy Stadium,Bangalore,Royal Challengers Bangalore,Kochi Tuskers Kerala,Kochi Tuskers Kerala,bat,0.0,Royal Challengers Bangalore,,9.0,CH Gayle,CH Gayle|TM Dilshan|V Kohli|AB de Villiers|CA Pujara|M Kaif|SS Tiwary|DL Vettori|Z Khan|S Aravind|A Mithun,M Klinger|BB McCullum|PA Patel|DPMD Jayawardene|BJ Hodge|RA Jadeja|RV Gomez|R Vinay Kumar|RR Powar|RP Singh|P Parameswaran,Kochi Tuskers Kerala,125,9,Royal Challengers Bangalore,128.0,1.0
501248,51.0,2011,2011-05-08,"Punjab Cricket Association Stadium, Mohali",Chandigarh,Kings XI Punjab,Pune Warriors,Kings XI Punjab,bat,0.0,Pune Warriors,,5.0,R Sharma,AC Gilchrist|PC Valthaty|SE Marsh|KD Karthik|DJ Hussey|Mandeep Singh|SD Chitnis|RJ Harris|P Kumar|SJ Srivastava|BA Bhatt,JD Ryder|MK Pandey|RV Uthappa|Yuvraj Singh|CJ Ferguson|AA Jhunjhunwala|MR Marsh|SB Wagh|R Sharma|WD Parnell|B Kumar,Kings XI Punjab,119,8,Pune Warriors,120.0,5.0
501249,52.0,2011,2011-05-09,Sawai Mansingh Stadium,Jaipur,Rajasthan Royals,Chennai Super Kings,Rajasthan Royals,field,0.0,Chennai Super Kings,63.0,,M Vijay,SR Watson|R Dravid|AM Rahane|LRPL Taylor|AL Menaria|J Botha|AS Raut|DH Yagnik|A Singh|SK Trivedi|SK Warne,MEK Hussey|M Vijay|SK Raina|MS Dhoni|JA Morkel|S Badrinath|DJ Bravo|WP Saha|R Ashwin|DE Bollinger|SB Jakati,Chennai Super Kings,196,3,Rajasthan Royals,133.0,10.0
501250,53.0,2011,2011-05-10,"Rajiv Gandhi International Stadium, Uppal",Hyderabad,Deccan Chargers,Pune Warriors,Deccan Chargers,bat,0.0,Pune Warriors,,6.0,MR Marsh,S Dhawan|DB Ravi Teja|KC Sangakkara|JP Duminy|DT Christian|B Chipli|S Sohal|A Mishra|DW Steyn|I Sharma|PP Ojha,JD Ryder|MK Pandey|SC Ganguly|RV Uthappa|Yuvraj Singh|CJ Ferguson|MR Marsh|WD Parnell|SB Wagh|R Sharma|B Kumar,Deccan Chargers,136,8,Pune Warriors,137.0,4.0
501251,54.0,2011,2011-05-10,"Punjab Cricket Association Stadium, Mohali",Chandigarh,Kings XI Punjab,Mumbai Indians,Mumbai Indians,field,0.0,Kings XI Punjab,76.0,,BA Bhatt,PC Valthaty|AC Gilchrist|SE Marsh|KD Karthik|DJ Hussey|Mandeep Singh|Bipul Sharma|RJ Harris|P Kumar|SJ Srivastava|BA Bhatt,AC Blizzard|SR Tendulkar|RG Sharma|A Symonds|AT Rayudu|TL Suman|KA Pollard|Harbhajan Singh|DS Kulkarni|SL Malinga|MM Patel,Kings XI Punjab,163,8,Mumbai Indians,87.0,10.0
501252,55.0,2011,2011-05-11,Sawai Mansingh Stadium,Jaipur,Rajasthan Royals,Royal Challengers Bangalore,Royal Challengers Bangalore,field,1.0,Royal Challengers Bangalore,,9.0,S Aravind,SR Watson|R Dravid|AM Rahane|J Botha|LRPL Taylor|AL Menaria|AS Raut|DH Yagnik|SK Warne|SK Trivedi|Pankaj Singh,CH Gayle|TM Dilshan|V Kohli|AB de Villiers|KB Arun Karthik|M Kaif|SS Tiwary|AA Kazi|Z Khan|S Aravind|CK Langeveldt,Rajasthan Royals,146,6,Royal Challengers Bangalore,151.0,1.0
501253,56.0,2011,2011-05-12,"MA Chidambaram Stadium, Chepauk",Chennai,Chennai Super Kings,Delhi Daredevils,Chennai Super Kings,bat,1.0,Chennai Super Kings,18.0,,MS Dhoni,MEK Hussey|M Vijay|SK Raina|S Badrinath|MS Dhoni|WP Saha|JA Morkel|DJ Bravo|R Ashwin|DE Bollinger|SB Jakati,NV Ojha|DA Warner|CA Ingram|IK Pathan|Y Venugopal Rao|JR Hopes|AB McDonald|Y Nagar|AB Agarkar|S Nadeem|VR Aaron,Chennai Super Kings,176,4,Delhi Daredevils,158.0,6.0
501254,57.0,2011,2011-05-13,Holkar Cricket Stadium,Indore,Kochi Tuskers Kerala,Kings XI Punjab,Kings XI Punjab,field,1.0,Kings XI Punjab,,6.0,KD Karthik,BB McCullum|DPMD Jayawardene|RA Jadeja|BJ Hodge|OA Shah|PA Patel|RV Gomez|R Vinay Kumar|RP Singh|P Parameswaran|S Sreesanth,AC Gilchrist|PC Valthaty|SE Marsh|KD Karthik|DJ Hussey|Mandeep Singh|Bipul Sharma|SJ Srivastava|PP Chawla|RJ Harris|BA Bhatt,Kochi Tuskers Kerala,178,7,Kings XI Punjab,181.0,4.0
501255,58.0,2011,2011-05-14,M Chinnaswamy Stadium,Bangalore,Royal Challengers Bangalore,Kolkata Knight Riders,Royal Challengers Bangalore,field,1.0,Royal Challengers Bangalore,,4.0,CH Gayle,CH Gayle|LA Pomersbach|V Kohli|AB de Villiers|M Kaif|KB Arun Karthik|SS Tiwary|A Mithun|Z Khan|S Aravind|CK Langeveldt,JH Kallis|EJG Morgan|G Gambhir|MK Tiwary|YK Pathan|MV Boucher|R Bhatia|Iqbal Abdulla|B Lee|L Balaji|JD Unadkat,Kolkata Knight Riders,89,4,Royal Challengers Bangalore,105.0,6.0
501256,59.0,2011,2011-05-14,Wankhede Stadium,Mumbai,Mumbai Indians,Deccan Chargers,Deccan Chargers,bat,1.0,Deccan Chargers,10.0,,A Mishra,SR Tendulkar|AC Blizzard|AT Rayudu|RG Sharma|A Symonds|TL Suman|KA Pollard|Harbhajan Singh|SL Malinga|DS Kulkarni|MM Patel,MJ Lumb|S Sohal|KC Sangakkara|JP Duminy|B Chipli|DT Christian|S Dhawan|A Mishra|PP Ojha|I Sharma|Anand Rajan,Deccan Chargers,135,6,Mumbai Indians,125.0,8.0
501257,60.0,2011,2011-05-15,Himachal Pradesh Cricket Association Stadium,Dharamsala,Kings XI Punjab,Delhi Daredevils,Delhi Daredevils,field,0.0,Kings XI Punjab,29.0,,PP Chawla,PC Valthaty|AC Gilchrist|SE Marsh|KD Karthik|DJ Hussey|Mandeep Singh|RJ Harris|PP Chawla|SJ Srivastava|P Kumar|BA Bhatt,NV Ojha|DA Warner|Y Venugopal Rao|S Sriram|IK Pathan|JR Hopes|TR Birt|Y Nagar|M Morkel|VR Aaron|AM Salvi,Kings XI Punjab,170,6,Delhi Daredevils,141.0,8.0
501258,61.0,2011,2011-05-15,Holkar Cricket Stadium,Indore,Kochi Tuskers Kerala,Rajasthan Royals,Kochi Tuskers Kerala,field,1.0,Kochi Tuskers Kerala,,8.0,BJ Hodge,BB McCullum|DPMD Jayawardene|PA Patel|BJ Hodge|OA Shah|RA Jadeja|RP Singh|P Parameswaran|P Prasanth|S Sreesanth|Y Gnaneswara Rao,FY Fazal|R Dravid|SR Watson|AM Rahane|AL Menaria|PR Shah|JDP Oram|SK Warne|AA Chavan|SW Tait|ND Doshi,Rajasthan Royals,97,10,Kochi Tuskers Kerala,98.0,2.0
501259,62.0,2011,2011-05-16,Dr DY Patil Sports Academy,Mumbai,Pune Warriors,Deccan Chargers,Deccan Chargers,field,1.0,Deccan Chargers,,6.0,A Mishra,JD Ryder|MK Pandey|SC Ganguly|RV Uthappa|Yuvraj Singh|M Manhas|CJ Ferguson|MR Marsh|WD Parnell|B Kumar|R Sharma,S Sohal|S Dhawan|KC Sangakkara|JP Duminy|DT Christian|B Chipli|DB Ravi Teja|PP Ojha|A Mishra|I Sharma|DW Steyn,Pune Warriors,136,9,Deccan Chargers,138.0,4.0
501260,63.0,2011,2011-05-17,Himachal Pradesh Cricket Association Stadium,Dharamsala,Kings XI Punjab,Royal Challengers Bangalore,Kings XI Punjab,bat,1.0,Kings XI Punjab,111.0,,AC Gilchrist,PC Valthaty|AC Gilchrist|SE Marsh|DJ Hussey|KD Karthik|Mandeep Singh|AM Nayar|SJ Srivastava|PP Chawla|P Kumar|RJ Harris,CH Gayle|SS Tiwary|V Kohli|AB de Villiers|AUK Pathan|M Kaif|KB Arun Karthik|JJ van der Wath|A Mithun|CK Langeveldt|S Aravind,Kings XI Punjab,232,2,Royal Challengers Bangalore,121.0,10.0
501261,64.0,2011,2011-05-18,"MA Chidambaram Stadium, Chepauk",Chennai,Chennai Super Kings,Kochi Tuskers Kerala,Chennai Super Kings,bat,1.0,Chennai Super Kings,11.0,,WP Saha,MEK Hussey|M Vijay|SK Raina|S Badrinath|WP Saha|MS Dhoni|JA Morkel|DJ Bravo|R Ashwin|DE Bollinger|SB Jakati,PA Patel|BB McCullum|Y Gnaneswara Rao|BJ Hodge|RA Jadeja|OA Shah|KM Jadhav|R Vinay Kumar|M Muralitharan|RP Singh|S Sreesanth,Chennai Super Kings,152,5,Kochi Tuskers Kerala,141.0,5.0
501262,65.0,2011,2011-05-19,Dr DY Patil Sports Academy,Mumbai,Pune Warriors,Kolkata Knight Riders,Kolkata Knight Riders,field,1.0,Kolkata Knight Riders,,7.0,YK Pathan,JD Ryder|MK Pandey|CJ Ferguson|SC Ganguly|RV Uthappa|Yuvraj Singh|S Rana|WD Parnell|AC Thomas|R Sharma|B Kumar,G Gambhir|SP Goswami|MK Tiwary|YK Pathan|R Bhatia|JH Kallis|RN ten Doeschate|Shakib Al Hasan|B Lee|L Balaji|Iqbal Abdulla,Pune Warriors,118,7,Kolkata Knight Riders,119.0,3.0
501263,66.0,2011,2011-05-20,Wankhede Stadium,Mumbai,Mumbai Indians,Rajasthan Royals,Mumbai Indians,bat,0.0,Rajasthan Royals,,10.0,SR Watson,TL Suman|SR Tendulkar|AT Rayudu|RG Sharma|KA Pollard|JEC Franklin|Harbhajan Singh|A Symonds|DS Kulkarni|MM Patel|SL Malinga,SR Watson|R Dravid|J Botha|AL Menaria|AM Rahane|LRPL Taylor|PR Shah|AA Chavan|SK Warne|A Singh|SK Trivedi,Mumbai Indians,133,5,Rajasthan Royals,134.0,0.0
501264,67.0,2011,2011-05-21,Himachal Pradesh Cricket Association Stadium,Dharamsala,Kings XI Punjab,Deccan Chargers,Kings XI Punjab,field,0.0,Deccan Chargers,82.0,,S Dhawan,PC Valthaty|AC Gilchrist|SE Marsh|KD Karthik|R McLaren|AM Nayar|Mandeep Singh|PP Chawla|RJ Harris|P Kumar|BA Bhatt,S Dhawan|DB Ravi Teja|JP Duminy|CL White|KH Devdhar|B Chipli|DT Christian|PP Ojha|A Mishra|DW Steyn|Anand Rajan,Deccan Chargers,198,2,Kings XI Punjab,116.0,10.0
501265,68.0,2011,2011-05-21,Feroz Shah Kotla,Delhi,Delhi Daredevils,Pune Warriors,Delhi Daredevils,bat,,,,,,NV Ojha|DA Warner|MS Wade|CA Ingram|Y Venugopal Rao|JR Hopes|IK Pathan|Y Nagar|VR Aaron|UT Yadav|AB Dinda,MK Pandey|JP Faulkner|SC Ganguly|RV Uthappa|Yuvraj Singh|CJ Ferguson|S Rana|MR Marsh|SS Mundhe|R Sharma|AC Thomas,Delhi Daredevils,56,3,,,
501266,69.0,2011,2011-05-22,M Chinnaswamy Stadium,Bangalore,Royal Challengers Bangalore,Chennai Super Kings,Royal Challengers Bangalore,field,1.0,Royal Challengers Bangalore,,8.0,CH Gayle,AB de Villiers|CH Gayle|V Kohli|SS Tiwary|MA Agarwal|M Kaif|LA Pomersbach|DL Vettori|S Aravind|A Mithun|Z Khan,MEK Hussey|M Vijay|SK Raina|S Badrinath|WP Saha|MS Dhoni|DJ Bravo|JA Morkel|R Ashwin|SB Jakati|DE Bollinger,Chennai Super Kings,128,8,Royal Challengers Bangalore,129.0,2.0
501267,70.0,2011,2011-05-22,Eden Gardens,Kolkata,Kolkata Knight Riders,Mumbai Indians,Mumbai Indians,field,1.0,Mumbai Indians,,5.0,JEC Franklin,JH Kallis|SP Goswami|G Gambhir|MK Tiwary|YK Pathan|RN ten Doeschate|R Bhatia|Shakib Al Hasan|B Lee|L Balaji|Iqbal Abdulla,TL Suman|SR Tendulkar|Harbhajan Singh|RG Sharma|KA Pollard|JEC Franklin|AT Rayudu|R Sathish|AN Ahmed|RW Price|SL Malinga,Kolkata Knight Riders,175,7,Mumbai Indians,178.0,5.0
501268,,2011,2011-05-24,Wankhede Stadium,Mumbai,Royal Challengers Bangalore,Chennai Super Kings,Chennai Super Kings,field,1.0,Chennai Super Kings,,6.0,SK Raina,MA Agarwal|CH Gayle|V Kohli|AB de Villiers|LA Pomersbach|SS Tiwary|M Kaif|DL Vettori|S Aravind|A Mithun|Z Khan,MEK Hussey|M Vijay|SK Raina|S Badrinath|MS Dhoni|JA Morkel|DJ Bravo|WP Saha|R Ashwin|DE Bollinger|SB Jakati,Royal Challengers Bangalore,175,4,Chennai Super Kings,177.0,4.0
501269,,2011,2011-05-25,Wankhede Stadium,Mumbai,Mumbai Indians,Kolkata Knight Riders,Mumbai Indians,field,1.0,Mumbai Indians,,4.0,MM Patel,AC Blizzard|SR Tendulkar|RG Sharma|AT Rayudu|JEC Franklin|KA Pollard|TL Suman|Harbhajan Singh|DS Kulkarni|MM Patel|SL Malinga,G Gambhir|JH Kallis|SP Goswami|MK Tiwary|YK Pathan|RN ten Doeschate|Shakib Al Hasan|R Bhatia|B Lee|L Balaji|Iqbal Abdulla,Kolkata Knight Riders,147,7,Mumbai Indians,148.0,6.0
501270,,2011,2011-05-27,"MA Chidambaram Stadium, Chepauk",Chennai,Royal Challengers Bangalore,Mumbai Indians,Mumbai Indians,field,0.0,Royal Challengers Bangalore,43.0,,CH Gayle,MA Agarwal|CH Gayle|V Kohli|AB de Villiers|LA Pomersbach|SS Tiwary|DL Vettori|S Aravind|A Mithun|Z Khan|J Syed Mohammad,AC Blizzard|SR Tendulkar|Harbhajan Singh|RG Sharma|JEC Franklin|AT Rayudu|KA Pollard|R Sathish|SL Malinga|AN Ahmed|MM Patel,Royal Challengers Bangalore,185,4,Mumbai Indians,142.0,8.0
501271,,2011,2011-05-28,"MA Chidambaram Stadium, Chepauk",Chennai,Chennai Super Kings,Royal Challengers Bangalore,Chennai Super Kings,bat,1.0,Chennai Super Kings,58.0,,M Vijay,MEK Hussey|M Vijay|MS Dhoni|SK Raina|JA Morkel|S Badrinath|DJ Bravo|WP Saha|R Ashwin|DE Bollinger|SB Jakati,MA Agarwal|CH Gayle|V Kohli|AB de Villiers|LA Pomersbach|SS Tiwary|DL Vettori|A Mithun|Z Khan|J Syed Mohammad|S Aravind,Chennai Super Kings,205,5,Royal Challengers Bangalore,147.0,8.0
548306,1.0,2012,2012-04-04,"MA Chidambaram Stadium, Chepauk",Chennai,Chennai Super Kings,Mumbai Indians,Mumbai Indians,field,1.0,Mumbai Indians,,8.0,RE Levi,F du Plessis|M Vijay|SK Raina|DJ Bravo|JA Morkel|S Badrinath|MS Dhoni|RA Jadeja|R Ashwin|SB Jakati|DE Bollinger,RE Levi|SR Tendulkar|RG Sharma|AT Rayudu|JEC Franklin|KD Karthik|KA Pollard|Harbhajan Singh|SL Malinga|AN Ahmed|PP Ojha,Chennai Super Kings,112,10,Mumbai Indians,115.0,3.0
548307,2.0,2012,2012-04-05,Eden Gardens,Kolkata,Kolkata Knight Riders,Delhi Daredevils,Delhi Daredevils,field,1.0,Delhi Daredevils,,8.0,IK Pathan,BB McCullum|JH Kallis|G Gambhir|MK Tiwary|YK Pathan|DB Das|LR Shukla|R Bhatia|B Lee|Iqbal Abdulla|M de Lange,AJ Finch|V Sehwag|IK Pathan|GJ Maxwell|NV Ojha|Y Venugopal Rao|M Morkel|Y Nagar|RE van der Merwe|UT Yadav|S Nadeem,Kolkata Knight Riders,97,9,Delhi Daredevils,100.0,2.0
548308,3.0,2012,2012-04-06,Wankhede Stadium,Mumbai,Mumbai Indians,Pune Warriors,Mumbai Indians,field,0.0,Pune Warriors,28.0,,SPD Smith,RE Levi|AT Rayudu|RG Sharma|JEC Franklin|KD Karthik|SA Yadav|KA Pollard|Harbhajan Singh|SL Malinga|PP Ojha|MM Patel,MK Pandey|SC Ganguly|WD Parnell|RV Uthappa|CJ Ferguson|SPD Smith|MN Samuels|B Kumar|M Kartik|R Sharma|AB Dinda,Pune Warriors,129,9,Mumbai Indians,101.0,9.0
548309,4.0,2012,2012-04-06,Sawai Mansingh Stadium,Jaipur,Rajasthan Royals,Kings XI Punjab,Kings XI Punjab,field,0.0,Rajasthan Royals,31.0,,AM Rahane,R Dravid|AM Rahane|AL Menaria|BJ Hodge|OA Shah|KK Cooper|J Botha|AA Chavan|SP Goswami|A Singh|SK Trivedi,AC Gilchrist|PC Valthaty|SE Marsh|AM Nayar|DJ Hussey|Mandeep Singh|Bipul Sharma|PP Chawla|JP Faulkner|P Kumar|Harmeet Singh,Rajasthan Royals,191,4,Kings XI Punjab,160.0,9.0
548310,5.0,2012,2012-04-07,M Chinnaswamy Stadium,Bangalore,Royal Challengers Bangalore,Delhi Daredevils,Delhi Daredevils,field,0.0,Royal Challengers Bangalore,20.0,,AB de Villiers,AB McDonald|CA Pujara|V Kohli|AB de Villiers|SS Tiwary|MA Agarwal|DL Vettori|R Vinay Kumar|HV Patel|Z Khan|M Muralitharan,AJ Finch|V Sehwag|NV Ojha|Y Venugopal Rao|GJ Maxwell|Y Nagar|IK Pathan|DAJ Bracewell|M Morkel|UT Yadav|S Nadeem,Royal Challengers Bangalore,157,8,Delhi Daredevils,137.0,7.0
548311,6.0,2012,2012-04-07,Dr. Y.S. Rajasekhara Reddy ACA-VDCA Cricket Stadium,Visakhapatnam,Deccan Chargers,Chennai Super Kings,Deccan Chargers,field,0.0,Chennai Super Kings,74.0,,RA Jadeja,DJ Harris|S Dhawan|PA Patel|CL White|B Chipli|DT Christian|MS Gony|DB Ravi Teja|Ankit Sharma|DW Steyn|TP Sudhindra,M Vijay|F du Plessis|SK Raina|S Badrinath|RA Jadeja|MS Dhoni|DJ Bravo|JA Morkel|R Ashwin|SB Jakati|DE Bollinger,Chennai Super Kings,193,6,Deccan Chargers,119.0,10.0
548312,7.0,2012,2012-04-08,Sawai Mansingh Stadium,Jaipur,Rajasthan Royals,Kolkata Knight Riders,Kolkata Knight Riders,field,0.0,Rajasthan Royals,22.0,,BJ Hodge,R Dravid|AM Rahane|SP Goswami|AL Menaria|BJ Hodge|OA Shah|KK Cooper|J Botha|AA Chavan|A Singh|SK Trivedi,JH Kallis|BB McCullum|G Gambhir|MK Tiwary|DB Das|YK Pathan|R Bhatia|LR Shukla|B Lee|SP Narine|Iqbal Abdulla,Rajasthan Royals,164,5,Kolkata Knight Riders,142.0,10.0
548313,8.0,2012,2012-04-08,Subrata Roy Sahara Stadium,Pune,Pune Warriors,Kings XI Punjab,Pune Warriors,bat,1.0,Pune Warriors,22.0,,MN Samuels,JD Ryder|SC Ganguly|MN Samuels|RV Uthappa|CJ Ferguson|SPD Smith|MK Pandey|R Sharma|M Kartik|AB Dinda|A Nehra,AC Gilchrist|PC Valthaty|Mandeep Singh|AM Nayar|DJ Hussey|PP Chawla|AD Mascarenhas|Bipul Sharma|JP Faulkner|P Kumar|Harmeet Singh,Pune Warriors,166,6,Kings XI Punjab,144.0,8.0
548314,9.0,2012,2012-04-09,Dr. Y.S. Rajasekhara Reddy ACA-VDCA Cricket Stadium,Visakhapatnam,Deccan Chargers,Mumbai Indians,Deccan Chargers,bat,0.0,Mumbai Indians,,5.0,RG Sharma,PA Patel|S Dhawan|B Chipli|DT Christian|KC Sangakkara|CL White|DB Ravi Teja|A Mishra|DW Steyn|Ankit Sharma|Anand Rajan,TL Suman|RE Levi|RG Sharma|AT Rayudu|KA Pollard|KD Karthik|JEC Franklin|Harbhajan Singh|SL Malinga|PP Ojha|MM Patel,Deccan Chargers,138,9,Mumbai Indians,142.0,5.0
548315,10.0,2012,2012-04-10,M Chinnaswamy Stadium,Bangalore,Royal Challengers Bangalore,Kolkata Knight Riders,Royal Challengers Bangalore,field,0.0,Kolkata Knight Riders,42.0,,L Balaji,CA Pujara|CH Gayle|V Kohli|AB de Villiers|SS Tiwary|MA Agarwal|DL Vettori|R Vinay Kumar|HV Patel|Z Khan|M Muralitharan,JH Kallis|G Gambhir|MS Bisla|YK Pathan|MK Tiwary|RN ten Doeschate|Shakib Al Hasan|LR Shukla|B Lee|R Bhatia|L Balaji,Kolkata Knight Riders,165,8,Royal Challengers Bangalore,123.0,9.0
548316,11.0,2012,2012-04-10,Feroz Shah Kotla,Delhi,Delhi Daredevils,Chennai Super Kings,Delhi Daredevils,field,1.0,Delhi Daredevils,,8.0,M Morkel,NV Ojha|V Sehwag|KP Pietersen|DPMD Jayawardene|RE van der Merwe|Y Venugopal Rao|Y Nagar|IK Pathan|M Morkel|UT Yadav|S Nadeem,F du Plessis|M Vijay|SK Raina|S Badrinath|RA Jadeja|DJ Bravo|MS Dhoni|JA Morkel|R Ashwin|SB Jakati|DE Bollinger,Chennai Super Kings,110,8,Delhi Daredevils,111.0,2.0
548317,12.0,2012,2012-04-11,Wankhede Stadium,Mumbai,Mumbai Indians,Rajasthan Royals,Rajasthan Royals,field,0.0,Mumbai Indians,27.0,,KA Pollard,RE Levi|TL Suman|RG Sharma|AT Rayudu|KA Pollard|KD Karthik|JEC Franklin|Harbhajan Singh|SL Malinga|PP Ojha|MM Patel,R Dravid|AM Rahane|SP Goswami|OA Shah|AL Menaria|J Botha|KK Cooper|AA Chavan|GB Hogg|A Singh|SK Trivedi,Mumbai Indians,197,6,Rajasthan Royals,170.0,10.0
548318,13.0,2012,2012-04-12,"MA Chidambaram Stadium, Chepauk",Chennai,Chennai Super Kings,Royal Challengers Bangalore,Royal Challengers Bangalore,bat,0.0,Chennai Super Kings,,5.0,F du Plessis,M Vijay|F du Plessis|SK Raina|MS Dhoni|DJ Bravo|JA Morkel|RA Jadeja|S Badrinath|R Ashwin|SB Jakati|DE Bollinger,MA Agarwal|CH Gayle|V Kohli|AB de Villiers|SS Tiwary|RR Bhatkal|CA Pujara|DL Vettori|R Vinay Kumar|Z Khan|M Muralitharan,Royal Challengers Bangalore,205,8,Chennai Super Kings,208.0,5.0
548319,14.0,2012,2012-04-12,"Punjab Cricket Association Stadium, Mohali",Chandigarh,Kings XI Punjab,Pune Warriors,Kings XI Punjab,field,1.0,Kings XI Punjab,,7.0,AD Mascarenhas,PC Valthaty|AC Gilchrist|SE Marsh|Mandeep Singh|PP Chawla|DJ Hussey|AD Mascarenhas|P Awana|Bipul Sharma|Harmeet Singh|P Kumar,JD Ryder|SC Ganguly|MN Samuels|RV Uthappa|AD Mathews|M Manhas|SPD Smith|MK Pandey|R Sharma|A Nehra|AB Dinda,Pune Warriors,115,10,Kings XI Punjab,116.0,3.0
548320,15.0,2012,2012-04-13,Eden Gardens,Kolkata,Kolkata Knight Riders,Rajasthan Royals,Rajasthan Royals,bat,0.0,Kolkata Knight Riders,,5.0,Shakib Al Hasan,JH Kallis|G Gambhir|MS Bisla|MK Tiwary|Shakib Al Hasan|YK Pathan|RN ten Doeschate|DB Das|R Bhatia|L Balaji|SP Narine,R Dravid|AM Rahane|AL Menaria|SP Goswami|OA Shah|BJ Hodge|J Botha|GB Hogg|AA Chavan|A Singh|SK Trivedi,Rajasthan Royals,131,5,Kolkata Knight Riders,137.0,5.0
548321,23.0,2012,2012-04-19,Feroz Shah Kotla,Delhi,Delhi Daredevils,Deccan Chargers,Deccan Chargers,bat,0.0,Delhi Daredevils,,5.0,KP Pietersen,NV Ojha|V Sehwag|KP Pietersen|DPMD Jayawardene|LRPL Taylor|IK Pathan|Y Nagar|AB Agarkar|M Morkel|UT Yadav|S Nadeem,KC Sangakkara|S Dhawan|PA Patel|DT Christian|JP Duminy|B Chipli|AA Jhunjhunwala|DW Steyn|A Mishra|Ankit Sharma|V Pratap Singh,Deccan Chargers,157,8,Delhi Daredevils,162.0,5.0
548322,16.0,2012,2012-04-14,Subrata Roy Sahara Stadium,Pune,Pune Warriors,Chennai Super Kings,Chennai Super Kings,bat,0.0,Pune Warriors,,7.0,JD Ryder,RV Uthappa|JD Ryder|SC Ganguly|MN Samuels|SPD Smith|AD Mathews|M Manhas|R Sharma|M Kartik|AB Dinda|A Nehra,F du Plessis|M Vijay|SK Raina|MS Dhoni|RA Jadeja|JA Morkel|DJ Bravo|S Badrinath|KMDN Kulasekara|R Ashwin|VY Mahesh,Chennai Super Kings,155,5,Pune Warriors,156.0,3.0
548323,17.0,2012,2012-04-15,Eden Gardens,Kolkata,Kolkata Knight Riders,Kings XI Punjab,Kolkata Knight Riders,field,0.0,Kings XI Punjab,2.0,,SP Narine,JH Kallis|G Gambhir|MS Bisla|MK Tiwary|Shakib Al Hasan|YK Pathan|DB Das|RN ten Doeschate|R Bhatia|SP Narine|JD Unadkat,AC Gilchrist|Mandeep Singh|SE Marsh|DJ Hussey|P Dogra|Bipul Sharma|AD Mascarenhas|PP Chawla|P Kumar|Harmeet Singh|BA Bhatt,Kings XI Punjab,134,9,Kolkata Knight Riders,132.0,7.0
548324,18.0,2012,2012-04-15,M Chinnaswamy Stadium,Bangalore,Royal Challengers Bangalore,Rajasthan Royals,Rajasthan Royals,bat,1.0,Rajasthan Royals,59.0,,AM Rahane,MA Agarwal|CH Gayle|V Kohli|AB de Villiers|SS Tiwary|M Kaif|DL Vettori|R Vinay Kumar|Z Khan|S Aravind|M Muralitharan,R Dravid|AM Rahane|OA Shah|BJ Hodge|AL Menaria|J Botha|GB Hogg|SP Goswami|A Singh|SK Trivedi|Pankaj Singh,Rajasthan Royals,195,2,Royal Challengers Bangalore,136.0,10.0
548325,19.0,2012,2012-04-16,Wankhede Stadium,Mumbai,Mumbai Indians,Delhi Daredevils,Delhi Daredevils,field,1.0,Delhi Daredevils,,7.0,S Nadeem,RE Levi|DJ Jacobs|RG Sharma|AT Rayudu|KA Pollard|KD Karthik|Harbhajan Singh|CJ McKay|RP Singh|PP Ojha|MM Patel,NV Ojha|V Sehwag|KP Pietersen|DPMD Jayawardene|LRPL Taylor|IK Pathan|Y Nagar|AB Agarkar|M Morkel|UT Yadav|S Nadeem,Mumbai Indians,92,10,Delhi Daredevils,93.0,3.0
548326,20.0,2012,2012-04-17,Sawai Mansingh Stadium,Jaipur,Rajasthan Royals,Deccan Chargers,Deccan Chargers,bat,0.0,Rajasthan Royals,,5.0,BJ Hodge,R Dravid|AM Rahane|AL Menaria|OA Shah|BJ Hodge|J Botha|DH Yagnik|GB Hogg|A Singh|SK Trivedi|Pankaj Singh,KC Sangakkara|S Dhawan|DT Christian|JP Duminy|B Chipli|T Mishra|AA Jhunjhunwala|Ankit Sharma|A Mishra|DW Steyn|Anand Rajan,Deccan Chargers,196,2,Rajasthan Royals,197.0,5.0
548327,21.0,2012,2012-04-17,M Chinnaswamy Stadium,Bangalore,Royal Challengers Bangalore,Pune Warriors,Pune Warriors,bat,0.0,Royal Challengers Bangalore,,6.0,CH Gayle,TM Dilshan|CH Gayle|MA Agarwal|V Kohli|SS Tiwary|AB de Villiers|DL Vettori|R Vinay Kumar|Z Khan|HV Patel|KP Appanna,RV Uthappa|JD Ryder|SC Ganguly|MN Samuels|SPD Smith|AD Mathews|M Manhas|B Kumar|R Sharma|AB Dinda|A Nehra,Pune Warriors,182,6,Royal Challengers Bangalore,186.0,4.0
548328,22.0,2012,2012-04-18,"Punjab Cricket Association Stadium, Mohali",Chandigarh,Kings XI Punjab,Kolkata Knight Riders,Kings XI Punjab,bat,0.0,Kolkata Knight Riders,,8.0,G Gambhir,AC Gilchrist|PC Valthaty|SE Marsh|Mandeep Singh|DJ Hussey|P Dogra|AD Mascarenhas|PP Chawla|Harmeet Singh|P Kumar|BA Bhatt,BB McCullum|G Gambhir|MS Bisla|JH Kallis|MK Tiwary|YK Pathan|R Bhatia|DB Das|SP Narine|L Balaji|B Lee,Kings XI Punjab,124,7,Kolkata Knight Riders,127.0,2.0
548329,55.0,2012,2012-05-10,"Rajiv Gandhi International Stadium, Uppal",Hyderabad,Deccan Chargers,Delhi Daredevils,Deccan Chargers,bat,0.0,Delhi Daredevils,,9.0,DA Warner,DJ Harris|S Dhawan|KC Sangakkara|CL White|JP Duminy|PA Patel|Ankit Sharma|A Ashish Reddy|A Mishra|MS Gony|TP Sudhindra,V Sehwag|DA Warner|NV Ojha|DPMD Jayawardene|Y Nagar|AD Russell|Y Venugopal Rao|IK Pathan|M Morkel|S Nadeem|VR Aaron,Deccan Chargers,187,4,Delhi Daredevils,193.0,1.0
548330,24.0,2012,2012-04-19,"MA Chidambaram Stadium, Chepauk",Chennai,Chennai Super Kings,Pune Warriors,Pune Warriors,field,0.0,Chennai Super Kings,13.0,,KMDN Kulasekara,F du Plessis|S Badrinath|SK Raina|MS Dhoni|DJ Bravo|RA Jadeja|WP Saha|KMDN Kulasekara|R Ashwin|SB Jakati|DE Bollinger,RV Uthappa|JD Ryder|SC Ganguly|MK Pandey|MN Samuels|SPD Smith|AD Mathews|B Kumar|M Kartik|R Sharma|A Nehra,Chennai Super Kings,164,5,Pune Warriors,151.0,7.0
548331,25.0,2012,2012-04-20,"Punjab Cricket Association Stadium, Mohali",Chandigarh,Kings XI Punjab,Royal Challengers Bangalore,Royal Challengers Bangalore,field,1.0,Royal Challengers Bangalore,,5.0,CH Gayle,N Saini|PC Valthaty|SE Marsh|DJ Hussey|DA Miller|Mandeep Singh|Azhar Mahmood|PP Chawla|P Awana|P Kumar|Harmeet Singh,MA Agarwal|CH Gayle|V Kohli|SS Tiwary|AB de Villiers|AB McDonald|DL Vettori|KB Arun Karthik|R Vinay Kumar|HV Patel|Z Khan,Kings XI Punjab,163,6,Royal Challengers Bangalore,166.0,5.0
548332,26.0,2012,2012-04-21,"MA Chidambaram Stadium, Chepauk",Chennai,Chennai Super Kings,Rajasthan Royals,Rajasthan Royals,bat,0.0,Chennai Super Kings,,7.0,F du Plessis,S Badrinath|F du Plessis|SK Raina|MS Dhoni|DJ Bravo|RA Jadeja|WP Saha|R Ashwin|KMDN Kulasekara|SB Jakati|DE Bollinger,R Dravid|AM Rahane|OA Shah|AL Menaria|BJ Hodge|SP Goswami|STR Binny|KK Cooper|GB Hogg|A Singh|SK Trivedi,Rajasthan Royals,146,4,Chennai Super Kings,147.0,3.0
548333,27.0,2012,2012-04-21,Feroz Shah Kotla,Delhi,Delhi Daredevils,Pune Warriors,Delhi Daredevils,field,0.0,Pune Warriors,20.0,,SC Ganguly,DPMD Jayawardene|V Sehwag|KP Pietersen|IK Pathan|P Negi|LRPL Taylor|Y Nagar|NV Ojha|M Morkel|S Nadeem|UT Yadav,RV Uthappa|JD Ryder|SC Ganguly|SPD Smith|AD Mathews|MK Pandey|AC Thomas|M Manhas|M Kartik|R Sharma|A Nehra,Pune Warriors,192,3,Delhi Daredevils,172.0,7.0
548334,28.0,2012,2012-04-22,Wankhede Stadium,Mumbai,Mumbai Indians,Kings XI Punjab,Mumbai Indians,bat,0.0,Kings XI Punjab,,6.0,SE Marsh,JEC Franklin|SR Tendulkar|RG Sharma|KD Karthik|KA Pollard|Harbhajan Singh|NLTC Perera|AT Rayudu|PP Ojha|RP Singh|MM Patel,N Saini|Mandeep Singh|SE Marsh|DJ Hussey|Azhar Mahmood|DA Miller|SD Chitnis|PP Chawla|BA Bhatt|P Kumar|P Awana,Mumbai Indians,163,6,Kings XI Punjab,164.0,4.0
548335,29.0,2012,2012-04-22,Barabati Stadium,Cuttack,Deccan Chargers,Kolkata Knight Riders,Kolkata Knight Riders,field,1.0,Kolkata Knight Riders,,5.0,B Lee,KC Sangakkara|S Dhawan|PA Patel|CL White|JP Duminy|IR Jaggi|Ankit Sharma|DW Steyn|A Mishra|Anand Rajan|V Pratap Singh,BB McCullum|G Gambhir|MS Bisla|JH Kallis|YK Pathan|MK Tiwary|DB Das|R Bhatia|SP Narine|L Balaji|B Lee,Deccan Chargers,126,7,Kolkata Knight Riders,127.0,5.0
548336,30.0,2012,2012-04-23,Sawai Mansingh Stadium,Jaipur,Rajasthan Royals,Royal Challengers Bangalore,Rajasthan Royals,field,0.0,Royal Challengers Bangalore,46.0,,AB de Villiers,R Dravid|AM Rahane|OA Shah|SP Goswami|BJ Hodge|STR Binny|KK Cooper|GB Hogg|Pankaj Singh|SK Trivedi|A Chandila,V Kohli|TM Dilshan|MA Agarwal|CH Gayle|AB de Villiers|SS Tiwary|DL Vettori|R Vinay Kumar|Z Khan|HV Patel|KP Appanna,Royal Challengers Bangalore,189,3,Rajasthan Royals,143.0,7.0
548337,31.0,2012,2012-04-24,Subrata Roy Sahara Stadium,Pune,Pune Warriors,Delhi Daredevils,Pune Warriors,bat,0.0,Delhi Daredevils,,8.0,V Sehwag,JD Ryder|MK Pandey|SC Ganguly|RV Uthappa|SPD Smith|LJ Wright|AC Thomas|M Manhas|M Kartik|R Sharma|A Nehra,DPMD Jayawardene|V Sehwag|KP Pietersen|LRPL Taylor|NV Ojha|IK Pathan|Y Nagar|M Morkel|P Negi|S Nadeem|UT Yadav,Pune Warriors,146,2,Delhi Daredevils,148.0,2.0
548339,33.0,2012,2012-04-25,"Punjab Cricket Association Stadium, Mohali",Chandigarh,Kings XI Punjab,Mumbai Indians,Kings XI Punjab,bat,0.0,Mumbai Indians,,4.0,AT Rayudu,N Saini|Mandeep Singh|SE Marsh|DJ Hussey|DA Miller|SD Chitnis|Azhar Mahmood|PP Chawla|BA Bhatt|P Kumar|P Awana,JEC Franklin|SR Tendulkar|RG Sharma|KD Karthik|KA Pollard|AT Rayudu|Harbhajan Singh|RJ Peterson|RP Singh|MM Patel|CJ McKay,Kings XI Punjab,168,3,Mumbai Indians,171.0,6.0
548341,35.0,2012,2012-04-26,Subrata Roy Sahara Stadium,Pune,Pune Warriors,Deccan Chargers,Deccan Chargers,bat,1.0,Deccan Chargers,18.0,,CL White,MK Pandey|JD Ryder|SC Ganguly|RV Uthappa|MN Samuels|SPD Smith|M Manhas|AC Thomas|B Kumar|R Sharma|A Nehra,PA Patel|S Dhawan|CL White|KC Sangakkara|JP Duminy|IR Jaggi|Ankit Sharma|A Ashish Reddy|A Mishra|J Theron|MS Gony,Deccan Chargers,177,4,Pune Warriors,159.0,7.0
548342,36.0,2012,2012-04-27,Feroz Shah Kotla,Delhi,Delhi Daredevils,Mumbai Indians,Mumbai Indians,field,0.0,Delhi Daredevils,37.0,,V Sehwag,DPMD Jayawardene|V Sehwag|KP Pietersen|IK Pathan|LRPL Taylor|Y Nagar|NV Ojha|M Morkel|S Nadeem|UT Yadav|AB Agarkar,AC Blizzard|SR Tendulkar|RG Sharma|KD Karthik|AT Rayudu|KA Pollard|RJ Peterson|Harbhajan Singh|SL Malinga|RP Singh|R Shukla,Delhi Daredevils,207,5,Mumbai Indians,170.0,9.0
548343,37.0,2012,2012-04-28,"MA Chidambaram Stadium, Chepauk",Chennai,Chennai Super Kings,Kings XI Punjab,Kings XI Punjab,bat,1.0,Kings XI Punjab,7.0,,Mandeep Singh,F du Plessis|S Badrinath|SK Raina|WP Saha|RA Jadeja|MS Dhoni|DJ Bravo|JA Morkel|KMDN Kulasekara|R Ashwin|SB Jakati,Mandeep Singh|SE Marsh|Azhar Mahmood|DA Miller|DJ Hussey|Bipul Sharma|PP Chawla|N Saini|P Kumar|P Awana|BA Bhatt,Kings XI Punjab,156,8,Chennai Super Kings,149.0,8.0
548344,38.0,2012,2012-04-28,Eden Gardens,Kolkata,Kolkata Knight Riders,Royal Challengers Bangalore,Kolkata Knight Riders,bat,1.0,Kolkata Knight Riders,47.0,,G Gambhir,BB McCullum|G Gambhir|JH Kallis|YK Pathan|MK Tiwary|LR Shukla|R Bhatia|DB Das|SP Narine|B Lee|Iqbal Abdulla,TM Dilshan|CH Gayle|V Kohli|AB de Villiers|SS Tiwary|MA Agarwal|DL Vettori|R Vinay Kumar|Z Khan|HV Patel|KP Appanna,Kolkata Knight Riders,190,4,Royal Challengers Bangalore,143.0,6.0
548345,39.0,2012,2012-04-29,Feroz Shah Kotla,Delhi,Delhi Daredevils,Rajasthan Royals,Delhi Daredevils,bat,1.0,Delhi Daredevils,1.0,,V Sehwag,DPMD Jayawardene|V Sehwag|KP Pietersen|LRPL Taylor|Y Nagar|NV Ojha|IK Pathan|AB Agarkar|M Morkel|S Nadeem|UT Yadav,R Dravid|AM Rahane|BJ Hodge|OA Shah|SP Goswami|AL Menaria|KK Cooper|GB Hogg|AA Chavan|A Singh|Pankaj Singh,Delhi Daredevils,152,6,Rajasthan Royals,151.0,3.0
548346,40.0,2012,2012-04-29,Wankhede Stadium,Mumbai,Mumbai Indians,Deccan Chargers,Mumbai Indians,field,1.0,Mumbai Indians,,5.0,DW Steyn,RE Levi|SR Tendulkar|RG Sharma|KD Karthik|JEC Franklin|AT Rayudu|RJ Peterson|Harbhajan Singh|SL Malinga|RP Singh|MM Patel,PA Patel|S Dhawan|IR Jaggi|CL White|JP Duminy|DT Christian|B Chipli|A Ashish Reddy|A Mishra|DW Steyn|V Pratap Singh,Deccan Chargers,100,10,Mumbai Indians,101.0,5.0
548347,41.0,2012,2012-04-30,"MA Chidambaram Stadium, Chepauk",Chennai,Chennai Super Kings,Kolkata Knight Riders,Chennai Super Kings,bat,0.0,Kolkata Knight Riders,,5.0,G Gambhir,F du Plessis|MEK Hussey|SK Raina|DJ Bravo|MS Dhoni|RA Jadeja|JA Morkel|S Badrinath|R Ashwin|SB Jakati|VY Mahesh,G Gambhir|BB McCullum|JH Kallis|MK Tiwary|YK Pathan|DB Das|LR Shukla|R Bhatia|SP Narine|B Lee|Iqbal Abdulla,Chennai Super Kings,139,5,Kolkata Knight Riders,140.0,5.0
548348,42.0,2012,2012-05-01,Barabati Stadium,Cuttack,Deccan Chargers,Pune Warriors,Deccan Chargers,bat,1.0,Deccan Chargers,13.0,,KC Sangakkara,PA Patel|S Dhawan|CL White|KC Sangakkara|JP Duminy|BB Samantray|Ankit Sharma|A Ashish Reddy|A Mishra|DW Steyn|V Pratap Singh,MK Pandey|MJ Clarke|SC Ganguly|SPD Smith|RV Uthappa|M Manhas|MN Samuels|WD Parnell|M Kartik|B Kumar|A Nehra,Deccan Chargers,186,4,Pune Warriors,173.0,5.0
548349,43.0,2012,2012-05-01,Sawai Mansingh Stadium,Jaipur,Rajasthan Royals,Delhi Daredevils,Rajasthan Royals,bat,0.0,Delhi Daredevils,,6.0,P Negi,R Dravid|AM Rahane|SR Watson|OA Shah|BJ Hodge|AL Menaria|SP Goswami|AA Chavan|GB Hogg|A Singh|Pankaj Singh,DPMD Jayawardene|V Sehwag|KP Pietersen|LRPL Taylor|Y Nagar|NV Ojha|IK Pathan|P Negi|M Morkel|S Nadeem|UT Yadav,Rajasthan Royals,141,6,Delhi Daredevils,144.0,4.0
548350,44.0,2012,2012-05-02,M Chinnaswamy Stadium,Bangalore,Royal Challengers Bangalore,Kings XI Punjab,Kings XI Punjab,field,1.0,Kings XI Punjab,,4.0,Azhar Mahmood,MA Agarwal|CH Gayle|V Kohli|AB de Villiers|AB McDonald|AUK Pathan|SS Tiwary|DL Vettori|R Vinay Kumar|Z Khan|KP Appanna,Mandeep Singh|SE Marsh|N Saini|DJ Hussey|Azhar Mahmood|AM Nayar|P Dogra|PP Chawla|RJ Harris|P Kumar|P Awana,Royal Challengers Bangalore,158,5,Kings XI Punjab,163.0,6.0
548351,45.0,2012,2012-05-03,Subrata Roy Sahara Stadium,Pune,Pune Warriors,Mumbai Indians,Mumbai Indians,bat,1.0,Mumbai Indians,1.0,,SL Malinga,RV Uthappa|JD Ryder|MJ Clarke|SC Ganguly|SPD Smith|M Manhas|WD Parnell|B Kumar|M Kartik|A Nehra|AB Dinda,JEC Franklin|SR Tendulkar|RG Sharma|RJ Peterson|KD Karthik|AT Rayudu|NLTC Perera|Harbhajan Singh|SL Malinga|PP Ojha|MM Patel,Mumbai Indians,120,9,Pune Warriors,119.0,6.0
548352,46.0,2012,2012-05-04,"MA Chidambaram Stadium, Chepauk",Chennai,Chennai Super Kings,Deccan Chargers,Chennai Super Kings,bat,1.0,Chennai Super Kings,10.0,,SK Raina,F du Plessis|M Vijay|SK Raina|MS Dhoni|JA Morkel|RA Jadeja|DJ Bravo|S Badrinath|R Ashwin|SB Jakati|BW Hilfenhaus,PA Patel|S Dhawan|CL White|KC Sangakkara|DT Christian|A Ashish Reddy|AA Jhunjhunwala|Ankit Sharma|A Mishra|DW Steyn|V Pratap Singh,Chennai Super Kings,160,6,Deccan Chargers,150.0,5.0
548353,47.0,2012,2012-05-05,Eden Gardens,Kolkata,Kolkata Knight Riders,Pune Warriors,Kolkata Knight Riders,bat,1.0,Kolkata Knight Riders,7.0,,SP Narine,G Gambhir|BB McCullum|YK Pathan|JH Kallis|DB Das|LR Shukla|MK Tiwary|R Bhatia|SP Narine|M de Lange|Iqbal Abdulla,RV Uthappa|MJ Clarke|MK Pandey|SPD Smith|M Manhas|AD Mathews|SC Ganguly|WD Parnell|B Kumar|M Kartik|AB Dinda,Kolkata Knight Riders,150,5,Pune Warriors,143.0,8.0
548354,48.0,2012,2012-05-05,"Punjab Cricket Association Stadium, Mohali",Chandigarh,Kings XI Punjab,Rajasthan Royals,Rajasthan Royals,bat,1.0,Rajasthan Royals,43.0,,SR Watson,SE Marsh|Mandeep Singh|N Saini|DJ Hussey|Azhar Mahmood|Gurkeerat Singh|AM Nayar|PP Chawla|RJ Harris|P Kumar|P Awana,R Dravid|AM Rahane|SR Watson|AL Menaria|BJ Hodge|J Botha|STR Binny|AA Chavan|DH Yagnik|SW Tait|SK Trivedi,Rajasthan Royals,177,6,Kings XI Punjab,134.0,8.0
548355,49.0,2012,2012-05-06,Wankhede Stadium,Mumbai,Mumbai Indians,Chennai Super Kings,Mumbai Indians,field,1.0,Mumbai Indians,,2.0,DR Smith,JEC Franklin|SR Tendulkar|RG Sharma|KD Karthik|AT Rayudu|DR Smith|RJ Peterson|Harbhajan Singh|SL Malinga|RP Singh|MM Patel,M Vijay|F du Plessis|SK Raina|DJ Bravo|MS Dhoni|JA Morkel|RA Jadeja|S Badrinath|R Ashwin|SB Jakati|BW Hilfenhaus,Chennai Super Kings,173,8,Mumbai Indians,174.0,8.0
548356,50.0,2012,2012-05-06,M Chinnaswamy Stadium,Bangalore,Royal Challengers Bangalore,Deccan Chargers,Royal Challengers Bangalore,field,1.0,Royal Challengers Bangalore,,5.0,AB de Villiers,TM Dilshan|CH Gayle|V Kohli|AUK Pathan|AB de Villiers|MA Agarwal|J Syed Mohammad|Z Khan|A Mithun|P Parameswaran|M Muralitharan,DJ Harris|S Dhawan|CL White|KC Sangakkara|PA Patel|PA Reddy|A Ashish Reddy|A Mishra|DW Steyn|Anand Rajan|V Pratap Singh,Deccan Chargers,181,2,Royal Challengers Bangalore,185.0,5.0
548357,51.0,2012,2012-05-07,Feroz Shah Kotla,Delhi,Delhi Daredevils,Kolkata Knight Riders,Delhi Daredevils,bat,0.0,Kolkata Knight Riders,,6.0,JH Kallis,DA Warner|V Sehwag|DPMD Jayawardene|LRPL Taylor|IK Pathan|Y Nagar|NV Ojha|M Morkel|S Nadeem|VR Aaron|UT Yadav,BB McCullum|G Gambhir|JH Kallis|MK Tiwary|YK Pathan|DB Das|LR Shukla|R Bhatia|B Lee|PJ Sangwan|SP Narine,Delhi Daredevils,153,9,Kolkata Knight Riders,154.0,4.0
548358,52.0,2012,2012-05-08,Subrata Roy Sahara Stadium,Pune,Pune Warriors,Rajasthan Royals,Pune Warriors,bat,0.0,Rajasthan Royals,,7.0,SR Watson,SC Ganguly|MJ Clarke|RV Uthappa|AP Majumdar|SPD Smith|AD Mathews|M Manhas|WD Parnell|B Kumar|M Kartik|A Nehra,R Dravid|AM Rahane|SR Watson|AL Menaria|OA Shah|AA Chavan|J Botha|STR Binny|DH Yagnik|SW Tait|SK Trivedi,Pune Warriors,125,6,Rajasthan Royals,126.0,3.0
548359,53.0,2012,2012-05-08,"Rajiv Gandhi International Stadium, Uppal",Hyderabad,Deccan Chargers,Kings XI Punjab,Deccan Chargers,field,0.0,Kings XI Punjab,25.0,,Mandeep Singh,DJ Harris|S Dhawan|PA Patel|CL White|KC Sangakkara|PA Reddy|AA Jhunjhunwala|A Ashish Reddy|J Theron|A Mishra|V Pratap Singh,Mandeep Singh|SE Marsh|N Saini|DJ Hussey|Azhar Mahmood|DA Miller|SD Chitnis|PP Chawla|RR Powar|P Kumar|P Awana,Kings XI Punjab,170,5,Deccan Chargers,145.0,8.0
548360,54.0,2012,2012-05-09,Wankhede Stadium,Mumbai,Mumbai Indians,Royal Challengers Bangalore,Royal Challengers Bangalore,field,1.0,Royal Challengers Bangalore,,9.0,CH Gayle,JEC Franklin|SR Tendulkar|RG Sharma|KD Karthik|AT Rayudu|DR Smith|KA Pollard|Harbhajan Singh|SL Malinga|PP Ojha|RP Singh,TM Dilshan|CH Gayle|V Kohli|AB de Villiers|MA Agarwal|SS Tiwary|J Syed Mohammad|R Vinay Kumar|Z Khan|HV Patel|M Muralitharan,Mumbai Indians,141,6,Royal Challengers Bangalore,142.0,1.0
548361,56.0,2012,2012-05-10,Sawai Mansingh Stadium,Jaipur,Rajasthan Royals,Chennai Super Kings,Chennai Super Kings,field,1.0,Chennai Super Kings,,4.0,BW Hilfenhaus,R Dravid|AM Rahane|SR Watson|STR Binny|BJ Hodge|J Botha|AL Menaria|DH Yagnik|SW Tait|SK Trivedi|Pankaj Singh,MEK Hussey|M Vijay|SK Raina|DJ Bravo|MS Dhoni|RA Jadeja|JA Morkel|S Anirudha|R Ashwin|BW Hilfenhaus|VY Mahesh,Rajasthan Royals,126,6,Chennai Super Kings,127.0,6.0
548362,57.0,2012,2012-05-11,Subrata Roy Sahara Stadium,Pune,Pune Warriors,Royal Challengers Bangalore,Pune Warriors,field,0.0,Royal Challengers Bangalore,35.0,,CH Gayle,MD Mishra|MJ Clarke|MK Pandey|RV Uthappa|AP Majumdar|AD Mathews|SPD Smith|B Kumar|AC Thomas|R Sharma|K Upadhyay,CH Gayle|TM Dilshan|V Kohli|SS Tiwary|AB de Villiers|MA Agarwal|R Vinay Kumar|Z Khan|HV Patel|M Muralitharan|KP Appanna,Royal Challengers Bangalore,173,3,Pune Warriors,138.0,9.0
548363,58.0,2012,2012-05-12,Eden Gardens,Kolkata,Kolkata Knight Riders,Mumbai Indians,Mumbai Indians,bat,1.0,Mumbai Indians,27.0,,RG Sharma,MS Bisla|G Gambhir|JH Kallis|MK Tiwary|YK Pathan|DB Das|Shakib Al Hasan|LR Shukla|R Bhatia|B Lee|SP Narine,HH Gibbs|SR Tendulkar|RG Sharma|KD Karthik|AT Rayudu|DR Smith|KA Pollard|Harbhajan Singh|SL Malinga|PP Ojha|MM Patel,Mumbai Indians,182,1,Kolkata Knight Riders,155.0,4.0
548364,59.0,2012,2012-05-12,"MA Chidambaram Stadium, Chepauk",Chennai,Chennai Super Kings,Delhi Daredevils,Chennai Super Kings,field,1.0,Chennai Super Kings,,9.0,BW Hilfenhaus,MEK Hussey|M Vijay|SK Raina|MS Dhoni|RA Jadeja|S Anirudha|DJ Bravo|JA Morkel|R Ashwin|BW Hilfenhaus|SB Jakati,DA Warner|V Sehwag|NV Ojha|DPMD Jayawardene|Y Venugopal Rao|Y Nagar|IK Pathan|RE van der Merwe|M Morkel|VR Aaron|UT Yadav,Delhi Daredevils,114,5,Chennai Super Kings,115.0,1.0
548365,60.0,2012,2012-05-13,Sawai Mansingh Stadium,Jaipur,Rajasthan Royals,Pune Warriors,Rajasthan Royals,bat,1.0,Rajasthan Royals,45.0,,A Chandila,R Dravid|AM Rahane|SR Watson|BJ Hodge|STR Binny|J Botha|SP Goswami|AL Menaria|SW Tait|SK Trivedi|A Chandila,SC Ganguly|JD Ryder|RV Uthappa|AP Majumdar|CJ Ferguson|SPD Smith|AD Mathews|B Kumar|M Kartik|R Sharma|A Nehra,Rajasthan Royals,170,4,Pune Warriors,125.0,9.0
548366,61.0,2012,2012-05-13,"Punjab Cricket Association Stadium, Mohali",Chandigarh,Kings XI Punjab,Deccan Chargers,Deccan Chargers,bat,0.0,Kings XI Punjab,,4.0,DJ Hussey,N Saini|Mandeep Singh|SE Marsh|Azhar Mahmood|DJ Hussey|SD Chitnis|PP Chawla|Gurkeerat Singh|P Kumar|P Awana|RJ Harris,S Dhawan|PA Patel|KC Sangakkara|CL White|DT Christian|PA Reddy|AA Jhunjhunwala|A Mishra|DW Steyn|MS Gony|TP Sudhindra,Deccan Chargers,190,4,Kings XI Punjab,194.0,6.0
548367,62.0,2012,2012-05-14,M Chinnaswamy Stadium,Bangalore,Royal Challengers Bangalore,Mumbai Indians,Mumbai Indians,field,1.0,Mumbai Indians,,5.0,AT Rayudu,CH Gayle|TM Dilshan|V Kohli|SS Tiwary|AB de Villiers|MA Agarwal|R Vinay Kumar|Z Khan|HV Patel|M Muralitharan|KP Appanna,HH Gibbs|SR Tendulkar|RG Sharma|KD Karthik|AT Rayudu|DR Smith|KA Pollard|Harbhajan Singh|SL Malinga|RP Singh|MM Patel,Royal Challengers Bangalore,171,6,Mumbai Indians,173.0,5.0
548368,63.0,2012,2012-05-14,Eden Gardens,Kolkata,Kolkata Knight Riders,Chennai Super Kings,Chennai Super Kings,field,1.0,Chennai Super Kings,,5.0,MEK Hussey,G Gambhir|BB McCullum|JH Kallis|MK Tiwary|YK Pathan|DB Das|LR Shukla|R Bhatia|SP Narine|L Balaji|M de Lange,MEK Hussey|M Vijay|SK Raina|F du Plessis|MS Dhoni|DJ Bravo|RA Jadeja|S Anirudha|R Ashwin|BW Hilfenhaus|SB Jakati,Kolkata Knight Riders,158,6,Chennai Super Kings,160.0,5.0
548369,64.0,2012,2012-05-15,Feroz Shah Kotla,Delhi,Delhi Daredevils,Kings XI Punjab,Kings XI Punjab,bat,0.0,Delhi Daredevils,,5.0,UT Yadav,DA Warner|V Sehwag|Y Venugopal Rao|DPMD Jayawardene|LRPL Taylor|NV Ojha|IK Pathan|P Negi|M Morkel|VR Aaron|UT Yadav,Mandeep Singh|SE Marsh|N Saini|DJ Hussey|DA Miller|Azhar Mahmood|Gurkeerat Singh|PP Chawla|P Kumar|P Awana|Harmeet Singh,Kings XI Punjab,136,8,Delhi Daredevils,140.0,5.0
548370,65.0,2012,2012-05-16,Wankhede Stadium,Mumbai,Mumbai Indians,Kolkata Knight Riders,Mumbai Indians,field,0.0,Kolkata Knight Riders,32.0,,SP Narine,HH Gibbs|SR Tendulkar|KD Karthik|RG Sharma|AT Rayudu|KA Pollard|DR Smith|Harbhajan Singh|SL Malinga|RP Singh|MM Patel,G Gambhir|BB McCullum|JH Kallis|MK Tiwary|Shakib Al Hasan|YK Pathan|DB Das|R Bhatia|SP Narine|L Balaji|Iqbal Abdulla,Kolkata Knight Riders,140,7,Mumbai Indians,108.0,10.0
548371,66.0,2012,2012-05-17,Himachal Pradesh Cricket Association Stadium,Dharamsala,Kings XI Punjab,Chennai Super Kings,Kings XI Punjab,field,1.0,Kings XI Punjab,,6.0,AC Gilchrist,AC Gilchrist|Mandeep Singh|N Saini|DJ Hussey|SD Chitnis|Azhar Mahmood|Gurkeerat Singh|PP Chawla|RJ Harris|P Kumar|P Awana,M Vijay|MEK Hussey|SK Raina|MS Dhoni|DJ Bravo|RA Jadeja|JA Morkel|S Anirudha|R Ashwin|BW Hilfenhaus|VY Mahesh,Chennai Super Kings,120,7,Kings XI Punjab,123.0,4.0
548372,67.0,2012,2012-05-17,Feroz Shah Kotla,Delhi,Delhi Daredevils,Royal Challengers Bangalore,Delhi Daredevils,field,0.0,Royal Challengers Bangalore,21.0,,CH Gayle,UBT Chand|DA Warner|Y Venugopal Rao|DPMD Jayawardene|LRPL Taylor|NV Ojha|AD Russell|IK Pathan|P Negi|UT Yadav|VR Aaron,CH Gayle|TM Dilshan|V Kohli|AB de Villiers|SS Tiwary|MA Agarwal|R Vinay Kumar|Z Khan|HV Patel|P Parameswaran|M Muralitharan,Royal Challengers Bangalore,215,1,Delhi Daredevils,194.0,9.0
548373,68.0,2012,2012-05-18,"Rajiv Gandhi International Stadium, Uppal",Hyderabad,Deccan Chargers,Rajasthan Royals,Rajasthan Royals,bat,0.0,Deccan Chargers,,5.0,DW Steyn,PA Reddy|S Dhawan|JP Duminy|CL White|CA Lynn|PA Patel|A Ashish Reddy|A Mishra|DW Steyn|MS Gony|V Pratap Singh,R Dravid|AM Rahane|SR Watson|STR Binny|OA Shah|AL Menaria|J Botha|SP Goswami|A Chandila|SW Tait|SK Trivedi,Rajasthan Royals,126,8,Deccan Chargers,128.0,5.0
548374,69.0,2012,2012-05-19,Himachal Pradesh Cricket Association Stadium,Dharamsala,Kings XI Punjab,Delhi Daredevils,Delhi Daredevils,field,1.0,Delhi Daredevils,,6.0,UT Yadav,AC Gilchrist|Mandeep Singh|PC Valthaty|DJ Hussey|SD Chitnis|Azhar Mahmood|Gurkeerat Singh|PP Chawla|RJ Harris|P Kumar|P Awana,UBT Chand|DA Warner|Y Venugopal Rao|IK Pathan|DPMD Jayawardene|NV Ojha|AD Russell|P Negi|VR Aaron|M Morkel|UT Yadav,Kings XI Punjab,141,8,Delhi Daredevils,145.0,4.0
548375,70.0,2012,2012-05-19,Subrata Roy Sahara Stadium,Pune,Pune Warriors,Kolkata Knight Riders,Kolkata Knight Riders,bat,1.0,Kolkata Knight Riders,34.0,,Shakib Al Hasan,RV Uthappa|JD Ryder|MJ Clarke|SC Ganguly|AP Majumdar|CJ Ferguson|Harpreet Singh|WD Parnell|B Kumar|AG Murtaza|A Nehra,BB McCullum|G Gambhir|JH Kallis|Shakib Al Hasan|MK Tiwary|YK Pathan|DB Das|R Bhatia|Iqbal Abdulla|SP Narine|L Balaji,Kolkata Knight Riders,136,4,Pune Warriors,102.0,8.0
548376,71.0,2012,2012-05-20,"Rajiv Gandhi International Stadium, Uppal",Hyderabad,Deccan Chargers,Royal Challengers Bangalore,Royal Challengers Bangalore,field,0.0,Deccan Chargers,9.0,,DW Steyn,S Dhawan|PA Reddy|KC Sangakkara|CL White|JP Duminy|PA Patel|A Ashish Reddy|DW Steyn|A Mishra|MS Gony|V Pratap Singh,CH Gayle|TM Dilshan|V Kohli|SS Tiwary|AB de Villiers|MA Agarwal|Z Khan|R Vinay Kumar|HV Patel|M Muralitharan|P Parameswaran,Deccan Chargers,132,7,Royal Challengers Bangalore,123.0,9.0
548377,72.0,2012,2012-05-20,Sawai Mansingh Stadium,Jaipur,Rajasthan Royals,Mumbai Indians,Rajasthan Royals,bat,0.0,Mumbai Indians,,10.0,DR Smith,R Dravid|AM Rahane|SR Watson|STR Binny|OA Shah|AL Menaria|DH Yagnik|GB Hogg|SW Tait|SK Trivedi|A Chandila,SR Tendulkar|DR Smith|RG Sharma|KD Karthik|JEC Franklin|AT Rayudu|KA Pollard|Harbhajan Singh|SL Malinga|RP Singh|DS Kulkarni,Rajasthan Royals,162,6,Mumbai Indians,163.0,0.0
548378,,2012,2012-05-22,Subrata Roy Sahara Stadium,Pune,Delhi Daredevils,Kolkata Knight Riders,Kolkata Knight Riders,bat,1.0,Kolkata Knight Riders,18.0,,YK Pathan,DA Warner|V Sehwag|NV Ojha|DPMD Jayawardene|Y Venugopal Rao|P Negi|LRPL Taylor|IK Pathan|M Morkel|UT Yadav|VR Aaron,BB McCullum|G Gambhir|JH Kallis|Shakib Al Hasan|YK Pathan|LR Shukla|DB Das|R Bhatia|Iqbal Abdulla|SP Narine|L Balaji,Kolkata Knight Riders,162,4,Delhi Daredevils,144.0,8.0
548379,,2012,2012-05-23,M Chinnaswamy Stadium,Bangalore,Chennai Super Kings,Mumbai Indians,Mumbai Indians,field,0.0,Chennai Super Kings,38.0,,MS Dhoni,M Vijay|MEK Hussey|SK Raina|S Badrinath|MS Dhoni|RA Jadeja|DJ Bravo|JA Morkel|R Ashwin|BW Hilfenhaus|SB Jakati,SR Tendulkar|DR Smith|RG Sharma|KD Karthik|JEC Franklin|AT Rayudu|KA Pollard|Harbhajan Singh|SL Malinga|DS Kulkarni|RP Singh,Chennai Super Kings,187,5,Mumbai Indians,149.0,9.0
548380,,2012,2012-05-25,"MA Chidambaram Stadium, Chepauk",Chennai,Delhi Daredevils,Chennai Super Kings,Delhi Daredevils,field,0.0,Chennai Super Kings,86.0,,M Vijay,DPMD Jayawardene|DA Warner|V Sehwag|LRPL Taylor|AD Russell|NV Ojha|Y Venugopal Rao|P Negi|Sunny Gupta|UT Yadav|VR Aaron,M Vijay|MEK Hussey|SK Raina|MS Dhoni|JA Morkel|DJ Bravo|RA Jadeja|R Ashwin|BW Hilfenhaus|SB Jakati|S Badrinath,Chennai Super Kings,222,5,Delhi Daredevils,136.0,10.0
548381,,2012,2012-05-27,"MA Chidambaram Stadium, Chepauk",Chennai,Kolkata Knight Riders,Chennai Super Kings,Chennai Super Kings,bat,0.0,Kolkata Knight Riders,,5.0,MS Bisla,MS Bisla|G Gambhir|JH Kallis|LR Shukla|YK Pathan|Shakib Al Hasan|MK Tiwary|R Bhatia|Iqbal Abdulla|SP Narine|B Lee,MEK Hussey|M Vijay|SK Raina|MS Dhoni|DJ Bravo|RA Jadeja|JA Morkel|R Ashwin|BW Hilfenhaus|SB Jakati|S Badrinath,Chennai Super Kings,190,3,Kolkata Knight Riders,192.0,5.0
597998,1.0,2013,2013-04-03,Eden Gardens,Kolkata,Kolkata Knight Riders,Delhi Daredevils,Kolkata Knight Riders,field,1.0,Kolkata Knight Riders,,6.0,SP Narine,MS Bisla|G Gambhir|JH Kallis|MK Tiwary|EJG Morgan|YK Pathan|LR Shukla|R Bhatia|B Lee|SP Narine|L Balaji,UBT Chand|DA Warner|DPMD Jayawardene|MC Juneja|NV Ojha|J Botha|IK Pathan|AD Russell|S Nadeem|A Nehra|UT Yadav,Delhi Daredevils,128,10,Kolkata Knight Riders,129.0,4.0
597999,2.0,2013,2013-04-04,M Chinnaswamy Stadium,Bangalore,Royal Challengers Bangalore,Mumbai Indians,Mumbai Indians,field,0.0,Royal Challengers Bangalore,2.0,,CH Gayle,CH Gayle|TM Dilshan|V Kohli|MA Agarwal|DT Christian|KK Nair|KB Arun Karthik|R Vinay Kumar|M Kartik|JD Unadkat|M Muralitharan,RT Ponting|SR Tendulkar|KD Karthik|RG Sharma|AT Rayudu|KA Pollard|Harbhajan Singh|JJ Bumrah|MG Johnson|JDP Oram|MM Patel,Royal Challengers Bangalore,156,5,Mumbai Indians,154.0,5.0
598000,3.0,2013,2013-04-05,"Rajiv Gandhi International Stadium, Uppal",Hyderabad,Sunrisers Hyderabad,Pune Warriors,Pune Warriors,field,0.0,Sunrisers Hyderabad,22.0,,A Mishra,PA Reddy|PA Patel|KC Sangakkara|CL White|NLTC Perera|GH Vihari|A Ashish Reddy|DB Ravi Teja|A Mishra|DW Steyn|I Sharma,RV Uthappa|MK Pandey|MN Samuels|Yuvraj Singh|LRPL Taylor|AM Nayar|AD Mathews|MR Marsh|B Kumar|R Sharma|AB Dinda,Sunrisers Hyderabad,126,6,Pune Warriors,104.0,10.0
598001,4.0,2013,2013-04-06,Feroz Shah Kotla,Delhi,Delhi Daredevils,Rajasthan Royals,Rajasthan Royals,bat,1.0,Rajasthan Royals,5.0,,R Dravid,DA Warner|UBT Chand|DPMD Jayawardene|MC Juneja|AD Russell|J Botha|IK Pathan|NV Ojha|A Nehra|S Nadeem|UT Yadav,MDKJ Perera|AM Rahane|R Dravid|STR Binny|BJ Hodge|KK Cooper|AL Menaria|S Sreesanth|R Shukla|SK Trivedi|S Badree,Rajasthan Royals,165,7,Delhi Daredevils,160.0,6.0
598002,5.0,2013,2013-04-06,"MA Chidambaram Stadium, Chepauk",Chennai,Chennai Super Kings,Mumbai Indians,Mumbai Indians,bat,1.0,Mumbai Indians,9.0,,KA Pollard,MEK Hussey|M Vijay|SK Raina|DJ Bravo|S Badrinath|MS Dhoni|RA Jadeja|R Ashwin|B Laughlin|AS Rajpoot|DP Nannes,RT Ponting|SR Tendulkar|KD Karthik|RG Sharma|AT Rayudu|KA Pollard|DR Smith|Harbhajan Singh|MG Johnson|MM Patel|PP Ojha,Mumbai Indians,148,6,Chennai Super Kings,139.0,9.0
598003,6.0,2013,2013-04-07,Subrata Roy Sahara Stadium,Pune,Pune Warriors,Kings XI Punjab,Pune Warriors,bat,0.0,Kings XI Punjab,,8.0,M Vohra,RV Uthappa|MK Pandey|TL Suman|MN Samuels|LRPL Taylor|AD Mathews|AM Nayar|MR Marsh|B Kumar|R Sharma|AB Dinda,AC Gilchrist|Mandeep Singh|M Vohra|DJ Hussey|Azhar Mahmood|Gurkeerat Singh|R Sathish|PP Chawla|P Awana|P Kumar|RJ Harris,Pune Warriors,99,9,Kings XI Punjab,100.0,2.0
598004,7.0,2013,2013-04-07,"Rajiv Gandhi International Stadium, Uppal",Hyderabad,Sunrisers Hyderabad,Royal Challengers Bangalore,Royal Challengers Bangalore,bat,,,,,GH Vihari,PA Reddy|PA Patel|CL White|GH Vihari|KC Sangakkara|NLTC Perera|A Mishra|A Ashish Reddy|DW Steyn|Ankit Sharma|I Sharma,CH Gayle|TM Dilshan|V Kohli|KK Nair|MC Henriques|MA Agarwal|KB Arun Karthik|R Vinay Kumar|M Kartik|JD Unadkat|M Muralitharan,Royal Challengers Bangalore,130,8,Sunrisers Hyderabad,130.0,7.0
598005,8.0,2013,2013-04-08,Sawai Mansingh Stadium,Jaipur,Rajasthan Royals,Kolkata Knight Riders,Kolkata Knight Riders,field,0.0,Rajasthan Royals,19.0,,SK Trivedi,SR Watson|AM Rahane|R Dravid|STR Binny|BJ Hodge|KK Cooper|DH Yagnik|S Sreesanth|SK Trivedi|SW Tait|R Shukla,MS Bisla|G Gambhir|JH Kallis|MK Tiwary|EJG Morgan|YK Pathan|LR Shukla|R Bhatia|B Lee|Mohammed Shami|SP Narine,Rajasthan Royals,144,6,Kolkata Knight Riders,125.0,10.0
598006,10.0,2013,2013-04-09,Wankhede Stadium,Mumbai,Mumbai Indians,Delhi Daredevils,Mumbai Indians,bat,1.0,Mumbai Indians,44.0,,KD Karthik,RT Ponting|SR Tendulkar|KD Karthik|RG Sharma|KA Pollard|AT Rayudu|Harbhajan Singh|R Dhawan|MG Johnson|PP Ojha|SL Malinga,UBT Chand|DA Warner|DPMD Jayawardene|MC Juneja|BMAJ Mendis|IK Pathan|KM Jadhav|S Nadeem|M Morkel|A Nehra|UT Yadav,Mumbai Indians,209,5,Delhi Daredevils,165.0,9.0
598007,11.0,2013,2013-04-10,"Punjab Cricket Association Stadium, Mohali",Chandigarh,Kings XI Punjab,Chennai Super Kings,Chennai Super Kings,field,1.0,Chennai Super Kings,,10.0,MEK Hussey,Mandeep Singh|AC Gilchrist|M Vohra|DJ Hussey|Gurkeerat Singh|Azhar Mahmood|R Sathish|PP Chawla|RJ Harris|P Kumar|P Awana,M Vijay|MEK Hussey|SK Raina|S Badrinath|MS Dhoni|RA Jadeja|DJ Bravo|R Ashwin|DP Nannes|CH Morris|AS Rajpoot,Kings XI Punjab,138,10,Chennai Super Kings,139.0,0.0
598008,12.0,2013,2013-04-11,M Chinnaswamy Stadium,Bangalore,Royal Challengers Bangalore,Kolkata Knight Riders,Royal Challengers Bangalore,field,1.0,Royal Challengers Bangalore,,8.0,CH Gayle,CH Gayle|MA Agarwal|V Kohli|AB de Villiers|MC Henriques|KB Arun Karthik|KL Rahul|R Vinay Kumar|RP Singh|JD Unadkat|M Muralitharan,MS Bisla|G Gambhir|JH Kallis|YK Pathan|MK Tiwary|EJG Morgan|R Bhatia|R McLaren|PJ Sangwan|SP Narine|L Balaji,Kolkata Knight Riders,154,8,Royal Challengers Bangalore,158.0,2.0
598009,13.0,2013,2013-04-11,Subrata Roy Sahara Stadium,Pune,Pune Warriors,Rajasthan Royals,Rajasthan Royals,bat,0.0,Pune Warriors,,7.0,AJ Finch,RV Uthappa|AJ Finch|LRPL Taylor|Yuvraj Singh|AD Mathews|TL Suman|AM Nayar|MR Marsh|B Kumar|R Sharma|AB Dinda,MDKJ Perera|AM Rahane|R Dravid|STR Binny|BJ Hodge|DH Yagnik|JP Faulkner|KK Cooper|S Sreesanth|Harmeet Singh|SK Trivedi,Rajasthan Royals,145,5,Pune Warriors,148.0,3.0
598010,14.0,2013,2013-04-12,Feroz Shah Kotla,Delhi,Delhi Daredevils,Sunrisers Hyderabad,Delhi Daredevils,bat,0.0,Sunrisers Hyderabad,,3.0,A Mishra,DA Warner|V Sehwag|DPMD Jayawardene|MC Juneja|J Botha|IK Pathan|KM Jadhav|M Morkel|S Nadeem|UT Yadav|S Kaul,PA Reddy|PA Patel|KC Sangakkara|GH Vihari|CL White|NLTC Perera|A Ashish Reddy|A Mishra|DW Steyn|I Sharma|Anand Rajan,Delhi Daredevils,114,8,Sunrisers Hyderabad,115.0,7.0
598011,15.0,2013,2013-04-13,Wankhede Stadium,Mumbai,Mumbai Indians,Pune Warriors,Mumbai Indians,bat,1.0,Mumbai Indians,41.0,,RG Sharma,RT Ponting|SR Tendulkar|KD Karthik|RG Sharma|KA Pollard|AT Rayudu|Harbhajan Singh|R Dhawan|MG Johnson|PP Ojha|SL Malinga,AJ Finch|RV Uthappa|LRPL Taylor|Yuvraj Singh|TL Suman|AD Mathews|MR Marsh|AM Nayar|B Kumar|R Sharma|AB Dinda,Mumbai Indians,183,3,Pune Warriors,142.0,8.0
598012,16.0,2013,2013-04-13,"MA Chidambaram Stadium, Chepauk",Chennai,Chennai Super Kings,Royal Challengers Bangalore,Chennai Super Kings,field,1.0,Chennai Super Kings,,4.0,RA Jadeja,MEK Hussey|M Vijay|SK Raina|S Badrinath|MS Dhoni|RA Jadeja|DJ Bravo|CH Morris|R Ashwin|DP Nannes|MM Sharma,CH Gayle|MA Agarwal|V Kohli|AB de Villiers|DT Christian|R Rampaul|KB Arun Karthik|J Syed Mohammad|R Vinay Kumar|M Kartik|RP Singh,Royal Challengers Bangalore,165,6,Chennai Super Kings,166.0,6.0
598013,17.0,2013,2013-04-14,Eden Gardens,Kolkata,Kolkata Knight Riders,Sunrisers Hyderabad,Kolkata Knight Riders,bat,1.0,Kolkata Knight Riders,48.0,,G Gambhir,MS Bisla|G Gambhir|JH Kallis|EJG Morgan|YK Pathan|MK Tiwary|R Bhatia|LR Shukla|SMSM Senanayake|SP Narine|L Balaji,PA Patel|CL White|KC Sangakkara|DB Ravi Teja|NLTC Perera|A Ashish Reddy|KV Sharma|GH Vihari|A Mishra|DW Steyn|I Sharma,Kolkata Knight Riders,180,4,Sunrisers Hyderabad,132.0,7.0
598014,18.0,2013,2013-04-14,Sawai Mansingh Stadium,Jaipur,Rajasthan Royals,Kings XI Punjab,Rajasthan Royals,field,1.0,Rajasthan Royals,,6.0,JP Faulkner,SR Watson|AM Rahane|R Dravid|STR Binny|BJ Hodge|SV Samson|JP Faulkner|KK Cooper|SK Trivedi|A Chandila|S Sreesanth,Mandeep Singh|AC Gilchrist|M Vohra|DJ Hussey|Gurkeerat Singh|R Sathish|Azhar Mahmood|PP Chawla|RJ Harris|P Kumar|P Awana,Kings XI Punjab,124,10,Rajasthan Royals,126.0,4.0
598015,19.0,2013,2013-04-15,"MA Chidambaram Stadium, Chepauk",Chennai,Chennai Super Kings,Pune Warriors,Pune Warriors,bat,1.0,Pune Warriors,24.0,,SPD Smith,S Anirudha|M Vijay|SK Raina|S Badrinath|RA Jadeja|MS Dhoni|DJ Bravo|JA Morkel|CH Morris|R Ashwin|DP Nannes,RV Uthappa|AJ Finch|LRPL Taylor|SPD Smith|MR Marsh|MK Pandey|AM Nayar|TL Suman|B Kumar|R Sharma|AB Dinda,Pune Warriors,159,5,Chennai Super Kings,135.0,8.0
598016,20.0,2013,2013-04-16,"Punjab Cricket Association Stadium, Mohali",Chandigarh,Kings XI Punjab,Kolkata Knight Riders,Kolkata Knight Riders,field,0.0,Kings XI Punjab,4.0,,MS Gony,AC Gilchrist|Mandeep Singh|M Vohra|DJ Hussey|DA Miller|Azhar Mahmood|Gurkeerat Singh|MS Gony|PP Chawla|P Kumar|P Awana,MS Bisla|G Gambhir|JH Kallis|EJG Morgan|MK Tiwary|YK Pathan|DB Das|R Bhatia|SMSM Senanayake|SP Narine|L Balaji,Kings XI Punjab,157,9,Kolkata Knight Riders,153.0,9.0
598017,21.0,2013,2013-04-16,M Chinnaswamy Stadium,Bangalore,Royal Challengers Bangalore,Delhi Daredevils,Royal Challengers Bangalore,field,,,,,V Kohli,CH Gayle|KL Rahul|V Kohli|AB de Villiers|AB McDonald|KB Arun Karthik|J Syed Mohammad|R Vinay Kumar|R Rampaul|RP Singh|JD Unadkat,DA Warner|V Sehwag|MC Juneja|DPMD Jayawardene|BJ Rohrer|KM Jadhav|IK Pathan|M Morkel|S Nadeem|A Nehra|UT Yadav,Delhi Daredevils,152,5,Royal Challengers Bangalore,152.0,7.0
598018,22.0,2013,2013-04-17,Maharashtra Cricket Association Stadium,Pune,Pune Warriors,Sunrisers Hyderabad,Pune Warriors,field,0.0,Sunrisers Hyderabad,11.0,,A Mishra,RV Uthappa|AJ Finch|TL Suman|SPD Smith|AD Mathews|MR Marsh|AM Nayar|MK Pandey|B Kumar|R Sharma|AB Dinda,PA Patel|Q de Kock|GH Vihari|CL White|BB Samantray|KV Sharma|NLTC Perera|A Mishra|A Ashish Reddy|DW Steyn|I Sharma,Sunrisers Hyderabad,119,8,Pune Warriors,108.0,10.0
598019,23.0,2013,2013-04-17,Sawai Mansingh Stadium,Jaipur,Rajasthan Royals,Mumbai Indians,Rajasthan Royals,bat,1.0,Rajasthan Royals,87.0,,AM Rahane,SR Watson|AM Rahane|DH Yagnik|STR Binny|BJ Hodge|R Dravid|JP Faulkner|KK Cooper|AA Chavan|A Chandila|SK Trivedi,SR Tendulkar|RT Ponting|KD Karthik|RG Sharma|KA Pollard|AT Rayudu|R Dhawan|Harbhajan Singh|MG Johnson|SL Malinga|PP Ojha,Rajasthan Royals,179,3,Mumbai Indians,92.0,10.0
598020,24.0,2013,2013-04-18,Feroz Shah Kotla,Delhi,Delhi Daredevils,Chennai Super Kings,Chennai Super Kings,bat,1.0,Chennai Super Kings,86.0,,MEK Hussey,DA Warner|V Sehwag|MC Juneja|DPMD Jayawardene|BMAJ Mendis|KM Jadhav|IK Pathan|AB Agarkar|M Morkel|S Nadeem|UT Yadav,MEK Hussey|M Vijay|SK Raina|MS Dhoni|DJ Bravo|S Badrinath|RA Jadeja|JA Morkel|CH Morris|R Ashwin|MM Sharma,Chennai Super Kings,169,4,Delhi Daredevils,83.0,10.0
598021,25.0,2013,2013-04-19,"Rajiv Gandhi International Stadium, Uppal",Hyderabad,Sunrisers Hyderabad,Kings XI Punjab,Kings XI Punjab,bat,0.0,Sunrisers Hyderabad,,5.0,GH Vihari,Q de Kock|PA Reddy|GH Vihari|CL White|BB Samantray|NLTC Perera|A Ashish Reddy|KV Sharma|A Mishra|DW Steyn|I Sharma,Mandeep Singh|AC Gilchrist|PC Valthaty|DJ Hussey|PP Chawla|Gurkeerat Singh|Azhar Mahmood|MS Gony|M Vohra|AD Mascarenhas|P Kumar,Kings XI Punjab,123,9,Sunrisers Hyderabad,127.0,5.0
598022,26.0,2013,2013-04-20,Eden Gardens,Kolkata,Kolkata Knight Riders,Chennai Super Kings,Kolkata Knight Riders,bat,0.0,Chennai Super Kings,,4.0,RA Jadeja,G Gambhir|YK Pathan|JH Kallis|EJG Morgan|MK Tiwary|DB Das|R Bhatia|LR Shukla|SMSM Senanayake|SP Narine|L Balaji,MEK Hussey|R Ashwin|M Vijay|SK Raina|MS Dhoni|S Badrinath|RA Jadeja|DJ Bravo|JA Morkel|CH Morris|MM Sharma,Kolkata Knight Riders,119,9,Chennai Super Kings,124.0,6.0
598023,27.0,2013,2013-04-20,M Chinnaswamy Stadium,Bangalore,Royal Challengers Bangalore,Rajasthan Royals,Royal Challengers Bangalore,field,1.0,Royal Challengers Bangalore,,7.0,R Vinay Kumar,TM Dilshan|CH Gayle|V Kohli|AB de Villiers|SS Tiwary|KB Arun Karthik|R Rampaul|R Vinay Kumar|M Kartik|RP Singh|JD Unadkat,SR Watson|AM Rahane|R Dravid|STR Binny|BJ Hodge|DH Yagnik|JP Faulkner|A Chandila|S Sreesanth|SW Tait|SK Trivedi,Rajasthan Royals,117,10,Royal Challengers Bangalore,123.0,3.0
598024,28.0,2013,2013-04-21,Feroz Shah Kotla,Delhi,Delhi Daredevils,Mumbai Indians,Mumbai Indians,bat,0.0,Delhi Daredevils,,9.0,V Sehwag,DPMD Jayawardene|V Sehwag|DA Warner|Y Venugopal Rao|KM Jadhav|RE van der Merwe|IK Pathan|AD Russell|AB Agarkar|S Nadeem|UT Yadav,DR Smith|SR Tendulkar|KD Karthik|RG Sharma|KA Pollard|AT Rayudu|RT Ponting|Harbhajan Singh|JJ Bumrah|MM Patel|SL Malinga,Mumbai Indians,161,4,Delhi Daredevils,165.0,1.0
598025,29.0,2013,2013-04-21,"Punjab Cricket Association Stadium, Mohali",Chandigarh,Kings XI Punjab,Pune Warriors,Kings XI Punjab,field,1.0,Kings XI Punjab,,7.0,DA Miller,AC Gilchrist|Mandeep Singh|Azhar Mahmood|M Vohra|DA Miller|DJ Hussey|Gurkeerat Singh|PP Chawla|MS Gony|P Kumar|P Awana,RV Uthappa|AJ Finch|Yuvraj Singh|SPD Smith|LJ Wright|AM Nayar|M Manhas|B Kumar|R Sharma|AB Dinda|BAW Mendis,Pune Warriors,185,4,Kings XI Punjab,186.0,3.0
598026,30.0,2013,2013-04-22,"MA Chidambaram Stadium, Chepauk",Chennai,Chennai Super Kings,Rajasthan Royals,Rajasthan Royals,bat,0.0,Chennai Super Kings,,5.0,MEK Hussey,M Vijay|MEK Hussey|SK Raina|MS Dhoni|RA Jadeja|DJ Bravo|CH Morris|S Badrinath|R Ashwin|JO Holder|MM Sharma,SR Watson|AM Rahane|DH Yagnik|R Dravid|STR Binny|BJ Hodge|JP Faulkner|KK Cooper|R Shukla|A Chandila|SK Trivedi,Rajasthan Royals,185,4,Chennai Super Kings,186.0,5.0
598027,31.0,2013,2013-04-23,M Chinnaswamy Stadium,Bangalore,Royal Challengers Bangalore,Pune Warriors,Pune Warriors,field,0.0,Royal Challengers Bangalore,130.0,,CH Gayle,CH Gayle|TM Dilshan|V Kohli|AB de Villiers|SS Tiwary|R Rampaul|KB Arun Karthik|R Vinay Kumar|M Kartik|RP Singh|JD Unadkat,RV Uthappa|AJ Finch|Yuvraj Singh|LJ Wright|SPD Smith|MR Marsh|M Manhas|B Kumar|AG Murtaza|IC Pandey|AB Dinda,Royal Challengers Bangalore,263,5,Pune Warriors,133.0,9.0
598028,67.0,2013,2013-05-16,Himachal Pradesh Cricket Association Stadium,Dharamsala,Kings XI Punjab,Delhi Daredevils,Delhi Daredevils,field,0.0,Kings XI Punjab,7.0,,DA Miller,AC Gilchrist|SE Marsh|Azhar Mahmood|DA Miller|R Sathish|PP Chawla|Mandeep Singh|M Vohra|P Kumar|P Awana|Sandeep Sharma,DPMD Jayawardene|UBT Chand|IK Pathan|DA Warner|V Sehwag|BJ Rohrer|CM Gautam|M Morkel|S Kaul|UT Yadav|A Nehra,Kings XI Punjab,171,4,Delhi Daredevils,164.0,7.0
598029,33.0,2013,2013-04-24,Eden Gardens,Kolkata,Kolkata Knight Riders,Mumbai Indians,Kolkata Knight Riders,bat,0.0,Mumbai Indians,,5.0,DR Smith,YK Pathan|G Gambhir|JH Kallis|MK Tiwary|EJG Morgan|DB Das|R Bhatia|Iqbal Abdulla|SMSM Senanayake|SP Narine|L Balaji,DR Smith|SR Tendulkar|KD Karthik|RG Sharma|KA Pollard|AT Rayudu|Harbhajan Singh|MG Johnson|YS Chahal|PP Ojha|SL Malinga,Kolkata Knight Riders,159,6,Mumbai Indians,162.0,5.0
598030,34.0,2013,2013-04-25,"MA Chidambaram Stadium, Chepauk",Chennai,Chennai Super Kings,Sunrisers Hyderabad,Sunrisers Hyderabad,bat,0.0,Chennai Super Kings,,5.0,MS Dhoni,MEK Hussey|M Vijay|SK Raina|MS Dhoni|DJ Bravo|RA Jadeja|CH Morris|S Badrinath|R Ashwin|JO Holder|MM Sharma,Q de Kock|S Dhawan|GH Vihari|CL White|A Mishra|X Thalaivan Sargunam|DJG Sammy|A Ashish Reddy|KV Sharma|DW Steyn|I Sharma,Sunrisers Hyderabad,159,6,Chennai Super Kings,160.0,5.0
598031,35.0,2013,2013-04-26,Eden Gardens,Kolkata,Kolkata Knight Riders,Kings XI Punjab,Kings XI Punjab,bat,0.0,Kolkata Knight Riders,,6.0,JH Kallis,MS Bisla|G Gambhir|YK Pathan|JH Kallis|EJG Morgan|SMSM Senanayake|DB Das|R Bhatia|SP Narine|S Ladda|L Balaji,AC Gilchrist|Mandeep Singh|M Vohra|DJ Hussey|DA Miller|Gurkeerat Singh|Azhar Mahmood|PP Chawla|P Kumar|Harmeet Singh|BA Bhatt,Kings XI Punjab,149,6,Kolkata Knight Riders,150.0,4.0
598032,36.0,2013,2013-04-27,Sawai Mansingh Stadium,Jaipur,Rajasthan Royals,Sunrisers Hyderabad,Sunrisers Hyderabad,bat,0.0,Rajasthan Royals,,8.0,JP Faulkner,R Dravid|AM Rahane|SR Watson|STR Binny|BJ Hodge|DH Yagnik|Sachin Baby|JP Faulkner|KK Cooper|A Chandila|SK Trivedi,PA Reddy|S Dhawan|KC Sangakkara|GH Vihari|KV Sharma|NLTC Perera|DJG Sammy|A Mishra|A Ashish Reddy|DW Steyn|I Sharma,Sunrisers Hyderabad,144,9,Rajasthan Royals,146.0,2.0
598033,37.0,2013,2013-04-27,Wankhede Stadium,Mumbai,Mumbai Indians,Royal Challengers Bangalore,Mumbai Indians,bat,1.0,Mumbai Indians,58.0,,DR Smith,DR Smith|SR Tendulkar|KD Karthik|RG Sharma|KA Pollard|AT Rayudu|Harbhajan Singh|MG Johnson|SL Malinga|DS Kulkarni|PP Ojha,CH Gayle|TM Dilshan|V Kohli|AB de Villiers|SS Tiwary|KB Arun Karthik|J Syed Mohammad|R Rampaul|R Vinay Kumar|RP Singh|JD Unadkat,Mumbai Indians,194,7,Royal Challengers Bangalore,136.0,7.0
598034,38.0,2013,2013-04-28,"MA Chidambaram Stadium, Chepauk",Chennai,Chennai Super Kings,Kolkata Knight Riders,Kolkata Knight Riders,field,0.0,Chennai Super Kings,14.0,,MEK Hussey,WP Saha|MEK Hussey|SK Raina|MS Dhoni|RA Jadeja|S Badrinath|DJ Bravo|CH Morris|R Ashwin|DP Nannes|MM Sharma,MS Bisla|G Gambhir|BB McCullum|JH Kallis|EJG Morgan|YK Pathan|DB Das|R Bhatia|SP Narine|Mohammed Shami|L Balaji,Chennai Super Kings,200,3,Kolkata Knight Riders,186.0,4.0
598035,39.0,2013,2013-04-28,Shaheed Veer Narayan Singh International Stadium,Raipur,Delhi Daredevils,Pune Warriors,Pune Warriors,field,0.0,Delhi Daredevils,15.0,,DA Warner,DPMD Jayawardene|V Sehwag|UBT Chand|DA Warner|BJ Rohrer|KM Jadhav|IK Pathan|S Nadeem|M Morkel|A Nehra|UT Yadav,RV Uthappa|AJ Finch|Yuvraj Singh|LJ Wright|SPD Smith|M Manhas|AM Nayar|B Kumar|AB Dinda|R Sharma|KW Richardson,Delhi Daredevils,164,5,Pune Warriors,149.0,4.0
598036,40.0,2013,2013-04-29,Sawai Mansingh Stadium,Jaipur,Rajasthan Royals,Royal Challengers Bangalore,Rajasthan Royals,field,1.0,Rajasthan Royals,,4.0,SV Samson,R Dravid|AM Rahane|SV Samson|SR Watson|BJ Hodge|STR Binny|OA Shah|JP Faulkner|A Chandila|SK Trivedi|S Sreesanth,A Mukund|CH Gayle|V Kohli|AB de Villiers|MC Henriques|SS Tiwary|R Rampaul|R Vinay Kumar|M Kartik|RP Singh|JD Unadkat,Royal Challengers Bangalore,171,6,Rajasthan Royals,173.0,6.0
598037,41.0,2013,2013-04-29,Wankhede Stadium,Mumbai,Mumbai Indians,Kings XI Punjab,Mumbai Indians,bat,1.0,Mumbai Indians,4.0,,RG Sharma,DR Smith|SR Tendulkar|KD Karthik|RG Sharma|KA Pollard|AT Rayudu|Harbhajan Singh|MG Johnson|SL Malinga|DS Kulkarni|PP Ojha,Mandeep Singh|SE Marsh|M Vohra|DJ Hussey|DA Miller|Gurkeerat Singh|Azhar Mahmood|MS Gony|PP Chawla|P Kumar|P Awana,Mumbai Indians,174,3,Kings XI Punjab,170.0,10.0
598038,42.0,2013,2013-04-30,Subrata Roy Sahara Stadium,Pune,Pune Warriors,Chennai Super Kings,Chennai Super Kings,bat,1.0,Chennai Super Kings,37.0,,MS Dhoni,RV Uthappa|AJ Finch|TL Suman|Yuvraj Singh|SPD Smith|LJ Wright|AM Nayar|KW Richardson|B Kumar|R Sharma|AB Dinda,MEK Hussey|WP Saha|SK Raina|S Badrinath|MS Dhoni|RA Jadeja|DJ Bravo|JA Morkel|CH Morris|R Ashwin|MM Sharma,Chennai Super Kings,164,3,Pune Warriors,127.0,9.0
598039,43.0,2013,2013-05-01,"Rajiv Gandhi International Stadium, Uppal",Hyderabad,Sunrisers Hyderabad,Mumbai Indians,Mumbai Indians,bat,0.0,Sunrisers Hyderabad,,7.0,I Sharma,PA Reddy|S Dhawan|KC Sangakkara|GH Vihari|DJG Sammy|NLTC Perera|A Ashish Reddy|KV Sharma|A Mishra|DW Steyn|I Sharma,DR Smith|SR Tendulkar|KD Karthik|RG Sharma|KA Pollard|AT Rayudu|Harbhajan Singh|MG Johnson|SL Malinga|DS Kulkarni|PP Ojha,Mumbai Indians,129,4,Sunrisers Hyderabad,130.0,3.0
598040,44.0,2013,2013-05-01,Shaheed Veer Narayan Singh International Stadium,Raipur,Delhi Daredevils,Kolkata Knight Riders,Kolkata Knight Riders,bat,0.0,Delhi Daredevils,,7.0,DA Warner,DPMD Jayawardene|V Sehwag|UBT Chand|DA Warner|BJ Rohrer|KM Jadhav|IK Pathan|S Nadeem|M Morkel|UT Yadav|A Nehra,MS Bisla|G Gambhir|YK Pathan|JH Kallis|EJG Morgan|DB Das|R Bhatia|S Narwal|B Lee|SP Narine|L Balaji,Kolkata Knight Riders,136,7,Delhi Daredevils,137.0,3.0
598041,45.0,2013,2013-05-02,"MA Chidambaram Stadium, Chepauk",Chennai,Chennai Super Kings,Kings XI Punjab,Chennai Super Kings,bat,1.0,Chennai Super Kings,15.0,,SK Raina,WP Saha|MEK Hussey|SK Raina|MS Dhoni|JA Morkel|RA Jadeja|S Badrinath|DJ Bravo|CH Morris|R Ashwin|MM Sharma,LA Pomersbach|Mandeep Singh|SE Marsh|DJ Hussey|DA Miller|Gurkeerat Singh|R Sathish|MS Gony|PP Chawla|P Kumar|P Awana,Chennai Super Kings,186,4,Kings XI Punjab,171.0,6.0
598042,46.0,2013,2013-05-02,Subrata Roy Sahara Stadium,Pune,Pune Warriors,Royal Challengers Bangalore,Royal Challengers Bangalore,bat,1.0,Royal Challengers Bangalore,17.0,,AB de Villiers,RV Uthappa|AJ Finch|TL Suman|Yuvraj Singh|SPD Smith|AD Mathews|AM Nayar|B Kumar|BAW Mendis|AB Dinda|R Sharma,SS Tiwary|CH Gayle|V Kohli|AB de Villiers|MC Henriques|KL Rahul|KB Arun Karthik|R Vinay Kumar|M Kartik|M Muralitharan|RP Singh,Royal Challengers Bangalore,187,3,Pune Warriors,170.0,9.0
598043,47.0,2013,2013-05-03,Eden Gardens,Kolkata,Kolkata Knight Riders,Rajasthan Royals,Rajasthan Royals,bat,0.0,Kolkata Knight Riders,,8.0,YK Pathan,G Gambhir|MS Bisla|JH Kallis|YK Pathan|EJG Morgan|DB Das|R Bhatia|S Narwal|SMSM Senanayake|Iqbal Abdulla|SP Narine,SR Watson|AM Rahane|JP Faulkner|SV Samson|DH Yagnik|OA Shah|STR Binny|R Dravid|AA Chavan|GB Hogg|SK Trivedi,Rajasthan Royals,132,6,Kolkata Knight Riders,133.0,2.0
598044,48.0,2013,2013-05-04,"Rajiv Gandhi International Stadium, Uppal",Hyderabad,Sunrisers Hyderabad,Delhi Daredevils,Delhi Daredevils,bat,0.0,Sunrisers Hyderabad,,6.0,DJG Sammy,PA Patel|S Dhawan|A Ashish Reddy|DJG Sammy|KC Sangakkara|GH Vihari|NLTC Perera|KV Sharma|A Mishra|DW Steyn|I Sharma,DPMD Jayawardene|V Sehwag|UBT Chand|DA Warner|BMAJ Mendis|KM Jadhav|IK Pathan|J Botha|S Nadeem|A Nehra|UT Yadav,Delhi Daredevils,80,10,Sunrisers Hyderabad,81.0,4.0
598045,63.0,2013,2013-05-14,M Chinnaswamy Stadium,Bangalore,Royal Challengers Bangalore,Kings XI Punjab,Kings XI Punjab,field,1.0,Kings XI Punjab,,7.0,AC Gilchrist,CA Pujara|CH Gayle|V Kohli|AB de Villiers|MC Henriques|KL Rahul|KB Arun Karthik|R Vinay Kumar|Z Khan|M Muralitharan|JD Unadkat,AC Gilchrist|SE Marsh|Azhar Mahmood|DA Miller|R Sathish|Mandeep Singh|M Vohra|PP Chawla|MS Gony|P Awana|Sandeep Sharma,Royal Challengers Bangalore,174,5,Kings XI Punjab,176.0,3.0
598046,49.0,2013,2013-05-05,Wankhede Stadium,Mumbai,Mumbai Indians,Chennai Super Kings,Mumbai Indians,bat,1.0,Mumbai Indians,60.0,,MG Johnson,DR Smith|SR Tendulkar|KD Karthik|KA Pollard|RG Sharma|AT Rayudu|Harbhajan Singh|MG Johnson|SL Malinga|PP Ojha|P Suyal,MEK Hussey|M Vijay|SK Raina|S Badrinath|DJ Bravo|R Ashwin|MS Dhoni|RA Jadeja|CH Morris|MM Sharma|B Laughlin,Mumbai Indians,139,5,Chennai Super Kings,79.0,10.0
598047,50.0,2013,2013-05-05,Sawai Mansingh Stadium,Jaipur,Rajasthan Royals,Pune Warriors,Pune Warriors,bat,0.0,Rajasthan Royals,,5.0,AM Rahane,R Dravid|AM Rahane|SR Watson|BJ Hodge|STR Binny|SV Samson|JP Faulkner|Sachin Baby|KK Cooper|A Chandila|SK Trivedi,RV Uthappa|AJ Finch|Yuvraj Singh|MR Marsh|AD Mathews|M Rawat|UA Birla|B Kumar|WD Parnell|K Upadhyay|R Sharma,Pune Warriors,178,4,Rajasthan Royals,182.0,5.0
598048,9.0,2013,2013-04-09,M Chinnaswamy Stadium,Bangalore,Royal Challengers Bangalore,Sunrisers Hyderabad,Sunrisers Hyderabad,bat,0.0,Royal Challengers Bangalore,,7.0,V Kohli,MA Agarwal|CH Gayle|V Kohli|AB de Villiers|MC Henriques|KB Arun Karthik|R Vinay Kumar|M Kartik|JD Unadkat|RP Singh|M Muralitharan,PA Reddy|PA Patel|KC Sangakkara|CL White|NLTC Perera|A Ashish Reddy|GH Vihari|BB Samantray|A Mishra|DW Steyn|I Sharma,Sunrisers Hyderabad,161,6,Royal Challengers Bangalore,162.0,3.0
598049,52.0,2013,2013-05-07,Sawai Mansingh Stadium,Jaipur,Rajasthan Royals,Delhi Daredevils,Delhi Daredevils,bat,0.0,Rajasthan Royals,,9.0,AM Rahane,R Dravid|AM Rahane|SR Watson|SV Samson|STR Binny|BJ Hodge|Sachin Baby|JP Faulkner|SK Trivedi|PV Tambe|SW Tait,DPMD Jayawardene|V Sehwag|CM Gautam|DA Warner|BJ Rohrer|KM Jadhav|AB Agarkar|M Morkel|UT Yadav|P Negi|S Kaul,Delhi Daredevils,154,4,Rajasthan Royals,155.0,1.0
598050,53.0,2013,2013-05-07,Wankhede Stadium,Mumbai,Mumbai Indians,Kolkata Knight Riders,Mumbai Indians,bat,1.0,Mumbai Indians,65.0,,SR Tendulkar,DR Smith|SR Tendulkar|KD Karthik|RG Sharma|KA Pollard|AT Rayudu|Harbhajan Singh|MG Johnson|SL Malinga|PP Ojha|AN Ahmed,MS Bisla|G Gambhir|JH Kallis|YK Pathan|EJG Morgan|DB Das|R McLaren|R Bhatia|Iqbal Abdulla|SP Narine|L Balaji,Mumbai Indians,170,6,Kolkata Knight Riders,105.0,10.0
598051,54.0,2013,2013-05-08,"Rajiv Gandhi International Stadium, Uppal",Hyderabad,Sunrisers Hyderabad,Chennai Super Kings,Sunrisers Hyderabad,field,0.0,Chennai Super Kings,77.0,,SK Raina,PA Patel|S Dhawan|KC Sangakkara|GH Vihari|DJG Sammy|NLTC Perera|KV Sharma|A Mishra|DW Steyn|I Sharma|A Ashish Reddy,MEK Hussey|M Vijay|SK Raina|MS Dhoni|RA Jadeja|S Badrinath|DJ Bravo|CH Morris|R Ashwin|JO Holder|MM Sharma,Chennai Super Kings,223,3,Sunrisers Hyderabad,146.0,8.0
598052,55.0,2013,2013-05-09,"Punjab Cricket Association Stadium, Mohali",Chandigarh,Kings XI Punjab,Rajasthan Royals,Rajasthan Royals,field,1.0,Rajasthan Royals,,8.0,KK Cooper,Mandeep Singh|AC Gilchrist|SE Marsh|DJ Hussey|DA Miller|MS Gony|R Sathish|PP Chawla|Bipul Sharma|P Kumar|P Awana,R Dravid|AM Rahane|SR Watson|SV Samson|BJ Hodge|DH Yagnik|KK Cooper|JP Faulkner|A Chandila|S Sreesanth|SK Trivedi,Kings XI Punjab,145,6,Rajasthan Royals,147.0,2.0
598053,56.0,2013,2013-05-09,Subrata Roy Sahara Stadium,Pune,Pune Warriors,Kolkata Knight Riders,Kolkata Knight Riders,bat,1.0,Kolkata Knight Riders,46.0,,G Gambhir,RV Uthappa|AJ Finch|Yuvraj Singh|UA Birla|AD Mathews|MR Marsh|M Rawat|WD Parnell|B Kumar|Parvez Rasool|K Upadhyay,MS Bisla|G Gambhir|JH Kallis|EJG Morgan|RN ten Doeschate|YK Pathan|MK Tiwary|R Bhatia|Iqbal Abdulla|SP Narine|L Balaji,Kolkata Knight Riders,152,6,Pune Warriors,106.0,10.0
598054,57.0,2013,2013-05-10,Feroz Shah Kotla,Delhi,Delhi Daredevils,Royal Challengers Bangalore,Delhi Daredevils,field,0.0,Royal Challengers Bangalore,4.0,,JD Unadkat,DPMD Jayawardene|V Sehwag|UBT Chand|DA Warner|BJ Rohrer|KM Jadhav|IK Pathan|M Morkel|UT Yadav|S Nadeem|S Kaul,CA Pujara|CH Gayle|V Kohli|MC Henriques|AB de Villiers|SS Tiwary|J Syed Mohammad|R Vinay Kumar|R Rampaul|M Kartik|JD Unadkat,Royal Challengers Bangalore,183,4,Delhi Daredevils,179.0,7.0
598055,58.0,2013,2013-05-11,Subrata Roy Sahara Stadium,Pune,Pune Warriors,Mumbai Indians,Pune Warriors,bat,0.0,Mumbai Indians,,5.0,MG Johnson,RV Uthappa|AJ Finch|MK Pandey|Yuvraj Singh|AD Mathews|AM Nayar|KW Richardson|Parvez Rasool|B Kumar|AB Dinda|BAW Mendis,DR Smith|SR Tendulkar|KD Karthik|RG Sharma|AT Rayudu|GJ Maxwell|Harbhajan Singh|MG Johnson|SL Malinga|PP Ojha|AN Ahmed,Pune Warriors,112,8,Mumbai Indians,116.0,5.0
598056,59.0,2013,2013-05-11,"Punjab Cricket Association Stadium, Mohali",Chandigarh,Kings XI Punjab,Sunrisers Hyderabad,Kings XI Punjab,field,0.0,Sunrisers Hyderabad,30.0,,PA Patel,AC Gilchrist|Mandeep Singh|SE Marsh|LA Pomersbach|DA Miller|R Sathish|PP Chawla|P Kumar|Harmeet Singh|P Awana|Sandeep Sharma,PA Patel|S Dhawan|GH Vihari|CL White|BB Samantray|DJG Sammy|KV Sharma|NLTC Perera|DW Steyn|A Mishra|I Sharma,Sunrisers Hyderabad,150,7,Kings XI Punjab,120.0,9.0
598057,60.0,2013,2013-05-12,JSCA International Stadium Complex,Ranchi,Kolkata Knight Riders,Royal Challengers Bangalore,Kolkata Knight Riders,field,1.0,Kolkata Knight Riders,,5.0,JH Kallis,MS Bisla|G Gambhir|JH Kallis|YK Pathan|MK Tiwary|RN ten Doeschate|R Bhatia|DB Das|SMSM Senanayake|SP Narine|L Balaji,CA Pujara|CH Gayle|V Kohli|AB de Villiers|MC Henriques|SS Tiwary|R Vinay Kumar|R Rampaul|A Mithun|M Kartik|JD Unadkat,Royal Challengers Bangalore,115,9,Kolkata Knight Riders,116.0,5.0
598058,61.0,2013,2013-05-12,Sawai Mansingh Stadium,Jaipur,Rajasthan Royals,Chennai Super Kings,Rajasthan Royals,field,1.0,Rajasthan Royals,,5.0,SR Watson,R Dravid|AM Rahane|JP Faulkner|SV Samson|SR Watson|STR Binny|BJ Hodge|DH Yagnik|SK Trivedi|KK Cooper|VS Malik,MEK Hussey|M Vijay|SK Raina|MS Dhoni|RA Jadeja|DJ Bravo|S Badrinath|CH Morris|R Ashwin|JO Holder|MM Sharma,Chennai Super Kings,141,4,Rajasthan Royals,144.0,5.0
598059,32.0,2013,2013-04-23,Feroz Shah Kotla,Delhi,Delhi Daredevils,Kings XI Punjab,Kings XI Punjab,field,1.0,Kings XI Punjab,,5.0,Harmeet Singh,DPMD Jayawardene|V Sehwag|RE van der Merwe|DA Warner|MC Juneja|KM Jadhav|J Botha|IK Pathan|AB Agarkar|A Nehra|UT Yadav,AC Gilchrist|Mandeep Singh|LA Pomersbach|DA Miller|M Vohra|DJ Hussey|PP Chawla|P Kumar|Harmeet Singh|BA Bhatt|P Awana,Delhi Daredevils,120,7,Kings XI Punjab,121.0,5.0
598060,62.0,2013,2013-05-13,Wankhede Stadium,Mumbai,Mumbai Indians,Sunrisers Hyderabad,Sunrisers Hyderabad,bat,0.0,Mumbai Indians,,7.0,KA Pollard,DR Smith|SR Tendulkar|KD Karthik|RG Sharma|AT Rayudu|KA Pollard|Harbhajan Singh|MG Johnson|DS Kulkarni|SL Malinga|PP Ojha,PA Patel|S Dhawan|GH Vihari|CL White|NLTC Perera|DJG Sammy|BB Samantray|KV Sharma|A Mishra|DW Steyn|I Sharma,Sunrisers Hyderabad,178,3,Mumbai Indians,184.0,4.0
598061,65.0,2013,2013-05-15,JSCA International Stadium Complex,Ranchi,Kolkata Knight Riders,Pune Warriors,Kolkata Knight Riders,field,0.0,Pune Warriors,7.0,,MK Pandey,G Gambhir|MS Bisla|JH Kallis|YK Pathan|RN ten Doeschate|MK Tiwary|DB Das|R Bhatia|SMSM Senanayake|SP Narine|L Balaji,RV Uthappa|AJ Finch|MK Pandey|Yuvraj Singh|LJ Wright|AD Mathews|RV Gomez|WD Parnell|B Kumar|AG Murtaza|IC Pandey,Pune Warriors,170,4,Kolkata Knight Riders,163.0,7.0
598062,64.0,2013,2013-05-14,"MA Chidambaram Stadium, Chepauk",Chennai,Chennai Super Kings,Delhi Daredevils,Chennai Super Kings,bat,1.0,Chennai Super Kings,33.0,,MS Dhoni,MEK Hussey|M Vijay|SK Raina|MS Dhoni|RA Jadeja|DJ Bravo|S Badrinath|JA Morkel|R Ashwin|JO Holder|MM Sharma,V Sehwag|UBT Chand|J Botha|DA Warner|KM Jadhav|BJ Rohrer|RE van der Merwe|IK Pathan|UT Yadav|A Nehra|S Kaul,Chennai Super Kings,168,4,Delhi Daredevils,135.0,9.0
598063,66.0,2013,2013-05-15,Wankhede Stadium,Mumbai,Mumbai Indians,Rajasthan Royals,Rajasthan Royals,field,0.0,Mumbai Indians,14.0,,AP Tare,GJ Maxwell|AP Tare|KD Karthik|RG Sharma|KA Pollard|AT Rayudu|Harbhajan Singh|MG Johnson|SL Malinga|DS Kulkarni|PP Ojha,R Dravid|AM Rahane|JP Faulkner|SV Samson|SR Watson|STR Binny|DH Yagnik|BJ Hodge|KK Cooper|AA Chavan|PV Tambe,Mumbai Indians,166,8,Rajasthan Royals,152.0,7.0
598064,51.0,2013,2013-05-06,"Punjab Cricket Association Stadium, Mohali",Chandigarh,Kings XI Punjab,Royal Challengers Bangalore,Kings XI Punjab,field,1.0,Kings XI Punjab,,6.0,DA Miller,Mandeep Singh|SE Marsh|Gurkeerat Singh|DJ Hussey|DA Miller|R Sathish|MG Neser|PP Chawla|P Kumar|MS Gony|P Awana,CA Pujara|CH Gayle|V Kohli|AB de Villiers|MC Henriques|SS Tiwary|KB Arun Karthik|R Vinay Kumar|R Rampaul|M Kartik|RP Singh,Royal Challengers Bangalore,190,3,Kings XI Punjab,194.0,4.0
598065,68.0,2013,2013-05-17,"Rajiv Gandhi International Stadium, Uppal",Hyderabad,Sunrisers Hyderabad,Rajasthan Royals,Sunrisers Hyderabad,bat,1.0,Sunrisers Hyderabad,23.0,,A Mishra,PA Patel|S Dhawan|GH Vihari|CL White|BB Samantray|DJG Sammy|NLTC Perera|DW Steyn|KV Sharma|A Mishra|I Sharma,R Dravid|AM Rahane|SR Watson|SV Samson|STR Binny|BJ Hodge|Sachin Baby|JP Faulkner|KK Cooper|PV Tambe|SK Trivedi,Sunrisers Hyderabad,136,9,Rajasthan Royals,113.0,9.0
598066,69.0,2013,2013-05-18,Himachal Pradesh Cricket Association Stadium,Dharamsala,Kings XI Punjab,Mumbai Indians,Mumbai Indians,field,0.0,Kings XI Punjab,50.0,,Azhar Mahmood,AC Gilchrist|Mandeep Singh|Azhar Mahmood|SE Marsh|DA Miller|M Vohra|Gurkeerat Singh|PP Chawla|P Kumar|P Awana|Sandeep Sharma,GJ Maxwell|AP Tare|AT Rayudu|RG Sharma|KD Karthik|KA Pollard|R Dhawan|Harbhajan Singh|NM Coulter-Nile|SL Malinga|DS Kulkarni,Kings XI Punjab,183,8,Mumbai Indians,133.0,9.0
598067,71.0,2013,2013-05-19,Subrata Roy Sahara Stadium,Pune,Pune Warriors,Delhi Daredevils,Pune Warriors,bat,1.0,Pune Warriors,38.0,,LJ Wright,RV Uthappa|AJ Finch|MK Pandey|Yuvraj Singh|AD Mathews|LJ Wright|RV Gomez|WD Parnell|B Kumar|AG Murtaza|AB Dinda,DPMD Jayawardene|DA Warner|B Chipli|V Sehwag|BJ Rohrer|IK Pathan|CM Gautam|M Morkel|UT Yadav|S Nadeem|S Kaul,Pune Warriors,172,5,Delhi Daredevils,134.0,9.0
598068,70.0,2013,2013-05-18,M Chinnaswamy Stadium,Bangalore,Royal Challengers Bangalore,Chennai Super Kings,Chennai Super Kings,field,0.0,Royal Challengers Bangalore,24.0,,V Kohli,V Kohli|CH Gayle|AB de Villiers|MC Henriques|RP Singh|KL Rahul|SS Tiwary|R Vinay Kumar|Z Khan|R Rampaul|JD Unadkat,MEK Hussey|M Vijay|SK Raina|DJ Bravo|MS Dhoni|RA Jadeja|S Badrinath|CH Morris|R Ashwin|JO Holder|MM Sharma,Royal Challengers Bangalore,106,2,Chennai Super Kings,82.0,6.0
598069,72.0,2013,2013-05-19,"Rajiv Gandhi International Stadium, Uppal",Hyderabad,Sunrisers Hyderabad,Kolkata Knight Riders,Kolkata Knight Riders,bat,0.0,Sunrisers Hyderabad,,5.0,PA Patel,PA Patel|S Dhawan|GH Vihari|CL White|NLTC Perera|DJG Sammy|BB Samantray|KV Sharma|A Mishra|DW Steyn|Anand Rajan,MS Bisla|G Gambhir|JH Kallis|EJG Morgan|YK Pathan|RN ten Doeschate|P Dogra|SP Narine|Iqbal Abdulla|PJ Sangwan|Mohammed Shami,Kolkata Knight Riders,130,7,Sunrisers Hyderabad,132.0,5.0
598070,,2013,2013-05-21,Feroz Shah Kotla,Delhi,Chennai Super Kings,Mumbai Indians,Chennai Super Kings,bat,1.0,Chennai Super Kings,48.0,,MEK Hussey,MEK Hussey|M Vijay|SK Raina|MS Dhoni|RA Jadeja|S Badrinath|DJ Bravo|JA Morkel|CH Morris|R Ashwin|MM Sharma,DR Smith|AP Tare|KD Karthik|RG Sharma|KA Pollard|AT Rayudu|Harbhajan Singh|MG Johnson|SL Malinga|PP Ojha|MM Patel,Chennai Super Kings,192,1,Mumbai Indians,144.0,10.0
598071,,2013,2013-05-22,Feroz Shah Kotla,Delhi,Rajasthan Royals,Sunrisers Hyderabad,Sunrisers Hyderabad,bat,0.0,Rajasthan Royals,,4.0,BJ Hodge,R Dravid|AM Rahane|SR Watson|DH Yagnik|STR Binny|SV Samson|BJ Hodge|JP Faulkner|KK Cooper|VS Malik|SK Trivedi,PA Patel|S Dhawan|GH Vihari|CL White|DJG Sammy|NLTC Perera|BB Samantray|KV Sharma|DW Steyn|A Mishra|I Sharma,Sunrisers Hyderabad,132,7,Rajasthan Royals,135.0,6.0
598072,,2013,2013-05-24,Eden Gardens,Kolkata,Mumbai Indians,Rajasthan Royals,Rajasthan Royals,bat,0.0,Mumbai Indians,,4.0,Harbhajan Singh,DR Smith|AP Tare|KD Karthik|RG Sharma|KA Pollard|AT Rayudu|Harbhajan Singh|R Dhawan|MG Johnson|SL Malinga|PP Ojha,R Dravid|AM Rahane|SR Watson|SV Samson|STR Binny|BJ Hodge|KK Cooper|DH Yagnik|JP Faulkner|VS Malik|SK Trivedi,Rajasthan Royals,165,6,Mumbai Indians,169.0,6.0
598073,,2013,2013-05-26,Eden Gardens,Kolkata,Chennai Super Kings,Mumbai Indians,Mumbai Indians,bat,1.0,Mumbai Indians,23.0,,KA Pollard,MEK Hussey|M Vijay|SK Raina|S Badrinath|DJ Bravo|RA Jadeja|MS Dhoni|JA Morkel|CH Morris|R Ashwin|MM Sharma,DR Smith|AP Tare|KD Karthik|RG Sharma|AT Rayudu|KA Pollard|Harbhajan Singh|R Dhawan|MG Johnson|SL Malinga|PP Ojha,Mumbai Indians,148,9,Chennai Super Kings,125.0,9.0
729279,1.0,2014,2014-04-16,Sheikh Zayed Stadium,Abu Dhabi,Mumbai Indians,Kolkata Knight Riders,Kolkata Knight Riders,bat,1.0,Kolkata Knight Riders,41.0,,JH Kallis,MEK Hussey|AP Tare|AT Rayudu|RG Sharma|KA Pollard|CJ Anderson|Harbhajan Singh|CM Gautam|SL Malinga|Z Khan|PP Ojha,G Gambhir|JH Kallis|MK Pandey|RV Uthappa|YK Pathan|Shakib Al Hasan|SA Yadav|PP Chawla|R Vinay Kumar|SP Narine|M Morkel,Kolkata Knight Riders,163,5,Mumbai Indians,122.0,7.0
729281,2.0,2014,2014-04-17,Sharjah Cricket Stadium,,Delhi Daredevils,Royal Challengers Bangalore,Royal Challengers Bangalore,field,1.0,Royal Challengers Bangalore,,8.0,YS Chahal,MA Agarwal|M Vijay|KD Karthik|MK Tiwary|JP Duminy|LRPL Taylor|JDS Neesham|WD Parnell|S Nadeem|R Sharma|Mohammed Shami,PA Patel|NJ Maddinson|V Kohli|Yuvraj Singh|AB de Villiers|JA Morkel|S Rana|AB Dinda|MA Starc|YS Chahal|VR Aaron,Delhi Daredevils,145,4,Royal Challengers Bangalore,146.0,2.0
729283,3.0,2014,2014-04-18,Sheikh Zayed Stadium,Abu Dhabi,Chennai Super Kings,Kings XI Punjab,Chennai Super Kings,bat,0.0,Kings XI Punjab,,6.0,GJ Maxwell,DR Smith|BB McCullum|SK Raina|MS Dhoni|DJ Bravo|F du Plessis|RA Jadeja|R Ashwin|P Negi|A Nehra|MM Sharma,CA Pujara|V Sehwag|GJ Maxwell|AR Patel|DA Miller|GJ Bailey|WP Saha|MG Johnson|R Dhawan|P Awana|L Balaji,Chennai Super Kings,205,4,Kings XI Punjab,206.0,4.0
729285,4.0,2014,2014-04-18,Sheikh Zayed Stadium,Abu Dhabi,Sunrisers Hyderabad,Rajasthan Royals,Rajasthan Royals,field,1.0,Rajasthan Royals,,4.0,AM Rahane,AJ Finch|S Dhawan|DA Warner|KL Rahul|DJG Sammy|Y Venugopal Rao|KV Sharma|DW Steyn|A Mishra|B Kumar|I Sharma,AM Nayar|AM Rahane|SV Samson|SR Watson|STR Binny|BJ Hodge|R Bhatia|JP Faulkner|KW Richardson|DS Kulkarni|PV Tambe,Sunrisers Hyderabad,133,6,Rajasthan Royals,135.0,6.0
729287,5.0,2014,2014-04-19,Dubai International Cricket Stadium,,Royal Challengers Bangalore,Mumbai Indians,Royal Challengers Bangalore,field,1.0,Royal Challengers Bangalore,,7.0,PA Patel,NJ Maddinson|PA Patel|V Kohli|Yuvraj Singh|AB de Villiers|JA Morkel|S Rana|AB Dinda|MA Starc|YS Chahal|VR Aaron,MEK Hussey|AP Tare|AT Rayudu|RG Sharma|KA Pollard|CJ Anderson|Harbhajan Singh|Z Khan|SL Malinga|PP Ojha|JJ Bumrah,Mumbai Indians,115,9,Royal Challengers Bangalore,116.0,3.0
729289,6.0,2014,2014-04-19,Dubai International Cricket Stadium,,Kolkata Knight Riders,Delhi Daredevils,Kolkata Knight Riders,bat,0.0,Delhi Daredevils,,4.0,JP Duminy,JH Kallis|G Gambhir|MK Pandey|RV Uthappa|Shakib Al Hasan|YK Pathan|SA Yadav|PP Chawla|R Vinay Kumar|SP Narine|M Morkel,M Vijay|MA Agarwal|KD Karthik|LRPL Taylor|JP Duminy|MK Tiwary|JDS Neesham|NM Coulter-Nile|S Nadeem|Mohammed Shami|JD Unadkat,Kolkata Knight Riders,166,5,Delhi Daredevils,167.0,6.0
729291,7.0,2014,2014-04-20,Sharjah Cricket Stadium,,Rajasthan Royals,Kings XI Punjab,Kings XI Punjab,field,1.0,Kings XI Punjab,,7.0,GJ Maxwell,AM Nayar|AM Rahane|SV Samson|SR Watson|STR Binny|SPD Smith|JP Faulkner|R Bhatia|KW Richardson|DS Kulkarni|PV Tambe,CA Pujara|V Sehwag|WP Saha|GJ Maxwell|DA Miller|GJ Bailey|MG Johnson|M Kartik|AR Patel|P Awana|L Balaji,Rajasthan Royals,191,5,Kings XI Punjab,193.0,3.0
729293,8.0,2014,2014-04-21,Sheikh Zayed Stadium,Abu Dhabi,Chennai Super Kings,Delhi Daredevils,Chennai Super Kings,bat,1.0,Chennai Super Kings,93.0,,SK Raina,DR Smith|BB McCullum|SK Raina|F du Plessis|MS Dhoni|RA Jadeja|M Manhas|R Ashwin|BW Hilfenhaus|MM Sharma|IC Pandey,MA Agarwal|M Vijay|KD Karthik|MK Tiwary|JP Duminy|LRPL Taylor|JDS Neesham|S Nadeem|Mohammed Shami|JD Unadkat|NM Coulter-Nile,Chennai Super Kings,177,7,Delhi Daredevils,84.0,9.0
729295,9.0,2014,2014-04-22,Sharjah Cricket Stadium,,Kings XI Punjab,Sunrisers Hyderabad,Sunrisers Hyderabad,field,0.0,Kings XI Punjab,72.0,,GJ Maxwell,CA Pujara|V Sehwag|GJ Maxwell|DA Miller|GJ Bailey|MG Johnson|AR Patel|WP Saha|L Balaji|R Dhawan|Sandeep Sharma,AJ Finch|S Dhawan|DA Warner|KL Rahul|Y Venugopal Rao|IK Pathan|DJG Sammy|KV Sharma|DW Steyn|A Mishra|B Kumar,Kings XI Punjab,193,6,Sunrisers Hyderabad,121.0,10.0
729297,10.0,2014,2014-04-23,Dubai International Cricket Stadium,,Rajasthan Royals,Chennai Super Kings,Rajasthan Royals,field,0.0,Chennai Super Kings,7.0,,RA Jadeja,AM Nayar|AM Rahane|SV Samson|SR Watson|STR Binny|SPD Smith|R Bhatia|JP Faulkner|TG Southee|DS Kulkarni|PV Tambe,DR Smith|BB McCullum|SK Raina|F du Plessis|MS Dhoni|RA Jadeja|M Manhas|R Ashwin|BW Hilfenhaus|IC Pandey|MM Sharma,Chennai Super Kings,140,6,Rajasthan Royals,133.0,10.0
729299,11.0,2014,2014-04-24,Sharjah Cricket Stadium,,Royal Challengers Bangalore,Kolkata Knight Riders,Royal Challengers Bangalore,field,0.0,Kolkata Knight Riders,2.0,,CA Lynn,PA Patel|YV Takawale|V Kohli|Yuvraj Singh|AB de Villiers|JA Morkel|MA Starc|AB Dinda|YS Chahal|VR Aaron|M Muralitharan,JH Kallis|G Gambhir|MK Pandey|CA Lynn|YK Pathan|RV Uthappa|SA Yadav|R Vinay Kumar|SP Narine|M Morkel|UT Yadav,Kolkata Knight Riders,150,7,Royal Challengers Bangalore,148.0,5.0
729301,12.0,2014,2014-04-25,Dubai International Cricket Stadium,,Sunrisers Hyderabad,Delhi Daredevils,Sunrisers Hyderabad,bat,1.0,Sunrisers Hyderabad,4.0,,AJ Finch,S Dhawan|AJ Finch|DA Warner|KL Rahul|DJG Sammy|Y Venugopal Rao|KV Sharma|NV Ojha|DW Steyn|A Mishra|B Kumar,Q de Kock|M Vijay|KP Pietersen|KD Karthik|JP Duminy|MK Tiwary|LR Shukla|WD Parnell|S Nadeem|Mohammed Shami|JD Unadkat,Sunrisers Hyderabad,184,1,Delhi Daredevils,180.0,4.0
729303,13.0,2014,2014-04-25,Dubai International Cricket Stadium,,Chennai Super Kings,Mumbai Indians,Mumbai Indians,bat,0.0,Chennai Super Kings,,7.0,MM Sharma,DR Smith|BB McCullum|SK Raina|F du Plessis|MS Dhoni|M Manhas|RA Jadeja|R Ashwin|BW Hilfenhaus|IC Pandey|MM Sharma,MEK Hussey|AP Tare|CJ Anderson|RG Sharma|KA Pollard|AT Rayudu|CM Gautam|Harbhajan Singh|Z Khan|PP Ojha|SL Malinga,Mumbai Indians,141,7,Chennai Super Kings,142.0,3.0
729305,14.0,2014,2014-04-26,Sheikh Zayed Stadium,Abu Dhabi,Rajasthan Royals,Royal Challengers Bangalore,Rajasthan Royals,field,1.0,Rajasthan Royals,,6.0,PV Tambe,AM Rahane|KK Nair|SV Samson|AM Nayar|SR Watson|STR Binny|SPD Smith|R Bhatia|KW Richardson|PV Tambe|TG Southee,PA Patel|YV Takawale|V Kohli|Yuvraj Singh|AB de Villiers|S Rana|JA Morkel|MA Starc|R Rampaul|AB Dinda|YS Chahal,Royal Challengers Bangalore,70,10,Rajasthan Royals,71.0,4.0
729307,15.0,2014,2014-04-26,Sheikh Zayed Stadium,Abu Dhabi,Kolkata Knight Riders,Kings XI Punjab,Kolkata Knight Riders,field,0.0,Kings XI Punjab,23.0,,Sandeep Sharma,MK Pandey|JH Kallis|G Gambhir|CA Lynn|RV Uthappa|YK Pathan|SA Yadav|PP Chawla|SP Narine|UT Yadav|M Morkel,CA Pujara|V Sehwag|WP Saha|GJ Maxwell|DA Miller|GJ Bailey|R Dhawan|AR Patel|MG Johnson|L Balaji|Sandeep Sharma,Kings XI Punjab,132,9,Kolkata Knight Riders,109.0,10.0
729309,16.0,2014,2014-04-27,Sharjah Cricket Stadium,,Delhi Daredevils,Mumbai Indians,Mumbai Indians,bat,0.0,Delhi Daredevils,,6.0,M Vijay,Q de Kock|M Vijay|JP Duminy|KP Pietersen|KD Karthik|KM Jadhav|LR Shukla|WD Parnell|S Nadeem|Mohammed Shami|JD Unadkat,RG Sharma|AP Tare|CJ Anderson|AT Rayudu|MEK Hussey|KA Pollard|CM Gautam|Harbhajan Singh|Z Khan|PP Ojha|SL Malinga,Mumbai Indians,125,7,Delhi Daredevils,126.0,4.0
729311,17.0,2014,2014-04-27,Sharjah Cricket Stadium,,Sunrisers Hyderabad,Chennai Super Kings,Sunrisers Hyderabad,bat,0.0,Chennai Super Kings,,5.0,DR Smith,AJ Finch|S Dhawan|DA Warner|KL Rahul|Y Venugopal Rao|DJG Sammy|KV Sharma|DW Steyn|A Mishra|B Kumar|I Sharma,DR Smith|BB McCullum|SK Raina|MS Dhoni|F du Plessis|RA Jadeja|M Manhas|R Ashwin|BW Hilfenhaus|IC Pandey|MM Sharma,Sunrisers Hyderabad,145,5,Chennai Super Kings,146.0,5.0
729313,18.0,2014,2014-04-28,Dubai International Cricket Stadium,,Kings XI Punjab,Royal Challengers Bangalore,Kings XI Punjab,field,1.0,Kings XI Punjab,,5.0,Sandeep Sharma,CA Pujara|V Sehwag|WP Saha|GJ Maxwell|DA Miller|GJ Bailey|R Dhawan|MG Johnson|AR Patel|L Balaji|Sandeep Sharma,CH Gayle|PA Patel|V Kohli|YV Takawale|AB de Villiers|Yuvraj Singh|JA Morkel|MA Starc|VR Aaron|AB Dinda|YS Chahal,Royal Challengers Bangalore,124,8,Kings XI Punjab,127.0,5.0
729315,19.0,2014,2014-04-29,Sheikh Zayed Stadium,Abu Dhabi,Kolkata Knight Riders,Rajasthan Royals,Rajasthan Royals,bat,,,,,JP Faulkner,G Gambhir|MS Bisla|JH Kallis|MK Pandey|SA Yadav|Shakib Al Hasan|RV Uthappa|R Vinay Kumar|PP Chawla|SP Narine|M Morkel,AM Rahane|KK Nair|SV Samson|SR Watson|STR Binny|SPD Smith|JP Faulkner|R Bhatia|KW Richardson|PV Tambe|Iqbal Abdulla,Rajasthan Royals,152,5,Kolkata Knight Riders,152.0,8.0
729317,20.0,2014,2014-04-30,Dubai International Cricket Stadium,,Mumbai Indians,Sunrisers Hyderabad,Mumbai Indians,field,0.0,Sunrisers Hyderabad,15.0,,B Kumar,BR Dunk|RG Sharma|CJ Anderson|AT Rayudu|KA Pollard|AP Tare|Harbhajan Singh|CM Gautam|Z Khan|PP Ojha|SL Malinga,AJ Finch|S Dhawan|KL Rahul|DA Warner|DJG Sammy|NV Ojha|IK Pathan|KV Sharma|DW Steyn|A Mishra|B Kumar,Sunrisers Hyderabad,172,5,Mumbai Indians,157.0,7.0
733971,21.0,2014,2014-05-02,JSCA International Stadium Complex,Ranchi,Chennai Super Kings,Kolkata Knight Riders,Chennai Super Kings,bat,1.0,Chennai Super Kings,34.0,,RA Jadeja,DR Smith|BB McCullum|SK Raina|MS Dhoni|RA Jadeja|F du Plessis|M Manhas|R Ashwin|BW Hilfenhaus|IC Pandey|MM Sharma,RV Uthappa|G Gambhir|JH Kallis|MK Pandey|Shakib Al Hasan|SA Yadav|YK Pathan|AD Russell|PP Chawla|R Vinay Kumar|SP Narine,Chennai Super Kings,148,3,Kolkata Knight Riders,114.0,9.0
733973,22.0,2014,2014-05-03,Wankhede Stadium,Mumbai,Mumbai Indians,Kings XI Punjab,Kings XI Punjab,bat,0.0,Mumbai Indians,,5.0,CJ Anderson,BR Dunk|CM Gautam|AT Rayudu|RG Sharma|CJ Anderson|KA Pollard|AP Tare|Harbhajan Singh|JJ Bumrah|Z Khan|SL Malinga,CA Pujara|V Sehwag|WP Saha|GJ Maxwell|GJ Bailey|DA Miller|MG Johnson|R Dhawan|AR Patel|L Balaji|Sandeep Sharma,Kings XI Punjab,168,5,Mumbai Indians,170.0,5.0
733975,23.0,2014,2014-05-03,Feroz Shah Kotla,Delhi,Delhi Daredevils,Rajasthan Royals,Rajasthan Royals,field,1.0,Rajasthan Royals,,7.0,KK Nair,Q de Kock|M Vijay|KP Pietersen|KD Karthik|JP Duminy|KM Jadhav|WD Parnell|S Nadeem|Mohammed Shami|JD Unadkat|R Sharma,AM Rahane|KK Nair|SV Samson|R Bhatia|SR Watson|STR Binny|SPD Smith|JP Faulkner|DS Kulkarni|KW Richardson|PV Tambe,Delhi Daredevils,152,5,Rajasthan Royals,156.0,3.0
733977,24.0,2014,2014-05-04,M Chinnaswamy Stadium,Bangalore,Royal Challengers Bangalore,Sunrisers Hyderabad,Royal Challengers Bangalore,field,1.0,Royal Challengers Bangalore,,4.0,AB de Villiers,CH Gayle|PA Patel|V Kohli|RR Rossouw|AB de Villiers|Yuvraj Singh|MA Starc|HV Patel|AB Dinda|VR Aaron|YS Chahal,AJ Finch|S Dhawan|KL Rahul|DA Warner|DJG Sammy|NV Ojha|IK Pathan|KV Sharma|DW Steyn|B Kumar|I Sharma,Sunrisers Hyderabad,155,6,Royal Challengers Bangalore,158.0,6.0
733979,25.0,2014,2014-05-05,"Sardar Patel Stadium, Motera",Ahmedabad,Rajasthan Royals,Kolkata Knight Riders,Kolkata Knight Riders,field,0.0,Rajasthan Royals,10.0,,PV Tambe,AM Rahane|KK Nair|SV Samson|SR Watson|STR Binny|SPD Smith|JP Faulkner|R Bhatia|TG Southee|PV Tambe|R Tewatia,RV Uthappa|G Gambhir|AD Russell|MK Pandey|Shakib Al Hasan|YK Pathan|RN ten Doeschate|SA Yadav|R Vinay Kumar|SP Narine|UT Yadav,Rajasthan Royals,170,6,Kolkata Knight Riders,160.0,6.0
733981,26.0,2014,2014-05-05,Feroz Shah Kotla,Delhi,Delhi Daredevils,Chennai Super Kings,Chennai Super Kings,field,1.0,Chennai Super Kings,,8.0,DR Smith,Q de Kock|M Vijay|KP Pietersen|KD Karthik|LR Shukla|JP Duminy|KM Jadhav|WD Parnell|S Nadeem|Mohammed Shami|JD Unadkat,DR Smith|BB McCullum|SK Raina|MS Dhoni|F du Plessis|M Manhas|RA Jadeja|R Ashwin|BW Hilfenhaus|IC Pandey|MM Sharma,Delhi Daredevils,178,5,Chennai Super Kings,181.0,2.0
733983,27.0,2014,2014-05-06,Wankhede Stadium,Mumbai,Mumbai Indians,Royal Challengers Bangalore,Royal Challengers Bangalore,field,0.0,Mumbai Indians,19.0,,RG Sharma,BR Dunk|CM Gautam|AT Rayudu|RG Sharma|CJ Anderson|KA Pollard|AP Tare|Harbhajan Singh|JJ Bumrah|SL Malinga|P Suyal,CH Gayle|PA Patel|V Kohli|AB de Villiers|Yuvraj Singh|RR Rossouw|MA Starc|HV Patel|VR Aaron|AB Dinda|YS Chahal,Mumbai Indians,187,5,Royal Challengers Bangalore,168.0,8.0
733985,28.0,2014,2014-05-07,Feroz Shah Kotla,Delhi,Delhi Daredevils,Kolkata Knight Riders,Delhi Daredevils,bat,0.0,Kolkata Knight Riders,,8.0,G Gambhir,Q de Kock|M Vijay|KP Pietersen|KD Karthik|JP Duminy|LR Shukla|KM Jadhav|WD Parnell|S Nadeem|Mohammed Shami|S Kaul,RV Uthappa|G Gambhir|MK Pandey|JH Kallis|Shakib Al Hasan|YK Pathan|RN ten Doeschate|SA Yadav|R Vinay Kumar|SP Narine|UT Yadav,Delhi Daredevils,160,5,Kolkata Knight Riders,161.0,2.0
733987,29.0,2014,2014-05-07,Barabati Stadium,Cuttack,Kings XI Punjab,Chennai Super Kings,Chennai Super Kings,field,0.0,Kings XI Punjab,44.0,,GJ Maxwell,V Sehwag|Mandeep Singh|GJ Maxwell|DA Miller|GJ Bailey|MG Johnson|WP Saha|R Dhawan|AR Patel|M Kartik|Sandeep Sharma,DR Smith|BB McCullum|SK Raina|RA Jadeja|F du Plessis|MS Dhoni|M Manhas|R Ashwin|BW Hilfenhaus|IC Pandey|MM Sharma,Kings XI Punjab,231,4,Chennai Super Kings,187.0,6.0
733989,30.0,2014,2014-05-08,"Sardar Patel Stadium, Motera",Ahmedabad,Rajasthan Royals,Sunrisers Hyderabad,Rajasthan Royals,field,0.0,Sunrisers Hyderabad,32.0,,B Kumar,AM Rahane|KK Nair|SV Samson|SR Watson|STR Binny|SPD Smith|R Bhatia|JP Faulkner|KW Richardson|DS Kulkarni|PV Tambe,S Dhawan|AJ Finch|KL Rahul|NV Ojha|DA Warner|MC Henriques|IK Pathan|KV Sharma|DW Steyn|A Mishra|B Kumar,Sunrisers Hyderabad,134,9,Rajasthan Royals,102.0,10.0
733991,31.0,2014,2014-05-09,M Chinnaswamy Stadium,Bangalore,Royal Challengers Bangalore,Kings XI Punjab,Royal Challengers Bangalore,field,0.0,Kings XI Punjab,32.0,,Sandeep Sharma,CH Gayle|PA Patel|V Kohli|S Rana|AB de Villiers|Yuvraj Singh|JA Morkel|MA Starc|HV Patel|VR Aaron|YS Chahal,V Sehwag|Mandeep Singh|GJ Maxwell|DA Miller|GJ Bailey|WP Saha|MG Johnson|AR Patel|Shivam Sharma|L Balaji|Sandeep Sharma,Kings XI Punjab,198,8,Royal Challengers Bangalore,166.0,9.0
733993,32.0,2014,2014-05-10,Feroz Shah Kotla,Delhi,Delhi Daredevils,Sunrisers Hyderabad,Sunrisers Hyderabad,field,1.0,Sunrisers Hyderabad,,8.0,DW Steyn,Q de Kock|KP Pietersen|MA Agarwal|KD Karthik|LR Shukla|JP Duminy|KM Jadhav|R Shukla|Mohammed Shami|Imran Tahir|S Kaul,AJ Finch|S Dhawan|DA Warner|NV Ojha|KL Rahul|MC Henriques|IK Pathan|KV Sharma|DW Steyn|A Mishra|B Kumar,Delhi Daredevils,143,7,Sunrisers Hyderabad,44.0,2.0
733995,33.0,2014,2014-05-10,Wankhede Stadium,Mumbai,Mumbai Indians,Chennai Super Kings,Chennai Super Kings,field,1.0,Chennai Super Kings,,4.0,DR Smith,LMP Simmons|CM Gautam|AT Rayudu|RG Sharma|KA Pollard|CJ Anderson|AP Tare|Harbhajan Singh|SL Malinga|JJ Bumrah|P Kumar,DR Smith|BB McCullum|SK Raina|F du Plessis|MS Dhoni|RA Jadeja|M Manhas|R Ashwin|IC Pandey|MM Sharma|S Badree,Mumbai Indians,157,6,Chennai Super Kings,160.0,6.0
733997,34.0,2014,2014-05-11,Barabati Stadium,Cuttack,Kings XI Punjab,Kolkata Knight Riders,Kolkata Knight Riders,field,1.0,Kolkata Knight Riders,,9.0,G Gambhir,V Sehwag|Mandeep Singh|WP Saha|GJ Maxwell|DA Miller|GJ Bailey|R Dhawan|MG Johnson|AR Patel|P Awana|Sandeep Sharma,RV Uthappa|G Gambhir|MK Pandey|JH Kallis|RN ten Doeschate|YK Pathan|SA Yadav|PP Chawla|M Morkel|UT Yadav|SP Narine,Kings XI Punjab,149,8,Kolkata Knight Riders,150.0,1.0
733999,35.0,2014,2014-05-11,M Chinnaswamy Stadium,Bangalore,Royal Challengers Bangalore,Rajasthan Royals,Royal Challengers Bangalore,bat,0.0,Rajasthan Royals,,5.0,JP Faulkner,V Kohli|CH Gayle|VH Zol|AB de Villiers|Yuvraj Singh|JA Morkel|PA Patel|MA Starc|VR Aaron|YS Chahal|AB Dinda,AM Rahane|KK Nair|SR Watson|STR Binny|SV Samson|SPD Smith|JP Faulkner|R Bhatia|KW Richardson|PV Tambe|R Tewatia,Royal Challengers Bangalore,190,5,Rajasthan Royals,191.0,5.0
734001,36.0,2014,2014-05-12,"Rajiv Gandhi International Stadium, Uppal",Hyderabad,Sunrisers Hyderabad,Mumbai Indians,Sunrisers Hyderabad,bat,0.0,Mumbai Indians,,7.0,AT Rayudu,AJ Finch|S Dhawan|KL Rahul|DA Warner|NV Ojha|MC Henriques|IK Pathan|KV Sharma|DW Steyn|A Mishra|B Kumar,LMP Simmons|CM Gautam|AT Rayudu|RG Sharma|KA Pollard|CJ Anderson|AP Tare|Harbhajan Singh|SL Malinga|JJ Bumrah|PP Ojha,Sunrisers Hyderabad,157,3,Mumbai Indians,160.0,3.0
734003,37.0,2014,2014-05-13,JSCA International Stadium Complex,Ranchi,Chennai Super Kings,Rajasthan Royals,Rajasthan Royals,bat,0.0,Chennai Super Kings,,5.0,RA Jadeja,DR Smith|BB McCullum|SK Raina|F du Plessis|R Ashwin|MS Dhoni|RA Jadeja|V Shankar|IC Pandey|MM Sharma|S Badree,Ankit Sharma|SR Watson|AM Rahane|KK Nair|STR Binny|SPD Smith|JP Faulkner|DH Yagnik|R Bhatia|KK Cooper|PV Tambe,Rajasthan Royals,148,8,Chennai Super Kings,149.0,5.0
734005,38.0,2014,2014-05-13,M Chinnaswamy Stadium,Bangalore,Royal Challengers Bangalore,Delhi Daredevils,Delhi Daredevils,field,0.0,Royal Challengers Bangalore,16.0,,Yuvraj Singh,CH Gayle|PA Patel|V Kohli|AB de Villiers|Yuvraj Singh|S Rana|VH Zol|MA Starc|M Muralitharan|YS Chahal|AN Ahmed,Q de Kock|M Vijay|MA Agarwal|KP Pietersen|JP Duminy|KD Karthik|KM Jadhav|R Shukla|Mohammed Shami|Imran Tahir|S Kaul,Royal Challengers Bangalore,186,4,Delhi Daredevils,170.0,7.0
734007,39.0,2014,2014-05-14,"Rajiv Gandhi International Stadium, Uppal",Hyderabad,Sunrisers Hyderabad,Kings XI Punjab,Kings XI Punjab,field,1.0,Kings XI Punjab,,6.0,WP Saha,AJ Finch|S Dhawan|NV Ojha|DA Warner|MC Henriques|IK Pathan|KV Sharma|KL Rahul|DW Steyn|A Mishra|B Kumar,V Sehwag|M Vohra|WP Saha|GJ Maxwell|DA Miller|GJ Bailey|AR Patel|MG Johnson|Shivam Sharma|R Dhawan|Sandeep Sharma,Sunrisers Hyderabad,205,5,Kings XI Punjab,211.0,4.0
734009,40.0,2014,2014-05-14,Barabati Stadium,Cuttack,Kolkata Knight Riders,Mumbai Indians,Kolkata Knight Riders,field,1.0,Kolkata Knight Riders,,6.0,RV Uthappa,RV Uthappa|G Gambhir|MK Pandey|YK Pathan|Shakib Al Hasan|RN ten Doeschate|SA Yadav|PP Chawla|M Morkel|UT Yadav|SP Narine,LMP Simmons|CM Gautam|AT Rayudu|RG Sharma|CJ Anderson|KA Pollard|AP Tare|Harbhajan Singh|SL Malinga|JJ Bumrah|PP Ojha,Mumbai Indians,141,5,Kolkata Knight Riders,142.0,4.0
734011,41.0,2014,2014-05-15,"Sardar Patel Stadium, Motera",Ahmedabad,Rajasthan Royals,Delhi Daredevils,Delhi Daredevils,field,0.0,Rajasthan Royals,62.0,,AM Rahane,AM Rahane|KK Nair|KK Cooper|SV Samson|STR Binny|BCJ Cutting|JP Faulkner|SPD Smith|R Bhatia|DS Kulkarni|PV Tambe,KP Pietersen|MA Agarwal|KD Karthik|JP Duminy|MK Tiwary|LRPL Taylor|KM Jadhav|S Nadeem|Imran Tahir|R Shukla|S Kaul,Rajasthan Royals,201,6,Delhi Daredevils,139.0,9.0
734013,42.0,2014,2014-05-18,JSCA International Stadium Complex,Ranchi,Chennai Super Kings,Royal Challengers Bangalore,Chennai Super Kings,bat,0.0,Royal Challengers Bangalore,,5.0,AB de Villiers,DR Smith|BB McCullum|SK Raina|DJ Hussey|MS Dhoni|RA Jadeja|M Manhas|R Ashwin|IC Pandey|MM Sharma|S Badree,CH Gayle|PA Patel|V Kohli|AB de Villiers|Yuvraj Singh|S Rana|AN Ahmed|MA Starc|M Muralitharan|YS Chahal|VR Aaron,Chennai Super Kings,138,4,Royal Challengers Bangalore,142.0,5.0
734015,43.0,2014,2014-05-18,"Rajiv Gandhi International Stadium, Uppal",Hyderabad,Sunrisers Hyderabad,Kolkata Knight Riders,Sunrisers Hyderabad,bat,0.0,Kolkata Knight Riders,,7.0,UT Yadav,AJ Finch|S Dhawan|NV Ojha|DA Warner|KL Rahul|IK Pathan|DJG Sammy|KV Sharma|DW Steyn|A Mishra|B Kumar,RV Uthappa|G Gambhir|MK Pandey|YK Pathan|RN ten Doeschate|Shakib Al Hasan|SA Yadav|PP Chawla|M Morkel|UT Yadav|SP Narine,Sunrisers Hyderabad,142,8,Kolkata Knight Riders,146.0,3.0
734017,44.0,2014,2014-05-19,"Sardar Patel Stadium, Motera",Ahmedabad,Rajasthan Royals,Mumbai Indians,Mumbai Indians,bat,1.0,Mumbai Indians,25.0,,MEK Hussey,KK Nair|UBT Chand|SR Watson|SV Samson|KK Cooper|Ankit Sharma|STR Binny|BJ Hodge|JP Faulkner|R Bhatia|DS Kulkarni,MEK Hussey|LMP Simmons|KA Pollard|RG Sharma|AT Rayudu|AP Tare|Harbhajan Singh|JJ Bumrah|K Santokie|PP Ojha|S Gopal,Mumbai Indians,178,3,Rajasthan Royals,153.0,8.0
734019,45.0,2014,2014-05-19,Feroz Shah Kotla,Delhi,Delhi Daredevils,Kings XI Punjab,Kings XI Punjab,field,1.0,Kings XI Punjab,,4.0,AR Patel,M Vijay|KP Pietersen|KD Karthik|JP Duminy|KM Jadhav|MA Agarwal|MK Tiwary|WD Parnell|Mohammed Shami|Imran Tahir|JD Unadkat,V Sehwag|M Vohra|GJ Maxwell|DA Miller|WP Saha|AR Patel|GJ Bailey|R Dhawan|BE Hendricks|Shivam Sharma|Sandeep Sharma,Delhi Daredevils,164,7,Kings XI Punjab,165.0,6.0
734021,46.0,2014,2014-05-20,"Rajiv Gandhi International Stadium, Uppal",Hyderabad,Sunrisers Hyderabad,Royal Challengers Bangalore,Royal Challengers Bangalore,bat,0.0,Sunrisers Hyderabad,,7.0,DA Warner,S Dhawan|DA Warner|NV Ojha|AJ Finch|DJG Sammy|Y Venugopal Rao|IK Pathan|KV Sharma|Parvez Rasool|DW Steyn|B Kumar,CH Gayle|PA Patel|V Kohli|Yuvraj Singh|AB de Villiers|S Rana|MA Starc|M Muralitharan|YS Chahal|AN Ahmed|VR Aaron,Royal Challengers Bangalore,160,6,Sunrisers Hyderabad,161.0,3.0
734023,47.0,2014,2014-05-20,Eden Gardens,Kolkata,Kolkata Knight Riders,Chennai Super Kings,Kolkata Knight Riders,field,1.0,Kolkata Knight Riders,,8.0,RV Uthappa,RV Uthappa|G Gambhir|MK Pandey|Shakib Al Hasan|YK Pathan|RN ten Doeschate|SA Yadav|PP Chawla|PJ Cummins|UT Yadav|SP Narine,DR Smith|BB McCullum|SK Raina|F du Plessis|MS Dhoni|RA Jadeja|M Manhas|R Ashwin|IC Pandey|MM Sharma|BW Hilfenhaus,Chennai Super Kings,154,4,Kolkata Knight Riders,156.0,2.0
734025,48.0,2014,2014-05-21,"Punjab Cricket Association Stadium, Mohali",Chandigarh,Kings XI Punjab,Mumbai Indians,Mumbai Indians,field,1.0,Mumbai Indians,,7.0,LMP Simmons,V Sehwag|M Vohra|SE Marsh|GJ Maxwell|GJ Bailey|WP Saha|AR Patel|R Dhawan|BE Hendricks|Shivam Sharma|Sandeep Sharma,LMP Simmons|MEK Hussey|AT Rayudu|RG Sharma|KA Pollard|AP Tare|JJ Bumrah|K Santokie|P Kumar|PP Ojha|S Gopal,Kings XI Punjab,156,8,Mumbai Indians,159.0,3.0
734027,49.0,2014,2014-05-22,Eden Gardens,Kolkata,Kolkata Knight Riders,Royal Challengers Bangalore,Royal Challengers Bangalore,field,0.0,Kolkata Knight Riders,30.0,,RV Uthappa,RV Uthappa|G Gambhir|MK Pandey|YK Pathan|Shakib Al Hasan|RN ten Doeschate|SA Yadav|R Vinay Kumar|M Morkel|UT Yadav|SP Narine,CH Gayle|YV Takawale|V Kohli|Yuvraj Singh|AB de Villiers|S Rana|MA Starc|AN Ahmed|AB Dinda|YS Chahal|M Muralitharan,Kolkata Knight Riders,195,4,Royal Challengers Bangalore,165.0,5.0
734029,50.0,2014,2014-05-22,JSCA International Stadium Complex,Ranchi,Chennai Super Kings,Sunrisers Hyderabad,Sunrisers Hyderabad,field,1.0,Sunrisers Hyderabad,,6.0,DA Warner,DR Smith|F du Plessis|SK Raina|DJ Hussey|MS Dhoni|RA Jadeja|M Manhas|R Ashwin|JW Hastings|MM Sharma|P Negi,DA Warner|S Dhawan|NV Ojha|AJ Finch|DJG Sammy|Y Venugopal Rao|IK Pathan|KV Sharma|Parvez Rasool|DW Steyn|B Kumar,Chennai Super Kings,185,3,Sunrisers Hyderabad,189.0,4.0
734031,51.0,2014,2014-05-23,Wankhede Stadium,Mumbai,Mumbai Indians,Delhi Daredevils,Delhi Daredevils,field,0.0,Mumbai Indians,15.0,,MEK Hussey,LMP Simmons|MEK Hussey|RG Sharma|KA Pollard|AT Rayudu|AP Tare|Harbhajan Singh|S Gopal|M de Lange|PP Ojha|JJ Bumrah,M Vijay|KP Pietersen|KD Karthik|MK Tiwary|JP Duminy|KM Jadhav|WD Parnell|S Nadeem|JD Unadkat|S Kaul|Imran Tahir,Mumbai Indians,173,10,Delhi Daredevils,158.0,4.0
734033,52.0,2014,2014-05-23,"Punjab Cricket Association Stadium, Mohali",Chandigarh,Kings XI Punjab,Rajasthan Royals,Rajasthan Royals,field,0.0,Kings XI Punjab,16.0,,SE Marsh,V Sehwag|M Vohra|SE Marsh|WP Saha|DA Miller|GJ Bailey|AR Patel|R Dhawan|Karanveer Singh|BE Hendricks|L Balaji,AM Rahane|KK Nair|SV Samson|SR Watson|STR Binny|R Tewatia|BJ Hodge|JP Faulkner|KK Cooper|VS Malik|PV Tambe,Kings XI Punjab,179,4,Rajasthan Royals,163.0,8.0
734035,53.0,2014,2014-05-24,M Chinnaswamy Stadium,Bangalore,Royal Challengers Bangalore,Chennai Super Kings,Chennai Super Kings,field,1.0,Chennai Super Kings,,8.0,MS Dhoni,RR Rossouw|YV Takawale|VH Zol|V Kohli|Yuvraj Singh|AB de Villiers|S Rana|MA Starc|YS Chahal|R Rampaul|SB Jakati,DR Smith|F du Plessis|SK Raina|MS Dhoni|DJ Hussey|RA Jadeja|M Manhas|R Ashwin|MM Sharma|S Badree|A Nehra,Royal Challengers Bangalore,154,6,Chennai Super Kings,160.0,2.0
734037,54.0,2014,2014-05-24,Eden Gardens,Kolkata,Kolkata Knight Riders,Sunrisers Hyderabad,Kolkata Knight Riders,field,1.0,Kolkata Knight Riders,,4.0,YK Pathan,RV Uthappa|G Gambhir|MK Pandey|YK Pathan|RN ten Doeschate|Shakib Al Hasan|SA Yadav|R Vinay Kumar|M Morkel|UT Yadav|SP Narine,DA Warner|S Dhawan|NV Ojha|Y Venugopal Rao|DJG Sammy|S Anirudha|JO Holder|KV Sharma|Parvez Rasool|DW Steyn|B Kumar,Sunrisers Hyderabad,160,7,Kolkata Knight Riders,161.0,6.0
734039,55.0,2014,2014-05-25,"Punjab Cricket Association Stadium, Mohali",Chandigarh,Kings XI Punjab,Delhi Daredevils,Kings XI Punjab,field,1.0,Kings XI Punjab,,7.0,M Vohra,V Sehwag|M Vohra|GJ Maxwell|DA Miller|GJ Bailey|WP Saha|AR Patel|MG Johnson|R Dhawan|Karanveer Singh|P Awana,KP Pietersen|MA Agarwal|KD Karthik|KM Jadhav|MK Tiwary|JP Duminy|JDS Neesham|S Nadeem|Mohammed Shami|Imran Tahir|JD Unadkat,Delhi Daredevils,115,10,Kings XI Punjab,119.0,3.0
734041,56.0,2014,2014-05-25,Wankhede Stadium,Mumbai,Mumbai Indians,Rajasthan Royals,Mumbai Indians,field,1.0,Mumbai Indians,,5.0,CJ Anderson,LMP Simmons|MEK Hussey|CJ Anderson|KA Pollard|RG Sharma|AT Rayudu|AP Tare|Harbhajan Singh|S Gopal|PP Ojha|JJ Bumrah,SR Watson|SV Samson|KK Nair|BJ Hodge|JP Faulkner|KK Cooper|AM Rahane|AM Nayar|Ankit Sharma|PV Tambe|DS Kulkarni,Rajasthan Royals,189,4,Mumbai Indians,195.0,5.0
734043,,2014,2014-05-27,Eden Gardens,Kolkata,Kings XI Punjab,Kolkata Knight Riders,Kings XI Punjab,field,0.0,Kolkata Knight Riders,28.0,,UT Yadav,V Sehwag|M Vohra|WP Saha|GJ Maxwell|DA Miller|AR Patel|GJ Bailey|R Dhawan|MG Johnson|Karanveer Singh|P Awana,RV Uthappa|G Gambhir|MK Pandey|Shakib Al Hasan|YK Pathan|RN ten Doeschate|SA Yadav|PP Chawla|SP Narine|M Morkel|UT Yadav,Kolkata Knight Riders,163,8,Kings XI Punjab,135.0,8.0
734045,,2014,2014-05-28,Brabourne Stadium,Mumbai,Chennai Super Kings,Mumbai Indians,Chennai Super Kings,field,1.0,Chennai Super Kings,,7.0,SK Raina,DR Smith|F du Plessis|SK Raina|BB McCullum|DJ Hussey|MS Dhoni|RA Jadeja|R Ashwin|MM Sharma|IC Pandey|A Nehra,LMP Simmons|MEK Hussey|CJ Anderson|RG Sharma|KA Pollard|AT Rayudu|AP Tare|Harbhajan Singh|P Kumar|PP Ojha|JJ Bumrah,Mumbai Indians,173,8,Chennai Super Kings,176.0,3.0
734047,,2014,2014-05-30,Wankhede Stadium,Mumbai,Chennai Super Kings,Kings XI Punjab,Chennai Super Kings,field,0.0,Kings XI Punjab,24.0,,V Sehwag,DR Smith|F du Plessis|SK Raina|BB McCullum|RA Jadeja|DJ Hussey|MS Dhoni|R Ashwin|MM Sharma|IC Pandey|A Nehra,V Sehwag|M Vohra|GJ Maxwell|DA Miller|GJ Bailey|WP Saha|MG Johnson|AR Patel|Karanveer Singh|Sandeep Sharma|P Awana,Kings XI Punjab,226,6,Chennai Super Kings,202.0,7.0
734049,,2014,2014-06-01,M Chinnaswamy Stadium,Bangalore,Kolkata Knight Riders,Kings XI Punjab,Kolkata Knight Riders,field,1.0,Kolkata Knight Riders,,3.0,MK Pandey,RV Uthappa|G Gambhir|MK Pandey|YK Pathan|Shakib Al Hasan|RN ten Doeschate|SA Yadav|PP Chawla|SP Narine|M Morkel|UT Yadav,V Sehwag|M Vohra|GJ Bailey|WP Saha|GJ Maxwell|DA Miller|AR Patel|MG Johnson|L Balaji|Karanveer Singh|P Awana,Kings XI Punjab,199,4,Kolkata Knight Riders,200.0,7.0
829705,1.0,2015,2015-04-08,Eden Gardens,Kolkata,Kolkata Knight Riders,Mumbai Indians,Kolkata Knight Riders,field,1.0,Kolkata Knight Riders,,7.0,M Morkel,RV Uthappa|G Gambhir|MK Pandey|SA Yadav|YK Pathan|Shakib Al Hasan|AD Russell|PP Chawla|SP Narine|UT Yadav|M Morkel,RG Sharma|AJ Finch|AP Tare|AT Rayudu|CJ Anderson|KA Pollard|Harbhajan Singh|SL Malinga|R Vinay Kumar|JJ Bumrah|PP Ojha,Mumbai Indians,168,3,Kolkata Knight Riders,170.0,3.0
829707,2.0,2015,2015-04-09,"MA Chidambaram Stadium, Chepauk",Chennai,Chennai Super Kings,Delhi Daredevils,Delhi Daredevils,field,0.0,Chennai Super Kings,1.0,,A Nehra,DR Smith|BB McCullum|SK Raina|F du Plessis|RA Jadeja|MS Dhoni|DJ Bravo|R Ashwin|MM Sharma|IC Pandey|A Nehra,MA Agarwal|CM Gautam|JA Morkel|SS Iyer|KM Jadhav|Yuvraj Singh|JP Duminy|NM Coulter-Nile|A Mishra|Imran Tahir|DJ Muthuswami,Chennai Super Kings,150,7,Delhi Daredevils,149.0,9.0
829709,3.0,2015,2015-04-10,Maharashtra Cricket Association Stadium,Pune,Kings XI Punjab,Rajasthan Royals,Kings XI Punjab,field,0.0,Rajasthan Royals,26.0,,JP Faulkner,V Sehwag|M Vijay|WP Saha|GJ Maxwell|AR Patel|DA Miller|GJ Bailey|MG Johnson|Anureet Singh|Karanveer Singh|Sandeep Sharma,AM Rahane|SV Samson|SPD Smith|KK Nair|STR Binny|DJ Hooda|JP Faulkner|CH Morris|TG Southee|DS Kulkarni|PV Tambe,Rajasthan Royals,162,7,Kings XI Punjab,136.0,8.0
829711,4.0,2015,2015-04-11,"MA Chidambaram Stadium, Chepauk",Chennai,Chennai Super Kings,Sunrisers Hyderabad,Chennai Super Kings,bat,1.0,Chennai Super Kings,45.0,,BB McCullum,DR Smith|BB McCullum|SK Raina|MS Dhoni|RA Jadeja|DJ Bravo|F du Plessis|R Ashwin|MM Sharma|IC Pandey|A Nehra,DA Warner|S Dhawan|KL Rahul|NV Ojha|RS Bopara|KS Williamson|KV Sharma|Parvez Rasool|B Kumar|I Sharma|TA Boult,Chennai Super Kings,209,4,Sunrisers Hyderabad,164.0,6.0
829713,5.0,2015,2015-04-11,Eden Gardens,Kolkata,Kolkata Knight Riders,Royal Challengers Bangalore,Royal Challengers Bangalore,field,1.0,Royal Challengers Bangalore,,3.0,CH Gayle,RV Uthappa|G Gambhir|MK Pandey|SA Yadav|YK Pathan|AD Russell|Shakib Al Hasan|PP Chawla|SP Narine|KC Cariappa|M Morkel,CH Gayle|V Kohli|KD Karthik|Mandeep Singh|AB de Villiers|DJG Sammy|SA Abbott|HV Patel|AN Ahmed|YS Chahal|VR Aaron,Kolkata Knight Riders,177,6,Royal Challengers Bangalore,179.0,7.0
829715,6.0,2015,2015-04-12,Feroz Shah Kotla,Delhi,Delhi Daredevils,Rajasthan Royals,Rajasthan Royals,field,1.0,Rajasthan Royals,,3.0,DJ Hooda,MA Agarwal|SS Iyer|JP Duminy|Yuvraj Singh|AD Mathews|MK Tiwary|KM Jadhav|NM Coulter-Nile|A Mishra|Imran Tahir|JD Unadkat,AM Rahane|SV Samson|SPD Smith|KK Nair|STR Binny|DJ Hooda|JP Faulkner|CH Morris|TG Southee|DS Kulkarni|PV Tambe,Delhi Daredevils,184,3,Rajasthan Royals,186.0,7.0
829717,7.0,2015,2015-04-12,Wankhede Stadium,Mumbai,Mumbai Indians,Kings XI Punjab,Mumbai Indians,field,0.0,Kings XI Punjab,18.0,,GJ Bailey,RG Sharma|AJ Finch|AP Tare|AT Rayudu|CJ Anderson|KA Pollard|J Suchith|Harbhajan Singh|R Vinay Kumar|SL Malinga|P Suyal,M Vijay|V Sehwag|GJ Maxwell|DA Miller|GJ Bailey|R Dhawan|MG Johnson|WP Saha|AR Patel|Anureet Singh|Sandeep Sharma,Kings XI Punjab,177,5,Mumbai Indians,159.0,7.0
829719,8.0,2015,2015-04-13,M Chinnaswamy Stadium,Bangalore,Royal Challengers Bangalore,Sunrisers Hyderabad,Sunrisers Hyderabad,field,1.0,Sunrisers Hyderabad,,8.0,DA Warner,CH Gayle|V Kohli|KD Karthik|AB de Villiers|Mandeep Singh|DJG Sammy|SA Abbott|HV Patel|AN Ahmed|VR Aaron|YS Chahal,DA Warner|S Dhawan|KS Williamson|KL Rahul|NV Ojha|RS Bopara|A Ashish Reddy|KV Sharma|P Kumar|B Kumar|TA Boult,Royal Challengers Bangalore,166,10,Sunrisers Hyderabad,172.0,2.0
829721,9.0,2015,2015-04-14,"Sardar Patel Stadium, Motera",Ahmedabad,Rajasthan Royals,Mumbai Indians,Mumbai Indians,bat,0.0,Rajasthan Royals,,7.0,SPD Smith,AM Rahane|SV Samson|SPD Smith|DJ Hooda|JP Faulkner|KK Nair|STR Binny|CH Morris|TG Southee|DS Kulkarni|PV Tambe,AJ Finch|PA Patel|UBT Chand|RG Sharma|CJ Anderson|KA Pollard|J Suchith|S Gopal|SL Malinga|R Vinay Kumar|P Suyal,Mumbai Indians,164,6,Rajasthan Royals,165.0,3.0
829723,30.0,2015,2015-04-30,Eden Gardens,Kolkata,Kolkata Knight Riders,Chennai Super Kings,Kolkata Knight Riders,field,1.0,Kolkata Knight Riders,,7.0,AD Russell,RV Uthappa|G Gambhir|MK Pandey|SA Yadav|AD Russell|RN ten Doeschate|YK Pathan|PJ Cummins|PP Chawla|GB Hogg|UT Yadav,DR Smith|BB McCullum|SK Raina|F du Plessis|DJ Bravo|MS Dhoni|RA Jadeja|P Negi|MM Sharma|A Nehra|RG More,Chennai Super Kings,165,9,Kolkata Knight Riders,169.0,3.0
829725,10.0,2015,2015-04-15,Maharashtra Cricket Association Stadium,Pune,Kings XI Punjab,Delhi Daredevils,Kings XI Punjab,bat,0.0,Delhi Daredevils,,5.0,MA Agarwal,M Vijay|V Sehwag|WP Saha|DA Miller|GJ Maxwell|GJ Bailey|AR Patel|R Dhawan|MG Johnson|Anureet Singh|Sandeep Sharma,MA Agarwal|SS Iyer|JP Duminy|Yuvraj Singh|AD Mathews|KM Jadhav|MK Tiwary|NM Coulter-Nile|A Mishra|Imran Tahir|DJ Muthuswami,Kings XI Punjab,165,7,Delhi Daredevils,169.0,5.0
829727,11.0,2015,2015-04-16,Dr. Y.S. Rajasekhara Reddy ACA-VDCA Cricket Stadium,Visakhapatnam,Sunrisers Hyderabad,Rajasthan Royals,Rajasthan Royals,field,1.0,Rajasthan Royals,,6.0,AM Rahane,DA Warner|S Dhawan|KL Rahul|NV Ojha|EJG Morgan|RS Bopara|A Ashish Reddy|KV Sharma|P Kumar|B Kumar|TA Boult,AM Rahane|SV Samson|SPD Smith|KK Nair|STR Binny|JP Faulkner|DJ Hooda|CH Morris|TG Southee|DS Kulkarni|PV Tambe,Sunrisers Hyderabad,127,5,Rajasthan Royals,131.0,4.0
829729,12.0,2015,2015-04-17,Wankhede Stadium,Mumbai,Mumbai Indians,Chennai Super Kings,Mumbai Indians,bat,0.0,Chennai Super Kings,,6.0,A Nehra,LMP Simmons|PA Patel|CJ Anderson|RG Sharma|Harbhajan Singh|KA Pollard|AT Rayudu|J Suchith|R Vinay Kumar|SL Malinga|P Suyal,DR Smith|BB McCullum|SK Raina|F du Plessis|MS Dhoni|DJ Bravo|RA Jadeja|R Ashwin|MM Sharma|IC Pandey|A Nehra,Mumbai Indians,183,7,Chennai Super Kings,189.0,4.0
829731,13.0,2015,2015-04-18,Dr. Y.S. Rajasekhara Reddy ACA-VDCA Cricket Stadium,Visakhapatnam,Sunrisers Hyderabad,Delhi Daredevils,Delhi Daredevils,bat,1.0,Delhi Daredevils,4.0,,JP Duminy,DA Warner|S Dhawan|RS Bopara|KL Rahul|NV Ojha|EJG Morgan|A Ashish Reddy|KV Sharma|P Kumar|B Kumar|DW Steyn,MA Agarwal|SS Iyer|JP Duminy|Yuvraj Singh|AD Mathews|KM Jadhav|MK Tiwary|NM Coulter-Nile|A Mishra|Imran Tahir|DJ Muthuswami,Delhi Daredevils,167,4,Sunrisers Hyderabad,163.0,8.0
829733,14.0,2015,2015-04-18,Maharashtra Cricket Association Stadium,Pune,Kings XI Punjab,Kolkata Knight Riders,Kolkata Knight Riders,field,1.0,Kolkata Knight Riders,,4.0,AD Russell,M Vijay|V Sehwag|WP Saha|GJ Maxwell|GJ Bailey|NLTC Perera|Gurkeerat Singh|AR Patel|MG Johnson|Anureet Singh|Sandeep Sharma,RV Uthappa|G Gambhir|MK Pandey|SA Yadav|YK Pathan|RN ten Doeschate|AD Russell|PP Chawla|SP Narine|M Morkel|UT Yadav,Kings XI Punjab,155,9,Kolkata Knight Riders,159.0,6.0
829735,15.0,2015,2015-04-19,"Sardar Patel Stadium, Motera",Ahmedabad,Rajasthan Royals,Chennai Super Kings,Chennai Super Kings,bat,0.0,Rajasthan Royals,,8.0,AM Rahane,AM Rahane|SR Watson|SPD Smith|KK Nair|SV Samson|STR Binny|DJ Hooda|JP Faulkner|CH Morris|PV Tambe|Ankit Sharma,DR Smith|BB McCullum|SK Raina|F du Plessis|DJ Bravo|MS Dhoni|RA Jadeja|R Ashwin|MM Sharma|IC Pandey|A Nehra,Chennai Super Kings,156,4,Rajasthan Royals,157.0,2.0
829737,16.0,2015,2015-04-19,M Chinnaswamy Stadium,Bangalore,Royal Challengers Bangalore,Mumbai Indians,Royal Challengers Bangalore,field,0.0,Mumbai Indians,18.0,,Harbhajan Singh,CH Gayle|MS Bisla|V Kohli|KD Karthik|AB de Villiers|RR Rossouw|D Wiese|Iqbal Abdulla|AN Ahmed|VR Aaron|YS Chahal,LMP Simmons|PA Patel|UBT Chand|RG Sharma|KA Pollard|AT Rayudu|Harbhajan Singh|HH Pandya|JJ Bumrah|MJ McClenaghan|SL Malinga,Mumbai Indians,209,7,Royal Challengers Bangalore,191.0,7.0
829739,17.0,2015,2015-04-20,Feroz Shah Kotla,Delhi,Delhi Daredevils,Kolkata Knight Riders,Kolkata Knight Riders,field,1.0,Kolkata Knight Riders,,6.0,UT Yadav,MA Agarwal|SS Iyer|JP Duminy|MK Tiwary|Yuvraj Singh|AD Mathews|KM Jadhav|NM Coulter-Nile|A Mishra|Imran Tahir|DJ Muthuswami,RV Uthappa|G Gambhir|MK Pandey|SA Yadav|YK Pathan|RN ten Doeschate|AD Russell|PP Chawla|SP Narine|M Morkel|UT Yadav,Delhi Daredevils,146,8,Kolkata Knight Riders,147.0,4.0
829741,18.0,2015,2015-04-21,"Sardar Patel Stadium, Motera",Ahmedabad,Rajasthan Royals,Kings XI Punjab,Kings XI Punjab,field,,,,,SE Marsh,AM Rahane|SR Watson|DJ Hooda|SPD Smith|KK Nair|JP Faulkner|STR Binny|SV Samson|CH Morris|R Tewatia|PV Tambe,M Vijay|V Sehwag|SE Marsh|GJ Maxwell|DA Miller|WP Saha|AR Patel|MG Johnson|Anureet Singh|Shivam Sharma|Sandeep Sharma,Rajasthan Royals,191,6,Kings XI Punjab,191.0,6.0
829743,19.0,2015,2015-04-22,Dr. Y.S. Rajasekhara Reddy ACA-VDCA Cricket Stadium,Visakhapatnam,Sunrisers Hyderabad,Kolkata Knight Riders,Kolkata Knight Riders,field,0.0,Sunrisers Hyderabad,16.0,,DA Warner,S Dhawan|DA Warner|RS Bopara|NV Ojha|MC Henriques|KL Rahul|KV Sharma|Bipul Sharma|P Kumar|B Kumar|DW Steyn,RV Uthappa|G Gambhir|MK Pandey|AD Russell|YK Pathan|SA Yadav|J Botha|PP Chawla|SP Narine|M Morkel|UT Yadav,Sunrisers Hyderabad,176,4,Kolkata Knight Riders,101.0,4.0
829745,20.0,2015,2015-04-22,M Chinnaswamy Stadium,Bangalore,Royal Challengers Bangalore,Chennai Super Kings,Royal Challengers Bangalore,field,0.0,Chennai Super Kings,27.0,,SK Raina,MS Bisla|RR Rossouw|V Kohli|KD Karthik|AB de Villiers|SN Khan|D Wiese|HV Patel|MA Starc|Iqbal Abdulla|YS Chahal,DR Smith|BB McCullum|SK Raina|MS Dhoni|RA Jadeja|F du Plessis|DJ Bravo|R Ashwin|MM Sharma|A Nehra|IC Pandey,Chennai Super Kings,181,8,Royal Challengers Bangalore,154.0,8.0
829747,21.0,2015,2015-04-23,Feroz Shah Kotla,Delhi,Delhi Daredevils,Mumbai Indians,Mumbai Indians,field,0.0,Delhi Daredevils,37.0,,SS Iyer,MA Agarwal|SS Iyer|JP Duminy|AD Mathews|Yuvraj Singh|KM Jadhav|NM Coulter-Nile|A Mishra|S Nadeem|Imran Tahir|DJ Muthuswami,LMP Simmons|PA Patel|UBT Chand|RG Sharma|KA Pollard|AT Rayudu|HH Pandya|Harbhajan Singh|MJ McClenaghan|SL Malinga|JJ Bumrah,Delhi Daredevils,190,4,Mumbai Indians,153.0,9.0
829749,22.0,2015,2015-04-24,"Sardar Patel Stadium, Motera",Ahmedabad,Rajasthan Royals,Royal Challengers Bangalore,Royal Challengers Bangalore,field,1.0,Royal Challengers Bangalore,,9.0,MA Starc,AM Rahane|SR Watson|SPD Smith|KK Nair|DJ Hooda|SV Samson|STR Binny|JP Faulkner|CH Morris|DS Kulkarni|PV Tambe,CH Gayle|V Kohli|AB de Villiers|Mandeep Singh|KD Karthik|SN Khan|D Wiese|HV Patel|MA Starc|Iqbal Abdulla|YS Chahal,Rajasthan Royals,130,9,Royal Challengers Bangalore,134.0,1.0
829751,23.0,2015,2015-04-25,Wankhede Stadium,Mumbai,Mumbai Indians,Sunrisers Hyderabad,Mumbai Indians,bat,1.0,Mumbai Indians,20.0,,SL Malinga,LMP Simmons|PA Patel|UBT Chand|RG Sharma|KA Pollard|AT Rayudu|Harbhajan Singh|J Suchith|R Vinay Kumar|MJ McClenaghan|SL Malinga,S Dhawan|DA Warner|KL Rahul|NV Ojha|RS Bopara|GH Vihari|KV Sharma|P Kumar|DW Steyn|B Kumar|TA Boult,Mumbai Indians,157,8,Sunrisers Hyderabad,137.0,8.0
829753,24.0,2015,2015-04-25,"MA Chidambaram Stadium, Chepauk",Chennai,Chennai Super Kings,Kings XI Punjab,Chennai Super Kings,bat,1.0,Chennai Super Kings,97.0,,BB McCullum,DR Smith|BB McCullum|SK Raina|MS Dhoni|RA Jadeja|F du Plessis|DJ Bravo|R Ashwin|MM Sharma|IC Pandey|A Nehra,M Vijay|V Sehwag|SE Marsh|GJ Bailey|DA Miller|WP Saha|AR Patel|MG Johnson|Anureet Singh|Karanveer Singh|Sandeep Sharma,Chennai Super Kings,192,3,Kings XI Punjab,95.0,9.0
829757,26.0,2015,2015-04-26,Feroz Shah Kotla,Delhi,Delhi Daredevils,Royal Challengers Bangalore,Royal Challengers Bangalore,field,1.0,Royal Challengers Bangalore,,10.0,VR Aaron,MA Agarwal|SS Iyer|JP Duminy|Yuvraj Singh|AD Mathews|KM Jadhav|NM Coulter-Nile|A Mishra|S Nadeem|Imran Tahir|DJ Muthuswami,CH Gayle|V Kohli|AB de Villiers|Mandeep Singh|KD Karthik|SN Khan|D Wiese|HV Patel|MA Starc|Iqbal Abdulla|VR Aaron,Delhi Daredevils,95,10,Royal Challengers Bangalore,99.0,0.0
829759,27.0,2015,2015-04-27,"Punjab Cricket Association Stadium, Mohali",Chandigarh,Kings XI Punjab,Sunrisers Hyderabad,Kings XI Punjab,field,0.0,Sunrisers Hyderabad,20.0,,TA Boult,M Vijay|M Vohra|SE Marsh|GJ Bailey|DA Miller|WP Saha|AR Patel|R Dhawan|MG Johnson|Anureet Singh|Sandeep Sharma,DA Warner|S Dhawan|GH Vihari|MC Henriques|NV Ojha|RS Bopara|A Ashish Reddy|KV Sharma|P Kumar|B Kumar|TA Boult,Sunrisers Hyderabad,150,6,Kings XI Punjab,130.0,9.0
829761,42.0,2015,2015-05-07,Eden Gardens,Kolkata,Kolkata Knight Riders,Delhi Daredevils,Kolkata Knight Riders,bat,1.0,Kolkata Knight Riders,13.0,,PP Chawla,RV Uthappa|G Gambhir|MK Pandey|PP Chawla|YK Pathan|AD Russell|SA Yadav|J Botha|GB Hogg|UT Yadav|SP Narine,MK Tiwary|SS Iyer|JP Duminy|KM Jadhav|Yuvraj Singh|AD Mathews|SS Tiwary|JA Morkel|A Mishra|Imran Tahir|Z Khan,Kolkata Knight Riders,171,7,Delhi Daredevils,158.0,6.0
829763,29.0,2015,2015-04-29,M Chinnaswamy Stadium,Bangalore,Royal Challengers Bangalore,Rajasthan Royals,Rajasthan Royals,field,,,,,,CH Gayle|V Kohli|AB de Villiers|Mandeep Singh|KD Karthik|SN Khan|D Wiese|HV Patel|MA Starc|VR Aaron|YS Chahal,AM Rahane|SR Watson|SPD Smith|KK Nair|SV Samson|STR Binny|DJ Hooda|JP Faulkner|PV Tambe|DS Kulkarni|TG Southee,Royal Challengers Bangalore,200,7,,,
829765,28.0,2015,2015-04-28,"MA Chidambaram Stadium, Chepauk",Chennai,Chennai Super Kings,Kolkata Knight Riders,Kolkata Knight Riders,field,0.0,Chennai Super Kings,2.0,,DJ Bravo,DR Smith|BB McCullum|SK Raina|F du Plessis|MS Dhoni|DJ Bravo|RA Jadeja|R Ashwin|MM Sharma|IC Pandey|A Nehra,RV Uthappa|G Gambhir|MK Pandey|SA Yadav|YK Pathan|RN ten Doeschate|AD Russell|PJ Cummins|PP Chawla|UT Yadav|GB Hogg,Chennai Super Kings,134,6,Kolkata Knight Riders,132.0,9.0
829767,31.0,2015,2015-05-01,Feroz Shah Kotla,Delhi,Delhi Daredevils,Kings XI Punjab,Delhi Daredevils,field,1.0,Delhi Daredevils,,9.0,NM Coulter-Nile,MA Agarwal|SS Iyer|SS Tiwary|JP Duminy|Yuvraj Singh|AD Mathews|KM Jadhav|NM Coulter-Nile|A Mishra|Z Khan|Imran Tahir,V Sehwag|M Vohra|SE Marsh|WP Saha|DA Miller|GJ Bailey|NLTC Perera|AR Patel|SN Thakur|Anureet Singh|Sandeep Sharma,Kings XI Punjab,118,8,Delhi Daredevils,119.0,1.0
829769,32.0,2015,2015-05-01,Wankhede Stadium,Mumbai,Mumbai Indians,Rajasthan Royals,Rajasthan Royals,field,0.0,Mumbai Indians,8.0,,AT Rayudu,LMP Simmons|PA Patel|UBT Chand|RG Sharma|AT Rayudu|KA Pollard|Harbhajan Singh|J Suchith|R Vinay Kumar|MJ McClenaghan|SL Malinga,AM Rahane|SR Watson|SV Samson|SPD Smith|KK Nair|STR Binny|DJ Hooda|TG Southee|J Theron|DS Kulkarni|Ankit Sharma,Mumbai Indians,187,5,Rajasthan Royals,179.0,7.0
829771,33.0,2015,2015-05-02,M Chinnaswamy Stadium,Bangalore,Royal Challengers Bangalore,Kolkata Knight Riders,Royal Challengers Bangalore,field,1.0,Royal Challengers Bangalore,,7.0,Mandeep Singh,CH Gayle|V Kohli|AB de Villiers|Mandeep Singh|D Wiese|KD Karthik|SN Khan|HV Patel|MA Starc|VR Aaron|YS Chahal,RV Uthappa|G Gambhir|AD Russell|RN ten Doeschate|YK Pathan|SA Yadav|MK Pandey|PJ Cummins|PP Chawla|GB Hogg|UT Yadav,Kolkata Knight Riders,111,4,Royal Challengers Bangalore,115.0,3.0
829773,34.0,2015,2015-05-02,"Rajiv Gandhi International Stadium, Uppal",Hyderabad,Sunrisers Hyderabad,Chennai Super Kings,Chennai Super Kings,field,0.0,Sunrisers Hyderabad,22.0,,DA Warner,DA Warner|S Dhawan|MC Henriques|EJG Morgan|NV Ojha|A Ashish Reddy|GH Vihari|KV Sharma|B Kumar|P Kumar|TA Boult,DR Smith|BB McCullum|SK Raina|F du Plessis|MS Dhoni|P Negi|DJ Bravo|RA Jadeja|MM Sharma|A Nehra|RG More,Sunrisers Hyderabad,192,7,Chennai Super Kings,170.0,6.0
829775,35.0,2015,2015-05-03,"Punjab Cricket Association Stadium, Mohali",Chandigarh,Kings XI Punjab,Mumbai Indians,Mumbai Indians,bat,1.0,Mumbai Indians,23.0,,LMP Simmons,M Vijay|V Sehwag|GJ Maxwell|DA Miller|GJ Bailey|WP Saha|AR Patel|MG Johnson|Anureet Singh|Sandeep Sharma|Karanveer Singh,LMP Simmons|PA Patel|RG Sharma|KA Pollard|AT Rayudu|UBT Chand|Harbhajan Singh|J Suchith|R Vinay Kumar|MJ McClenaghan|SL Malinga,Mumbai Indians,172,3,Kings XI Punjab,149.0,7.0
829777,36.0,2015,2015-05-03,Brabourne Stadium,Mumbai,Rajasthan Royals,Delhi Daredevils,Delhi Daredevils,field,0.0,Rajasthan Royals,14.0,,AM Rahane,AM Rahane|SR Watson|KK Nair|JP Faulkner|SPD Smith|SV Samson|STR Binny|DJ Hooda|TG Southee|DS Kulkarni|R Bhatia,MA Agarwal|SS Iyer|JP Duminy|Yuvraj Singh|AD Mathews|KM Jadhav|SS Tiwary|NM Coulter-Nile|A Mishra|Z Khan|GS Sandhu,Rajasthan Royals,189,2,Delhi Daredevils,175.0,7.0
829779,37.0,2015,2015-05-04,"MA Chidambaram Stadium, Chepauk",Chennai,Chennai Super Kings,Royal Challengers Bangalore,Chennai Super Kings,bat,1.0,Chennai Super Kings,24.0,,SK Raina,DR Smith|BB McCullum|SK Raina|F du Plessis|MS Dhoni|RA Jadeja|P Negi|DJ Bravo|MM Sharma|A Nehra|IC Pandey,NJ Maddinson|V Kohli|AB de Villiers|Mandeep Singh|KD Karthik|SN Khan|D Wiese|HV Patel|MA Starc|Iqbal Abdulla|YS Chahal,Chennai Super Kings,148,9,Royal Challengers Bangalore,124.0,10.0
829781,38.0,2015,2015-05-04,Eden Gardens,Kolkata,Kolkata Knight Riders,Sunrisers Hyderabad,Sunrisers Hyderabad,field,0.0,Kolkata Knight Riders,35.0,,UT Yadav,RV Uthappa|G Gambhir|MK Pandey|AD Russell|RN ten Doeschate|YK Pathan|J Botha|SA Yadav|PP Chawla|GB Hogg|UT Yadav,DA Warner|S Dhawan|NV Ojha|MC Henriques|EJG Morgan|GH Vihari|Bipul Sharma|KV Sharma|P Kumar|B Kumar|DW Steyn,Kolkata Knight Riders,167,7,Sunrisers Hyderabad,132.0,9.0
829783,39.0,2015,2015-05-05,Wankhede Stadium,Mumbai,Mumbai Indians,Delhi Daredevils,Delhi Daredevils,bat,0.0,Mumbai Indians,,5.0,Harbhajan Singh,LMP Simmons|PA Patel|HH Pandya|RG Sharma|Harbhajan Singh|AT Rayudu|KA Pollard|J Suchith|R Vinay Kumar|MJ McClenaghan|SL Malinga,MA Agarwal|SS Iyer|JP Duminy|KM Jadhav|Yuvraj Singh|AD Mathews|SS Tiwary|NM Coulter-Nile|A Mishra|Imran Tahir|Z Khan,Delhi Daredevils,152,6,Mumbai Indians,153.0,5.0
829785,40.0,2015,2015-05-06,M Chinnaswamy Stadium,Bangalore,Royal Challengers Bangalore,Kings XI Punjab,Kings XI Punjab,field,0.0,Royal Challengers Bangalore,138.0,,CH Gayle,CH Gayle|V Kohli|AB de Villiers|KD Karthik|SN Khan|Mandeep Singh|D Wiese|MA Starc|HV Patel|YS Chahal|S Aravind,M Vijay|M Vohra|WP Saha|GJ Maxwell|DA Miller|GJ Bailey|AR Patel|MG Johnson|Anureet Singh|Karanveer Singh|Sandeep Sharma,Royal Challengers Bangalore,226,3,Kings XI Punjab,88.0,10.0
829787,41.0,2015,2015-05-07,Brabourne Stadium,Mumbai,Rajasthan Royals,Sunrisers Hyderabad,Rajasthan Royals,field,0.0,Sunrisers Hyderabad,7.0,,EJG Morgan,AM Rahane|SR Watson|SPD Smith|KK Nair|DJ Hooda|JP Faulkner|SV Samson|STR Binny|CH Morris|DS Kulkarni|PV Tambe,S Dhawan|DA Warner|MC Henriques|EJG Morgan|RS Bopara|NV Ojha|GH Vihari|KV Sharma|P Kumar|B Kumar|I Sharma,Sunrisers Hyderabad,201,4,Rajasthan Royals,194.0,7.0
829789,43.0,2015,2015-05-08,"MA Chidambaram Stadium, Chepauk",Chennai,Chennai Super Kings,Mumbai Indians,Chennai Super Kings,bat,0.0,Mumbai Indians,,6.0,HH Pandya,DR Smith|BB McCullum|SK Raina|F du Plessis|MS Dhoni|P Negi|RA Jadeja|DJ Bravo|R Ashwin|MM Sharma|A Nehra,LMP Simmons|PA Patel|RG Sharma|KA Pollard|AT Rayudu|HH Pandya|Harbhajan Singh|J Suchith|R Vinay Kumar|MJ McClenaghan|M de Lange,Chennai Super Kings,158,5,Mumbai Indians,159.0,4.0
829791,44.0,2015,2015-05-09,Eden Gardens,Kolkata,Kolkata Knight Riders,Kings XI Punjab,Kings XI Punjab,bat,0.0,Kolkata Knight Riders,,1.0,AD Russell,RV Uthappa|G Gambhir|MK Pandey|SA Yadav|YK Pathan|AD Russell|J Botha|PP Chawla|GB Hogg|UT Yadav|SP Narine,M Vijay|M Vohra|WP Saha|GJ Maxwell|DA Miller|Gurkeerat Singh|GJ Bailey|AR Patel|BE Hendricks|Anureet Singh|Sandeep Sharma,Kings XI Punjab,183,5,Kolkata Knight Riders,184.0,9.0
829793,45.0,2015,2015-05-09,Shaheed Veer Narayan Singh International Stadium,Raipur,Delhi Daredevils,Sunrisers Hyderabad,Sunrisers Hyderabad,bat,1.0,Sunrisers Hyderabad,6.0,,MC Henriques,Q de Kock|SS Iyer|JP Duminy|Yuvraj Singh|KM Jadhav|SS Tiwary|JA Morkel|J Yadav|NM Coulter-Nile|A Mishra|Z Khan,S Dhawan|DA Warner|MC Henriques|EJG Morgan|KV Sharma|RS Bopara|NV Ojha|Parvez Rasool|P Kumar|B Kumar|I Sharma,Sunrisers Hyderabad,163,4,Delhi Daredevils,157.0,4.0
829795,46.0,2015,2015-05-10,Wankhede Stadium,Mumbai,Mumbai Indians,Royal Challengers Bangalore,Royal Challengers Bangalore,bat,1.0,Royal Challengers Bangalore,39.0,,AB de Villiers,PA Patel|LMP Simmons|RG Sharma|KA Pollard|HH Pandya|AT Rayudu|Harbhajan Singh|J Suchith|MJ McClenaghan|SL Malinga|JJ Bumrah,CH Gayle|V Kohli|AB de Villiers|KD Karthik|SN Khan|Mandeep Singh|D Wiese|MA Starc|HV Patel|YS Chahal|S Aravind,Royal Challengers Bangalore,235,1,Mumbai Indians,196.0,7.0
829797,47.0,2015,2015-05-10,"MA Chidambaram Stadium, Chepauk",Chennai,Chennai Super Kings,Rajasthan Royals,Chennai Super Kings,bat,1.0,Chennai Super Kings,12.0,,RA Jadeja,DR Smith|BB McCullum|SK Raina|F du Plessis|P Negi|MS Dhoni|DJ Bravo|RA Jadeja|R Ashwin|MM Sharma|A Nehra,AM Rahane|SR Watson|SPD Smith|KK Nair|DJ Hooda|SV Samson|JP Faulkner|CH Morris|R Bhatia|Ankit Sharma|PV Tambe,Chennai Super Kings,157,5,Rajasthan Royals,145.0,9.0
829799,48.0,2015,2015-05-11,"Rajiv Gandhi International Stadium, Uppal",Hyderabad,Sunrisers Hyderabad,Kings XI Punjab,Sunrisers Hyderabad,bat,1.0,Sunrisers Hyderabad,5.0,,DA Warner,DA Warner|S Dhawan|MC Henriques|EJG Morgan|NV Ojha|KL Rahul|KV Sharma|Bipul Sharma|B Kumar|TA Boult|I Sharma,M Vijay|M Vohra|WP Saha|GJ Maxwell|DA Miller|GJ Bailey|Gurkeerat Singh|AR Patel|BE Hendricks|Anureet Singh|Sandeep Sharma,Sunrisers Hyderabad,185,5,Kings XI Punjab,180.0,7.0
829801,49.0,2015,2015-05-12,Shaheed Veer Narayan Singh International Stadium,Raipur,Delhi Daredevils,Chennai Super Kings,Chennai Super Kings,bat,0.0,Delhi Daredevils,,6.0,Z Khan,Q de Kock|SS Iyer|JP Duminy|Yuvraj Singh|JA Morkel|KM Jadhav|SS Tiwary|J Yadav|GS Sandhu|Z Khan|S Nadeem,DR Smith|BB McCullum|SK Raina|F du Plessis|MS Dhoni|DJ Bravo|P Negi|RA Jadeja|R Ashwin|MM Sharma|IC Pandey,Chennai Super Kings,119,6,Delhi Daredevils,120.0,4.0
829803,50.0,2015,2015-05-13,"Punjab Cricket Association Stadium, Mohali",Chandigarh,Kings XI Punjab,Royal Challengers Bangalore,Royal Challengers Bangalore,field,0.0,Kings XI Punjab,22.0,,AR Patel,WP Saha|M Vohra|GJ Maxwell|DA Miller|GJ Bailey|AR Patel|Gurkeerat Singh|R Dhawan|BE Hendricks|Anureet Singh|Sandeep Sharma,CH Gayle|V Kohli|AB de Villiers|Mandeep Singh|KD Karthik|SN Khan|D Wiese|HV Patel|MA Starc|YS Chahal|S Aravind,Kings XI Punjab,106,6,Royal Challengers Bangalore,84.0,6.0
829805,51.0,2015,2015-05-14,Wankhede Stadium,Mumbai,Mumbai Indians,Kolkata Knight Riders,Kolkata Knight Riders,field,0.0,Mumbai Indians,5.0,,HH Pandya,LMP Simmons|PA Patel|RG Sharma|AT Rayudu|KA Pollard|HH Pandya|Harbhajan Singh|J Suchith|MJ McClenaghan|R Vinay Kumar|SL Malinga,RV Uthappa|G Gambhir|MK Pandey|YK Pathan|Shakib Al Hasan|AD Russell|SA Yadav|PP Chawla|UT Yadav|M Morkel|SP Narine,Mumbai Indians,171,4,Kolkata Knight Riders,166.0,7.0
829807,52.0,2015,2015-05-15,"Rajiv Gandhi International Stadium, Uppal",Hyderabad,Sunrisers Hyderabad,Royal Challengers Bangalore,Sunrisers Hyderabad,bat,0.0,Royal Challengers Bangalore,,6.0,V Kohli,DA Warner|S Dhawan|MC Henriques|EJG Morgan|NV Ojha|KL Rahul|Bipul Sharma|KV Sharma|B Kumar|P Kumar|DW Steyn,CH Gayle|V Kohli|AB de Villiers|Mandeep Singh|KD Karthik|SN Khan|D Wiese|MA Starc|HV Patel|YS Chahal|AB Dinda,Sunrisers Hyderabad,135,3,Royal Challengers Bangalore,83.0,4.0
829809,53.0,2015,2015-05-16,"Punjab Cricket Association Stadium, Mohali",Chandigarh,Kings XI Punjab,Chennai Super Kings,Kings XI Punjab,bat,0.0,Chennai Super Kings,,7.0,P Negi,WP Saha|M Vohra|GJ Bailey|GJ Maxwell|Gurkeerat Singh|DA Miller|AR Patel|R Dhawan|BE Hendricks|Anureet Singh|Sandeep Sharma,MEK Hussey|BB McCullum|F du Plessis|SK Raina|MS Dhoni|DJ Bravo|P Negi|RA Jadeja|R Ashwin|A Nehra|IC Pandey,Kings XI Punjab,130,7,Chennai Super Kings,134.0,3.0
829811,54.0,2015,2015-05-16,Brabourne Stadium,Mumbai,Rajasthan Royals,Kolkata Knight Riders,Rajasthan Royals,bat,1.0,Rajasthan Royals,9.0,,SR Watson,AM Rahane|SR Watson|SPD Smith|SV Samson|JP Faulkner|KK Nair|CH Morris|DJ Hooda|STR Binny|DS Kulkarni|BB Sran,RV Uthappa|G Gambhir|MK Pandey|YK Pathan|AD Russell|SA Yadav|Shakib Al Hasan|Azhar Mahmood|PP Chawla|UT Yadav|M Morkel,Rajasthan Royals,199,6,Kolkata Knight Riders,190.0,9.0
829813,55.0,2015,2015-05-17,M Chinnaswamy Stadium,Bangalore,Royal Challengers Bangalore,Delhi Daredevils,Royal Challengers Bangalore,field,,,,,,V Kohli|CH Gayle|AB de Villiers|Mandeep Singh|KD Karthik|SN Khan|D Wiese|MA Starc|HV Patel|YS Chahal|AB Dinda,Q de Kock|SS Iyer|JP Duminy|Yuvraj Singh|KM Jadhav|AD Mathews|SS Tiwary|J Yadav|S Nadeem|GS Sandhu|Z Khan,Delhi Daredevils,187,5,Royal Challengers Bangalore,2.0,0.0
829815,56.0,2015,2015-05-17,"Rajiv Gandhi International Stadium, Uppal",Hyderabad,Sunrisers Hyderabad,Mumbai Indians,Sunrisers Hyderabad,bat,0.0,Mumbai Indians,,9.0,MJ McClenaghan,DA Warner|S Dhawan|MC Henriques|EJG Morgan|KL Rahul|NV Ojha|KV Sharma|A Ashish Reddy|B Kumar|P Kumar|DW Steyn,LMP Simmons|PA Patel|RG Sharma|AT Rayudu|KA Pollard|HH Pandya|Harbhajan Singh|J Suchith|MJ McClenaghan|R Vinay Kumar|SL Malinga,Sunrisers Hyderabad,113,10,Mumbai Indians,114.0,1.0
829817,,2015,2015-05-19,Wankhede Stadium,Mumbai,Chennai Super Kings,Mumbai Indians,Mumbai Indians,bat,1.0,Mumbai Indians,25.0,,KA Pollard,DR Smith|MEK Hussey|F du Plessis|SK Raina|MS Dhoni|DJ Bravo|RA Jadeja|P Negi|R Ashwin|MM Sharma|A Nehra,LMP Simmons|PA Patel|RG Sharma|KA Pollard|HH Pandya|AT Rayudu|Harbhajan Singh|J Suchith|MJ McClenaghan|R Vinay Kumar|SL Malinga,Mumbai Indians,187,6,Chennai Super Kings,162.0,10.0
829819,,2015,2015-05-20,Maharashtra Cricket Association Stadium,Pune,Royal Challengers Bangalore,Rajasthan Royals,Royal Challengers Bangalore,bat,1.0,Royal Challengers Bangalore,71.0,,AB de Villiers,CH Gayle|V Kohli|AB de Villiers|Mandeep Singh|KD Karthik|SN Khan|D Wiese|MA Starc|HV Patel|YS Chahal|S Aravind,AM Rahane|SR Watson|SV Samson|SPD Smith|KK Nair|DJ Hooda|JP Faulkner|STR Binny|CH Morris|Ankit Sharma|DS Kulkarni,Royal Challengers Bangalore,180,4,Rajasthan Royals,109.0,10.0
829821,,2015,2015-05-22,JSCA International Stadium Complex,Ranchi,Chennai Super Kings,Royal Challengers Bangalore,Chennai Super Kings,field,1.0,Chennai Super Kings,,3.0,A Nehra,DR Smith|MEK Hussey|F du Plessis|SK Raina|MS Dhoni|P Negi|DJ Bravo|RA Jadeja|R Ashwin|MM Sharma|A Nehra,CH Gayle|V Kohli|AB de Villiers|Mandeep Singh|KD Karthik|SN Khan|D Wiese|HV Patel|MA Starc|S Aravind|YS Chahal,Royal Challengers Bangalore,139,8,Chennai Super Kings,140.0,7.0
829823,,2015,2015-05-24,Eden Gardens,Kolkata,Mumbai Indians,Chennai Super Kings,Chennai Super Kings,field,0.0,Mumbai Indians,41.0,,RG Sharma,LMP Simmons|PA Patel|RG Sharma|KA Pollard|AT Rayudu|HH Pandya|Harbhajan Singh|J Suchith|MJ McClenaghan|R Vinay Kumar|SL Malinga,DR Smith|MEK Hussey|SK Raina|MS Dhoni|DJ Bravo|P Negi|F du Plessis|RA Jadeja|R Ashwin|MM Sharma|A Nehra,Mumbai Indians,202,5,Chennai Super Kings,161.0,8.0
980901,1.0,2016,2016-04-09,Wankhede Stadium,Mumbai,Mumbai Indians,Rising Pune Supergiants,Mumbai Indians,bat,0.0,Rising Pune Supergiants,,9.0,AM Rahane,LMP Simmons|RG Sharma|HH Pandya|JC Buttler|AT Rayudu|KA Pollard|S Gopal|Harbhajan Singh|R Vinay Kumar|MJ McClenaghan|JJ Bumrah,AM Rahane|F du Plessis|KP Pietersen|MS Dhoni|SPD Smith|R Bhatia|MR Marsh|R Ashwin|I Sharma|M Ashwin|RP Singh,Mumbai Indians,121,8,Rising Pune Supergiants,126.0,1.0
980903,2.0,2016,2016-04-10,Eden Gardens,Kolkata,Kolkata Knight Riders,Delhi Daredevils,Kolkata Knight Riders,field,1.0,Kolkata Knight Riders,,9.0,AD Russell,RV Uthappa|G Gambhir|MK Pandey|C Munro|SA Yadav|YK Pathan|AD Russell|PP Chawla|JW Hastings|GB Hogg|UT Yadav,MA Agarwal|Q de Kock|SS Iyer|KK Nair|SV Samson|P Negi|CR Brathwaite|CH Morris|NM Coulter-Nile|A Mishra|Z Khan,Delhi Daredevils,98,10,Kolkata Knight Riders,99.0,1.0
980905,3.0,2016,2016-04-11,"Punjab Cricket Association IS Bindra Stadium, Mohali",Chandigarh,Kings XI Punjab,Gujarat Lions,Gujarat Lions,field,1.0,Gujarat Lions,,5.0,AJ Finch,M Vijay|M Vohra|DA Miller|GJ Maxwell|WP Saha|MP Stoinis|AR Patel|MG Johnson|P Sahu|MM Sharma|Sandeep Sharma,AJ Finch|BB McCullum|SK Raina|KD Karthik|RA Jadeja|Ishan Kishan|DJ Bravo|JP Faulkner|P Kumar|PJ Sangwan|S Ladda,Kings XI Punjab,161,6,Gujarat Lions,162.0,5.0
980907,4.0,2016,2016-04-12,M Chinnaswamy Stadium,Bangalore,Royal Challengers Bangalore,Sunrisers Hyderabad,Sunrisers Hyderabad,field,0.0,Royal Challengers Bangalore,45.0,,AB de Villiers,CH Gayle|V Kohli|AB de Villiers|SR Watson|SN Khan|KM Jadhav|STR Binny|Parvez Rasool|HV Patel|AF Milne|YS Chahal,DA Warner|S Dhawan|MC Henriques|NV Ojha|DJ Hooda|EJG Morgan|A Ashish Reddy|KV Sharma|A Nehra|B Kumar|Mustafizur Rahman,Royal Challengers Bangalore,227,4,Sunrisers Hyderabad,182.0,6.0
980909,5.0,2016,2016-04-13,Eden Gardens,Kolkata,Kolkata Knight Riders,Mumbai Indians,Mumbai Indians,field,1.0,Mumbai Indians,,6.0,RG Sharma,RV Uthappa|G Gambhir|MK Pandey|AD Russell|YK Pathan|C Munro|SA Yadav|PP Chawla|JW Hastings|Kuldeep Yadav|GB Hogg,RG Sharma|PA Patel|HH Pandya|MJ McClenaghan|JC Buttler|KA Pollard|AT Rayudu|Harbhajan Singh|J Suchith|TG Southee|JJ Bumrah,Kolkata Knight Riders,187,5,Mumbai Indians,188.0,4.0
980911,6.0,2016,2016-04-14,Saurashtra Cricket Association Stadium,Rajkot,Gujarat Lions,Rising Pune Supergiants,Rising Pune Supergiants,bat,0.0,Gujarat Lions,,7.0,AJ Finch,AJ Finch|BB McCullum|SK Raina|DJ Bravo|RA Jadeja|KD Karthik|AD Nath|JP Faulkner|P Kumar|SB Jakati|PV Tambe,AM Rahane|F du Plessis|KP Pietersen|SPD Smith|MS Dhoni|MR Marsh|R Bhatia|R Ashwin|I Sharma|RP Singh|M Ashwin,Rising Pune Supergiants,163,5,Gujarat Lions,164.0,3.0
980913,7.0,2016,2016-04-15,Feroz Shah Kotla,Delhi,Delhi Daredevils,Kings XI Punjab,Delhi Daredevils,field,1.0,Delhi Daredevils,,8.0,A Mishra,Q de Kock|SS Iyer|SV Samson|P Negi|KK Nair|JP Duminy|CR Brathwaite|J Yadav|CH Morris|Z Khan|A Mishra,M Vijay|M Vohra|SE Marsh|DA Miller|GJ Maxwell|AR Patel|WP Saha|MG Johnson|MM Sharma|P Sahu|Sandeep Sharma,Kings XI Punjab,111,9,Delhi Daredevils,113.0,2.0
980915,8.0,2016,2016-04-16,"Rajiv Gandhi International Stadium, Uppal",Hyderabad,Sunrisers Hyderabad,Kolkata Knight Riders,Sunrisers Hyderabad,bat,0.0,Kolkata Knight Riders,,8.0,G Gambhir,DA Warner|S Dhawan|MC Henriques|EJG Morgan|DJ Hooda|NV Ojha|A Ashish Reddy|KV Sharma|B Kumar|Mustafizur Rahman|BB Sran,RV Uthappa|G Gambhir|AD Russell|MK Pandey|Shakib Al Hasan|YK Pathan|SA Yadav|PP Chawla|SP Narine|M Morkel|UT Yadav,Sunrisers Hyderabad,142,7,Kolkata Knight Riders,146.0,2.0
980917,9.0,2016,2016-04-16,Wankhede Stadium,Mumbai,Mumbai Indians,Gujarat Lions,Gujarat Lions,field,1.0,Gujarat Lions,,3.0,AJ Finch,RG Sharma|PA Patel|HH Pandya|JC Buttler|KA Pollard|AT Rayudu|Harbhajan Singh|KH Pandya|TG Southee|MJ McClenaghan|JJ Bumrah,AJ Finch|BB McCullum|SK Raina|KD Karthik|DJ Bravo|AD Nath|JP Faulkner|P Kumar|DS Kulkarni|SB Jakati|PV Tambe,Mumbai Indians,143,8,Gujarat Lions,147.0,7.0
980919,10.0,2016,2016-04-17,"Punjab Cricket Association IS Bindra Stadium, Mohali",Chandigarh,Kings XI Punjab,Rising Pune Supergiants,Rising Pune Supergiants,bat,0.0,Kings XI Punjab,,6.0,M Vohra,M Vijay|M Vohra|SE Marsh|DA Miller|GJ Maxwell|WP Saha|AR Patel|MM Sharma|KJ Abbott|P Sahu|Sandeep Sharma,AM Rahane|F du Plessis|KP Pietersen|NLTC Perera|SPD Smith|MS Dhoni|IK Pathan|R Ashwin|I Sharma|Ankit Sharma|M Ashwin,Rising Pune Supergiants,152,7,Kings XI Punjab,153.0,4.0
980921,11.0,2016,2016-04-17,M Chinnaswamy Stadium,Bangalore,Royal Challengers Bangalore,Delhi Daredevils,Delhi Daredevils,field,1.0,Delhi Daredevils,,7.0,Q de Kock,CH Gayle|V Kohli|AB de Villiers|SR Watson|SN Khan|KM Jadhav|D Wiese|Parvez Rasool|HV Patel|YS Chahal|S Aravind,Q de Kock|SS Iyer|SV Samson|KK Nair|JP Duminy|CR Brathwaite|CH Morris|P Negi|Z Khan|A Mishra|Mohammed Shami,Royal Challengers Bangalore,191,5,Delhi Daredevils,192.0,3.0
980923,12.0,2016,2016-04-18,"Rajiv Gandhi International Stadium, Uppal",Hyderabad,Sunrisers Hyderabad,Mumbai Indians,Sunrisers Hyderabad,field,1.0,Sunrisers Hyderabad,,7.0,DA Warner,DA Warner|S Dhawan|MC Henriques|EJG Morgan|DJ Hooda|NV Ojha|Bipul Sharma|A Ashish Reddy|B Kumar|Mustafizur Rahman|BB Sran,MJ Guptill|PA Patel|AT Rayudu|RG Sharma|JC Buttler|KH Pandya|HH Pandya|Harbhajan Singh|TG Southee|MJ McClenaghan|JJ Bumrah,Mumbai Indians,142,6,Sunrisers Hyderabad,145.0,3.0
980925,13.0,2016,2016-04-19,"Punjab Cricket Association IS Bindra Stadium, Mohali",Chandigarh,Kings XI Punjab,Kolkata Knight Riders,Kolkata Knight Riders,field,1.0,Kolkata Knight Riders,,6.0,RV Uthappa,M Vijay|M Vohra|SE Marsh|WP Saha|DA Miller|GJ Maxwell|AR Patel|MM Sharma|P Sahu|KJ Abbott|Sandeep Sharma,RV Uthappa|G Gambhir|MK Pandey|Shakib Al Hasan|SA Yadav|YK Pathan|AD Russell|PP Chawla|SP Narine|M Morkel|UT Yadav,Kings XI Punjab,138,8,Kolkata Knight Riders,141.0,4.0
980927,14.0,2016,2016-04-20,Wankhede Stadium,Mumbai,Mumbai Indians,Royal Challengers Bangalore,Mumbai Indians,field,1.0,Mumbai Indians,,6.0,RG Sharma,RG Sharma|PA Patel|AT Rayudu|JC Buttler|KA Pollard|HH Pandya|KH Pandya|Harbhajan Singh|JJ Bumrah|MJ McClenaghan|TG Southee,V Kohli|KL Rahul|AB de Villiers|SR Watson|TM Head|SN Khan|STR Binny|HV Patel|KW Richardson|Iqbal Abdulla|VR Aaron,Royal Challengers Bangalore,170,7,Mumbai Indians,171.0,4.0
980929,15.0,2016,2016-04-21,Saurashtra Cricket Association Stadium,Rajkot,Gujarat Lions,Sunrisers Hyderabad,Sunrisers Hyderabad,field,1.0,Sunrisers Hyderabad,,10.0,B Kumar,AJ Finch|BB McCullum|SK Raina|KD Karthik|DJ Bravo|RA Jadeja|AD Nath|DW Steyn|P Kumar|DS Kulkarni|PV Tambe,DA Warner|S Dhawan|MC Henriques|EJG Morgan|DJ Hooda|AP Tare|NV Ojha|B Kumar|Mustafizur Rahman|Bipul Sharma|BB Sran,Gujarat Lions,135,8,Sunrisers Hyderabad,137.0,0.0
980931,16.0,2016,2016-04-22,Maharashtra Cricket Association Stadium,Pune,Rising Pune Supergiants,Royal Challengers Bangalore,Rising Pune Supergiants,field,0.0,Royal Challengers Bangalore,13.0,,AB de Villiers,AM Rahane|F du Plessis|KP Pietersen|SPD Smith|MS Dhoni|NLTC Perera|R Bhatia|R Ashwin|Ankit Sharma|M Ashwin|I Sharma,V Kohli|KL Rahul|AB de Villiers|SR Watson|SN Khan|Mandeep Singh|STR Binny|HV Patel|KW Richardson|T Shamsi|Iqbal Abdulla,Royal Challengers Bangalore,185,3,Rising Pune Supergiants,172.0,9.0
980933,17.0,2016,2016-04-23,Feroz Shah Kotla,Delhi,Delhi Daredevils,Mumbai Indians,Mumbai Indians,field,0.0,Delhi Daredevils,10.0,,SV Samson,Q de Kock|SS Iyer|SV Samson|KK Nair|JP Duminy|P Negi|CH Morris|Z Khan|A Mishra|Mohammed Shami|Imran Tahir,RG Sharma|PA Patel|AT Rayudu|KH Pandya|JC Buttler|KA Pollard|HH Pandya|Harbhajan Singh|TG Southee|MJ McClenaghan|JJ Bumrah,Delhi Daredevils,164,4,Mumbai Indians,154.0,7.0
980935,18.0,2016,2016-04-23,"Rajiv Gandhi International Stadium, Uppal",Hyderabad,Sunrisers Hyderabad,Kings XI Punjab,Sunrisers Hyderabad,field,1.0,Sunrisers Hyderabad,,5.0,Mustafizur Rahman,DA Warner|S Dhawan|AP Tare|EJG Morgan|DJ Hooda|MC Henriques|NV Ojha|Bipul Sharma|B Kumar|BB Sran|Mustafizur Rahman,M Vijay|M Vohra|SE Marsh|DA Miller|GJ Maxwell|NS Naik|AR Patel|R Dhawan|MM Sharma|KJ Abbott|Sandeep Sharma,Kings XI Punjab,143,6,Sunrisers Hyderabad,146.0,5.0
980937,19.0,2016,2016-04-24,Saurashtra Cricket Association Stadium,Rajkot,Gujarat Lions,Royal Challengers Bangalore,Royal Challengers Bangalore,bat,0.0,Gujarat Lions,,6.0,V Kohli,DR Smith|BB McCullum|SK Raina|KD Karthik|RA Jadeja|DJ Bravo|AJ Finch|P Kumar|DS Kulkarni|SB Jakati|PV Tambe,V Kohli|SR Watson|AB de Villiers|KL Rahul|SN Khan|KM Jadhav|STR Binny|Iqbal Abdulla|YS Chahal|KW Richardson|T Shamsi,Royal Challengers Bangalore,180,2,Gujarat Lions,182.0,4.0
980939,20.0,2016,2016-04-24,Maharashtra Cricket Association Stadium,Pune,Rising Pune Supergiants,Kolkata Knight Riders,Kolkata Knight Riders,field,1.0,Kolkata Knight Riders,,2.0,SA Yadav,AM Rahane|F du Plessis|SPD Smith|NLTC Perera|JA Morkel|MS Dhoni|R Bhatia|SS Tiwary|R Ashwin|Ankit Sharma|M Ashwin,RV Uthappa|G Gambhir|SA Yadav|Shakib Al Hasan|YK Pathan|AD Russell|R Sathish|PP Chawla|UT Yadav|SP Narine|M Morkel,Rising Pune Supergiants,160,5,Kolkata Knight Riders,162.0,8.0
980941,21.0,2016,2016-04-25,"Punjab Cricket Association IS Bindra Stadium, Mohali",Chandigarh,Kings XI Punjab,Mumbai Indians,Kings XI Punjab,field,0.0,Mumbai Indians,25.0,,PA Patel,M Vijay|M Vohra|SE Marsh|GJ Maxwell|DA Miller|NS Naik|AR Patel|MG Johnson|MM Sharma|P Sahu|Sandeep Sharma,RG Sharma|PA Patel|AT Rayudu|JC Buttler|KA Pollard|HH Pandya|KH Pandya|Harbhajan Singh|TG Southee|MJ McClenaghan|JJ Bumrah,Mumbai Indians,189,6,Kings XI Punjab,164.0,7.0
980943,22.0,2016,2016-04-26,"Rajiv Gandhi International Stadium, Uppal",Hyderabad,Sunrisers Hyderabad,Rising Pune Supergiants,Rising Pune Supergiants,field,1.0,Rising Pune Supergiants,34.0,,AB Dinda,DA Warner|S Dhawan|AP Tare|EJG Morgan|DJ Hooda|MC Henriques|NV Ojha|Bipul Sharma|B Kumar|A Nehra|Mustafizur Rahman,AM Rahane|F du Plessis|SPD Smith|MS Dhoni|SS Tiwary|NLTC Perera|MR Marsh|R Bhatia|R Ashwin|M Ashwin|AB Dinda,Sunrisers Hyderabad,118,8,Rising Pune Supergiants,94.0,3.0
980945,23.0,2016,2016-04-27,Feroz Shah Kotla,Delhi,Delhi Daredevils,Gujarat Lions,Delhi Daredevils,field,0.0,Gujarat Lions,1.0,,CH Morris,Q de Kock|SV Samson|KK Nair|JP Duminy|RR Pant|CH Morris|P Negi|A Mishra|Z Khan|S Nadeem|Imran Tahir,DR Smith|BB McCullum|SK Raina|KD Karthik|RA Jadeja|Ishan Kishan|DJ Bravo|JP Faulkner|P Kumar|DS Kulkarni|PV Tambe,Gujarat Lions,172,6,Delhi Daredevils,171.0,5.0
980947,24.0,2016,2016-04-28,Wankhede Stadium,Mumbai,Mumbai Indians,Kolkata Knight Riders,Mumbai Indians,field,1.0,Mumbai Indians,,6.0,RG Sharma,RG Sharma|PA Patel|AT Rayudu|KH Pandya|JC Buttler|KA Pollard|HH Pandya|Harbhajan Singh|JJ Bumrah|TG Southee|MJ McClenaghan,RV Uthappa|G Gambhir|Shakib Al Hasan|SA Yadav|AD Russell|CA Lynn|YK Pathan|R Sathish|UT Yadav|SP Narine|JD Unadkat,Kolkata Knight Riders,174,5,Mumbai Indians,178.0,4.0
980949,25.0,2016,2016-04-29,Maharashtra Cricket Association Stadium,Pune,Rising Pune Supergiants,Gujarat Lions,Gujarat Lions,field,1.0,Gujarat Lions,,3.0,DR Smith,AM Rahane|SS Tiwary|SPD Smith|MS Dhoni|NLTC Perera|JA Morkel|R Bhatia|PSP Handscomb|R Ashwin|M Ashwin|AB Dinda,DR Smith|BB McCullum|SK Raina|KD Karthik|DJ Bravo|RA Jadeja|JP Faulkner|Ishan Kishan|P Kumar|DS Kulkarni|S Kaushik,Rising Pune Supergiants,195,3,Gujarat Lions,196.0,7.0
980951,26.0,2016,2016-04-30,Feroz Shah Kotla,Delhi,Delhi Daredevils,Kolkata Knight Riders,Kolkata Knight Riders,field,0.0,Delhi Daredevils,27.0,,CR Brathwaite,Q de Kock|SS Iyer|SV Samson|KK Nair|SW Billings|CH Morris|CR Brathwaite|RR Pant|Mohammed Shami|A Mishra|Z Khan,RV Uthappa|G Gambhir|PP Chawla|YK Pathan|SA Yadav|R Sathish|AD Russell|JO Holder|UT Yadav|SP Narine|GB Hogg,Delhi Daredevils,186,8,Kolkata Knight Riders,159.0,10.0
980953,27.0,2016,2016-04-30,"Rajiv Gandhi International Stadium, Uppal",Hyderabad,Sunrisers Hyderabad,Royal Challengers Bangalore,Royal Challengers Bangalore,field,0.0,Sunrisers Hyderabad,15.0,,DA Warner,DA Warner|S Dhawan|KS Williamson|MC Henriques|NV Ojha|DJ Hooda|A Ashish Reddy|BB Sran|B Kumar|A Nehra|Mustafizur Rahman,V Kohli|KL Rahul|AB de Villiers|SR Watson|Sachin Baby|KM Jadhav|Parvez Rasool|VR Aaron|HV Patel|KW Richardson|T Shamsi,Sunrisers Hyderabad,194,5,Royal Challengers Bangalore,179.0,6.0
980955,28.0,2016,2016-05-01,Saurashtra Cricket Association Stadium,Rajkot,Gujarat Lions,Kings XI Punjab,Gujarat Lions,field,0.0,Kings XI Punjab,23.0,,AR Patel,DR Smith|BB McCullum|SK Raina|KD Karthik|RA Jadeja|DJ Bravo|Ishan Kishan|JP Faulkner|P Kumar|DS Kulkarni|S Kaushik,M Vijay|MP Stoinis|SE Marsh|GJ Maxwell|Gurkeerat Singh|DA Miller|WP Saha|AR Patel|MM Sharma|KC Cariappa|Sandeep Sharma,Kings XI Punjab,154,10,Gujarat Lions,131.0,9.0
980957,29.0,2016,2016-05-01,Maharashtra Cricket Association Stadium,Pune,Rising Pune Supergiants,Mumbai Indians,Mumbai Indians,field,1.0,Mumbai Indians,,8.0,RG Sharma,AM Rahane|SS Tiwary|SPD Smith|PSP Handscomb|MS Dhoni|NLTC Perera|R Bhatia|SM Boland|R Ashwin|AB Dinda|M Ashwin,RG Sharma|PA Patel|AT Rayudu|JC Buttler|KH Pandya|KA Pollard|HH Pandya|Harbhajan Singh|JJ Bumrah|TG Southee|MJ McClenaghan,Rising Pune Supergiants,159,5,Mumbai Indians,161.0,2.0
980959,30.0,2016,2016-05-02,M Chinnaswamy Stadium,Bangalore,Royal Challengers Bangalore,Kolkata Knight Riders,Kolkata Knight Riders,field,1.0,Kolkata Knight Riders,,5.0,AD Russell,KL Rahul|CH Gayle|V Kohli|AB de Villiers|SR Watson|Sachin Baby|STR Binny|VR Aaron|S Aravind|YS Chahal|T Shamsi,RV Uthappa|G Gambhir|CA Lynn|MK Pandey|YK Pathan|AD Russell|SA Yadav|PP Chawla|UT Yadav|SP Narine|M Morkel,Royal Challengers Bangalore,185,7,Kolkata Knight Riders,189.0,5.0
980961,31.0,2016,2016-05-03,Saurashtra Cricket Association Stadium,Rajkot,Gujarat Lions,Delhi Daredevils,Delhi Daredevils,field,1.0,Delhi Daredevils,,8.0,RR Pant,DR Smith|BB McCullum|AJ Finch|SK Raina|KD Karthik|RA Jadeja|JP Faulkner|Ishan Kishan|P Kumar|DS Kulkarni|S Kaushik,Q de Kock|RR Pant|SV Samson|JP Duminy|KK Nair|SW Billings|CH Morris|A Mishra|Mohammed Shami|Z Khan|S Nadeem,Gujarat Lions,149,7,Delhi Daredevils,150.0,2.0
980963,32.0,2016,2016-05-04,Eden Gardens,Kolkata,Kolkata Knight Riders,Kings XI Punjab,Kings XI Punjab,field,0.0,Kolkata Knight Riders,7.0,,AD Russell,RV Uthappa|G Gambhir|YK Pathan|AD Russell|MK Pandey|SA Yadav|Shakib Al Hasan|GB Hogg|PP Chawla|M Morkel|UT Yadav,M Vijay|MP Stoinis|M Vohra|WP Saha|GJ Maxwell|DA Miller|Gurkeerat Singh|AR Patel|Swapnil Singh|MM Sharma|Sandeep Sharma,Kolkata Knight Riders,164,3,Kings XI Punjab,157.0,9.0
980965,33.0,2016,2016-05-05,Feroz Shah Kotla,Delhi,Delhi Daredevils,Rising Pune Supergiants,Rising Pune Supergiants,field,1.0,Rising Pune Supergiants,,7.0,AM Rahane,RR Pant|SV Samson|KK Nair|JP Duminy|SW Billings|CR Brathwaite|P Negi|J Yadav|Mohammed Shami|A Mishra|Imran Tahir,AM Rahane|UT Khawaja|SS Tiwary|MS Dhoni|NLTC Perera|GJ Bailey|R Bhatia|SM Boland|R Ashwin|AB Dinda|M Ashwin,Delhi Daredevils,162,7,Rising Pune Supergiants,166.0,3.0
980967,34.0,2016,2016-05-06,"Rajiv Gandhi International Stadium, Uppal",Hyderabad,Sunrisers Hyderabad,Gujarat Lions,Sunrisers Hyderabad,field,1.0,Sunrisers Hyderabad,,5.0,B Kumar,DA Warner|S Dhawan|KS Williamson|MC Henriques|Yuvraj Singh|DJ Hooda|NV Ojha|B Kumar|BB Sran|A Nehra|Mustafizur Rahman,DR Smith|BB McCullum|SK Raina|KD Karthik|AJ Finch|DJ Bravo|RA Jadeja|P Kumar|PJ Sangwan|DS Kulkarni|S Kaushik,Gujarat Lions,126,6,Sunrisers Hyderabad,129.0,5.0
980969,35.0,2016,2016-05-07,M Chinnaswamy Stadium,Bangalore,Royal Challengers Bangalore,Rising Pune Supergiants,Royal Challengers Bangalore,field,1.0,Royal Challengers Bangalore,,7.0,V Kohli,V Kohli|KL Rahul|AB de Villiers|SR Watson|TM Head|Sachin Baby|STR Binny|Parvez Rasool|CJ Jordan|VR Aaron|YS Chahal,AM Rahane|UT Khawaja|SS Tiwary|MS Dhoni|NLTC Perera|GJ Bailey|R Bhatia|R Ashwin|A Zampa|AB Dinda|RP Singh,Rising Pune Supergiants,191,6,Royal Challengers Bangalore,195.0,3.0
980971,36.0,2016,2016-05-07,"Punjab Cricket Association IS Bindra Stadium, Mohali",Chandigarh,Kings XI Punjab,Delhi Daredevils,Delhi Daredevils,field,0.0,Kings XI Punjab,9.0,,MP Stoinis,M Vijay|MP Stoinis|HM Amla|WP Saha|GJ Maxwell|DA Miller|AR Patel|Gurkeerat Singh|MM Sharma|Sandeep Sharma|KC Cariappa,Q de Kock|SV Samson|KK Nair|SW Billings|CR Brathwaite|CH Morris|RR Pant|A Mishra|Mohammed Shami|Z Khan|S Nadeem,Kings XI Punjab,181,5,Delhi Daredevils,172.0,5.0
980973,37.0,2016,2016-05-08,Dr. Y.S. Rajasekhara Reddy ACA-VDCA Cricket Stadium,Visakhapatnam,Mumbai Indians,Sunrisers Hyderabad,Mumbai Indians,field,0.0,Sunrisers Hyderabad,85.0,,A Nehra,RG Sharma|PA Patel|AT Rayudu|KH Pandya|JC Buttler|KA Pollard|HH Pandya|Harbhajan Singh|TG Southee|MJ McClenaghan|JJ Bumrah,DA Warner|S Dhawan|KS Williamson|Yuvraj Singh|MC Henriques|DJ Hooda|NV Ojha|B Kumar|BB Sran|A Nehra|Mustafizur Rahman,Sunrisers Hyderabad,177,3,Mumbai Indians,92.0,10.0
980975,38.0,2016,2016-05-08,Eden Gardens,Kolkata,Kolkata Knight Riders,Gujarat Lions,Gujarat Lions,field,1.0,Gujarat Lions,,5.0,P Kumar,RV Uthappa|G Gambhir|MK Pandey|SA Yadav|Shakib Al Hasan|YK Pathan|AD Russell|GB Hogg|PP Chawla|M Morkel|UT Yadav,DR Smith|BB McCullum|SK Raina|KD Karthik|AJ Finch|RA Jadeja|DJ Bravo|P Kumar|DS Kulkarni|S Kaushik|PV Tambe,Kolkata Knight Riders,158,4,Gujarat Lions,164.0,5.0
980977,39.0,2016,2016-05-09,"Punjab Cricket Association IS Bindra Stadium, Mohali",Chandigarh,Kings XI Punjab,Royal Challengers Bangalore,Kings XI Punjab,field,0.0,Royal Challengers Bangalore,1.0,,SR Watson,HM Amla|M Vijay|WP Saha|DA Miller|MP Stoinis|F Behardien|AR Patel|MM Sharma|Anureet Singh|Sandeep Sharma|KC Cariappa,V Kohli|KL Rahul|AB de Villiers|SR Watson|Sachin Baby|TM Head|STR Binny|CJ Jordan|Iqbal Abdulla|VR Aaron|YS Chahal,Royal Challengers Bangalore,175,6,Kings XI Punjab,174.0,4.0
980979,40.0,2016,2016-05-10,Dr. Y.S. Rajasekhara Reddy ACA-VDCA Cricket Stadium,Visakhapatnam,Rising Pune Supergiants,Sunrisers Hyderabad,Sunrisers Hyderabad,bat,1.0,Sunrisers Hyderabad,4.0,,A Zampa,AM Rahane|UT Khawaja|GJ Bailey|R Ashwin|SS Tiwary|MS Dhoni|NLTC Perera|R Bhatia|A Zampa|AB Dinda|RP Singh,DA Warner|S Dhawan|KS Williamson|Yuvraj Singh|MC Henriques|DJ Hooda|NV Ojha|B Kumar|BB Sran|A Nehra|Mustafizur Rahman,Sunrisers Hyderabad,137,8,Rising Pune Supergiants,133.0,8.0
980981,41.0,2016,2016-05-11,M Chinnaswamy Stadium,Bangalore,Royal Challengers Bangalore,Mumbai Indians,Mumbai Indians,field,1.0,Mumbai Indians,,6.0,KH Pandya,V Kohli|CH Gayle|AB de Villiers|KL Rahul|SR Watson|Sachin Baby|STR Binny|CJ Jordan|S Aravind|VR Aaron|YS Chahal,RG Sharma|PA Patel|AT Rayudu|N Rana|KA Pollard|JC Buttler|KH Pandya|Harbhajan Singh|TG Southee|MJ McClenaghan|JJ Bumrah,Royal Challengers Bangalore,151,4,Mumbai Indians,153.0,4.0
980983,42.0,2016,2016-05-12,"Rajiv Gandhi International Stadium, Uppal",Hyderabad,Sunrisers Hyderabad,Delhi Daredevils,Delhi Daredevils,field,1.0,Delhi Daredevils,,7.0,CH Morris,DA Warner|S Dhawan|KS Williamson|Yuvraj Singh|MC Henriques|DJ Hooda|NV Ojha|B Kumar|BB Sran|A Nehra|Mustafizur Rahman,Q de Kock|MA Agarwal|KK Nair|SV Samson|RR Pant|JP Duminy|J Yadav|CH Morris|A Mishra|NM Coulter-Nile|Mohammed Shami,Sunrisers Hyderabad,146,8,Delhi Daredevils,150.0,3.0
980985,43.0,2016,2016-05-13,Dr. Y.S. Rajasekhara Reddy ACA-VDCA Cricket Stadium,Visakhapatnam,Mumbai Indians,Kings XI Punjab,Mumbai Indians,bat,0.0,Kings XI Punjab,,7.0,MP Stoinis,RG Sharma|UBT Chand|AT Rayudu|N Rana|JC Buttler|KA Pollard|KH Pandya|Harbhajan Singh|TG Southee|MJ McClenaghan|JJ Bumrah,M Vijay|HM Amla|WP Saha|GJ Maxwell|Gurkeerat Singh|DA Miller|MP Stoinis|AR Patel|MM Sharma|Sandeep Sharma|KC Cariappa,Mumbai Indians,124,9,Kings XI Punjab,127.0,3.0
980987,44.0,2016,2016-05-14,M Chinnaswamy Stadium,Bangalore,Royal Challengers Bangalore,Gujarat Lions,Gujarat Lions,field,0.0,Royal Challengers Bangalore,144.0,,AB de Villiers,CH Gayle|V Kohli|AB de Villiers|SR Watson|KL Rahul|Sachin Baby|STR Binny|CJ Jordan|S Aravind|VR Aaron|YS Chahal,DR Smith|BB McCullum|RA Jadeja|KD Karthik|AJ Finch|DJ Bravo|AD Nath|P Kumar|DS Kulkarni|PV Tambe|S Kaushik,Royal Challengers Bangalore,248,3,Gujarat Lions,104.0,10.0
980989,45.0,2016,2016-05-14,Eden Gardens,Kolkata,Kolkata Knight Riders,Rising Pune Supergiants,Rising Pune Supergiants,bat,0.0,Kolkata Knight Riders,,8.0,YK Pathan,RV Uthappa|G Gambhir|MK Pandey|YK Pathan|Shakib Al Hasan|SA Yadav|AD Russell|PP Chawla|SP Narine|AS Rajpoot|M Morkel,AM Rahane|UT Khawaja|GJ Bailey|SS Tiwary|IK Pathan|MS Dhoni|NLTC Perera|R Ashwin|A Zampa|M Ashwin|AB Dinda,Rising Pune Supergiants,103,6,Kolkata Knight Riders,66.0,2.0
980991,46.0,2016,2016-05-15,"Punjab Cricket Association IS Bindra Stadium, Mohali",Chandigarh,Kings XI Punjab,Sunrisers Hyderabad,Kings XI Punjab,bat,0.0,Sunrisers Hyderabad,,7.0,HM Amla,HM Amla|M Vijay|WP Saha|Gurkeerat Singh|DA Miller|GJ Maxwell|MP Stoinis|AR Patel|MM Sharma|Sandeep Sharma|Anureet Singh,DA Warner|S Dhawan|DJ Hooda|Yuvraj Singh|BCJ Cutting|MC Henriques|NV Ojha|KV Sharma|B Kumar|A Nehra|Mustafizur Rahman,Kings XI Punjab,179,4,Sunrisers Hyderabad,180.0,3.0
980993,47.0,2016,2016-05-15,Dr. Y.S. Rajasekhara Reddy ACA-VDCA Cricket Stadium,Visakhapatnam,Mumbai Indians,Delhi Daredevils,Delhi Daredevils,field,0.0,Mumbai Indians,80.0,,KH Pandya,RG Sharma|MJ Guptill|KH Pandya|KA Pollard|JC Buttler|AT Rayudu|N Rana|Harbhajan Singh|R Vinay Kumar|MJ McClenaghan|JJ Bumrah,MA Agarwal|Q de Kock|KK Nair|SV Samson|RR Pant|JP Duminy|CH Morris|A Mishra|S Nadeem|Imran Tahir|Z Khan,Mumbai Indians,206,4,Delhi Daredevils,126.0,10.0
980995,48.0,2016,2016-05-16,Eden Gardens,Kolkata,Kolkata Knight Riders,Royal Challengers Bangalore,Royal Challengers Bangalore,field,1.0,Royal Challengers Bangalore,,9.0,V Kohli,RV Uthappa|G Gambhir|MK Pandey|YK Pathan|AD Russell|SA Yadav|Shakib Al Hasan|PP Chawla|SP Narine|AS Rajpoot|M Morkel,CH Gayle|V Kohli|AB de Villiers|SR Watson|KL Rahul|Sachin Baby|STR Binny|CJ Jordan|S Aravind|Iqbal Abdulla|YS Chahal,Kolkata Knight Riders,183,5,Royal Challengers Bangalore,186.0,1.0
980997,49.0,2016,2016-05-17,Dr. Y.S. Rajasekhara Reddy ACA-VDCA Cricket Stadium,Visakhapatnam,Rising Pune Supergiants,Delhi Daredevils,Rising Pune Supergiants,field,1.0,Rising Pune Supergiants,19.0,,AB Dinda,AM Rahane|UT Khawaja|GJ Bailey|SS Tiwary|IK Pathan|MS Dhoni|NLTC Perera|R Ashwin|A Zampa|AB Dinda|DL Chahar,Q de Kock|SS Iyer|KK Nair|SV Samson|RR Pant|JP Duminy|CH Morris|NM Coulter-Nile|A Mishra|Z Khan|Mohammed Shami,Delhi Daredevils,121,6,Rising Pune Supergiants,76.0,1.0
980999,50.0,2016,2016-05-18,M Chinnaswamy Stadium,Bangalore,Royal Challengers Bangalore,Kings XI Punjab,Kings XI Punjab,field,0.0,Royal Challengers Bangalore,82.0,,V Kohli,CH Gayle|V Kohli|AB de Villiers|KL Rahul|SR Watson|Sachin Baby|STR Binny|CJ Jordan|S Aravind|VR Aaron|YS Chahal,M Vijay|HM Amla|WP Saha|DA Miller|Gurkeerat Singh|AR Patel|F Behardien|KJ Abbott|MM Sharma|KC Cariappa|Sandeep Sharma,Royal Challengers Bangalore,211,3,Kings XI Punjab,120.0,9.0
981001,51.0,2016,2016-05-19,Green Park,Kanpur,Gujarat Lions,Kolkata Knight Riders,Gujarat Lions,field,1.0,Gujarat Lions,,6.0,DR Smith,DR Smith|BB McCullum|SK Raina|KD Karthik|AJ Finch|RA Jadeja|DJ Bravo|ER Dwivedi|P Kumar|SB Jakati|DS Kulkarni,RV Uthappa|G Gambhir|MK Pandey|PP Chawla|YK Pathan|Shakib Al Hasan|SA Yadav|JO Holder|SP Narine|M Morkel|AS Rajpoot,Kolkata Knight Riders,124,8,Gujarat Lions,125.0,4.0
981003,52.0,2016,2016-05-20,Shaheed Veer Narayan Singh International Stadium,Raipur,Delhi Daredevils,Sunrisers Hyderabad,Delhi Daredevils,field,1.0,Delhi Daredevils,,6.0,KK Nair,Q de Kock|RR Pant|KK Nair|JP Duminy|CR Brathwaite|SV Samson|P Negi|A Mishra|Z Khan|J Yadav|NM Coulter-Nile,DA Warner|S Dhawan|DJ Hooda|Yuvraj Singh|MC Henriques|EJG Morgan|NV Ojha|B Kumar|KV Sharma|Mustafizur Rahman|BB Sran,Sunrisers Hyderabad,158,7,Delhi Daredevils,161.0,4.0
981005,53.0,2016,2016-05-21,Dr. Y.S. Rajasekhara Reddy ACA-VDCA Cricket Stadium,Visakhapatnam,Rising Pune Supergiants,Kings XI Punjab,Kings XI Punjab,bat,0.0,Rising Pune Supergiants,,4.0,MS Dhoni,AM Rahane|UT Khawaja|GJ Bailey|SS Tiwary|MS Dhoni|IK Pathan|NLTC Perera|R Ashwin|A Zampa|AB Dinda|DL Chahar,HM Amla|M Vijay|WP Saha|Gurkeerat Singh|DA Miller|F Behardien|AR Patel|R Dhawan|KJ Abbott|MM Sharma|Sandeep Sharma,Kings XI Punjab,172,7,Rising Pune Supergiants,173.0,6.0
981007,54.0,2016,2016-05-21,Green Park,Kanpur,Gujarat Lions,Mumbai Indians,Gujarat Lions,field,1.0,Gujarat Lions,,6.0,SK Raina,AJ Finch|BB McCullum|SK Raina|KD Karthik|DR Smith|RA Jadeja|DJ Bravo|ER Dwivedi|SB Jakati|P Kumar|DS Kulkarni,RG Sharma|MJ Guptill|N Rana|KH Pandya|JC Buttler|KA Pollard|HH Pandya|Harbhajan Singh|R Vinay Kumar|MJ McClenaghan|JJ Bumrah,Mumbai Indians,172,8,Gujarat Lions,173.0,4.0
981009,55.0,2016,2016-05-22,Eden Gardens,Kolkata,Kolkata Knight Riders,Sunrisers Hyderabad,Sunrisers Hyderabad,field,0.0,Kolkata Knight Riders,22.0,,YK Pathan,RV Uthappa|G Gambhir|C Munro|MK Pandey|YK Pathan|JO Holder|Shakib Al Hasan|SA Yadav|AS Rajpoot|SP Narine|Kuldeep Yadav,S Dhawan|DA Warner|NV Ojha|Yuvraj Singh|KS Williamson|DJ Hooda|MC Henriques|KV Sharma|B Kumar|BB Sran|Mustafizur Rahman,Kolkata Knight Riders,171,6,Sunrisers Hyderabad,149.0,8.0
981011,56.0,2016,2016-05-22,Shaheed Veer Narayan Singh International Stadium,Raipur,Delhi Daredevils,Royal Challengers Bangalore,Royal Challengers Bangalore,field,1.0,Royal Challengers Bangalore,,6.0,V Kohli,Q de Kock|RR Pant|KK Nair|SV Samson|SW Billings|P Negi|CR Brathwaite|CH Morris|J Yadav|A Mishra|Z Khan,CH Gayle|V Kohli|AB de Villiers|KL Rahul|SR Watson|STR Binny|Sachin Baby|CJ Jordan|Iqbal Abdulla|S Aravind|YS Chahal,Delhi Daredevils,138,8,Royal Challengers Bangalore,139.0,4.0
981013,,2016,2016-05-24,M Chinnaswamy Stadium,Bangalore,Gujarat Lions,Royal Challengers Bangalore,Royal Challengers Bangalore,field,1.0,Royal Challengers Bangalore,,4.0,AB de Villiers,AJ Finch|BB McCullum|SK Raina|KD Karthik|DR Smith|RA Jadeja|DJ Bravo|ER Dwivedi|P Kumar|DS Kulkarni|SB Jakati,CH Gayle|V Kohli|AB de Villiers|KL Rahul|SR Watson|Sachin Baby|STR Binny|Iqbal Abdulla|CJ Jordan|S Aravind|YS Chahal,Gujarat Lions,158,10,Royal Challengers Bangalore,159.0,6.0
981015,,2016,2016-05-25,Feroz Shah Kotla,Delhi,Sunrisers Hyderabad,Kolkata Knight Riders,Kolkata Knight Riders,field,0.0,Sunrisers Hyderabad,22.0,,MC Henriques,DA Warner|S Dhawan|MC Henriques|Yuvraj Singh|DJ Hooda|BCJ Cutting|NV Ojha|B Kumar|Bipul Sharma|BB Sran|Mustafizur Rahman,RV Uthappa|G Gambhir|C Munro|MK Pandey|YK Pathan|SA Yadav|R Sathish|JO Holder|SP Narine|M Morkel|Kuldeep Yadav,Sunrisers Hyderabad,162,8,Kolkata Knight Riders,140.0,8.0
981017,,2016,2016-05-27,Feroz Shah Kotla,Delhi,Gujarat Lions,Sunrisers Hyderabad,Sunrisers Hyderabad,field,1.0,Sunrisers Hyderabad,,4.0,DA Warner,ER Dwivedi|BB McCullum|SK Raina|KD Karthik|AJ Finch|DR Smith|RA Jadeja|DJ Bravo|DS Kulkarni|P Kumar|S Kaushik,DA Warner|S Dhawan|MC Henriques|Yuvraj Singh|DJ Hooda|BCJ Cutting|NV Ojha|Bipul Sharma|B Kumar|BB Sran|TA Boult,Gujarat Lions,162,7,Sunrisers Hyderabad,163.0,6.0
981019,,2016,2016-05-29,M Chinnaswamy Stadium,Bangalore,Royal Challengers Bangalore,Sunrisers Hyderabad,Sunrisers Hyderabad,bat,1.0,Sunrisers Hyderabad,8.0,,BCJ Cutting,CH Gayle|V Kohli|AB de Villiers|KL Rahul|SR Watson|Sachin Baby|STR Binny|CJ Jordan|Iqbal Abdulla|S Aravind|YS Chahal,DA Warner|S Dhawan|MC Henriques|Yuvraj Singh|DJ Hooda|BCJ Cutting|NV Ojha|Bipul Sharma|B Kumar|BB Sran|Mustafizur Rahman,Sunrisers Hyderabad,208,7,Royal Challengers Bangalore,200.0,7.0
rcb_srh_20260328,,2026,2026-03-28,"M Chinnaswamy Stadium, Bengaluru",,Sunrisers Hyderabad,Royal Challengers Bengaluru,Royal Challengers Bengaluru,bowl,1.0,Royal Challengers Bengaluru,,,,,,Sunrisers Hyderabad,201,9,Royal Challengers Bengaluru,202.0,2.0
ipl2026_MIvKKR_20260329,,2026,2026-03-29,"Wankhede Stadium, Mumbai",,Mumbai Indians,Kolkata Knight Riders,Kolkata Knight Riders,field,0.0,Mumbai Indians,,,,,,Mumbai Indians,220,4,Kolkata Knight Riders,224.0,4.0
d788e9f9-99bf-4650-a035-92a7e21b3d08,,2026,2026-03-30,"Barsapara Cricket Stadium, Guwahati",,Chennai Super Kings,Rajasthan Royals,Rajasthan Royals,bowl,1.0,Rajasthan Royals,,,,,,Chennai Super Kings,127,10,Rajasthan Royals,128.0,2.0
11ff7db9-9c71-464e-afcb-5b03e4fa4b0a,,2026,2026-03-31,"Maharaja Yadavindra Singh International Cricket Stadium, Mullanpur",,Gujarat Titans,Kings XI Punjab,Kings XI Punjab,bowl,1.0,Kings XI Punjab,,,,,,Gujarat Titans,162,6,Kings XI Punjab,165.0,7.0
ae676d7c-3082-489c-96c5-5620f393c900,,2026,2026-04-01,"Ekana Stadium, Lucknow",,Lucknow Super Giants,Delhi Capitals,Lucknow Super Giants,bat,0.0,Delhi Capitals,,,,,,Lucknow Super Giants,141,10,Delhi Capitals,145.0,4.0
96d2aa6b-ea40-4da4-b4cf-eb996de24ef7,,2026,2026-04-03,"MA Chidambaram Stadium, Chennai",,Chennai Super Kings,Kings XI Punjab,Kings XI Punjab,bowl,1.0,Kings XI Punjab,,,,,,Chennai Super Kings,24,1,Kings XI Punjab,0.0,0.0
736f3e02-212a-49bc-8b3b-08a106312702,,2026,2026-04-04,"Arun Jaitley Stadium, Delhi",,Mumbai Indians,Delhi Capitals,Delhi Capitals,bowl,1.0,Delhi Capitals,,,,,,Mumbai Indians,162,6,Delhi Capitals,164.0,4.0
ipl2026_20260405,,2026,2026-04-05,"Rajiv Gandhi Intl Stadium, Hyderabad",,Sunrisers Hyderabad,Lucknow Super Giants,Sunrisers Hyderabad,bat,0.0,Lucknow Super Giants,,,,,,Sunrisers Hyderabad,156,9,Lucknow Super Giants,160.0,5.0
2d6c0b86-76c0-4795-96a4-e252f575d2d9,,2026,2026-04-09,"Eden Gardens, Kolkata",,Kolkata Knight Riders,Lucknow Super Giants,Lucknow Super Giants,bowl,1.0,Lucknow Super Giants,,,,,,Kolkata Knight Riders,181,4,Lucknow Super Giants,182.0,7.0
3ec1f721-7f79-49e3-bbc1-69e88b9cf4a3,,2026,2026-04-11,"Barsapara Cricket Stadium, Guwahati",,Royal Challengers Bengaluru,Rajasthan Royals,Rajasthan Royals,bowl,1.0,Rajasthan Royals,,,,,,Royal Challengers Bengaluru,202,4,Rajasthan Royals,0.0,0.0
8f0a09ba-2a87-4b94-9a61-d729ef8c0c14,,2026,2026-04-11,"Maharaja Yadavindra Singh International Cricket Stadium, Mullanpur",,Sunrisers Hyderabad,Kings XI Punjab,Kings XI Punjab,bowl,1.0,Kings XI Punjab,,,,,,Sunrisers Hyderabad,219,6,Kings XI Punjab,223.0,4.0
d8d0937a-8bd7-47b0-acbc-00d381578f85,,2026,2026-04-11,"MA Chidambaram Stadium, Chennai",,Chennai Super Kings,Delhi Capitals,Delhi Capitals,bowl,0.0,Chennai Super Kings,,,,,,Chennai Super Kings,212,2,Delhi Capitals,189.0,10.0
ipl2026_20260412,,2026,2026-04-12,"Ekana Stadium, Lucknow",,Lucknow Super Giants,Gujarat Titans,Gujarat Titans,bowl,1.0,Gujarat Titans,,,,,,Lucknow Super Giants,164,8,Gujarat Titans,165.0,3.0
b85f1b39-5766-46c7-9cea-14a64e0750b3,,2026,2026-04-12,"Wankhede Stadium, Mumbai",,Royal Challengers Bengaluru,Mumbai Indians,Mumbai Indians,bowl,0.0,Royal Challengers Bengaluru,,,,,,Royal Challengers Bengaluru,240,4,Mumbai Indians,222.0,5.0
8b691738-66b3-4774-a7fd-5a2113a54ca5,,2026,2026-04-14,"MA Chidambaram Stadium, Chennai",,Chennai Super Kings,Kolkata Knight Riders,Kolkata Knight Riders,bowl,0.0,Chennai Super Kings,,,,,,Chennai Super Kings,192,5,Kolkata Knight Riders,160.0,7.0
55e260bc-4aa7-44de-92e7-6bbd1edbb711,,2026,2026-04-15,"M Chinnaswamy Stadium, Bengaluru",,Lucknow Super Giants,Royal Challengers Bengaluru,Royal Challengers Bengaluru,bowl,1.0,Royal Challengers Bengaluru,,,,,,Lucknow Super Giants,4,0,Royal Challengers Bengaluru,146.0,10.0
6289a2c9-75ee-49e1-9b83-ad7df53dcc21,,2026,2026-04-16,"Wankhede Stadium, Mumbai",,Mumbai Indians,Kings XI Punjab,Kings XI Punjab,bowl,1.0,Kings XI Punjab,,,,,,Mumbai Indians,195,6,Kings XI Punjab,198.0,3.0
b481f31f-5ad7-4218-8a6e-16fc34d38048,,2026,2026-04-17,"Narendra Modi Stadium, Ahmedabad",,Kolkata Knight Riders,Gujarat Titans,Kolkata Knight Riders,bat,0.0,Gujarat Titans,,,,,,Kolkata Knight Riders,180,10,Gujarat Titans,181.0,5.0
ipl2026_20260418,,2026,2026-04-18,"M Chinnaswamy Stadium, Bengaluru",,Royal Challengers Bengaluru,Delhi Capitals,Delhi Capitals,bowl,1.0,Delhi Capitals,,,,,,Royal Challengers Bengaluru,175,8,Delhi Capitals,179.0,4.0
c5bf2a95-1855-463d-accf-9c1db88418cd,,2026,2026-04-18,"Rajiv Gandhi Intl Stadium, Hyderabad",,Sunrisers Hyderabad,Chennai Super Kings,Chennai Super Kings,bowl,0.0,Sunrisers Hyderabad,,,,,,Sunrisers Hyderabad,194,9,Chennai Super Kings,184.0,8.0
fb4d7e4a-c420-45f2-9f2f-d45ce094efbc,,2026,2026-04-19,"Eden Gardens, Kolkata",,Rajasthan Royals,Kolkata Knight Riders,Rajasthan Royals,bat,0.0,Kolkata Knight Riders,,,,,,Rajasthan Royals,155,9,Kolkata Knight Riders,161.0,6.0
ipl2026_20260421,,2026,2026-04-21,"Rajiv Gandhi Intl Stadium, Hyderabad",,Sunrisers Hyderabad,Delhi Capitals,Delhi Capitals,bowl,0.0,Sunrisers Hyderabad,,,,,,Sunrisers Hyderabad,242,2,Delhi Capitals,195.0,9.0
151878,,2026,2026-04-23,"Wankhede Stadium, Mumbai",,Chennai Super Kings,Mumbai Indians,Chennai Super Kings,bat,1.0,Chennai Super Kings,,,,,,Chennai Super Kings,207,6,Mumbai Indians,104.0,10.0
151889,,2026,2026-04-24,"M Chinnaswamy Stadium, Bengaluru",,Gujarat Titans,Royal Challengers Bengaluru,Gujarat Titans,bat,0.0,Royal Challengers Bengaluru,,,,,,Gujarat Titans,205,3,Royal Challengers Bengaluru,206.0,5.0
7bd928c0-1961-4fb5-a7a7-acd61c4a1586,,2026,2026-04-25,"Arun Jaitley Stadium, Delhi",,Delhi Capitals,Kings XI Punjab,Delhi Capitals,bat,0.0,Kings XI Punjab,,,,,,Delhi Capitals,264,2,Kings XI Punjab,265.0,4.0
3d5968a6-4851-410c-b66a-811b92406933,,2026,2026-04-25,"Sawai Mansingh Stadium, Jaipur",,Rajasthan Royals,Sunrisers Hyderabad,Sunrisers Hyderabad,bowl,1.0,Sunrisers Hyderabad,,,,,,Rajasthan Royals,228,6,Sunrisers Hyderabad,229.0,5.0
690985d0-c890-434a-bece-fb02d59b09d2,,2026,2026-04-26,"Narendra Modi Stadium, Ahmedabad",,Chennai Super Kings,Gujarat Titans,Gujarat Titans,bowl,1.0,Gujarat Titans,,,,,,Chennai Super Kings,158,7,Gujarat Titans,162.0,2.0
ipl2026_20260426,,2026,2026-04-26,"Ekana Stadium, Lucknow",,Kolkata Knight Riders,Lucknow Super Giants,Lucknow Super Giants,bowl,0.0,Kolkata Knight Riders,,,,,,Kolkata Knight Riders,155,7,Lucknow Super Giants,155.0,8.0
63c19cfb-3544-41df-8bd8-10049818a6c5,,2026,2026-04-27,"Arun Jaitley Stadium, Delhi",,Delhi Capitals,Royal Challengers Bengaluru,Royal Challengers Bengaluru,bowl,1.0,Royal Challengers Bengaluru,,,,,,Delhi Capitals,75,10,Royal Challengers Bengaluru,77.0,1.0
8fbd3678-6299-4e67-8c28-74d4952b6ae7,,2026,2026-04-28,"Maharaja Yadavindra Singh International Cricket Stadium, Mullanpur",,Kings XI Punjab,Rajasthan Royals,Rajasthan Royals,bowl,1.0,Rajasthan Royals,,,,,,Kings XI Punjab,222,4,Rajasthan Royals,228.0,4.0
05d33d50-3efe-42f9-98f7-1f363a2f153a,,2026,2026-04-29,"Wankhede Stadium, Mumbai",,Mumbai Indians,Sunrisers Hyderabad,Mumbai Indians,bat,0.0,Sunrisers Hyderabad,,,,,,Mumbai Indians,243,5,Sunrisers Hyderabad,249.0,4.0
7e0789c4-6bdc-48da-a67f-49213f6d731e,,2026,2026-04-30,"Narendra Modi Stadium, Ahmedabad",,Royal Challengers Bengaluru,Gujarat Titans,Gujarat Titans,bowl,1.0,Gujarat Titans,,,,,,Royal Challengers Bengaluru,155,10,Gujarat Titans,158.0,6.0
4804409b-28ee-4f3e-ab55-a4a4cb090198,,2026,2026-05-05,"Arun Jaitley Stadium, Delhi",,Delhi Capitals,Chennai Super Kings,Delhi Capitals,bat,0.0,Chennai Super Kings,,,,,,Delhi Capitals,155,7,Chennai Super Kings,159.0,2.0
90d5c075-3c9a-40b7-ab45-80a36a3a2351,,2026,2026-05-08,"Arun Jaitley Stadium, Delhi",,Delhi Capitals,Kolkata Knight Riders,Kolkata Knight Riders,bowl,1.0,Kolkata Knight Riders,,,,,,Delhi Capitals,142,8,Kolkata Knight Riders,147.0,2.0
5b1d59f9-51fd-449d-8cf1-9fc15ef15675,,2026,2026-05-21,"Eden Gardens, Kolkata",,Mumbai Indians,Kolkata Knight Riders,Kolkata Knight Riders,bowl,1.0,Kolkata Knight Riders,,,,,,Mumbai Indians,147,8,Kolkata Knight Riders,148.0,6.0
fd660ab1-c4bf-4c0f-b1b9-7232361cd1e8,,2026,2026-05-21,"MA Chidambaram Stadium, Chennai",,Gujarat Titans,Chennai Super Kings,Chennai Super Kings,bowl,0.0,Gujarat Titans,,,,,,Gujarat Titans,229,4,Chennai Super Kings,140.0,10.0
