file_id,match_number,season,date,venue,city,team1,team2,winner,team1_won,team1_elo,team2_elo,elo_diff,team1_form,team2_form,form_diff,team1_form_3,team2_form_3,form_3_diff,team1_form_10,team2_form_10,form_10_diff,form_weighted_diff,h2h_win_rate_team1,team1_won_toss,toss_chose_bat,toss_decision,venue_toss_win_rate,venue_bat_first_win_rate,venue_avg_first_innings,venue_chase_win_rate,venue_matches,team1_venue_win_rate,team2_venue_win_rate,match_num_in_season,is_playoff,team1_bat_strength,team2_bat_strength,bat_diff,team1_bowl_strength,team2_bowl_strength,bowl_diff,team1_bats_second,toss_venue_aligned,team1_chase_wr,team2_chase_wr,chase_wr_diff,team1_chase_advantage,team2_chase_advantage,chase_advantage_diff,early_season,early_chase_boost,venue_chase_batting_second,month,is_march,venue_month_chase_wr,venue_month_chase_batting_second,venue_bat_wr,venue_field_wr
335982,1.0,2008,2008-04-18,"M Chinnaswamy Stadium, Bengaluru",Bangalore,Royal Challengers Bengaluru,Kolkata Knight Riders,Kolkata Knight Riders,0,1500.0,1500.0,0.0,0.5,0.5,0.0,0.5,0.5,0.0,0.5,0.5,0.0,0.0,0.5,1,0,field,0.5,0.5,160.0,0.5,0,0.5,0.5,1,0,81.69481178602007,85.55195188459058,-3.857140098570511,44.13825487911867,56.19738666816588,-12.059131789047214,1,0,0.5,0.5,0.0,0.5,0.0,0.5,1,1,0.5,4,0,0.5,0.5,0.5,0.5
335984,3.0,2008,2008-04-19,"Arun Jaitley Stadium, Delhi",Delhi,Delhi Capitals,Rajasthan Royals,Delhi Capitals,1,1500.0,1500.0,0.0,0.5,0.5,0.0,0.5,0.5,0.0,0.5,0.5,0.0,0.0,0.5,0,1,bat,0.5,0.5,222.0,0.5,0,0.5,0.5,2,0,92.16277674822514,90.1000690131125,2.062707735112639,61.58718070084791,55.91553596724831,5.671644733599599,1,0,0.5,0.5,0.0,0.5,0.0,0.5,1,1,0.5,4,0,0.5,0.5,0.5,0.5
335983,2.0,2008,2008-04-19,"PCA Stadium, Mohali",Chandigarh,Kings XI Punjab,Chennai Super Kings,Chennai Super Kings,0,1500.0,1500.0,0.0,0.5,0.5,0.0,0.5,0.5,0.0,0.5,0.5,0.0,0.0,0.5,0,1,bat,0.5,0.5,175.5,0.5,0,0.5,0.5,3,0,96.83587383759945,94.34897025171622,2.4869035858832262,57.77682965182965,51.39086723302094,6.38596241880871,1,0,0.5,0.5,0.0,0.5,0.0,0.5,1,1,0.5,4,0,0.5,0.5,0.5,0.5
335985,5.0,2008,2008-04-20,"Wankhede Stadium, Mumbai",Mumbai,Mumbai Indians,Royal Challengers Bengaluru,Royal Challengers Bengaluru,0,1500.0,1488.0,12.0,0.5,0.0,0.5,0.5,0.0,0.5,0.5,0.0,0.5,0.5,0.5,1,1,bat,0.5,0.5,197.0,0.5,0,0.5,0.5,4,0,85.44681403946485,87.21862130982957,-1.771807270364718,68.47760574152016,42.988981342165765,25.4886243993544,0,1,0.5,0.5,0.0,0.0,0.5,-0.5,1,0,0.5,4,0,0.5,0.5,0.5,0.5
335986,4.0,2008,2008-04-20,"Eden Gardens, Kolkata",Kolkata,Kolkata Knight Riders,Sunrisers Hyderabad,Kolkata Knight Riders,1,1512.0,1500.0,12.0,1.0,0.5,0.5,1.0,0.5,0.5,1.0,0.5,0.5,0.5,0.5,0,1,bat,0.5,0.5,189.0,0.5,0,0.5,0.5,5,0,85.55195188459058,90.60901065556763,-5.057058770977051,79.85038323869493,50.23210465690307,29.618278581791863,1,0,0.5,0.5,0.0,0.5,0.0,0.5,1,1,0.5,4,0,0.5,0.5,0.5,0.5
335987,6.0,2008,2008-04-21,"Sawai Mansingh Stadium, Jaipur",Jaipur,Rajasthan Royals,Kings XI Punjab,Rajasthan Royals,1,1488.0,1488.0,0.0,0.0,0.0,0.0,0.0,0.0,0.0,0.0,0.0,0.0,0.0,0.5,0,1,bat,0.5,0.5,173.2,0.5,0,0.5,0.5,6,0,93.6111801242236,96.72120310279143,-3.110022978567841,39.29002391070885,50.96993931993932,-11.679915409230475,1,0,0.5,0.5,0.0,0.5,0.0,0.5,1,1,0.5,4,0,0.5,0.5,0.5,0.5
335988,7.0,2008,2008-04-22,"Rajiv Gandhi Intl Stadium, Hyderabad",Hyderabad,Sunrisers Hyderabad,Delhi Capitals,Delhi Capitals,0,1488.414300586377,1512.0,-23.585699413622933,0.0,1.0,-1.0,0.0,1.0,-1.0,0.0,1.0,-1.0,-1.0,0.5,1,1,bat,0.5,0.5,172.0,0.5,0,0.5,0.5,7,0,88.96897965259522,90.78952490941856,-1.820545256823337,70.47574784566721,78.00153894700583,-7.525791101338612,0,1,0.5,0.5,0.0,0.0,0.5,-0.5,1,0,0.5,4,0,0.5,0.5,0.5,0.5
335989,8.0,2008,2008-04-23,"MA Chidambaram Stadium, Chennai",Chennai,Chennai Super Kings,Mumbai Indians,Chennai Super Kings,1,1512.0,1487.585699413623,24.414300586377067,1.0,0.0,1.0,1.0,0.0,1.0,1.0,0.0,1.0,1.0,0.5,0,0,field,0.5,0.5,167.71428571428572,0.5,0,0.5,0.5,8,0,94.34897025171622,89.53297276603453,4.815997485681692,44.43326997013145,57.78887699720519,-13.355607027073745,0,1,0.5,0.5,0.0,0.0,0.5,-0.5,1,0,0.5,4,0,0.5,0.5,0.5,0.5
335990,9.0,2008,2008-04-24,"Rajiv Gandhi Intl Stadium, Hyderabad",Hyderabad,Sunrisers Hyderabad,Rajasthan Royals,Rajasthan Royals,0,1477.227672723766,1500.0,-22.77232727623391,0.0,0.5,-0.5,0.0,0.5,-0.5,0.0,0.5,-0.5,-0.39999999999999997,0.5,0,0,field,0.0,0.0,142.0,1.0,1,0.0,0.5,9,0,86.16756459995725,94.17145957197107,-8.003894972013825,59.977738524128476,54.308605762054036,5.66913276207444,0,0,0.5,0.5,0.0,0.0,0.5,-0.5,1,0,0.0,4,0,1.0,0.0,0.0,0.0
335991,10.0,2008,2008-04-25,"PCA Stadium, Mohali",Chandigarh,Kings XI Punjab,Mumbai Indians,Kings XI Punjab,1,1476.0,1476.4275542806756,-0.42755428067562207,0.0,0.0,0.0,0.0,0.0,0.0,0.0,0.0,0.0,0.0,0.5,0,0,field,1.0,1.0,240.0,0.0,1,0.0,0.5,10,0,91.85371638661847,93.15264419810245,-1.2989278114839777,47.42000602588838,52.84995575552153,-5.429949729633151,0,1,0.5,0.5,0.0,0.0,0.5,-0.5,1,0,1.0,4,0,0.0,1.0,1.0,1.0
335992,12.0,2008,2008-04-26,"M Chinnaswamy Stadium, Bengaluru",Bangalore,Royal Challengers Bengaluru,Rajasthan Royals,Rajasthan Royals,0,1500.414300586377,1511.2145960617559,-10.800295475378789,0.5,0.6666666666666666,-0.16666666666666663,0.5,0.6666666666666666,-0.16666666666666663,0.5,0.6666666666666666,-0.16666666666666663,-0.10000000000000003,0.5,0,0,field,0.0,1.0,222.0,0.0,1,0.0,0.5,11,0,82.44540039285145,93.15329744651483,-10.707897053663373,47.837295442418196,63.00960216123233,-15.172306718814134,0,1,0.5,0.5,0.0,0.0,0.5,-0.5,1,0,1.0,4,0,0.0,1.0,0.0,0.0
335993,11.0,2008,2008-04-26,"MA Chidambaram Stadium, Chennai",Chennai,Chennai Super Kings,Kolkata Knight Riders,Chennai Super Kings,1,1523.1581451329473,1523.585699413623,-0.42755428067562207,1.0,1.0,0.0,1.0,1.0,0.0,1.0,1.0,0.0,0.0,0.5,0,1,bat,0.0,1.0,208.0,0.0,1,1.0,0.5,12,0,96.44092833965793,83.90757877954331,12.533349560114615,49.96256220952358,77.02960788421171,-27.06704567468813,1,0,0.5,0.5,0.0,0.5,0.0,0.5,1,1,0.0,4,0,0.0,0.0,0.0,0.0
335994,14.0,2008,2008-04-27,"DY Patil Stadium, Mumbai",Mumbai,Mumbai Indians,Sunrisers Hyderabad,Sunrisers Hyderabad,0,1464.4127870864331,1466.0130766620102,-1.6002895755771078,0.0,0.0,0.0,0.0,0.0,0.0,0.0,0.0,0.0,0.0,0.5,0,0,field,0.5,0.5,171.66666666666666,0.5,0,0.5,0.5,13,0,88.18633346275445,92.06622134936028,-3.879887886605829,52.010693406263705,55.46227435984252,-3.4515809535788122,0,1,0.5,0.5,0.0,0.0,0.5,-0.5,1,0,0.5,4,0,0.5,0.5,0.5,0.5
335995,13.0,2008,2008-04-27,"PCA Stadium, Mohali",Chandigarh,Kings XI Punjab,Delhi Capitals,Kings XI Punjab,1,1488.0147671942425,1523.186627862611,-35.17186066836848,0.3333333333333333,1.0,-0.6666666666666667,0.3333333333333333,1.0,-0.6666666666666667,0.3333333333333333,1.0,-0.6666666666666667,-0.8,0.5,0,1,bat,0.5,1.0,211.0,0.0,2,0.5,0.5,14,0,94.74459491565692,90.97530956810962,3.769285347547296,56.187557646125576,74.05519360035653,-17.867635954230956,1,0,0.5,0.5,0.0,0.5,0.0,0.5,1,1,0.0,4,0,0.0,0.0,0.5,0.5
335996,15.0,2008,2008-04-28,"M Chinnaswamy Stadium, Bengaluru",Bangalore,Royal Challengers Bengaluru,Chennai Super Kings,Chennai Super Kings,0,1488.7872094676281,1535.1729123271898,-46.38570285956166,0.3333333333333333,1.0,-0.6666666666666667,0.3333333333333333,1.0,-0.6666666666666667,0.3333333333333333,1.0,-0.6666666666666667,-0.7,0.5,0,1,bat,0.5,0.5,178.5,0.5,2,0.0,0.5,15,0,84.60775156948702,96.90124579997538,-12.293494230488363,62.39627392870967,53.71755747064682,8.678716458062851,1,0,0.5,0.5,0.0,0.5,0.0,0.5,1,1,0.5,4,0,0.5,0.5,0.5,0.5
335997,16.0,2008,2008-04-29,"Eden Gardens, Kolkata",Kolkata,Kolkata Knight Riders,Mumbai Indians,Mumbai Indians,0,1511.5709322193804,1452.4680587393839,59.10287347999656,0.6666666666666666,0.0,0.6666666666666666,0.6666666666666666,0.0,0.6666666666666666,0.6666666666666666,0.0,0.6666666666666666,0.8,0.5,1,1,bat,0.0,0.0,110.0,1.0,1,1.0,0.5,16,0,79.25648630066483,87.07237289356154,-7.815886592896703,69.532607501866,59.47797062320018,10.054636878665818,0,0,0.5,0.5,0.0,0.0,0.5,-0.5,1,0,0.0,4,0,1.0,0.0,0.0,0.0
335998,17.0,2008,2008-04-30,"Arun Jaitley Stadium, Delhi",Delhi,Delhi Capitals,Royal Challengers Bengaluru,Delhi Capitals,1,1509.9759676524627,1478.3798633086947,31.596104343768047,0.6666666666666666,0.25,0.41666666666666663,0.6666666666666666,0.3333333333333333,0.3333333333333333,0.6666666666666666,0.25,0.41666666666666663,0.49230769230769234,0.5,0,0,field,0.0,0.0,129.0,1.0,1,1.0,0.5,17,0,86.14006052596403,79.81553746672697,6.324523059237066,60.45981045053997,46.97900425865723,13.480806191882742,0,0,0.5,0.3333333333333333,0.16666666666666669,0.0,0.3333333333333333,-0.3333333333333333,1,0,0.0,4,0,1.0,0.0,0.0,0.0
335999,19.0,2008,2008-05-01,"Rajiv Gandhi Intl Stadium, Hyderabad",Hyderabad,Sunrisers Hyderabad,Kings XI Punjab,Kings XI Punjab,0,1477.9578050090595,1501.2254274043908,-23.267622395331273,0.25,0.5,-0.25,0.3333333333333333,0.6666666666666666,-0.3333333333333333,0.25,0.5,-0.25,-0.18461538461538457,0.5,0,0,field,0.5,0.0,178.0,1.0,2,0.0,0.5,18,0,87.12249126533167,93.35368958169656,-6.231198316364882,56.7229742916586,60.08636276840161,-3.3633884767430047,0,0,0.5,0.5,0.0,0.0,0.5,-0.5,1,0,0.0,5,0,0.5,0.5,0.5,0.5
336000,18.0,2008,2008-05-01,"Sawai Mansingh Stadium, Jaipur",Jaipur,Rajasthan Royals,Kolkata Knight Riders,Rajasthan Royals,1,1522.8416871805048,1497.5490567803529,25.292630400151893,0.75,0.5,0.25,1.0,0.3333333333333333,0.6666666666666667,0.75,0.5,0.25,-0.07692307692307687,0.5,1,1,bat,0.0,0.0,166.0,1.0,1,1.0,0.5,19,0,91.6967694855308,80.01070018050365,11.686069305027146,55.01916545337112,70.60414490678139,-15.584979453410263,0,0,1.0,0.5,0.5,0.0,0.5,-0.5,1,0,0.0,5,0,0.5,0.5,0.0,0.0
336001,20.0,2008,2008-05-02,"MA Chidambaram Stadium, Chennai",Chennai,Chennai Super Kings,Delhi Capitals,Delhi Capitals,0,1545.5802584861233,1520.8876753654395,24.69258312068382,1.0,0.75,0.25,1.0,0.6666666666666666,0.33333333333333337,1.0,0.75,0.25,0.18461538461538463,0.5,1,1,bat,0.0,0.5,177.5,0.5,2,1.0,0.5,20,0,94.65197043765654,87.69406952824889,6.957900909407655,54.222991937871335,58.80910357258062,-4.586111634709283,0,1,0.5,0.5,0.0,0.0,0.5,-0.5,1,0,0.5,5,0,0.5,0.5,0.0,0.0
336003,22.0,2008,2008-05-03,"PCA Stadium, Mohali",Chandigarh,Kings XI Punjab,Kolkata Knight Riders,Kings XI Punjab,1,1512.4229914610264,1486.4210933615705,26.001898099455957,0.6,0.4,0.19999999999999996,1.0,0.0,1.0,0.6,0.4,0.19999999999999996,-0.19999999999999996,0.5,1,1,bat,0.3333333333333333,0.6666666666666666,193.33333333333334,0.3333333333333333,3,0.6666666666666666,0.5,21,0,97.72900689320392,76.98016346046482,20.748843432739093,60.65976331941007,63.97908706694926,-3.319323747539194,0,1,0.6666666666666666,0.5,0.16666666666666663,0.0,0.5,-0.5,1,0,0.6666666666666667,5,0,0.5,0.5,0.3333333333333333,0.3333333333333333
336034,21.0,2008,2008-05-03,"M Chinnaswamy Stadium, Bengaluru",Bangalore,Royal Challengers Bengaluru,Sunrisers Hyderabad,Royal Challengers Bengaluru,1,1467.468155595718,1466.7602409524238,0.7079146432940888,0.2,0.2,0.0,0.0,0.3333333333333333,-0.3333333333333333,0.2,0.2,0.0,0.13,0.5,0,0,field,0.6666666666666666,0.6666666666666666,178.33333333333334,0.3333333333333333,3,0.0,0.5,22,0,81.400185495103,92.01349655633697,-10.613311061233972,50.175239320279694,51.703915453915464,-1.52867613363577,0,1,0.25,0.5,-0.25,0.0,0.5,-0.5,1,0,0.6666666666666667,5,0,0.5,0.5,0.6666666666666666,0.6666666666666666
336004,23.0,2008,2008-05-04,"DY Patil Stadium, Mumbai",Mumbai,Mumbai Indians,Delhi Capitals,Mumbai Indians,1,1466.4899341784114,1533.7390939265179,-67.24915974810642,0.2,0.8,-0.6000000000000001,0.3333333333333333,0.6666666666666666,-0.3333333333333333,0.2,0.8,-0.6000000000000001,-0.72,0.5,0,0,field,1.0,0.0,154.0,1.0,1,0.0,0.5,23,0,88.8359282621251,87.61216235815155,1.2237659039735433,65.4638184893537,58.3614604217835,7.102358067570201,0,0,0.3333333333333333,1.0,-0.6666666666666667,0.0,1.0,-1.0,1,0,0.0,5,0,0.5,0.5,1.0,1.0
336005,24.0,2008,2008-05-04,"Sawai Mansingh Stadium, Jaipur",Jaipur,Rajasthan Royals,Chennai Super Kings,Rajasthan Royals,1,1533.9696505992872,1532.728839925045,1.2408106742423115,0.8,0.8,0.0,1.0,0.6666666666666666,0.33333333333333337,0.8,0.8,0.0,-0.27,0.5,0,1,bat,0.5,0.5,181.0,0.5,2,1.0,0.5,24,0,92.93091173590594,95.52153565504786,-2.590623919141919,62.99459404064762,52.07958498700676,10.915009053640858,1,0,1.0,0.5,0.5,1.0,0.0,1.0,1,1,0.5,5,0,0.0,0.0,0.5,0.5
336006,25.0,2008,2008-05-05,"M Chinnaswamy Stadium, Bengaluru",Bangalore,Royal Challengers Bengaluru,Kings XI Punjab,Kings XI Punjab,0,1479.4437051239825,1523.5265906567918,-44.082885532809314,0.4,0.8,-0.4,0.3333333333333333,1.0,-0.6666666666666667,0.3333333333333333,0.6666666666666666,-0.3333333333333333,-0.22000000000000003,0.5,0,0,field,0.5,0.75,172.75,0.25,4,0.25,0.5,25,0,79.7796070264011,95.64114024646923,-15.86153322006814,50.7876002298104,59.98582300052888,-9.19822277071848,0,1,0.25,0.6666666666666666,-0.41666666666666663,0.0,0.6666666666666666,-0.6666666666666666,1,0,0.75,5,0,0.0,1.0,0.5,0.5
336007,26.0,2008,2008-05-06,"MA Chidambaram Stadium, Chennai",Chennai,Chennai Super Kings,Sunrisers Hyderabad,Sunrisers Hyderabad,0,1520.7716958252697,1454.7846914241593,65.98700440111043,0.6,0.2,0.39999999999999997,0.3333333333333333,0.3333333333333333,0.0,0.6666666666666666,0.16666666666666666,0.5,0.6000000000000001,0.5,0,0,field,0.0,0.3333333333333333,174.66666666666666,0.6666666666666666,3,0.6666666666666666,0.5,26,0,94.80064928069612,88.81017267395676,5.990476606739364,51.29274789678495,52.95935317452472,-1.6666052777397695,0,0,0.5,0.5,0.0,0.0,0.5,-0.5,0,0,0.33333333333333337,5,0,1.0,0.0,0.0,0.0
336008,27.0,2008,2008-05-07,"DY Patil Stadium, Mumbai",Mumbai,Mumbai Indians,Rajasthan Royals,Mumbai Indians,1,1480.784059412309,1545.9267946990624,-65.14273528675335,0.4,1.0,-0.6,0.6666666666666666,1.0,-0.33333333333333337,0.3333333333333333,0.8333333333333334,-0.5,-0.8,0.5,1,0,field,0.5,0.5,158.0,0.5,2,0.5,0.5,27,0,90.95424932076247,92.26485180399506,-1.3106024832325858,59.42803125665489,67.09609227274568,-7.668061016090789,1,0,0.3333333333333333,1.0,-0.6666666666666667,0.3333333333333333,0.0,0.3333333333333333,0,0,0.5,5,0,0.0,0.0,0.5,0.5
336009,28.0,2008,2008-05-08,"Arun Jaitley Stadium, Delhi",Delhi,Delhi Capitals,Chennai Super Kings,Chennai Super Kings,0,1519.4449686926203,1506.519599619273,12.925369073347156,0.6,0.4,0.19999999999999996,0.6666666666666666,0.0,0.6666666666666666,0.6666666666666666,0.5714285714285714,0.09523809523809523,0.07000000000000006,1.0,0,0,field,0.0,0.5,160.0,0.5,2,1.0,0.5,28,0,85.51953480820207,93.98160694190062,-8.462072133698555,50.102845478462456,52.18956874382153,-2.086723265359076,0,1,0.75,0.5,0.25,0.0,0.5,-0.5,0,0,0.5,5,0,0.5,0.5,0.0,0.0
336010,29.0,2008,2008-05-08,"Eden Gardens, Kolkata",Kolkata,Kolkata Knight Riders,Royal Challengers Bengaluru,Kolkata Knight Riders,1,1475.317494165805,1468.9581558514128,6.359338314392289,0.2,0.2,0.0,0.0,0.3333333333333333,-0.3333333333333333,0.3333333333333333,0.2857142857142857,0.047619047619047616,0.22999999999999998,1.0,1,1,bat,0.0,0.0,123.5,1.0,2,0.5,0.5,29,0,81.09252338957985,76.5055489589659,4.5869744306139495,64.40726438061344,52.17578635751607,12.231478023097374,0,0,0.3333333333333333,0.25,0.08333333333333331,0.0,0.25,-0.25,0,0,0.0,5,0,0.5,0.5,0.0,0.0
336011,30.0,2008,2008-05-09,"Sawai Mansingh Stadium, Jaipur",Jaipur,Rajasthan Royals,Sunrisers Hyderabad,Rajasthan Royals,1,1531.7028442275937,1469.036787630156,62.66605659743777,0.8,0.4,0.4,0.6666666666666666,0.3333333333333333,0.3333333333333333,0.7142857142857143,0.2857142857142857,0.4285714285714286,0.5900000000000001,1.0,1,0,field,0.3333333333333333,0.3333333333333333,157.0,0.6666666666666666,3,1.0,0.5,30,0,89.73645507431377,90.39423339501937,-0.6577783207056029,68.72695670558909,53.85304504086951,14.873911664719579,1,1,1.0,0.6666666666666666,0.33333333333333337,1.0,0.0,1.0,0,0,0.6666666666666666,5,0,0.5,0.5,0.3333333333333333,0.3333333333333333
336013,31.0,2008,2008-05-10,"MA Chidambaram Stadium, Chennai",Chennai,Chennai Super Kings,Kings XI Punjab,Chennai Super Kings,1,1518.9658202134985,1534.0121399293614,-15.046319715862865,0.4,1.0,-0.6,0.3333333333333333,1.0,-0.6666666666666667,0.625,0.7142857142857143,-0.0892857142857143,-0.5700000000000001,1.0,0,0,field,0.25,0.25,167.0,0.75,4,0.5,0.5,31,0,93.90589417835301,93.61890595950415,0.2869882188488617,53.0859677808151,63.32152790205776,-10.235560121242656,0,0,0.5,0.75,-0.25,0.0,0.75,-0.75,0,0,0.25,5,0,1.0,0.0,0.25,0.25
336015,33.0,2008,2008-05-11,"Sawai Mansingh Stadium, Jaipur",Jaipur,Rajasthan Royals,Delhi Capitals,Rajasthan Royals,1,1541.5616049923747,1506.9987480983948,34.56285689397987,0.8,0.4,0.4,0.6666666666666666,0.3333333333333333,0.3333333333333333,0.75,0.5714285714285714,0.1785714285714286,0.43,0.0,1,0,field,0.5,0.25,152.75,0.75,4,1.0,0.5,32,0,89.85270831385468,93.79245778409869,-3.93974947024401,64.45708368916569,66.57552602913161,-2.118442339965924,1,1,1.0,0.75,0.25,1.0,0.0,1.0,0,0,0.75,5,0,0.6666666666666666,0.6666666666666666,0.5,0.5
336014,32.0,2008,2008-05-11,"Rajiv Gandhi Intl Stadium, Hyderabad",Hyderabad,Sunrisers Hyderabad,Kolkata Knight Riders,Kolkata Knight Riders,0,1459.178026865375,1487.0978749270653,-27.919848061690345,0.4,0.2,0.2,0.3333333333333333,0.3333333333333333,0.0,0.25,0.42857142857142855,-0.17857142857142855,0.38999999999999996,0.0,0,1,bat,0.6666666666666666,0.0,173.33333333333334,1.0,3,0.0,0.5,33,0,85.24309595079437,82.60064454843523,2.6424514023591428,53.13051334217317,64.48144029360013,-11.350926951426963,1,1,0.6666666666666666,0.3333333333333333,0.3333333333333333,0.6666666666666666,0.0,0.6666666666666666,0,0,1.0,5,0,1.0,1.0,0.6666666666666666,0.6666666666666666
336016,34.0,2008,2008-05-12,"PCA Stadium, Mohali",Chandigarh,Kings XI Punjab,Royal Challengers Bengaluru,Kings XI Punjab,1,1521.4927830973122,1457.1777750901526,64.31500800715958,0.8,0.2,0.6000000000000001,0.6666666666666666,0.3333333333333333,0.3333333333333333,0.625,0.25,0.375,0.72,1.0,0,1,bat,0.5,0.75,189.5,0.25,4,0.75,0.5,34,0,97.31843085494256,83.36727475110555,13.951156103837008,59.498241956467204,53.17234206022456,6.325899896242646,1,0,0.6,0.2,0.39999999999999997,0.6,0.0,0.6,0,0,0.25,5,0,0.0,0.0,0.5,0.5
336017,35.0,2008,2008-05-13,"Eden Gardens, Kolkata",Kolkata,Kolkata Knight Riders,Delhi Capitals,Kolkata Knight Riders,1,1498.135627945765,1496.188584498357,1.9470434474080776,0.4,0.4,0.0,0.6666666666666666,0.0,0.6666666666666666,0.5,0.5,0.0,-0.39999999999999997,0.5,1,1,bat,0.3333333333333333,0.3333333333333333,125.33333333333333,0.6666666666666666,3,0.6666666666666666,0.5,35,0,84.40544296063796,91.44517933512817,-7.039736374490218,67.96332145071717,67.68655494399361,0.2767665067235612,0,0,0.3333333333333333,0.75,-0.4166666666666667,0.0,0.75,-0.75,0,0,0.33333333333333337,5,0,0.0,1.0,0.3333333333333333,0.3333333333333333
336018,36.0,2008,2008-05-14,"Wankhede Stadium, Mumbai",Mumbai,Mumbai Indians,Chennai Super Kings,Mumbai Indians,1,1495.0080098837777,1531.4851770455477,-36.47716716177001,0.6,0.4,0.19999999999999996,1.0,0.6666666666666666,0.33333333333333337,0.42857142857142855,0.6666666666666666,-0.23809523809523808,0.2,0.0,1,0,field,0.0,0.0,165.0,1.0,1,0.0,0.5,36,0,87.32639222330657,92.76571873333887,-5.439326510032302,63.46741270433702,55.24067482492307,8.226737879413953,1,1,0.5,0.5,0.0,0.5,0.0,0.5,0,0,1.0,5,0,0.5,0.5,0.0,0.0
336020,37.0,2008,2008-05-15,"Arun Jaitley Stadium, Delhi",Delhi,Delhi Capitals,Sunrisers Hyderabad,Delhi Capitals,1,1484.255832292641,1448.1402738466752,36.11555844596569,0.2,0.2,0.0,0.0,0.3333333333333333,-0.3333333333333333,0.4444444444444444,0.2222222222222222,0.2222222222222222,0.14999999999999997,1.0,0,0,field,0.3333333333333333,0.3333333333333333,169.0,0.6666666666666666,3,0.6666666666666666,0.5,37,0,92.20170912412054,92.71657776985303,-0.5148686457324914,69.27819741463362,51.461509064808354,17.81668834982527,0,0,0.6,0.5,0.09999999999999998,0.0,0.5,-0.5,0,0,0.33333333333333337,5,0,1.0,0.0,0.3333333333333333,0.3333333333333333
336021,38.0,2008,2008-05-16,"Wankhede Stadium, Mumbai",Mumbai,Mumbai Indians,Kolkata Knight Riders,Mumbai Indians,1,1508.2632777827835,1510.068380151481,-1.8051023686975896,0.8,0.6,0.20000000000000007,1.0,1.0,0.0,0.5,0.5555555555555556,-0.05555555555555558,0.25,1.0,1,0,field,0.5,0.0,160.5,1.0,2,0.5,0.5,38,0,88.43934201860931,80.8920877594157,7.547254259193608,55.40400414858619,72.4253182296123,-17.021314081026112,1,1,0.6,0.3333333333333333,0.26666666666666666,0.6,0.0,0.6,0,0,1.0,5,0,1.0,1.0,0.5,0.5
336022,40.0,2008,2008-05-17,"Arun Jaitley Stadium, Delhi",Delhi,Delhi Capitals,Kings XI Punjab,Kings XI Punjab,0,1495.01291859214,1531.296451522288,-36.283532930147885,0.2,0.8,-0.6000000000000001,0.3333333333333333,0.6666666666666666,-0.3333333333333333,0.5,0.6666666666666666,-0.16666666666666663,-0.8,0.0,1,1,bat,0.25,0.5,175.25,0.5,4,0.75,0.5,39,0,94.1275611291622,96.77318536799305,-2.645624238830848,73.37952367002212,60.776834866994385,12.602688803027739,0,1,0.6,0.6666666666666666,-0.06666666666666665,0.0,0.6666666666666666,-0.6666666666666666,0,0,0.5,5,0,0.5,0.5,0.25,0.25
336023,39.0,2008,2008-05-17,"Sawai Mansingh Stadium, Jaipur",Jaipur,Rajasthan Royals,Royal Challengers Bengaluru,Rajasthan Royals,1,1552.3717685924125,1447.374106665177,104.99766192723564,0.8,0.2,0.6000000000000001,0.6666666666666666,0.0,0.6666666666666666,0.7777777777777778,0.2222222222222222,0.5555555555555556,0.5499999999999999,1.0,0,0,field,0.6,0.2,153.4,0.8,5,1.0,0.5,40,0,89.66995408938058,79.61495183910333,10.055002250277255,66.10448065233685,41.060152740600664,25.044327911736183,0,0,1.0,0.2,0.8,0.0,0.2,-0.2,0,0,0.19999999999999996,5,0,0.75,0.25,0.6,0.6
336024,42.0,2008,2008-05-18,"Rajiv Gandhi Intl Stadium, Hyderabad",Hyderabad,Sunrisers Hyderabad,Mumbai Indians,Mumbai Indians,0,1437.383187547176,1520.325623248898,-82.94243570172193,0.2,1.0,-0.8,0.0,1.0,-1.0,0.2,0.5555555555555556,-0.35555555555555557,-0.75,1.0,1,0,field,0.75,0.25,181.0,0.75,4,0.0,0.5,41,0,96.42140476185116,82.47918781287562,13.942216948975542,49.855310722115966,64.47698667023916,-14.62167594812319,1,1,0.4,0.6666666666666666,-0.2666666666666666,0.4,0.0,0.4,0,0,0.75,5,0,0.5,0.5,0.75,0.75
336025,41.0,2008,2008-05-18,"Eden Gardens, Kolkata",Kolkata,Kolkata Knight Riders,Chennai Super Kings,Chennai Super Kings,0,1498.0060346853666,1518.229909146542,-20.223874461175456,0.6,0.4,0.19999999999999996,0.6666666666666666,0.6666666666666666,0.0,0.5,0.6,-0.09999999999999998,0.25000000000000006,0.0,1,1,bat,0.5,0.5,127.25,0.5,4,0.75,0.5,42,0,79.86530422110012,92.54750965959416,-12.682205438494037,65.71479191382282,56.11579078039617,9.599001133426654,0,1,0.3333333333333333,0.5,-0.16666666666666669,0.0,0.5,-0.5,0,0,0.5,5,0,0.0,1.0,0.5,0.5
336026,43.0,2008,2008-05-19,"M Chinnaswamy Stadium, Bengaluru",Bangalore,Royal Challengers Bengaluru,Delhi Capitals,Delhi Capitals,0,1438.8940850753277,1484.2615713979324,-45.36748632260469,0.2,0.2,0.0,0.0,0.3333333333333333,-0.3333333333333333,0.2,0.4,-0.2,0.22999999999999998,0.0,0,0,field,0.6,0.6,163.4,0.4,5,0.2,0.5,43,0,84.066529166004,93.86695308731846,-9.800423921314461,48.004619313536004,63.54026879155927,-15.535649478023267,0,1,0.16666666666666666,0.6,-0.43333333333333335,0.0,0.6,-0.6,0,0,0.6,5,0,0.5,0.5,0.6,0.6
336027,44.0,2008,2008-05-20,"Eden Gardens, Kolkata",Kolkata,Kolkata Knight Riders,Rajasthan Royals,Rajasthan Royals,0,1486.7037547160467,1560.8517901822618,-74.1480354662151,0.6,0.8,-0.20000000000000007,0.3333333333333333,1.0,-0.6666666666666667,0.4,0.8,-0.4,0.050000000000000044,0.0,0,0,field,0.4,0.4,131.6,0.6,5,0.6,0.5,44,0,80.43880744251294,89.24636434579082,-8.807556903277884,62.62250189193174,68.88046630731986,-6.257964415388123,0,0,0.3333333333333333,1.0,-0.6666666666666667,0.0,1.0,-1.0,0,0,0.4,5,0,0.3333333333333333,0.6666666666666667,0.4,0.4
336028,45.0,2008,2008-05-21,"Wankhede Stadium, Mumbai",Mumbai,Mumbai Indians,Kings XI Punjab,Kings XI Punjab,0,1529.514101495499,1542.0477987164957,-12.5336972209966,1.0,0.8,0.19999999999999996,1.0,0.6666666666666666,0.33333333333333337,0.6,0.7,-0.09999999999999998,0.20000000000000007,0.0,1,0,field,0.6666666666666666,0.0,129.33333333333334,1.0,3,0.6666666666666666,0.5,45,0,86.03272263796961,97.588731867683,-11.556009229713382,62.01266788766788,58.79511821561386,3.2175496720540195,1,1,0.6666666666666666,0.7142857142857143,-0.04761904761904767,0.6666666666666666,0.0,0.6666666666666666,0,0,1.0,5,0,1.0,1.0,0.6666666666666666,0.6666666666666666
336029,46.0,2008,2008-05-21,"MA Chidambaram Stadium, Chennai",Chennai,Chennai Super Kings,Royal Challengers Bengaluru,Royal Challengers Bengaluru,0,1529.532189115862,1428.4521770989945,101.08001201686739,0.6,0.0,0.6,0.6666666666666666,0.0,0.6666666666666666,0.6,0.2,0.39999999999999997,0.53,1.0,0,1,bat,0.2,0.4,169.8,0.6,5,0.6,0.5,46,0,92.54750965959416,86.96637830445412,5.58113135514003,56.132918419417905,45.91109165837664,10.221826761041264,1,1,1.0,0.16666666666666666,0.8333333333333334,1.0,0.0,1.0,0,0,0.6,5,0,0.6666666666666666,0.6666666666666666,0.2,0.2
336031,48.0,2008,2008-05-23,"PCA Stadium, Mohali",Chandigarh,Kings XI Punjab,Sunrisers Hyderabad,Kings XI Punjab,1,1553.6150878440385,1428.194709300575,125.42037854346358,0.8,0.2,0.6000000000000001,1.0,0.0,1.0,0.8,0.2,0.6000000000000001,0.4,1.0,1,0,field,0.4,0.6,180.2,0.4,5,0.8,0.5,47,0,97.74781535297696,93.24513345475722,4.502681898219734,55.54886832589071,49.59371689909889,5.955151426791822,1,0,0.7142857142857143,0.3333333333333333,0.380952380952381,0.7142857142857143,0.0,0.7142857142857143,0,0,0.4,5,0,0.5,0.5,0.4,0.4
336032,50.0,2008,2008-05-24,"Arun Jaitley Stadium, Delhi",Delhi,Delhi Capitals,Mumbai Indians,Delhi Capitals,1,1494.7034793742655,1517.9468123679562,-23.24333299369073,0.4,0.8,-0.4,0.6666666666666666,0.6666666666666666,0.0,0.4,0.6,-0.19999999999999996,-0.64,0.0,1,0,field,0.2,0.4,163.8,0.6,5,0.6,0.5,48,0,92.38439615150067,86.00587996235359,6.378516189147078,71.35368506052848,59.675760897869395,11.677924162659082,1,1,0.6666666666666666,0.5714285714285714,0.09523809523809523,0.6666666666666666,0.0,0.6666666666666666,0,0,0.6,5,0,0.6666666666666666,0.6666666666666666,0.2,0.2
336033,49.0,2008,2008-05-24,"MA Chidambaram Stadium, Chennai",Chennai,Chennai Super Kings,Rajasthan Royals,Rajasthan Royals,0,1514.1362840610739,1570.328993115234,-56.192709054160105,0.6,0.8,-0.20000000000000007,0.3333333333333333,1.0,-0.6666666666666667,0.5,0.9,-0.4,0.06999999999999995,0.0,0,1,bat,0.3333333333333333,0.5,162.5,0.5,6,0.5,0.5,49,0,91.80861207693067,90.20919433886971,1.5994177380609642,55.29053160974226,64.19408971206629,-8.903558102324027,1,0,0.75,1.0,-0.25,0.75,0.0,0.75,0,0,0.5,5,0,0.5,0.5,0.3333333333333333,0.3333333333333333
336002,51.0,2008,2008-05-25,"Rajiv Gandhi Intl Stadium, Hyderabad",Hyderabad,Sunrisers Hyderabad,Royal Challengers Bengaluru,Royal Challengers Bengaluru,0,1420.347726397342,1443.8480821537826,-23.500355756440513,0.0,0.2,-0.2,0.0,0.3333333333333333,-0.3333333333333333,0.2,0.2,0.0,-0.08,0.0,1,1,bat,0.6,0.4,180.4,0.6,5,0.0,0.5,50,0,93.2207537828893,77.38655672124655,15.834197061642755,48.70291406189157,47.15565041384949,1.547263648042076,0,0,0.3333333333333333,0.16666666666666666,0.16666666666666666,0.0,0.16666666666666666,-0.16666666666666666,0,0,0.4,5,0,0.3333333333333333,0.6666666666666667,0.6,0.6
336035,52.0,2008,2008-05-25,"Eden Gardens, Kolkata",Kolkata,Kolkata Knight Riders,Kings XI Punjab,Kolkata Knight Riders,1,1477.2265517830745,1561.4620707472714,-84.2355189641969,0.4,0.8,-0.4,0.0,1.0,-1.0,0.3,0.9,-0.6000000000000001,-0.050000000000000044,0.0,0,1,bat,0.5,0.3333333333333333,134.16666666666666,0.6666666666666666,6,0.5,0.5,51,0,80.8718182817206,97.39614506807177,-16.524326786351168,62.17567693440361,61.41670846239176,0.7589684720118512,1,1,0.3333333333333333,0.75,-0.4166666666666667,0.3333333333333333,0.0,0.3333333333333333,0,0,0.6666666666666666,5,0,0.5,0.5,0.5,0.5
336036,53.0,2008,2008-05-26,"Sawai Mansingh Stadium, Jaipur",Jaipur,Rajasthan Royals,Mumbai Indians,Rajasthan Royals,1,1580.4049134724105,1505.1452116034052,75.25970186900531,1.0,0.6,0.4,1.0,0.3333333333333333,0.6666666666666667,0.9,0.6,0.30000000000000004,0.19999999999999996,0.0,1,0,field,0.5,0.3333333333333333,160.66666666666666,0.6666666666666666,6,1.0,0.5,52,0,93.69969767912417,86.14474999902305,7.554947680101122,67.10262653558236,58.4127886002886,8.68983793529376,1,1,1.0,0.5714285714285714,0.4285714285714286,1.0,0.0,1.0,0,0,0.6666666666666666,5,0,0.6,0.6,0.5,0.5
336037,54.0,2008,2008-05-27,"Rajiv Gandhi Intl Stadium, Hyderabad",Hyderabad,Sunrisers Hyderabad,Chennai Super Kings,Chennai Super Kings,0,1409.158164362803,1504.0603637038973,-94.90219934109427,0.0,0.4,-0.4,0.0,0.3333333333333333,-0.3333333333333333,0.2,0.4,-0.2,-0.55,1.0,1,1,bat,0.5,0.3333333333333333,177.83333333333334,0.6666666666666666,6,0.0,0.5,53,0,90.11263472505547,92.2029415182366,-2.090306793181128,47.56486816479991,51.90700889094828,-4.342140726148372,0,0,0.3333333333333333,0.6,-0.26666666666666666,0.0,0.6,-0.6,0,0,0.33333333333333337,5,0,0.5,0.5,0.5,0.5
336012,55.0,2008,2008-05-28,"M Chinnaswamy Stadium, Bengaluru",Bangalore,Royal Challengers Bengaluru,Mumbai Indians,Mumbai Indians,0,1455.0376441883216,1495.7046824665224,-40.667038278200835,0.4,0.4,0.0,0.6666666666666666,0.0,0.6666666666666666,0.3,0.6,-0.3,-0.39999999999999997,1.0,0,0,field,0.6666666666666666,0.5,161.83333333333334,0.5,6,0.16666666666666666,0.5,54,0,87.26794255776316,85.49461861273085,1.7733239450323168,51.95089991030153,60.814215200140126,-8.863315289838596,0,1,0.2857142857142857,0.5714285714285714,-0.2857142857142857,0.0,0.5714285714285714,-0.5714285714285714,0,0,0.5,5,0,0.6666666666666666,0.33333333333333337,0.6666666666666666,0.6666666666666666
336019,56.0,2008,2008-05-28,"PCA Stadium, Mohali",Chandigarh,Kings XI Punjab,Rajasthan Royals,Kings XI Punjab,1,1546.6083760732483,1589.8454426092933,-43.23706653604495,0.8,1.0,-0.19999999999999996,0.6666666666666666,1.0,-0.33333333333333337,0.8,0.9,-0.09999999999999998,-0.07999999999999996,0.0,0,0,field,0.5,0.5,179.33333333333334,0.5,6,0.8333333333333334,0.5,55,0,99.47866011067568,94.75493164073572,4.723728469939957,58.202626738341024,52.157084984678335,6.04554175366269,0,1,0.75,1.0,-0.25,0.0,1.0,-1.0,0,0,0.5,5,0,0.6666666666666666,0.33333333333333337,0.5,0.5
336038,,2008,2008-05-30,"Wankhede Stadium, Mumbai",Mumbai,Delhi Capitals,Rajasthan Royals,Rajasthan Royals,0,1507.5050801388165,1576.3597489144756,-68.85466877565909,0.6,0.8,-0.20000000000000007,0.6666666666666666,0.6666666666666666,0.0,0.5,0.8,-0.30000000000000004,-0.47000000000000003,0.5,1,0,field,0.5,0.25,144.25,0.75,4,0.5,0.5,56,0,93.72307278628911,88.67775602441348,5.045316761875625,70.43734411299191,66.4078626350169,4.029481477975011,1,1,0.7142857142857143,0.8888888888888888,-0.17460317460317454,0.7142857142857143,0.0,0.7142857142857143,0,0,0.75,5,0,0.6666666666666666,0.6666666666666666,0.5,0.5
336039,,2008,2008-05-31,"Wankhede Stadium, Mumbai",Mumbai,Chennai Super Kings,Kings XI Punjab,Chennai Super Kings,1,1512.8617165775345,1560.094069768066,-47.23235319053151,0.4,0.8,-0.4,0.3333333333333333,0.6666666666666666,-0.3333333333333333,0.4,0.8,-0.4,-0.55,1.0,0,1,bat,0.4,0.4,153.8,0.6,5,0.0,1.0,57,1,91.71259269792249,97.71578947547532,-6.00319677755283,52.78224426855213,58.17492722664206,-5.392682958089935,1,1,0.6666666666666666,0.75,-0.08333333333333337,0.6666666666666666,0.0,0.6666666666666666,0,0,0.6,5,0,0.5,0.5,0.4,0.4
336040,,2008,2008-06-01,"DY Patil Stadium, Mumbai",Mumbai,Chennai Super Kings,Rajasthan Royals,Rajasthan Royals,0,1526.483088240506,1586.0122456085035,-59.52915736799741,0.6,0.8,-0.20000000000000007,0.6666666666666666,0.6666666666666666,0.0,0.5,0.8,-0.30000000000000004,-0.33000000000000007,0.0,0,0,field,0.6666666666666666,0.3333333333333333,139.66666666666666,0.6666666666666666,3,0.5,0.0,58,1,91.910005184811,94.54686909772498,-2.636863912913981,53.60819974866207,67.91979525320811,-14.311595504546041,0,0,0.7142857142857143,0.8888888888888888,-0.17460317460317454,0.0,0.8888888888888888,-0.8888888888888888,0,0,0.33333333333333337,6,0,0.5,0.5,0.6666666666666666,0.6666666666666666
392181,1.0,2009,2009-04-18,Newlands,Cape Town,Chennai Super Kings,Mumbai Indians,Mumbai Indians,0,1516.5192660627617,1506.3064722941122,10.21279376864959,0.4,0.4,0.0,0.6666666666666666,0.3333333333333333,0.3333333333333333,0.5,0.7,-0.19999999999999996,-0.10999999999999999,0.5,1,0,field,0.5,0.5,160.9655172413793,0.5,0,0.5,0.5,1,0,91.65304548682596,84.6477252926655,7.005320194160461,51.38499550763702,56.128775992069734,-4.743780484432712,1,0,0.7142857142857143,0.625,0.0892857142857143,0.7142857142857143,0.0,0.7142857142857143,1,1,0.5,4,0,0.5,0.5,0.5,0.5
392182,2.0,2009,2009-04-18,Newlands,Cape Town,Royal Challengers Bengaluru,Rajasthan Royals,Royal Challengers Bengaluru,1,1444.4358543607318,1595.9760677862478,-151.54021342551596,0.4,0.8,-0.4,0.6666666666666666,0.6666666666666666,0.0,0.3,0.8,-0.5,-0.4799999999999999,0.0,1,1,bat,0.0,1.0,165.0,0.0,1,0.5,0.5,2,0,85.30612043964803,86.09893715942607,-0.7928167197780454,51.35110982975325,58.75855922306227,-7.407449393309022,0,1,0.2857142857142857,0.9,-0.6142857142857143,0.0,0.9,-0.9,1,0,1.0,4,0,0.0,1.0,0.0,0.0
392183,3.0,2009,2009-04-19,Newlands,Cape Town,Delhi Capitals,Kings XI Punjab,Delhi Capitals,1,1497.8525834447887,1546.4726981050944,-48.62011466030572,0.6,0.6,0.0,0.6666666666666666,0.3333333333333333,0.3333333333333333,0.4,0.7,-0.29999999999999993,-0.04999999999999993,0.0,1,0,field,0.5,1.0,149.0,0.0,2,0.5,0.5,3,0,89.46374049179038,91.5223726934347,-2.058632201644329,47.157914948661976,53.746094371094365,-6.58817942243239,1,0,0.625,0.75,-0.125,0.625,0.0,0.625,1,1,0.0,4,0,0.0,0.0,0.5,0.5
392184,4.0,2009,2009-04-19,Newlands,Cape Town,Sunrisers Hyderabad,Kolkata Knight Riders,Sunrisers Hyderabad,1,1400.356811489166,1492.0802464570975,-91.72343496793155,0.0,0.4,-0.4,0.0,0.3333333333333333,-0.3333333333333333,0.1,0.4,-0.30000000000000004,-0.43,0.0,0,1,bat,0.6666666666666666,0.6666666666666666,134.0,0.3333333333333333,3,0.5,0.5,4,0,87.45726277072053,80.45459264681861,7.002670123901922,49.129291612342456,56.19738666816588,-7.068095055823427,1,0,0.3333333333333333,0.5,-0.16666666666666669,0.3333333333333333,0.0,0.3333333333333333,1,1,0.3333333333333333,4,0,0.3333333333333333,0.3333333333333333,0.6666666666666666,0.6666666666666666
392185,5.0,2009,2009-04-20,St George's Park,Port Elizabeth,Royal Challengers Bengaluru,Chennai Super Kings,Chennai Super Kings,0,1461.3614092424425,1504.166630221955,-42.80522097951257,0.6,0.4,0.19999999999999996,0.6666666666666666,0.3333333333333333,0.3333333333333333,0.4,0.5,-0.09999999999999998,0.08000000000000002,0.5,0,1,bat,0.5,0.5,158.69354838709677,0.5,0,0.5,0.5,5,0,80.99525459052128,92.80784088300067,-11.81258629247938,78.11770043812862,58.132492826710724,19.9852076114179,1,0,0.2857142857142857,0.625,-0.3392857142857143,0.2857142857142857,0.0,0.2857142857142857,1,1,0.5,4,0,0.5,0.5,0.5,0.5
392186,6.0,2009,2009-04-21,Kingsmead,Durban,Kings XI Punjab,Kolkata Knight Riders,Kolkata Knight Riders,0,1532.8042955241276,1476.9838357062315,55.82045981789611,0.4,0.2,0.2,0.3333333333333333,0.3333333333333333,0.0,0.6,0.4,0.19999999999999996,0.43000000000000005,0.5,0,0,field,0.5,0.5,159.015873015873,0.5,0,0.5,0.5,6,0,94.09761882564285,77.91757784089626,16.180040984746597,53.746094371094365,58.203709710203206,-4.457615339108841,0,1,0.75,0.5,0.25,0.0,0.5,-0.5,1,0,0.5,4,0,0.5,0.5,0.5,0.5
392188,8.0,2009,2009-04-22,Newlands,Cape Town,Royal Challengers Bengaluru,Sunrisers Hyderabad,Sunrisers Hyderabad,0,1450.832413896338,1415.453222240032,35.37919165630615,0.6,0.2,0.39999999999999997,0.3333333333333333,0.3333333333333333,0.0,0.3,0.2,0.09999999999999998,0.64,1.0,0,1,bat,0.5,0.5,125.75,0.5,4,1.0,1.0,7,0,72.47774337012086,86.92590941989197,-14.448166049771103,90.93945100724761,71.30171664493699,19.637734362310624,1,0,0.25,0.42857142857142855,-0.17857142857142855,0.25,0.0,0.25,1,1,0.5,4,0,0.5,0.5,0.5,0.5
392189,9.0,2009,2009-04-23,Kingsmead,Durban,Chennai Super Kings,Delhi Capitals,Delhi Capitals,0,1514.6956255680595,1511.5209860257555,3.1746395423040212,0.6,0.6,0.0,0.3333333333333333,0.6666666666666666,-0.3333333333333333,0.5,0.4,0.09999999999999998,0.1499999999999999,0.5,0,1,bat,1.0,0.0,158.0,1.0,1,0.5,0.5,8,0,92.87901365545714,89.46374049179038,3.415273163666768,67.5533954273136,54.30555555555555,13.247839871758053,1,1,0.625,0.6666666666666666,-0.04166666666666663,0.625,0.0,0.625,1,1,1.0,4,0,1.0,1.0,1.0,1.0
392190,10.0,2009,2009-04-23,Newlands,Cape Town,Kolkata Knight Riders,Rajasthan Royals,Rajasthan Royals,0,1490.8953867086595,1579.050512904537,-88.15512619587753,0.4,0.6,-0.19999999999999996,0.6666666666666666,0.6666666666666666,0.0,0.5,0.8,-0.30000000000000004,-0.39,0.0,1,0,field,0.6,0.6,137.4,0.4,5,0.0,0.0,9,0,80.52985397086044,79.52615384615385,1.0037001247065973,58.279975075429626,73.94356816806908,-15.663593092639452,1,0,0.6,0.8181818181818182,-0.21818181818181825,0.6,0.0,0.6,1,1,0.4,4,0,0.4,0.4,0.6,0.6
392191,11.0,2009,2009-04-24,Kingsmead,Durban,Royal Challengers Bengaluru,Kings XI Punjab,Kings XI Punjab,0,1437.6146660426352,1518.8927445216996,-81.27807847906433,0.4,0.2,0.2,0.3333333333333333,0.0,0.3333333333333333,0.3,0.5,-0.2,0.30000000000000004,0.0,1,1,bat,1.0,0.5,173.5,0.5,2,0.5,0.0,10,0,81.8775701670407,88.96480111847184,-7.087230951431138,73.95215507877522,39.92775992775993,34.02439515101529,0,1,0.2222222222222222,0.75,-0.5277777777777778,0.0,0.75,-0.75,1,0,0.5,4,0,0.5,0.5,1.0,1.0
392192,12.0,2009,2009-04-25,Kingsmead,Durban,Sunrisers Hyderabad,Mumbai Indians,Sunrisers Hyderabad,1,1428.6709700937347,1518.6591081349188,-89.98813804118413,0.4,0.4,0.0,0.6666666666666666,0.6666666666666666,0.0,0.3,0.7,-0.39999999999999997,0.0,0.5,1,1,bat,0.6666666666666666,0.3333333333333333,171.66666666666666,0.6666666666666666,3,0.5,0.5,11,0,90.46636625303172,83.8915375650492,6.574828687982517,68.10123355314954,73.49840931071083,-5.3971757575612855,0,0,0.42857142857142855,0.625,-0.19642857142857145,0.0,0.625,-0.625,1,0,0.33333333333333337,4,0,0.6666666666666666,0.33333333333333337,0.6666666666666666,0.6666666666666666
392194,14.0,2009,2009-04-26,St George's Park,Port Elizabeth,Royal Challengers Bengaluru,Delhi Capitals,Delhi Capitals,0,1428.371797846489,1523.6306311395945,-95.25883329310545,0.2,0.8,-0.6000000000000001,0.0,0.6666666666666666,-0.6666666666666666,0.3,0.5,-0.2,-0.5499999999999999,0.0,1,1,bat,1.0,1.0,179.0,0.0,1,0.0,0.5,12,0,83.56411043334266,92.06006427082912,-8.495953837486454,57.35517783084193,66.68495622744246,-9.329778396600524,0,1,0.2222222222222222,0.6666666666666666,-0.4444444444444444,0.0,0.6666666666666666,-0.6666666666666666,1,0,1.0,4,0,0.0,1.0,1.0,1.0
392195,15.0,2009,2009-04-26,Newlands,Cape Town,Kings XI Punjab,Rajasthan Royals,Kings XI Punjab,1,1528.1356127178458,1588.0694429255059,-59.933830207660094,0.4,0.6,-0.19999999999999996,0.3333333333333333,0.6666666666666666,-0.3333333333333333,0.6,0.8,-0.20000000000000007,-0.10000000000000003,0.5,1,1,bat,0.6,0.6666666666666666,139.5,0.3333333333333333,5,0.0,0.5,13,0,91.88585807823844,78.24892895998619,13.636929118252255,55.133869398575285,79.05887031231859,-23.925000913743304,0,1,0.7777777777777778,0.8181818181818182,-0.04040404040404044,0.0,0.8181818181818182,-0.8181818181818182,1,0,0.6666666666666667,4,0,0.3333333333333333,0.6666666666666667,0.6,0.6
392197,17.0,2009,2009-04-27,St George's Park,Port Elizabeth,Kolkata Knight Riders,Mumbai Indians,Mumbai Indians,0,1481.8764566876907,1503.6187135688401,-21.742256881149387,0.4,0.4,0.0,0.3333333333333333,0.6666666666666666,-0.3333333333333333,0.5,0.6,-0.09999999999999998,0.04999999999999999,0.0,0,1,bat,0.5,0.5,164.0,0.5,2,0.5,0.5,14,0,73.11345205285959,84.07792874969792,-10.964476696838332,65.55362223601425,71.86309270416943,-6.309470468155183,1,0,0.5,0.5555555555555556,-0.05555555555555558,0.5,0.0,0.5,1,1,0.5,4,0,0.5,0.5,0.5,0.5
392196,16.0,2009,2009-04-27,Kingsmead,Durban,Chennai Super Kings,Sunrisers Hyderabad,Sunrisers Hyderabad,0,1502.5859804542206,1443.7113646598134,58.87461579440719,0.4,0.6,-0.19999999999999996,0.3333333333333333,1.0,-0.6666666666666667,0.4,0.3,0.10000000000000003,0.06999999999999995,0.5,0,0,field,0.75,0.5,170.75,0.5,4,0.0,1.0,15,0,92.6739300872024,86.85741221770661,5.816517869495783,67.03653970239337,66.45795120185647,0.5785885005368954,0,1,0.5555555555555556,0.42857142857142855,0.12698412698412703,0.0,0.42857142857142855,-0.42857142857142855,1,0,0.5,4,0,0.5,0.5,0.75,0.75
392198,18.0,2009,2009-04-28,SuperSport Park,Centurion,Delhi Capitals,Rajasthan Royals,Rajasthan Royals,0,1532.4205446317437,1574.0196933072646,-41.59914867552084,0.8,0.6,0.20000000000000007,1.0,0.3333333333333333,0.6666666666666667,0.6,0.7,-0.09999999999999998,0.030000000000000027,0.3333333333333333,1,1,bat,0.5,0.5,159.93150684931507,0.5,0,0.5,0.5,16,0,86.65969047212747,75.12018496436092,11.539505507766549,64.27041856597094,71.48459603804432,-7.214177472073374,0,1,0.7,0.75,-0.050000000000000044,0.0,0.75,-0.75,1,0,0.5,4,0,0.5,0.5,0.5,0.5
392200,20.0,2009,2009-04-29,Kingsmead,Durban,Kings XI Punjab,Mumbai Indians,Kings XI Punjab,1,1542.185362336087,1514.86874136881,27.316620967277004,0.4,0.6,-0.19999999999999996,0.6666666666666666,0.6666666666666666,0.0,0.6,0.6,0.0,-0.33,1.0,1,1,bat,0.8,0.4,169.6,0.6,5,0.5,0.0,17,0,89.06707163512183,86.523118542643,2.54395309247883,63.6411324596256,72.83964742612282,-9.198514966497221,0,0,0.7777777777777778,0.5555555555555556,0.2222222222222222,0.0,0.5555555555555556,-0.5555555555555556,1,0,0.4,4,0,0.6,0.4,0.8,0.8
392199,19.0,2009,2009-04-29,Kingsmead,Durban,Royal Challengers Bengaluru,Kolkata Knight Riders,Royal Challengers Bengaluru,1,1419.5818843543398,1470.6264288877207,-51.044544533380986,0.2,0.4,-0.2,0.0,0.3333333333333333,-0.3333333333333333,0.3,0.4,-0.10000000000000003,-0.20000000000000007,0.0,0,1,bat,0.8333333333333334,0.5,161.16666666666666,0.5,6,0.0,1.0,18,0,76.33789800777035,76.76579378383488,-0.4278957760645312,60.45526044259728,52.67535329787552,7.779907144721761,1,0,0.2222222222222222,0.42857142857142855,-0.20634920634920634,0.2222222222222222,0.0,0.2222222222222222,1,1,0.5,4,0,0.5,0.5,0.8333333333333334,0.8333333333333334
392201,21.0,2009,2009-04-30,SuperSport Park,Centurion,Sunrisers Hyderabad,Delhi Capitals,Delhi Capitals,0,1457.7255793203503,1521.850501680848,-64.12492236049775,0.8,0.6,0.20000000000000007,1.0,0.6666666666666666,0.33333333333333337,0.4,0.6,-0.19999999999999996,0.07999999999999996,0.0,0,0,field,0.0,0.0,143.0,1.0,1,0.5,0.0,19,0,85.34675216071764,91.2153446510014,-5.86859249028376,65.99676563900049,63.822855293330264,2.1739103456702225,0,0,0.5,0.7,-0.19999999999999996,0.0,0.7,-0.7,1,0,0.0,4,0,1.0,0.0,0.0,0.0
392202,22.0,2009,2009-04-30,SuperSport Park,Centurion,Chennai Super Kings,Rajasthan Royals,Chennai Super Kings,1,1488.5717657936837,1584.5897362581602,-96.01797046447655,0.2,0.6,-0.39999999999999997,0.3333333333333333,0.6666666666666666,-0.3333333333333333,0.4,0.7,-0.29999999999999993,-0.43,0.0,0,0,field,0.5,0.0,145.5,1.0,2,0.5,1.0,20,0,91.65414986742219,77.09497464269248,14.559175224729714,70.24188014125473,71.07840909090909,-0.8365289496543653,0,0,0.5555555555555556,0.7692307692307693,-0.2136752136752137,0.0,0.7692307692307693,-0.7692307692307693,1,0,0.0,4,0,1.0,0.0,0.5,0.5
392203,23.0,2009,2009-05-01,Buffalo Park,East London,Kolkata Knight Riders,Mumbai Indians,Mumbai Indians,0,1456.8759890489969,1503.8102847299372,-46.934295680940295,0.2,0.6,-0.39999999999999997,0.0,0.3333333333333333,-0.3333333333333333,0.3,0.5,-0.2,-0.47,0.0,0,1,bat,0.5,0.5,158.82051282051282,0.5,0,0.5,0.5,21,0,78.36946871771964,90.26580434923177,-11.89633563151213,58.70670265407108,72.76329114841543,-14.056588494344354,1,0,0.42857142857142855,0.5,-0.07142857142857145,0.42857142857142855,0.0,0.42857142857142855,1,1,0.5,5,0,0.5,0.5,0.5,0.5
392204,24.0,2009,2009-05-01,Kingsmead,Durban,Royal Challengers Bengaluru,Kings XI Punjab,Royal Challengers Bengaluru,1,1433.3323241930636,1553.24381897496,-119.91149478189641,0.2,0.6,-0.39999999999999997,0.3333333333333333,1.0,-0.6666666666666667,0.4,0.6,-0.19999999999999996,-0.32,0.0,1,1,bat,0.7142857142857143,0.42857142857142855,158.0,0.5714285714285714,7,0.5,0.6666666666666666,22,0,81.58755754739886,89.22099134202526,-7.633433794626399,57.35768092547753,66.79484404484404,-9.43716311936651,0,0,0.3,0.7777777777777778,-0.4777777777777778,0.0,0.7777777777777778,-0.7777777777777778,1,0,0.4285714285714286,5,0,0.5,0.5,0.7142857142857143,0.7142857142857143
392205,25.0,2009,2009-05-02,St George's Park,Port Elizabeth,Sunrisers Hyderabad,Rajasthan Royals,Rajasthan Royals,0,1447.9155648674848,1569.3553206226022,-121.4397557551174,0.8,0.4,0.4,0.6666666666666666,0.3333333333333333,0.3333333333333333,0.4,0.6,-0.19999999999999996,0.55,0.0,1,1,bat,0.6666666666666666,0.6666666666666666,171.66666666666666,0.3333333333333333,3,0.5,0.5,23,0,84.46784192150301,75.20354477000032,9.264297151502689,62.346320928418926,56.125950349556454,6.220370578862472,0,1,0.5,0.7142857142857143,-0.2142857142857143,0.0,0.7142857142857143,-0.7142857142857143,1,0,0.6666666666666667,5,0,0.5,0.5,0.6666666666666666,0.6666666666666666
392206,26.0,2009,2009-05-02,New Wanderers Stadium,Johannesburg,Chennai Super Kings,Delhi Capitals,Chennai Super Kings,1,1503.8061814292416,1531.6605161337136,-27.854334704471967,0.4,0.8,-0.4,0.3333333333333333,0.6666666666666666,-0.3333333333333333,0.4,0.7,-0.29999999999999993,-0.55,0.3333333333333333,0,0,field,0.5,0.5,158.2962962962963,0.5,0,0.5,0.5,24,0,89.35714769036716,86.49268079664019,2.86446689372697,66.60649833929804,63.59767791729306,3.0088204220049803,0,1,0.5555555555555556,0.7272727272727273,-0.1717171717171717,0.0,0.7272727272727273,-0.7272727272727273,1,0,0.5,5,0,0.5,0.5,0.5,0.5
392207,27.0,2009,2009-05-03,St George's Park,Port Elizabeth,Kings XI Punjab,Kolkata Knight Riders,Kings XI Punjab,1,1537.2591923712575,1446.4872529370334,90.77193943422412,0.6,0.2,0.39999999999999997,0.6666666666666666,0.0,0.6666666666666666,0.5,0.2,0.3,0.22000000000000008,0.3333333333333333,0,1,bat,0.5,0.5,164.0,0.5,4,0.5,0.0,25,0,85.74493622319707,75.9173886392837,9.827547583913372,65.5850965007215,57.77601053916843,7.809085961553073,1,0,0.7,0.375,0.32499999999999996,0.7,0.0,0.7,1,1,0.5,5,0,1.0,1.0,0.5,0.5
392208,28.0,2009,2009-05-03,New Wanderers Stadium,Johannesburg,Royal Challengers Bengaluru,Mumbai Indians,Royal Challengers Bengaluru,1,1449.3169507967662,1514.1990208419006,-64.88207004513447,0.4,0.6,-0.19999999999999996,0.6666666666666666,0.6666666666666666,0.0,0.5,0.5,0.0,-0.43,0.5,0,1,bat,0.0,1.0,163.0,0.0,1,0.5,0.5,26,0,86.17095237378524,85.86439075088416,0.3065616229010857,56.277514240423024,71.8799000648699,-15.602385824446877,1,0,0.3,0.5,-0.2,0.3,0.0,0.3,0,0,0.0,5,0,0.0,0.0,0.0,0.0
392209,29.0,2009,2009-05-04,Buffalo Park,East London,Chennai Super Kings,Sunrisers Hyderabad,Chennai Super Kings,1,1516.766180174857,1439.9470870143964,76.81909316046062,0.6,0.6,0.0,0.6666666666666666,0.3333333333333333,0.3333333333333333,0.5,0.4,0.09999999999999998,-0.2500000000000001,0.3333333333333333,1,1,bat,1.0,1.0,148.0,0.0,1,0.5,0.5,27,0,89.01922782363994,88.67313474545993,0.34609307818000445,75.65972222222223,60.36477189287594,15.294950329346285,0,1,0.5555555555555556,0.5,0.05555555555555558,0.0,0.5,-0.5,0,0,1.0,5,0,0.0,1.0,1.0,1.0
392210,30.0,2009,2009-05-05,Kingsmead,Durban,Kings XI Punjab,Rajasthan Royals,Rajasthan Royals,0,1546.1934786215043,1577.3237984756906,-31.130319854186382,0.8,0.6,0.20000000000000007,0.6666666666666666,0.6666666666666666,0.0,0.5,0.6,-0.09999999999999998,0.25,0.6666666666666666,1,0,field,0.75,0.5,156.375,0.5,8,0.5,0.5,28,0,83.44092140707733,83.42966540394909,0.01125600312823849,63.199826974633844,60.667334525516374,2.53249244911747,1,0,0.7272727272727273,0.7333333333333333,-0.006060606060605989,0.7272727272727273,0.0,0.7272727272727273,0,0,0.5,5,0,0.0,0.0,0.75,0.75
392211,31.0,2009,2009-05-05,Kingsmead,Durban,Delhi Capitals,Kolkata Knight Riders,Delhi Capitals,1,1518.7005173880982,1437.5529666867867,81.1475507013115,0.6,0.0,0.6,0.3333333333333333,0.0,0.3333333333333333,0.6,0.2,0.39999999999999997,0.72,0.0,0,1,bat,0.6666666666666666,0.5555555555555556,162.44444444444446,0.4444444444444444,9,1.0,0.5,29,0,87.0021610490126,76.81140087413488,10.190760174877724,67.64272592038277,55.58851802006033,12.054207900322446,1,0,0.6666666666666666,0.375,0.29166666666666663,0.6666666666666666,0.0,0.6666666666666666,0,0,0.4444444444444444,5,0,0.0,0.0,0.6666666666666666,0.6666666666666666
392212,32.0,2009,2009-05-06,SuperSport Park,Centurion,Sunrisers Hyderabad,Mumbai Indians,Sunrisers Hyderabad,1,1430.5579176418728,1499.983765409008,-69.42584776713511,0.4,0.4,0.0,0.0,0.3333333333333333,-0.3333333333333333,0.4,0.4,0.0,0.22999999999999998,0.6666666666666666,1,1,bat,0.3333333333333333,0.3333333333333333,151.66666666666666,0.6666666666666666,3,0.0,0.5,30,0,88.40304923945021,88.99490468605505,-0.5918554466048391,52.06173701107295,69.24804122582258,-17.186304214749626,0,0,0.4444444444444444,0.5,-0.05555555555555558,0.0,0.5,-0.5,0,0,0.33333333333333337,5,0,0.5,0.5,0.3333333333333333,0.3333333333333333
392213,33.0,2009,2009-05-07,SuperSport Park,Centurion,Royal Challengers Bengaluru,Rajasthan Royals,Rajasthan Royals,0,1463.5322062296589,1588.2514634270763,-124.71925719741739,0.6,0.6,0.0,1.0,0.6666666666666666,0.33333333333333337,0.5,0.6,-0.09999999999999998,-0.04999999999999999,0.3333333333333333,0,0,field,0.5,0.5,150.0,0.5,4,0.5,0.5,31,0,86.09003715293518,86.98836253486678,-0.898325381931599,59.717863547955254,73.33989380893348,-13.622030260978228,0,1,0.36363636363636365,0.7333333333333333,-0.36969696969696964,0.0,0.7333333333333333,-0.7333333333333333,0,0,0.5,5,0,0.0,1.0,0.5,0.5
392214,34.0,2009,2009-05-07,SuperSport Park,Centurion,Chennai Super Kings,Kings XI Punjab,Chennai Super Kings,1,1526.1553495473806,1535.2658136701186,-9.110464122737994,0.6,0.6,0.0,1.0,0.3333333333333333,0.6666666666666667,0.6,0.5,0.09999999999999998,-0.31999999999999995,1.0,1,1,bat,0.6,0.4,141.0,0.6,5,1.0,0.5,32,0,91.78615828243093,79.55218365051287,12.23397463191806,78.51851851851852,60.64209131710741,17.87642720141111,0,0,0.5555555555555556,0.6666666666666666,-0.11111111111111105,0.0,0.6666666666666666,-0.6666666666666666,0,0,0.4,5,0,0.5,0.5,0.6,0.6
392215,35.0,2009,2009-05-08,Buffalo Park,East London,Delhi Capitals,Mumbai Indians,Delhi Capitals,1,1527.9476562303562,1485.617295365431,42.3303608649253,0.6,0.4,0.19999999999999996,0.6666666666666666,0.3333333333333333,0.3333333333333333,0.7,0.4,0.29999999999999993,0.07999999999999996,0.5,0,1,bat,1.0,1.0,163.0,0.0,2,0.5,1.0,33,0,88.32404865090021,85.0803997752771,3.2436488756231086,61.772683112103884,66.10006439310831,-4.327381281004428,1,0,0.6923076923076923,0.45454545454545453,0.23776223776223776,0.6923076923076923,0.0,0.6923076923076923,0,0,0.0,5,0,0.0,0.0,1.0,1.0
392216,36.0,2009,2009-05-09,De Beers Diamond Oval,Kimberley,Sunrisers Hyderabad,Kings XI Punjab,Kings XI Punjab,0,1444.9243876854498,1522.9512214875783,-78.02683380212852,0.4,0.4,0.0,0.3333333333333333,0.3333333333333333,0.0,0.5,0.4,0.09999999999999998,-0.12000000000000005,0.0,0,0,field,0.5,0.5,158.03296703296704,0.5,0,0.5,0.5,34,0,89.35805282942704,87.42540390366477,1.9326489257622654,70.66706881842063,55.55749426085247,15.109574557568159,0,1,0.4444444444444444,0.6153846153846154,-0.170940170940171,0.0,0.6153846153846154,-0.6153846153846154,0,0,0.5,5,0,0.5,0.5,0.5,0.5
392217,37.0,2009,2009-05-09,De Beers Diamond Oval,Kimberley,Chennai Super Kings,Rajasthan Royals,Chennai Super Kings,1,1538.469941729921,1596.119776623733,-57.64983489381211,0.8,0.8,0.0,1.0,1.0,0.0,0.6,0.7,-0.09999999999999998,-0.09999999999999998,0.25,0,1,bat,1.0,0.0,168.0,1.0,1,0.5,0.5,35,0,90.40290773249835,86.01675808270424,4.386149649794106,71.82931286549706,74.35781495588687,-2.528502090389807,1,1,0.5555555555555556,0.75,-0.19444444444444442,0.5555555555555556,0.0,0.5555555555555556,0,0,1.0,5,0,1.0,1.0,1.0,1.0
392218,38.0,2009,2009-05-10,St George's Park,Port Elizabeth,Royal Challengers Bengaluru,Mumbai Indians,Mumbai Indians,0,1455.663893033002,1475.0721426903817,-19.408249657379656,0.6,0.2,0.39999999999999997,0.6666666666666666,0.0,0.6666666666666666,0.4,0.4,0.0,0.32000000000000006,0.6666666666666666,0,1,bat,0.4,0.4,161.8,0.6,5,0.0,1.0,36,0,82.12351485430365,83.95174187688798,-1.8282270225843291,49.79247143954492,69.98237683611339,-20.18990539656847,1,1,0.36363636363636365,0.45454545454545453,-0.09090909090909088,0.36363636363636365,0.0,0.36363636363636365,0,0,0.6,5,0,1.0,1.0,0.4,0.4
392219,39.0,2009,2009-05-10,New Wanderers Stadium,Johannesburg,Delhi Capitals,Kolkata Knight Riders,Delhi Capitals,1,1538.4928089054054,1428.3058278445287,110.18698106087663,0.6,0.0,0.6,0.6666666666666666,0.0,0.6666666666666666,0.7,0.2,0.49999999999999994,0.45,0.5,1,0,field,0.0,0.5,156.0,0.5,2,0.0,0.5,37,0,85.69148950243489,78.85732847917723,6.834161023257664,65.33107331713025,51.93157675636119,13.399496560769059,1,0,0.7142857142857143,0.375,0.3392857142857143,0.7142857142857143,0.0,0.7142857142857143,0,0,0.5,5,0,0.5,0.5,0.0,0.0
392220,40.0,2009,2009-05-11,De Beers Diamond Oval,Kimberley,Sunrisers Hyderabad,Rajasthan Royals,Sunrisers Hyderabad,1,1435.5749274211219,1582.1466967361537,-146.57176931503182,0.2,0.6,-0.39999999999999997,0.3333333333333333,0.6666666666666666,-0.3333333333333333,0.5,0.6,-0.09999999999999998,-0.45000000000000007,0.0,1,1,bat,0.5,0.0,154.0,1.0,2,0.0,0.0,38,0,91.23667992908838,85.38092109918746,5.855758829900921,70.24947020255239,60.06916277811635,10.180307424436037,0,0,0.4444444444444444,0.75,-0.3055555555555556,0.0,0.75,-0.75,0,0,0.0,5,0,1.0,0.0,0.5,0.5
392221,41.0,2009,2009-05-12,SuperSport Park,Centurion,Royal Challengers Bengaluru,Kolkata Knight Riders,Royal Challengers Bengaluru,1,1444.3335338350234,1419.9888905611606,24.344643273862857,0.6,0.0,0.6,0.3333333333333333,0.0,0.3333333333333333,0.4,0.2,0.2,0.8,0.3333333333333333,1,0,field,0.6666666666666666,0.5,148.33333333333334,0.5,6,0.0,0.5,39,0,84.64827354696038,79.88943796025764,4.7588355867027445,53.62104035730058,50.99970981431877,2.6213305429818092,1,0,0.3333333333333333,0.375,-0.041666666666666685,0.3333333333333333,0.0,0.3333333333333333,0,0,0.5,5,0,0.3333333333333333,0.3333333333333333,0.6666666666666666,0.6666666666666666
392222,42.0,2009,2009-05-12,SuperSport Park,Centurion,Kings XI Punjab,Mumbai Indians,Mumbai Indians,0,1532.3006817519063,1486.4025018883603,45.89817986354592,0.4,0.4,0.0,0.3333333333333333,0.3333333333333333,0.0,0.5,0.5,0.0,-0.09999999999999998,1.0,1,1,bat,0.7142857142857143,0.42857142857142855,151.85714285714286,0.5714285714285714,7,0.0,0.0,40,0,90.9629705424224,84.34304390473251,6.619926637689886,56.02738585621078,68.3799297528261,-12.352543896615323,0,0,0.6428571428571429,0.45454545454545453,0.18831168831168837,0.0,0.45454545454545453,-0.45454545454545453,0,0,0.4285714285714286,5,0,0.5,0.5,0.7142857142857143,0.7142857142857143
392223,43.0,2009,2009-05-13,Kingsmead,Durban,Sunrisers Hyderabad,Delhi Capitals,Delhi Capitals,0,1452.3569574542137,1546.8097461887735,-94.45278873455982,0.4,0.8,-0.4,0.6666666666666666,1.0,-0.33333333333333337,0.6,0.7,-0.09999999999999998,-0.47,0.0,1,0,field,0.6,0.5,161.6,0.5,10,1.0,1.0,41,0,91.69683271008837,85.8823234743066,5.81450923578177,74.97580165250066,67.27739958920215,7.698402063298516,1,0,0.4444444444444444,0.7333333333333333,-0.28888888888888886,0.4444444444444444,0.0,0.4444444444444444,0,0,0.5,5,0,0.3333333333333333,0.3333333333333333,0.6,0.6
392224,44.0,2009,2009-05-14,Kingsmead,Durban,Royal Challengers Bengaluru,Chennai Super Kings,Royal Challengers Bengaluru,1,1455.4940730390283,1552.4430216175003,-96.94894857847203,0.6,1.0,-0.4,0.3333333333333333,1.0,-0.6666666666666667,0.4,0.6,-0.19999999999999996,-0.32000000000000006,0.3333333333333333,0,1,bat,0.5454545454545454,0.5454545454545454,162.63636363636363,0.45454545454545453,11,0.6666666666666666,0.0,42,0,89.23784378650086,90.749496817603,-1.511653031102142,50.46859608151689,67.63177593412763,-17.16317985261074,1,0,0.38461538461538464,0.6,-0.21538461538461534,0.38461538461538464,0.0,0.38461538461538464,0,0,0.45454545454545453,5,0,0.25,0.25,0.5454545454545454,0.5454545454545454
392225,45.0,2009,2009-05-14,Kingsmead,Durban,Mumbai Indians,Rajasthan Royals,Rajasthan Royals,0,1499.97861081895,1565.3646667030619,-65.38605588411178,0.4,0.6,-0.19999999999999996,0.6666666666666666,0.3333333333333333,0.3333333333333333,0.5,0.5,0.0,-0.6000000000000001,0.5,0,1,bat,0.5,0.5,159.83333333333334,0.5,12,0.0,1.0,43,0,83.80600049064324,82.06143911267732,1.7445613779659226,72.88354527174374,54.08334635322792,18.800198918515825,1,0,0.5,0.7058823529411765,-0.20588235294117652,0.5,0.0,0.5,0,0,0.5,5,0,0.4,0.4,0.5,0.5
392226,46.0,2009,2009-05-15,OUTsurance Oval,Bloemfontein,Delhi Capitals,Kings XI Punjab,Kings XI Punjab,0,1555.6255232599972,1518.7245728213165,36.90095043868064,0.8,0.4,0.4,1.0,0.3333333333333333,0.6666666666666667,0.8,0.5,0.30000000000000004,0.18000000000000005,0.3333333333333333,0,0,field,0.5,0.5,157.16831683168317,0.5,0,0.5,0.5,44,0,93.6497749166479,92.45240401153713,1.1973709051107733,68.7569091979457,55.79458122457557,12.96232797337013,0,1,0.7333333333333333,0.6428571428571429,0.09047619047619038,0.0,0.6428571428571429,-0.6428571428571429,0,0,0.5,5,0,0.5,0.5,0.5,0.5
392228,48.0,2009,2009-05-16,New Wanderers Stadium,Johannesburg,Sunrisers Hyderabad,Kolkata Knight Riders,Sunrisers Hyderabad,1,1443.54118038299,1408.8283513571557,34.71282902583425,0.4,0.0,0.4,0.3333333333333333,0.0,0.3333333333333333,0.5,0.1,0.4,0.37,0.3333333333333333,1,0,field,0.3333333333333333,0.3333333333333333,145.0,0.6666666666666666,3,0.5,0.0,45,0,88.13783029762956,83.95735955177474,4.180470745854819,71.22974972297006,51.637728742849134,19.59202098012092,1,1,0.4,0.375,0.025000000000000022,0.4,0.0,0.4,0,0,0.6666666666666666,5,0,0.6666666666666666,0.6666666666666666,0.3333333333333333,0.3333333333333333
392227,47.0,2009,2009-05-16,St George's Park,Port Elizabeth,Chennai Super Kings,Mumbai Indians,Chennai Super Kings,1,1537.1788087437797,1490.2106755803027,46.96813316347698,0.8,0.4,0.4,0.6666666666666666,0.6666666666666666,0.0,0.6,0.4,0.19999999999999996,0.6000000000000001,0.3333333333333333,0,1,bat,0.5,0.5,161.0,0.5,6,1.0,1.0,46,0,89.83750062395961,84.01323931037552,5.824261313584088,67.25740284925784,69.28823114869627,-2.0308282994384257,1,0,0.6,0.46153846153846156,0.1384615384615384,0.6,0.0,0.6,0,0,0.5,5,0,0.6666666666666666,0.6666666666666666,0.5,0.5
392230,50.0,2009,2009-05-17,OUTsurance Oval,Bloemfontein,Delhi Capitals,Rajasthan Royals,Delhi Capitals,1,1542.3557804218226,1575.1326019417093,-32.77682151988665,0.8,0.6,0.20000000000000007,0.6666666666666666,0.3333333333333333,0.3333333333333333,0.7,0.6,0.09999999999999998,0.2400000000000001,0.25,1,1,bat,1.0,0.0,120.0,1.0,1,0.0,0.5,47,0,89.45960889179283,81.65466215187197,7.804946739920851,67.25725629877431,70.70400354877005,-3.446747249995738,0,0,0.7333333333333333,0.7058823529411765,0.027450980392156765,0.0,0.7058823529411765,-0.7058823529411765,0,0,0.0,5,0,1.0,0.0,1.0,1.0
392229,49.0,2009,2009-05-17,New Wanderers Stadium,Johannesburg,Sunrisers Hyderabad,Kings XI Punjab,Kings XI Punjab,0,1454.346215273749,1531.9943156594911,-77.64810038574205,0.6,0.4,0.19999999999999996,0.6666666666666666,0.6666666666666666,0.0,0.5,0.6,-0.09999999999999998,0.35,0.0,1,0,field,0.5,0.25,148.75,0.75,4,1.0,0.5,48,0,88.46181564369564,90.33849726956687,-1.8766816258712282,70.05310362177137,60.30672822311529,9.746375398656077,1,1,0.45454545454545453,0.6666666666666666,-0.2121212121212121,0.45454545454545453,0.0,0.45454545454545453,0,0,0.75,5,0,0.75,0.75,0.5,0.5
392231,51.0,2009,2009-05-18,SuperSport Park,Centurion,Chennai Super Kings,Kolkata Knight Riders,Kolkata Knight Riders,0,1547.5663972360599,1398.0233164663966,149.54308076966322,0.8,0.0,0.8,0.6666666666666666,0.0,0.6666666666666666,0.7,0.1,0.6,0.88,1.0,1,1,bat,0.625,0.375,147.75,0.625,8,1.0,0.0,49,0,82.90846609806584,84.20766584925086,-1.2991997511850144,65.04662986055531,61.48153648153647,3.5650933790188404,0,0,0.6363636363636364,0.375,0.26136363636363635,0.0,0.375,-0.375,0,0,0.375,5,0,0.6,0.4,0.625,0.625
392232,52.0,2009,2009-05-19,New Wanderers Stadium,Johannesburg,Royal Challengers Bengaluru,Delhi Capitals,Royal Challengers Bengaluru,1,1470.758285912749,1555.4845052041424,-84.72621929139336,0.6,0.8,-0.20000000000000007,0.6666666666666666,0.6666666666666666,0.0,0.5,0.7,-0.19999999999999996,-0.33000000000000007,0.0,0,1,bat,0.4,0.4,145.8,0.6,5,1.0,0.5,50,0,88.27047313469731,88.11728598007281,0.15318715462450427,51.40525241616829,66.83332806164664,-15.428075645478351,1,1,0.42857142857142855,0.7333333333333333,-0.30476190476190473,0.42857142857142855,0.0,0.42857142857142855,0,0,0.6,5,0,0.6,0.6,0.4,0.4
392233,53.0,2009,2009-05-20,Kingsmead,Durban,Kolkata Knight Riders,Rajasthan Royals,Kolkata Knight Riders,1,1414.8913793016166,1562.0038771593895,-147.11249785777295,0.2,0.4,-0.2,0.3333333333333333,0.3333333333333333,0.0,0.1,0.5,-0.4,-0.38999999999999996,0.0,1,0,field,0.5384615384615384,0.5384615384615384,158.69230769230768,0.46153846153846156,13,0.3333333333333333,1.0,51,0,81.19293131733761,84.60083634752141,-3.407905030183798,52.008780389851374,68.21436154731789,-16.20558115746652,1,0,0.4444444444444444,0.6666666666666666,-0.2222222222222222,0.4444444444444444,0.0,0.4444444444444444,0,0,0.46153846153846156,5,0,0.3333333333333333,0.3333333333333333,0.5384615384615384,0.5384615384615384
392234,54.0,2009,2009-05-20,Kingsmead,Durban,Chennai Super Kings,Kings XI Punjab,Chennai Super Kings,1,1530.69833440084,1541.356221719127,-10.657887318287067,0.6,0.6,0.0,0.3333333333333333,0.6666666666666666,-0.3333333333333333,0.6,0.6,0.0,0.26999999999999996,1.0,1,1,bat,0.5714285714285714,0.5,154.57142857142858,0.5,14,0.0,0.4,52,0,85.07232899356498,88.45702858500232,-3.3846995914373394,55.935945103738675,58.64875710860759,-2.7128120048689155,0,1,0.6363636363636364,0.6666666666666666,-0.030303030303030276,0.0,0.6666666666666666,-0.6666666666666666,0,0,0.5,5,0,0.42857142857142855,0.5714285714285714,0.5714285714285714,0.5714285714285714
392235,55.0,2009,2009-05-21,SuperSport Park,Centurion,Delhi Capitals,Mumbai Indians,Delhi Capitals,1,1540.614826184512,1479.8230870880225,60.79173909648944,0.6,0.4,0.19999999999999996,0.3333333333333333,0.3333333333333333,0.0,0.6,0.4,0.19999999999999996,0.26999999999999996,0.6666666666666666,1,0,field,0.5555555555555556,0.3333333333333333,152.22222222222223,0.6666666666666666,9,0.5,0.5,53,0,83.70612131428635,83.54331229117147,0.16280902311487466,65.27731787677223,66.02493518315332,-0.7476173063810876,1,1,0.7333333333333333,0.46153846153846156,0.2717948717948717,0.7333333333333333,0.0,0.7333333333333333,0,0,0.6666666666666666,5,0,0.6666666666666666,0.6666666666666666,0.5555555555555556,0.5555555555555556
392236,56.0,2009,2009-05-21,SuperSport Park,Centurion,Royal Challengers Bengaluru,Sunrisers Hyderabad,Royal Challengers Bengaluru,1,1485.6279649323794,1444.9843092141132,40.643655718266245,0.6,0.4,0.19999999999999996,1.0,0.3333333333333333,0.6666666666666667,0.6,0.4,0.19999999999999996,0.030000000000000027,0.6666666666666666,1,1,bat,0.6,0.3,153.5,0.7,10,0.5,0.5,54,0,88.46628230872669,88.5293101725659,-0.06302786383920989,52.153045210315504,67.19581940501998,-15.04277419470447,0,0,0.4666666666666667,0.4166666666666667,0.04999999999999999,0.0,0.4166666666666667,-0.4166666666666667,0,0,0.30000000000000004,5,0,0.7142857142857143,0.2857142857142857,0.6,0.6
392237,,2009,2009-05-22,SuperSport Park,Centurion,Delhi Capitals,Sunrisers Hyderabad,Sunrisers Hyderabad,0,1550.536322173773,1434.3817227395816,116.15459943419137,0.6,0.4,0.19999999999999996,0.6666666666666666,0.3333333333333333,0.3333333333333333,0.7,0.3,0.39999999999999997,0.07999999999999996,1.0,0,0,field,0.6363636363636364,0.36363636363636365,155.0,0.6363636363636364,11,0.6666666666666666,0.3333333333333333,55,0,85.18122299080277,87.27914156958266,-2.097918578779897,65.40131797154578,64.10601292074357,1.295305050802213,0,0,0.75,0.38461538461538464,0.36538461538461536,0.0,0.38461538461538464,-0.38461538461538464,0,0,0.36363636363636365,5,0,0.625,0.375,0.6363636363636364,0.6363636363636364
392238,,2009,2009-05-23,New Wanderers Stadium,Johannesburg,Royal Challengers Bengaluru,Chennai Super Kings,Royal Challengers Bengaluru,1,1496.230551406911,1543.0663293661842,-46.83577795927317,0.8,0.6,0.20000000000000007,1.0,0.6666666666666666,0.33333333333333337,0.7,0.7,0.0,0.020000000000000018,0.5,1,0,field,0.3333333333333333,0.3333333333333333,143.83333333333334,0.6666666666666666,6,1.0,1.0,56,0,88.90235785363814,91.94655669092386,-3.0441988372857196,50.788955935024,63.34091040400751,-12.55195446898351,1,1,0.4666666666666667,0.6363636363636364,-0.16969696969696968,0.4666666666666667,0.0,0.4666666666666667,0,0,0.6666666666666666,5,0,0.6666666666666666,0.6666666666666666,0.3333333333333333,0.3333333333333333
392239,,2009,2009-05-24,New Wanderers Stadium,Johannesburg,Royal Challengers Bengaluru,Sunrisers Hyderabad,Sunrisers Hyderabad,0,1509.8384738330908,1450.2504862861758,59.587987546914974,1.0,0.4,0.6,1.0,0.3333333333333333,0.6666666666666667,0.8,0.4,0.4,0.6699999999999999,0.75,1,0,field,0.42857142857142855,0.2857142857142857,144.14285714285714,0.7142857142857143,7,1.0,0.5,57,1,88.59956323319143,87.40367603829523,1.1958871948962013,50.68085874413154,63.238594124961175,-12.557735380829634,1,1,0.5,0.42857142857142855,0.07142857142857145,0.5,0.0,0.5,0,0,0.7142857142857143,5,0,0.7142857142857143,0.7142857142857143,0.42857142857142855,0.42857142857142855
419106,1.0,2010,2010-03-12,"DY Patil Stadium, Mumbai",Mumbai,Sunrisers Hyderabad,Kolkata Knight Riders,Kolkata Knight Riders,0,1464.2886374713933,1431.6891098424005,32.599527628992746,0.6,0.4,0.19999999999999996,0.6666666666666666,0.6666666666666666,0.0,0.5,0.2,0.3,0.3499999999999999,0.5,1,0,field,0.75,0.25,145.5,0.75,4,1.0,0.5,1,0,89.36369090781432,74.05146374788481,15.312227159929506,69.99327727953022,71.48989898989898,-1.496621710368757,1,1,0.42857142857142855,0.5,-0.07142857142857145,0.42857142857142855,0.0,0.42857142857142855,1,1,0.75,3,1,0.5,0.5,0.75,0.75
419107,2.0,2010,2010-03-13,"Brabourne Stadium, Mumbai",Mumbai,Mumbai Indians,Rajasthan Royals,Mumbai Indians,1,1469.9015910987614,1545.2061466186055,-75.30455551984414,0.4,0.2,0.2,0.0,0.3333333333333333,-0.3333333333333333,0.3,0.5,-0.2,0.39999999999999997,0.3333333333333333,1,1,bat,0.5,0.5,155.70689655172413,0.5,0,0.5,0.5,2,0,82.38418992377058,72.08171781465985,10.302472109110724,64.35141637046225,60.21111935764643,4.1402970128158145,0,1,0.46153846153846156,0.6666666666666666,-0.20512820512820507,0.0,0.6666666666666666,-0.6666666666666666,1,0,0.5,3,1,0.5,0.5,0.5,0.5
419108,3.0,2010,2010-03-13,"PCA Stadium, Mohali",Chandigarh,Kings XI Punjab,Delhi Capitals,Delhi Capitals,0,1528.9882267537828,1534.6675586271788,-5.679331873395995,0.6,0.4,0.19999999999999996,0.6666666666666666,0.3333333333333333,0.3333333333333333,0.5,0.6,-0.09999999999999998,0.30000000000000004,0.75,0,0,field,0.42857142857142855,0.5714285714285714,185.28571428571428,0.42857142857142855,7,0.8571428571428571,0.0,3,0,75.99054321975088,85.44015520760396,-9.449611987853089,59.57655107336635,62.63840697046805,-3.061855897101694,0,1,0.625,0.75,-0.125,0.0,0.75,-0.75,1,0,0.5714285714285714,3,1,0.5,0.5,0.42857142857142855,0.42857142857142855
419109,4.0,2010,2010-03-14,"Eden Gardens, Kolkata",Kolkata,Kolkata Knight Riders,Royal Challengers Bengaluru,Kolkata Knight Riders,1,1444.8117649967858,1495.8003226478734,-50.9885576510876,0.6,0.8,-0.20000000000000007,1.0,0.6666666666666666,0.33333333333333337,0.3,0.7,-0.39999999999999997,-0.52,0.5,1,0,field,0.42857142857142855,0.2857142857142857,139.85714285714286,0.7142857142857143,7,0.5714285714285714,0.0,4,0,83.85092981095882,83.30918422750042,0.5417455834583933,62.94579945799458,60.68078145118671,2.265018006807871,1,1,0.5,0.47058823529411764,0.02941176470588236,0.5,0.0,0.5,1,1,0.7142857142857143,3,1,0.5,0.5,0.42857142857142855,0.42857142857142855
419110,5.0,2010,2010-03-14,"MA Chidambaram Stadium, Chennai",Chennai,Chennai Super Kings,Sunrisers Hyderabad,Sunrisers Hyderabad,0,1529.4584069400044,1451.165982317008,78.29242462299635,0.4,0.4,0.0,0.3333333333333333,0.6666666666666666,-0.3333333333333333,0.7,0.5,0.19999999999999996,0.04999999999999999,0.5,0,1,bat,0.42857142857142855,0.5714285714285714,169.42857142857142,0.42857142857142855,7,0.42857142857142855,1.0,5,0,85.17299592942751,88.68987214497479,-3.5168762155472706,78.88050653079806,66.56593406593406,12.314572464864,1,0,0.6363636363636364,0.4,0.23636363636363633,0.6363636363636364,0.0,0.6363636363636364,1,1,0.42857142857142855,3,1,0.5,0.5,0.42857142857142855,0.42857142857142855
419111,6.0,2010,2010-03-15,"Narendra Modi Stadium, Ahmedabad",Ahmedabad,Rajasthan Royals,Delhi Capitals,Delhi Capitals,0,1530.6451970822209,1546.4714189231095,-15.826221840888593,0.2,0.6,-0.39999999999999997,0.0,0.6666666666666666,-0.6666666666666666,0.4,0.7,-0.29999999999999993,-0.38,0.6,0,0,field,0.5,0.5,156.175,0.5,0,0.5,0.5,6,0,84.03483057628326,86.31575673026431,-2.2809261539810564,63.82840954258227,68.16433714716158,-4.335927604579304,0,1,0.631578947368421,0.7647058823529411,-0.1331269349845201,0.0,0.7647058823529411,-0.7647058823529411,1,0,0.5,3,1,0.5,0.5,0.5,0.5
419112,7.0,2010,2010-03-16,"M Chinnaswamy Stadium, Bengaluru",Bangalore,Royal Challengers Bengaluru,Kings XI Punjab,Royal Challengers Bengaluru,1,1482.0517754262669,1517.184366457852,-35.13259103158521,0.6,0.4,0.19999999999999996,0.3333333333333333,0.3333333333333333,0.0,0.6,0.4,0.19999999999999996,0.35000000000000003,0.25,0,1,bat,0.7142857142857143,0.42857142857142855,156.14285714285714,0.5714285714285714,7,0.14285714285714285,1.0,7,0,84.67143593065981,75.26557053272886,9.405865397930953,53.80773687709905,56.93284200415861,-3.1251051270595553,1,1,0.47058823529411764,0.625,-0.15441176470588236,0.47058823529411764,0.0,0.47058823529411764,1,1,0.5714285714285714,3,1,0.5,0.5,0.7142857142857143,0.7142857142857143
419113,8.0,2010,2010-03-16,"Eden Gardens, Kolkata",Kolkata,Kolkata Knight Riders,Chennai Super Kings,Chennai Super Kings,0,1458.5603122183923,1514.7991430312265,-56.238830812834294,0.8,0.4,0.4,1.0,0.3333333333333333,0.6666666666666667,0.4,0.6,-0.19999999999999996,0.09999999999999998,0.3333333333333333,0,1,bat,0.5,0.25,139.25,0.75,8,0.625,1.0,8,0,88.05662653234315,87.90582190608912,0.15080462625402902,53.60523098254239,65.64248358882774,-12.037252606285357,1,1,0.5454545454545454,0.5833333333333334,-0.037878787878787956,0.5454545454545454,0.0,0.5454545454545454,1,1,0.75,3,1,1.0,1.0,0.5,0.5
419114,9.0,2010,2010-03-17,"Arun Jaitley Stadium, Delhi",Delhi,Delhi Capitals,Mumbai Indians,Mumbai Indians,0,1557.9251783393104,1484.462540635146,73.46263770416431,0.6,0.4,0.19999999999999996,0.6666666666666666,0.3333333333333333,0.3333333333333333,0.7,0.4,0.29999999999999993,0.020000000000000018,0.75,1,0,field,0.3333333333333333,0.3333333333333333,165.83333333333334,0.6666666666666666,6,0.6666666666666666,0.0,9,0,84.05547044423649,89.43051395426234,-5.375043510025847,66.9548725921088,67.98058403935893,-1.0257114472501314,1,1,0.7777777777777778,0.46153846153846156,0.3162393162393162,0.7777777777777778,0.0,0.7777777777777778,1,1,0.6666666666666666,3,1,0.5,0.5,0.3333333333333333,0.3333333333333333
419115,10.0,2010,2010-03-18,"M Chinnaswamy Stadium, Bengaluru",Bangalore,Royal Challengers Bengaluru,Rajasthan Royals,Royal Challengers Bengaluru,1,1495.2610931012086,1519.19143766602,-23.93034456481132,0.6,0.2,0.39999999999999997,0.3333333333333333,0.0,0.3333333333333333,0.6,0.4,0.19999999999999996,0.32999999999999996,0.25,1,0,field,0.625,0.375,162.0,0.625,8,0.25,1.0,10,0,85.61442267794646,84.58843930980524,1.025983368141226,43.00072702317484,49.33364750661685,-6.33292048344201,1,1,0.5,0.631578947368421,-0.13157894736842102,0.5,0.0,0.5,1,1,0.625,3,1,1.0,1.0,0.625,0.625
419116,11.0,2010,2010-03-19,"Arun Jaitley Stadium, Delhi",Delhi,Delhi Capitals,Chennai Super Kings,Chennai Super Kings,0,1543.425017141552,1524.873511386344,18.551505755207927,0.6,0.4,0.19999999999999996,0.6666666666666666,0.3333333333333333,0.3333333333333333,0.6,0.6,0.0,0.34,0.5,1,1,bat,0.2857142857142857,0.42857142857142855,173.28571428571428,0.5714285714285714,7,0.5714285714285714,1.0,11,0,83.97560090288464,82.03352336803394,1.9420775348506965,64.22555893026512,78.60635444128894,-14.38079551102382,0,0,0.7368421052631579,0.5833333333333334,0.15350877192982448,0.0,0.5833333333333334,-0.5833333333333334,1,0,0.4285714285714286,3,1,0.0,1.0,0.2857142857142857,0.2857142857142857
419117,12.0,2010,2010-03-19,"Barabati Stadium, Cuttack",Cuttack,Sunrisers Hyderabad,Kings XI Punjab,Sunrisers Hyderabad,1,1465.8252462257858,1503.9750487829103,-38.14980255712453,0.6,0.4,0.19999999999999996,0.6666666666666666,0.0,0.6666666666666666,0.5,0.4,0.09999999999999998,-0.06999999999999995,0.0,0,0,field,0.5,0.5,156.6984126984127,0.5,0,0.5,0.5,12,0,88.63424562495197,80.20929379757072,8.42495182738125,65.1505122044113,43.56197173111443,21.588540473296867,0,1,0.4,0.625,-0.22499999999999998,0.0,0.625,-0.625,1,0,0.5,3,1,0.5,0.5,0.5,0.5
419118,13.0,2010,2010-03-20,"Narendra Modi Stadium, Ahmedabad",Ahmedabad,Rajasthan Royals,Kolkata Knight Riders,Rajasthan Royals,1,1506.3662173957323,1448.4859438632748,57.88027353245752,0.0,0.8,-0.8,0.0,0.6666666666666666,-0.6666666666666666,0.3,0.4,-0.10000000000000003,-0.92,0.75,1,1,bat,1.0,0.0,141.0,1.0,1,0.0,0.5,13,0,80.33241184297997,85.18723017724932,-4.854818334269353,45.74441653879163,54.65004782400765,-8.905631285216018,0,0,0.631578947368421,0.5,0.13157894736842102,0.0,0.5,-0.5,1,0,0.0,3,1,1.0,0.0,1.0,1.0
419119,14.0,2010,2010-03-20,"Brabourne Stadium, Mumbai",Mumbai,Mumbai Indians,Royal Challengers Bengaluru,Royal Challengers Bengaluru,0,1498.9627018329045,1508.0863133714963,-9.123611538591831,0.4,0.6,-0.19999999999999996,0.6666666666666666,0.6666666666666666,0.0,0.4,0.7,-0.29999999999999993,-0.3499999999999999,0.5,1,1,bat,1.0,1.0,212.0,0.0,1,1.0,0.5,14,0,97.81208576998048,86.03210994480804,11.779975825172443,71.53427397300699,59.93539949356161,11.598874479445378,0,1,0.46153846153846156,0.5263157894736842,-0.06477732793522262,0.0,0.5263157894736842,-0.5263157894736842,1,0,1.0,3,1,0.0,1.0,1.0,1.0
419120,15.0,2010,2010-03-21,"Barabati Stadium, Cuttack",Cuttack,Sunrisers Hyderabad,Delhi Capitals,Sunrisers Hyderabad,1,1479.137623555692,1530.784879078955,-51.647255523263084,0.8,0.4,0.4,0.6666666666666666,0.3333333333333333,0.3333333333333333,0.6,0.5,0.09999999999999998,0.3499999999999999,0.2,1,1,bat,0.0,1.0,170.0,0.0,1,1.0,0.5,15,0,88.76166766963964,85.06498299525776,3.6966846743818706,63.69810163819475,59.344303752660096,4.353797885534654,0,1,0.4,0.7368421052631579,-0.33684210526315783,0.0,0.7368421052631579,-0.7368421052631579,1,0,1.0,3,1,0.0,1.0,0.0,0.0
419121,16.0,2010,2010-03-21,"MA Chidambaram Stadium, Chennai",Chennai,Chennai Super Kings,Kings XI Punjab,Kings XI Punjab,0,1537.513649448941,1490.6626714530041,46.85097799593677,0.6,0.2,0.39999999999999997,0.6666666666666666,0.0,0.6666666666666666,0.6,0.3,0.3,0.19999999999999996,1.0,1,0,field,0.5,0.625,172.0,0.375,8,0.375,0.0,16,0,83.7434873276958,82.48434202806162,1.2591452996341843,70.45650734268322,56.01576547142154,14.440741871261686,1,0,0.6153846153846154,0.5882352941176471,0.02714932126696834,0.6153846153846154,0.0,0.6153846153846154,1,1,0.375,3,1,0.0,0.0,0.5,0.5
419122,17.0,2010,2010-03-22,"Brabourne Stadium, Mumbai",Mumbai,Mumbai Indians,Kolkata Knight Riders,Mumbai Indians,1,1487.27774779856,1438.4667668002612,48.810980998298874,0.4,0.6,-0.19999999999999996,0.6666666666666666,0.3333333333333333,0.3333333333333333,0.4,0.4,0.0,-0.48000000000000004,1.0,0,1,bat,0.5,0.5,181.5,0.5,2,0.5,0.5,17,0,90.03002225816707,79.2708815641934,10.759140693973663,61.607568134647096,47.18586979665707,14.421698337990023,1,0,0.46153846153846156,0.46153846153846156,0.0,0.46153846153846156,0.0,0.46153846153846156,1,1,0.5,3,1,0.5,0.5,0.5,0.5
419123,18.0,2010,2010-03-23,"M Chinnaswamy Stadium, Bengaluru",Bangalore,Royal Challengers Bengaluru,Chennai Super Kings,Royal Challengers Bengaluru,1,1519.7712674058407,1523.9052114609392,-4.133944055098482,0.6,0.4,0.19999999999999996,1.0,0.6666666666666666,0.33333333333333337,0.8,0.5,0.30000000000000004,0.08000000000000002,0.6,0,0,field,0.6666666666666666,0.3333333333333333,154.22222222222223,0.6666666666666666,9,0.3333333333333333,1.0,18,0,86.36317773174011,82.45958544088735,3.9035922908527567,60.72496692451252,68.95704001032951,-8.232073085816985,0,0,0.55,0.5714285714285714,-0.021428571428571352,0.0,0.5714285714285714,-0.5714285714285714,1,0,0.33333333333333337,3,1,1.0,0.0,0.6666666666666666,0.6666666666666666
419124,19.0,2010,2010-03-24,"PCA Stadium, Mohali",Chandigarh,Kings XI Punjab,Rajasthan Royals,Rajasthan Royals,0,1504.2711094410058,1516.3853944587458,-12.11428501774003,0.2,0.2,0.0,0.3333333333333333,0.3333333333333333,0.0,0.4,0.3,0.10000000000000003,0.0,0.5,1,0,field,0.5,0.5,179.875,0.5,8,0.75,0.0,19,0,86.21156415991888,88.94130343448026,-2.729739274561382,69.57521624427251,53.579896833569194,15.995319410703317,1,0,0.5882352941176471,0.631578947368421,-0.04334365325077394,0.5882352941176471,0.0,0.5882352941176471,1,1,0.5,3,1,1.0,1.0,0.5,0.5
419125,21.0,2010,2010-03-25,"Brabourne Stadium, Mumbai",Mumbai,Chennai Super Kings,Mumbai Indians,Mumbai Indians,0,1511.7624368292077,1497.6028808533376,14.159555975870035,0.4,0.6,-0.19999999999999996,0.3333333333333333,0.6666666666666666,-0.3333333333333333,0.4,0.5,-0.09999999999999998,-0.08000000000000002,0.5,0,0,field,0.3333333333333333,0.3333333333333333,172.66666666666666,0.6666666666666666,3,0.5,0.6666666666666666,20,0,86.08052332630686,91.17337449612204,-5.092851169815177,66.00752504821611,60.993908794174196,5.013616254041914,0,0,0.5333333333333333,0.5,0.033333333333333326,0.0,0.5,-0.5,1,0,0.33333333333333337,3,1,0.6666666666666666,0.33333333333333337,0.3333333333333333,0.3333333333333333
419128,20.0,2010,2010-03-25,"M Chinnaswamy Stadium, Bengaluru",Bangalore,Royal Challengers Bengaluru,Delhi Capitals,Delhi Capitals,0,1531.9140420375722,1517.0140704579105,14.899971579661724,0.8,0.4,0.4,1.0,0.0,1.0,0.8,0.4,0.4,0.050000000000000044,0.25,1,0,field,0.6,0.4,155.9,0.6,10,0.4,1.0,21,0,85.3815502216766,88.4998122679668,-3.118262046290198,62.31818641159324,53.66127428764592,8.656912123947322,1,1,0.55,0.7,-0.1499999999999999,0.55,0.0,0.55,1,1,0.6,3,1,0.6666666666666666,0.6666666666666666,0.6,0.6
419126,22.0,2010,2010-03-26,"Narendra Modi Stadium, Ahmedabad",Ahmedabad,Rajasthan Royals,Sunrisers Hyderabad,Rajasthan Royals,1,1527.9671513576682,1492.9084321767366,35.058719180931575,0.4,0.8,-0.4,0.6666666666666666,1.0,-0.33333333333333337,0.3,0.6,-0.3,-0.55,0.75,0,1,bat,1.0,0.5,154.5,0.5,2,0.5,0.5,22,0,85.86522510073202,90.79309541074478,-4.927870310012764,58.350323038254324,66.5930710994075,-8.242748061153172,1,0,0.631578947368421,0.4,0.231578947368421,0.631578947368421,0.0,0.631578947368421,1,1,0.5,3,1,0.5,0.5,1.0,1.0
419127,23.0,2010,2010-03-27,"PCA Stadium, Mohali",Chandigarh,Kings XI Punjab,Kolkata Knight Riders,Kolkata Knight Riders,0,1492.6893525420835,1428.1416337454837,64.54771879659984,0.2,0.4,-0.2,0.3333333333333333,0.0,0.3333333333333333,0.4,0.4,0.0,-0.48,0.5,0,1,bat,0.4444444444444444,0.5555555555555556,180.22222222222223,0.4444444444444444,9,0.6666666666666666,0.0,23,0,84.51898072517993,89.93843542270454,-5.419454697524614,58.04292070314318,45.03417085427136,13.008749848871823,1,0,0.5555555555555556,0.46153846153846156,0.09401709401709402,0.5555555555555556,0.0,0.5555555555555556,1,1,0.4444444444444444,3,1,0.5,0.5,0.4444444444444444,0.4444444444444444
419129,24.0,2010,2010-03-28,"Narendra Modi Stadium, Ahmedabad",Ahmedabad,Rajasthan Royals,Chennai Super Kings,Rajasthan Royals,1,1538.7603592679388,1499.2736536726732,39.486705595265676,0.6,0.4,0.19999999999999996,1.0,0.0,1.0,0.4,0.4,0.0,-0.19999999999999996,0.6,1,1,bat,0.6666666666666666,0.3333333333333333,152.33333333333334,0.6666666666666666,3,0.6666666666666666,0.5,24,0,85.04570583597413,86.90556377278124,-1.8598579368071029,61.90280413240564,62.04488168288528,-0.142077550479641,0,0,0.65,0.5333333333333333,0.1166666666666667,0.0,0.5333333333333333,-0.5333333333333333,1,0,0.33333333333333337,3,1,0.6666666666666666,0.33333333333333337,0.6666666666666666,0.6666666666666666
419130,25.0,2010,2010-03-28,"DY Patil Stadium, Mumbai",Mumbai,Sunrisers Hyderabad,Mumbai Indians,Mumbai Indians,0,1482.115224266466,1510.0916640098721,-27.976439743406218,0.6,0.8,-0.20000000000000007,0.6666666666666666,0.6666666666666666,0.0,0.6,0.6,0.0,-0.22999999999999987,0.75,1,0,field,0.6,0.4,148.6,0.6,5,0.5,0.6666666666666666,25,0,84.9807018934094,93.97669995776593,-8.995998064356527,59.26700880305074,55.47445871233665,3.7925500907140943,1,1,0.4,0.5333333333333333,-0.1333333333333333,0.4,0.0,0.4,1,1,0.6,3,1,0.0,0.0,0.6,0.6
419131,26.0,2010,2010-03-29,"Arun Jaitley Stadium, Delhi",Delhi,Delhi Capitals,Kolkata Knight Riders,Delhi Capitals,1,1529.528381980839,1442.3457326623952,87.18264931844374,0.4,0.4,0.0,0.3333333333333333,0.3333333333333333,0.0,0.5,0.5,0.0,0.0,0.6666666666666666,1,1,bat,0.25,0.375,174.75,0.625,8,0.5,0.5,26,0,91.7511525712157,90.66243075773872,1.0887218134769796,52.77393505199575,62.59251700938074,-9.818581957384993,0,0,0.7,0.46153846153846156,0.2384615384615384,0.0,0.46153846153846156,-0.46153846153846156,0,0,0.375,3,1,0.5,0.5,0.25,0.25
419132,27.0,2010,2010-03-30,"Brabourne Stadium, Mumbai",Mumbai,Mumbai Indians,Kings XI Punjab,Mumbai Indians,1,1521.1274750146292,1478.485253625172,42.64222138945729,0.8,0.2,0.6000000000000001,1.0,0.3333333333333333,0.6666666666666667,0.6,0.3,0.3,0.55,0.25,1,0,field,0.5,0.25,174.5,0.75,4,0.75,0.5,27,0,92.58395304193814,81.30367403201714,11.280279009921003,61.99619864513625,51.03869539628629,10.95750324884996,1,1,0.5333333333333333,0.5263157894736842,0.007017543859649145,0.5333333333333333,0.0,0.5333333333333333,0,0,0.75,3,1,0.75,0.75,0.5,0.5
419134,29.0,2010,2010-03-31,"Arun Jaitley Stadium, Delhi",Delhi,Delhi Capitals,Rajasthan Royals,Delhi Capitals,1,1538.5788491588671,1549.4023786422517,-10.823529483384618,0.4,0.8,-0.4,0.6666666666666666,1.0,-0.33333333333333337,0.5,0.5,0.0,-0.45,0.5,1,1,bat,0.3333333333333333,0.4444444444444444,175.0,0.5555555555555556,9,0.5555555555555556,0.0,28,0,91.66358852836522,88.17898992997785,3.484598598387379,54.65421576811437,61.04184758596523,-6.38763181785086,0,0,0.7,0.65,0.04999999999999993,0.0,0.65,-0.65,0,0,0.4444444444444444,3,1,0.3333333333333333,0.6666666666666667,0.3333333333333333,0.3333333333333333
419133,28.0,2010,2010-03-31,"MA Chidambaram Stadium, Chennai",Chennai,Chennai Super Kings,Royal Challengers Bengaluru,Chennai Super Kings,1,1488.6316342983603,1519.3997305146438,-30.76809621628354,0.2,0.8,-0.6000000000000001,0.0,0.6666666666666666,-0.6666666666666666,0.3,0.7,-0.39999999999999997,-0.5700000000000001,0.3333333333333333,0,1,bat,0.5,0.6666666666666666,168.0,0.3333333333333333,8,0.3333333333333333,1.0,29,0,87.82334137569336,86.11970197547612,1.7036394002172415,65.63652318999746,63.77221333655038,1.8643098534470823,1,0,0.5,0.5238095238095238,-0.023809523809523836,0.5,0.0,0.5,0,0,0.3333333333333333,3,1,0.0,0.0,0.5,0.5
419135,30.0,2010,2010-04-01,"Eden Gardens, Kolkata",Kolkata,Kolkata Knight Riders,Sunrisers Hyderabad,Kolkata Knight Riders,1,1433.295265484367,1471.0794132617089,-37.784147777341786,0.2,0.6,-0.39999999999999997,0.3333333333333333,0.3333333333333333,0.0,0.5,0.5,0.0,-0.68,0.6,1,1,bat,0.5555555555555556,0.3333333333333333,142.0,0.6666666666666666,9,0.5555555555555556,0.0,30,0,84.3607738644047,84.87788231714339,-0.5171084527386824,44.03065810678341,56.50971645001371,-12.4790583432303,0,0,0.42857142857142855,0.375,0.05357142857142855,0.0,0.375,-0.375,0,0,0.33333333333333337,4,0,1.0,0.0,0.5555555555555556,0.5555555555555556
419136,31.0,2010,2010-04-02,"PCA Stadium, Mohali",Chandigarh,Kings XI Punjab,Royal Challengers Bengaluru,Royal Challengers Bengaluru,0,1467.950712751955,1506.3398074752743,-38.389094723319204,0.2,0.6,-0.39999999999999997,0.0,0.3333333333333333,-0.3333333333333333,0.3,0.6,-0.3,-0.55,0.6,1,1,bat,0.5,0.6,180.5,0.4,10,0.6,0.0,31,0,82.40315393600645,85.97515435577625,-3.5720004197698074,52.1476671674799,58.86982701467253,-6.7221598471926285,0,1,0.5263157894736842,0.5238095238095238,0.0025062656641603454,0.0,0.5238095238095238,-0.5238095238095238,0,0,0.6,4,0,0.3333333333333333,0.6666666666666667,0.5,0.5
419137,32.0,2010,2010-04-03,"MA Chidambaram Stadium, Chennai",Chennai,Chennai Super Kings,Rajasthan Royals,Chennai Super Kings,1,1501.6915573377298,1537.0286680634113,-35.33711072568144,0.2,0.8,-0.6000000000000001,0.3333333333333333,0.6666666666666666,-0.3333333333333333,0.4,0.4,0.0,-0.8400000000000001,0.3333333333333333,1,1,bat,0.4444444444444444,0.6,167.3,0.4,9,0.4,1.0,32,0,87.60250572561267,83.70213142363369,3.900374301978985,62.37966644323139,53.97902853606137,8.400637907170022,0,1,0.5294117647058824,0.6190476190476191,-0.08963585434173671,0.0,0.6190476190476191,-0.6190476190476191,0,0,0.6,4,0,0.5,0.5,0.4444444444444444,0.4444444444444444
419138,33.0,2010,2010-04-03,"Brabourne Stadium, Mumbai",Mumbai,Mumbai Indians,Sunrisers Hyderabad,Mumbai Indians,1,1531.662015887846,1457.7795155779559,73.88250030989025,0.8,0.4,0.4,1.0,0.0,1.0,0.6,0.5,0.09999999999999998,0.050000000000000044,0.4,1,1,bat,0.6,0.2,172.2,0.8,5,0.8,0.5,33,0,90.31609753933463,86.82394210649106,3.4921554328435747,64.3379691455875,56.762911823701735,7.575057321885758,0,0,0.5625,0.35294117647058826,0.20955882352941174,0.0,0.35294117647058826,-0.35294117647058826,0,0,0.19999999999999996,4,0,0.5,0.5,0.6,0.6
419139,34.0,2010,2010-04-04,"Eden Gardens, Kolkata",Kolkata,Kolkata Knight Riders,Kings XI Punjab,Kings XI Punjab,0,1446.59516316812,1457.2712554710251,-10.67609230290509,0.4,0.2,0.2,0.6666666666666666,0.0,0.6666666666666666,0.6,0.2,0.39999999999999997,-0.06999999999999995,0.6,1,1,bat,0.6,0.4,145.9,0.6,10,0.6,0.0,34,0,84.81696382110326,83.03666986069481,1.780293960408443,45.06413596249874,60.012922774063604,-14.948786811564865,0,0,0.42857142857142855,0.5263157894736842,-0.09774436090225563,0.0,0.5263157894736842,-0.5263157894736842,0,0,0.4,4,0,0.6666666666666666,0.33333333333333337,0.6,0.6
419140,35.0,2010,2010-04-04,"Arun Jaitley Stadium, Delhi",Delhi,Delhi Capitals,Royal Challengers Bengaluru,Delhi Capitals,1,1550.9525597377076,1517.0192647562042,33.93329498150342,0.6,0.6,0.0,1.0,0.3333333333333333,0.6666666666666667,0.6,0.6,0.0,-0.2799999999999999,0.8,1,1,bat,0.4,0.5,176.3,0.5,10,0.6,0.0,35,0,92.84664049791171,85.97944379395959,6.867196703952118,63.260980655816816,53.76225908177747,9.498721574039344,0,1,0.7,0.5454545454545454,0.15454545454545454,0.0,0.5454545454545454,-0.5454545454545454,0,0,0.5,4,0,0.5,0.5,0.4,0.4
419141,36.0,2010,2010-04-05,"Vidarbha Cricket Association Stadium, Jamtha",Nagpur,Sunrisers Hyderabad,Rajasthan Royals,Rajasthan Royals,0,1448.2935453294906,1523.812358683898,-75.51881335440748,0.2,0.6,-0.39999999999999997,0.0,0.3333333333333333,-0.3333333333333333,0.5,0.4,0.09999999999999998,-0.45000000000000007,0.2,0,1,bat,0.5,0.5,159.67333333333335,0.5,0,0.5,0.5,36,0,85.66372593020753,89.71630469041752,-4.0525787602099825,56.256489995876336,47.72106304380293,8.535426952073408,1,0,0.3333333333333333,0.5909090909090909,-0.2575757575757576,0.3333333333333333,0.0,0.3333333333333333,0,0,0.5,4,0,0.5,0.5,0.5,0.5
419142,37.0,2010,2010-04-06,"MA Chidambaram Stadium, Chennai",Chennai,Chennai Super Kings,Mumbai Indians,Chennai Super Kings,1,1514.907866717243,1541.1479861363114,-26.240119419068378,0.4,1.0,-0.6,0.6666666666666666,1.0,-0.33333333333333337,0.4,0.7,-0.29999999999999993,-0.8,0.4,1,1,bat,0.5,0.6363636363636364,174.45454545454547,0.36363636363636365,10,0.45454545454545453,0.0,37,0,85.32502689802939,92.69826968734424,-7.373242789314844,74.47071086095477,61.478323868220706,12.992386992734062,0,1,0.5294117647058824,0.5625,-0.03308823529411764,0.0,0.5625,-0.5625,0,0,0.6363636363636364,4,0,0.3333333333333333,0.6666666666666667,0.5,0.5
419143,38.0,2010,2010-04-07,"Sawai Mansingh Stadium, Jaipur",Jaipur,Rajasthan Royals,Kings XI Punjab,Rajasthan Royals,1,1533.2443469157834,1468.9026323201124,64.34171459567096,0.6,0.2,0.39999999999999997,0.3333333333333333,0.3333333333333333,0.0,0.5,0.2,0.3,0.6,0.6,0,1,bat,0.5714285714285714,0.2857142857142857,158.42857142857142,0.7142857142857143,7,1.0,0.0,38,0,92.67206013575405,87.66410212361745,5.007958012136598,52.20175248081515,55.85874361988444,-3.656991139069291,1,1,0.5909090909090909,0.55,0.040909090909090895,0.5909090909090909,0.0,0.5909090909090909,0,0,0.7142857142857143,4,0,1.0,1.0,0.5714285714285714,0.5714285714285714
419144,39.0,2010,2010-04-07,"Eden Gardens, Kolkata",Kolkata,Kolkata Knight Riders,Delhi Capitals,Kolkata Knight Riders,1,1434.9637863190328,1561.7842577060896,-126.82047138705684,0.4,0.8,-0.4,0.3333333333333333,1.0,-0.6666666666666667,0.5,0.6,-0.09999999999999998,-0.28,0.25,1,1,bat,0.5454545454545454,0.36363636363636365,150.8181818181818,0.6363636363636364,11,0.5454545454545454,0.0,39,0,85.81393448457902,92.9175696349779,-7.103635150398873,43.24260651629072,61.15018477169525,-17.90757825540453,0,0,0.42857142857142855,0.7,-0.2714285714285714,0.0,0.7,-0.7,0,0,0.36363636363636365,4,0,0.75,0.25,0.5454545454545454,0.5454545454545454
419145,40.0,2010,2010-04-08,"M Chinnaswamy Stadium, Bengaluru",Bangalore,Royal Challengers Bengaluru,Sunrisers Hyderabad,Sunrisers Hyderabad,0,1506.187566787822,1438.8615570976053,67.32600969021678,0.4,0.0,0.4,0.3333333333333333,0.0,0.3333333333333333,0.5,0.4,0.09999999999999998,0.47,0.6,0,0,field,0.5454545454545454,0.45454545454545453,158.36363636363637,0.5454545454545454,11,0.36363636363636365,0.0,40,0,87.86257933055501,84.73105662612534,3.1315227044296705,55.53648322722066,57.42315253531738,-1.886669308096721,0,0,0.5217391304347826,0.3157894736842105,0.20594965675057209,0.0,0.3157894736842105,-0.3157894736842105,0,0,0.4545454545454546,4,0,0.3333333333333333,0.6666666666666667,0.5454545454545454,0.5454545454545454
419146,41.0,2010,2010-04-09,"PCA Stadium, Mohali",Chandigarh,Kings XI Punjab,Mumbai Indians,Kings XI Punjab,1,1459.099855395467,1528.2434037918683,-69.14354839640123,0.2,0.8,-0.6000000000000001,0.3333333333333333,0.6666666666666666,-0.3333333333333333,0.2,0.7,-0.49999999999999994,-0.8,0.6,0,1,bat,0.45454545454545453,0.5454545454545454,180.54545454545453,0.45454545454545453,11,0.5454545454545454,0.0,41,0,84.8804163226751,90.80454384944616,-5.924127526771059,47.82692122698425,64.77426491836785,-16.9473436913836,1,0,0.55,0.5294117647058824,0.020588235294117685,0.55,0.0,0.55,0,0,0.45454545454545453,4,0,0.5,0.5,0.45454545454545453,0.45454545454545453
419147,42.0,2010,2010-04-10,"Vidarbha Cricket Association Stadium, Jamtha",Nagpur,Sunrisers Hyderabad,Chennai Super Kings,Sunrisers Hyderabad,1,1453.1582395150103,1527.812449061686,-74.6542095466757,0.2,0.6,-0.39999999999999997,0.3333333333333333,1.0,-0.6666666666666667,0.4,0.5,-0.09999999999999998,-0.32,0.6,0,1,bat,1.0,1.0,159.0,0.0,1,0.0,0.5,42,0,90.25048268057223,85.37623492543813,4.874247755134107,56.4007557317218,66.66576173120741,-10.26500599948561,1,0,0.35,0.5294117647058824,-0.17941176470588238,0.35,0.0,0.35,0,0,0.0,4,0,0.0,0.0,1.0,1.0
419148,43.0,2010,2010-04-10,"M Chinnaswamy Stadium, Bengaluru",Bangalore,Royal Challengers Bengaluru,Kolkata Knight Riders,Royal Challengers Bengaluru,1,1491.890884370417,1451.1593093960842,40.73157497433294,0.2,0.6,-0.39999999999999997,0.3333333333333333,0.6666666666666666,-0.3333333333333333,0.5,0.5,0.0,-0.43,0.4,1,0,field,0.5833333333333334,0.4166666666666667,160.5,0.5833333333333334,12,0.3333333333333333,1.0,43,0,90.88246171794499,87.48866991668244,3.3937918012625516,53.29649725100186,59.49575929874437,-6.199262047742508,1,1,0.5217391304347826,0.42857142857142855,0.09316770186335405,0.5217391304347826,0.0,0.5217391304347826,0,0,0.5833333333333334,4,0,0.5,0.5,0.5833333333333334,0.6
419150,45.0,2010,2010-04-11,"Sawai Mansingh Stadium, Jaipur",Jaipur,Rajasthan Royals,Mumbai Indians,Mumbai Indians,0,1543.0471238404286,1513.8863063333056,29.160817507123056,0.6,0.6,0.0,0.6666666666666666,0.3333333333333333,0.3333333333333333,0.6,0.7,-0.09999999999999998,-0.2500000000000001,0.5,1,0,field,0.5,0.25,157.75,0.75,8,1.0,0.0,44,0,94.1753951744655,91.15679702602753,3.018598148437974,53.176392242836926,63.437272113344875,-10.26087987050795,1,1,0.6086956521739131,0.5294117647058824,0.07928388746803072,0.6086956521739131,0.0,0.6086956521739131,0,0,0.75,4,0,1.0,1.0,0.5,0.5
419149,44.0,2010,2010-04-11,"Arun Jaitley Stadium, Delhi",Delhi,Delhi Capitals,Kings XI Punjab,Kings XI Punjab,0,1545.5887346290383,1473.4569528540299,72.13178177500845,0.8,0.4,0.4,0.6666666666666666,0.6666666666666666,0.0,0.6,0.3,0.3,0.64,0.4,1,1,bat,0.45454545454545453,0.5454545454545454,177.0,0.45454545454545453,11,0.6363636363636364,1.0,45,0,91.36096396364682,84.12216991183335,7.238794051813471,65.99424274619383,55.79423216408148,10.200010582112355,0,1,0.6666666666666666,0.5714285714285714,0.09523809523809523,0.0,0.5714285714285714,-0.5714285714285714,0,0,0.5454545454545454,4,0,0.3333333333333333,0.6666666666666667,0.45454545454545453,0.45454545454545453
419151,46.0,2010,2010-04-12,"Vidarbha Cricket Association Stadium, Jamtha",Nagpur,Sunrisers Hyderabad,Royal Challengers Bengaluru,Sunrisers Hyderabad,1,1467.6977413905724,1502.490475488996,-34.79273409842358,0.4,0.4,0.0,0.6666666666666666,0.3333333333333333,0.3333333333333333,0.5,0.6,-0.09999999999999998,-0.13,0.5,0,0,field,0.5,0.5,148.5,0.5,2,0.5,0.5,46,0,84.7229012464868,88.47189945980705,-3.748998213320249,57.839887313429244,59.996999214605864,-2.15711190117662,0,1,0.38095238095238093,0.5416666666666666,-0.1607142857142857,0.0,0.5416666666666666,-0.5416666666666666,0,0,0.5,4,0,0.5,0.5,0.5,0.5
419153,48.0,2010,2010-04-13,"MA Chidambaram Stadium, Chennai",Chennai,Chennai Super Kings,Kolkata Knight Riders,Chennai Super Kings,1,1513.272947186124,1440.5597182775052,72.7132289086187,0.6,0.4,0.19999999999999996,0.6666666666666666,0.3333333333333333,0.3333333333333333,0.5,0.4,0.09999999999999998,0.20000000000000007,0.75,0,1,bat,0.5454545454545454,0.6666666666666666,173.66666666666666,0.3333333333333333,11,0.5,0.0,47,0,88.15153055699045,87.04673082815992,1.1047997288305282,65.71574074531331,56.33248043735848,9.383260307954835,1,0,0.5294117647058824,0.42857142857142855,0.10084033613445381,0.5294117647058824,0.0,0.5294117647058824,0,0,0.3333333333333333,4,0,0.25,0.25,0.5454545454545454,0.5454545454545454
419152,47.0,2010,2010-04-13,"Brabourne Stadium, Mumbai",Mumbai,Mumbai Indians,Delhi Capitals,Mumbai Indians,1,1526.8911269064863,1531.1325791560093,-4.241452249523036,0.6,0.6,0.0,0.3333333333333333,0.3333333333333333,0.0,0.7,0.5,0.19999999999999996,-0.1200000000000001,0.4,1,1,bat,0.6666666666666666,0.3333333333333333,173.16666666666666,0.6666666666666666,6,0.8333333333333334,0.5,48,0,91.72721909791039,89.99881636252779,1.728402735382602,64.4257907868934,65.96644304469316,-1.5406522577997634,0,0,0.5294117647058824,0.6666666666666666,-0.13725490196078427,0.0,0.6666666666666666,-0.6666666666666666,0,0,0.33333333333333337,4,0,0.0,1.0,0.6666666666666666,0.6666666666666666
419154,49.0,2010,2010-04-14,"Sawai Mansingh Stadium, Jaipur",Jaipur,Rajasthan Royals,Royal Challengers Bengaluru,Royal Challengers Bengaluru,0,1530.042303267248,1489.2927779860759,40.749525281172055,0.4,0.4,0.0,0.6666666666666666,0.3333333333333333,0.3333333333333333,0.6,0.5,0.09999999999999998,-0.14999999999999997,0.6,1,1,bat,0.4444444444444444,0.3333333333333333,159.55555555555554,0.6666666666666666,9,0.8888888888888888,0.0,49,0,92.63603621165873,86.65678753619743,5.979248675461307,60.413475644759046,56.71710846183341,3.696367182925634,0,0,0.5833333333333334,0.52,0.06333333333333335,0.0,0.52,-0.52,0,0,0.33333333333333337,4,0,0.6666666666666666,0.33333333333333337,0.4444444444444444,0.4444444444444444
419155,50.0,2010,2010-04-15,"MA Chidambaram Stadium, Chennai",Chennai,Chennai Super Kings,Delhi Capitals,Delhi Capitals,0,1522.797557177148,1518.9860918622167,3.811465314931411,0.8,0.4,0.4,0.6666666666666666,0.0,0.6666666666666666,0.5,0.4,0.09999999999999998,0.28,0.6,1,1,bat,0.5,0.6153846153846154,171.0,0.38461538461538464,12,0.5384615384615384,1.0,50,0,88.76583082255122,87.49874232610607,1.2670884964451545,66.18714099461998,61.57662189084167,4.610519103778309,0,1,0.5555555555555556,0.6363636363636364,-0.08080808080808077,0.0,0.6363636363636364,-0.6363636363636364,0,0,0.6153846153846154,4,0,0.4,0.6,0.5,0.5
419156,51.0,2010,2010-04-16,"HPCA Stadium, Dharamsala",Dharamsala,Kings XI Punjab,Sunrisers Hyderabad,Sunrisers Hyderabad,0,1487.9131083270588,1480.8954388934926,7.017669433566198,0.6,0.6,0.0,0.6666666666666666,1.0,-0.33333333333333337,0.4,0.5,-0.09999999999999998,0.04999999999999999,0.8,0,0,field,0.5,0.5,159.06060606060606,0.5,0,0.5,0.5,51,0,81.97920184318741,86.36513448278386,-4.385932639596447,54.71534847863925,58.548044176132315,-3.8326956974930653,0,1,0.5909090909090909,0.38095238095238093,0.20995670995671,0.0,0.38095238095238093,-0.38095238095238093,0,0,0.5,4,0,0.5,0.5,0.5,0.5
419157,52.0,2010,2010-04-17,"M Chinnaswamy Stadium, Bengaluru",Bangalore,Royal Challengers Bengaluru,Mumbai Indians,Mumbai Indians,0,1502.6937984018746,1539.037614200279,-36.34381579840442,0.4,0.6,-0.19999999999999996,0.6666666666666666,0.6666666666666666,0.0,0.5,0.7,-0.19999999999999996,-0.2699999999999999,0.6,1,0,field,0.6153846153846154,0.38461538461538464,160.46153846153845,0.6153846153846154,13,0.38461538461538464,1.0,52,0,86.91880734418507,93.04487331026627,-6.1260659660812,59.76665045186048,64.72609025740564,-4.959439805545166,1,1,0.5384615384615384,0.5294117647058824,0.009049773755656076,0.5384615384615384,0.0,0.5384615384615384,0,0,0.6153846153846154,4,0,0.6,0.6,0.6153846153846154,0.6363636363636364
419158,53.0,2010,2010-04-17,"Eden Gardens, Kolkata",Kolkata,Kolkata Knight Riders,Rajasthan Royals,Kolkata Knight Riders,1,1431.035108286481,1516.6412828514492,-85.60617456496811,0.4,0.4,0.0,0.3333333333333333,0.3333333333333333,0.0,0.3,0.6,-0.3,0.10000000000000003,0.2,0,1,bat,0.5833333333333334,0.4166666666666667,153.33333333333334,0.5833333333333334,12,0.5833333333333334,1.0,53,0,80.48332945820555,88.81071702742324,-8.327387569217692,51.24867803311094,54.73528027213869,-3.4866022390277465,1,1,0.42857142857142855,0.5833333333333334,-0.15476190476190482,0.42857142857142855,0.0,0.42857142857142855,0,0,0.5833333333333334,4,0,0.6,0.6,0.5,0.5833333333333334
419159,54.0,2010,2010-04-18,"HPCA Stadium, Dharamsala",Dharamsala,Kings XI Punjab,Chennai Super Kings,Chennai Super Kings,0,1475.670759568473,1510.6659191096062,-34.99515954113326,0.6,0.6,0.0,0.6666666666666666,0.3333333333333333,0.3333333333333333,0.4,0.4,0.0,-0.04999999999999993,0.16666666666666666,0,0,field,1.0,0.0,174.0,1.0,1,0.0,0.5,54,0,83.03162462258211,87.78381226583755,-4.752187643255439,53.44139337778486,71.04270723200506,-17.601313854220194,0,0,0.5909090909090909,0.5555555555555556,0.03535353535353536,0.0,0.5555555555555556,-0.5555555555555556,0,0,0.0,4,0,1.0,0.0,1.0,1.0
419160,55.0,2010,2010-04-18,"Arun Jaitley Stadium, Delhi",Delhi,Delhi Capitals,Sunrisers Hyderabad,Sunrisers Hyderabad,0,1531.1177299297585,1493.1377876520785,37.97994227768004,0.4,0.8,-0.4,0.3333333333333333,1.0,-0.6666666666666667,0.5,0.5,0.0,-0.22000000000000003,0.6666666666666666,0,1,bat,0.4166666666666667,0.5,171.5,0.5,12,0.5833333333333334,0.0,55,0,86.33768820735608,85.67966175967118,0.6580264476849038,76.4979320032683,62.87469873205092,13.62323327121738,1,0,0.6521739130434783,0.4090909090909091,0.24308300395256915,0.6521739130434783,0.0,0.6521739130434783,0,0,0.5,4,0,0.5,0.5,0.4166666666666667,0.4166666666666667
419161,56.0,2010,2010-04-19,"Eden Gardens, Kolkata",Kolkata,Kolkata Knight Riders,Mumbai Indians,Kolkata Knight Riders,1,1445.9334243908434,1549.7869018787048,-103.85347748786148,0.4,0.6,-0.19999999999999996,0.3333333333333333,1.0,-0.6666666666666667,0.4,0.8,-0.4,-0.07,0.0,0,1,bat,0.5384615384615384,0.38461538461538464,151.69230769230768,0.6153846153846154,13,0.6153846153846154,1.0,56,0,80.53145906722337,85.94198787981992,-5.410528812596553,55.692163614092955,67.35798525017485,-11.665821636081894,1,1,0.4666666666666667,0.5294117647058824,-0.06274509803921569,0.4666666666666667,0.0,0.4666666666666667,0,0,0.6153846153846154,4,0,0.6666666666666666,0.6666666666666666,0.45454545454545453,0.5384615384615384
419162,,2010,2010-04-21,"DY Patil Stadium, Mumbai",Mumbai,Royal Challengers Bengaluru,Mumbai Indians,Mumbai Indians,0,1491.9445107234487,1534.3030766671234,-42.35856594367465,0.4,0.6,-0.19999999999999996,0.3333333333333333,0.6666666666666666,-0.3333333333333333,0.4,0.7,-0.29999999999999993,-0.20000000000000007,0.5,0,1,bat,0.5,0.5,152.5,0.5,6,0.5,0.75,57,1,88.19007516655957,92.94738304257653,-4.7573078760169665,56.59532974834652,63.95557665666659,-7.360246908320065,1,0,0.5185185185185185,0.5294117647058824,-0.01089324618736387,0.5185185185185185,0.0,0.5185185185185185,0,0,0.5,4,0,1.0,1.0,0.5,0.5
419163,,2010,2010-04-22,"DY Patil Stadium, Mumbai",Mumbai,Chennai Super Kings,Sunrisers Hyderabad,Chennai Super Kings,1,1521.4613001300859,1506.4443680766508,15.016932053435085,0.6,1.0,-0.4,0.6666666666666666,1.0,-0.33333333333333337,0.5,0.5,0.0,-0.37,0.3333333333333333,1,1,bat,0.5714285714285714,0.5714285714285714,157.0,0.42857142857142855,7,0.0,0.3333333333333333,58,1,88.72838888733358,87.22136357668735,1.5070253106462275,66.17115335656261,58.23078147011902,7.940371886443593,0,1,0.5789473684210527,0.4090909090909091,0.16985645933014354,0.0,0.4090909090909091,-0.4090909090909091,0,0,0.5714285714285714,4,0,0.5,0.5,0.5714285714285714,0.5714285714285714
419164,,2010,2010-04-24,"DY Patil Stadium, Mumbai",Mumbai,Royal Challengers Bengaluru,Sunrisers Hyderabad,Royal Challengers Bengaluru,1,1481.4003178890591,1494.9627117923508,-13.56239390329165,0.4,0.8,-0.4,0.3333333333333333,0.6666666666666666,-0.3333333333333333,0.3,0.5,-0.2,-0.37,0.42857142857142855,0,1,bat,0.625,0.625,155.125,0.375,8,0.0,0.25,59,1,90.28210397328033,95.69233294068712,-5.410228967406795,59.73113063269731,58.84606959107293,0.8850610416243754,1,0,0.5,0.391304347826087,0.10869565217391303,0.5,0.0,0.5,0,0,0.375,4,0,0.3333333333333333,0.3333333333333333,0.625,0.625
419165,,2010,2010-04-25,"DY Patil Stadium, Mumbai",Mumbai,Chennai Super Kings,Mumbai Indians,Chennai Super Kings,1,1532.942956414386,1544.847269501513,-11.904313087127093,0.6,0.8,-0.20000000000000007,0.6666666666666666,0.6666666666666666,0.0,0.6,0.7,-0.09999999999999998,-0.43,0.5,1,1,bat,0.5555555555555556,0.5555555555555556,147.0,0.4444444444444444,9,0.5,0.8,60,1,87.73958869099155,92.42540779865361,-4.685819107662056,69.64345420378288,67.24656027149611,2.3968939322867726,0,1,0.5789473684210527,0.5294117647058824,0.049535603715170295,0.0,0.5294117647058824,-0.5294117647058824,0,0,0.5555555555555556,4,0,0.5,0.5,0.5555555555555556,0.5555555555555556
501198,1.0,2011,2011-04-08,"MA Chidambaram Stadium, Chennai",Chennai,Chennai Super Kings,Kolkata Knight Riders,Chennai Super Kings,1,1545.353955999953,1461.4172496024248,83.93670639752827,0.8,0.6,0.20000000000000007,1.0,0.6666666666666666,0.33333333333333337,0.7,0.5,0.19999999999999996,0.20000000000000007,0.8,1,1,bat,0.46153846153846156,0.5714285714285714,166.78571428571428,0.42857142857142855,13,0.5,0.0,1,0,90.86732566226134,86.17733270853599,4.689992953725351,55.85857006218254,46.08298147919604,9.775588582986494,0,1,0.5789473684210527,0.5,0.07894736842105265,0.0,0.5,-0.5,1,0,0.5714285714285714,4,0,0.5,0.5,0.5,0.46153846153846156
501200,3.0,2011,2011-04-09,Nehru Stadium,Kochi,Kochi Tuskers Kerala,Royal Challengers Bengaluru,Royal Challengers Bengaluru,0,1500.0,1493.868508596065,6.131491403934888,0.5,0.4,0.09999999999999998,0.5,0.3333333333333333,0.16666666666666669,0.5,0.4,0.09999999999999998,0.16999999999999998,0.5,1,1,bat,0.5,0.5,158.7556818181818,0.5,0,0.5,0.5,2,0,75.8949874875172,77.87995276154712,-1.9849652740299177,54.399102488366545,54.17657562169635,0.2225268666701936,0,1,0.5,0.5172413793103449,-0.017241379310344862,0.0,0.5172413793103449,-0.5172413793103449,1,0,0.5,4,0,0.5,0.5,0.5,0.5
501199,2.0,2011,2011-04-09,"Rajiv Gandhi Intl Stadium, Hyderabad",Hyderabad,Sunrisers Hyderabad,Rajasthan Royals,Rajasthan Royals,0,1482.4945210853448,1501.742966747087,-19.248445661742153,0.6,0.4,0.19999999999999996,0.3333333333333333,0.0,0.3333333333333333,0.5,0.5,0.0,0.20000000000000007,0.16666666666666666,0,0,field,0.42857142857142855,0.2857142857142857,173.42857142857142,0.7142857142857143,7,0.0,1.0,3,0,72.1342007909172,67.44663382594418,4.68756696497303,59.38927626921946,50.636687221136015,8.752589048083443,0,0,0.391304347826087,0.5833333333333334,-0.1920289855072464,0.0,0.5833333333333334,-0.5833333333333334,1,0,0.2857142857142857,4,0,1.0,0.0,0.42857142857142855,0.42857142857142855
501202,5.0,2011,2011-04-10,"DY Patil Stadium, Mumbai",Mumbai,Pune Warriors,Kings XI Punjab,Pune Warriors,1,1500.0,1464.8753785479933,35.12462145200675,0.5,0.4,0.09999999999999998,0.5,0.3333333333333333,0.16666666666666669,0.5,0.3,0.2,0.04999999999999999,0.5,0,1,bat,0.6,0.6,149.1,0.4,10,0.5,0.5,4,0,81.05971433488214,79.6206996410205,1.439014693861651,50.54438242123388,39.74384267988919,10.800539741344686,1,0,0.5,0.5909090909090909,-0.09090909090909094,0.5,0.0,0.5,1,1,0.4,4,0,0.4,0.4,0.6,0.6
501201,4.0,2011,2011-04-10,"Arun Jaitley Stadium, Delhi",Delhi,Delhi Capitals,Mumbai Indians,Mumbai Indians,0,1517.8111495051862,1532.4362699159458,-14.625120410759564,0.2,0.6,-0.39999999999999997,0.3333333333333333,0.3333333333333333,0.0,0.5,0.6,-0.09999999999999998,-0.6,0.5,1,1,bat,0.46153846153846156,0.5384615384615384,169.46153846153845,0.46153846153846156,13,0.5384615384615384,0.5,5,0,89.28735836942523,92.62499264898024,-3.3376342795550045,85.60049019607844,62.56049302474934,23.039997171329098,0,1,0.625,0.5,0.125,0.0,0.5,-0.5,1,0,0.5384615384615384,4,0,0.4,0.6,0.46153846153846156,0.46153846153846156
501203,6.0,2011,2011-04-11,"Eden Gardens, Kolkata",Kolkata,Kolkata Knight Riders,Sunrisers Hyderabad,Kolkata Knight Riders,1,1452.2612053243847,1471.1586594996788,-18.897454175294115,0.4,0.4,0.0,0.6666666666666666,0.0,0.6666666666666666,0.5,0.5,0.0,-0.27999999999999997,0.6666666666666666,1,1,bat,0.5,0.35714285714285715,150.35714285714286,0.6428571428571429,14,0.6428571428571429,0.0,6,0,83.79302069713637,78.23865054333402,5.554370153802353,51.91666124795813,55.103521955499225,-3.1868607075410935,0,0,0.47058823529411764,0.391304347826087,0.07928388746803067,0.0,0.391304347826087,-0.391304347826087,1,0,0.3571428571428571,4,0,0.7142857142857143,0.2857142857142857,0.4166666666666667,0.5
501204,7.0,2011,2011-04-12,"Sawai Mansingh Stadium, Jaipur",Jaipur,Rajasthan Royals,Delhi Capitals,Rajasthan Royals,1,1513.078828332753,1506.3159851236578,6.762843209095081,0.4,0.2,0.2,0.3333333333333333,0.3333333333333333,0.0,0.5,0.5,0.0,0.22999999999999998,0.42857142857142855,0,1,bat,0.4,0.3,156.6,0.7,10,0.8,0.0,7,0,69.09795153082021,86.51272593580663,-17.414774404986417,71.92533881452515,74.1421568627451,-2.216818048219949,1,1,0.6,0.625,-0.025000000000000022,0.6,0.0,0.6,1,1,0.7,4,0,0.75,0.75,0.4,0.4
501205,8.0,2011,2011-04-12,"M Chinnaswamy Stadium, Bengaluru",Bangalore,Royal Challengers Bengaluru,Mumbai Indians,Mumbai Indians,0,1506.080260823916,1543.9314342974742,-37.85117347355822,0.6,0.6,0.0,0.6666666666666666,0.6666666666666666,0.0,0.5,0.6,-0.09999999999999998,-0.08000000000000007,0.42857142857142855,0,0,field,0.5714285714285714,0.42857142857142855,162.64285714285714,0.5714285714285714,14,0.35714285714285715,1.0,8,0,81.63601745086467,87.55430762452518,-5.918290173660509,51.579736602739025,81.55409904003865,-29.974362437299625,0,0,0.5333333333333333,0.5263157894736842,0.007017543859649145,0.0,0.5263157894736842,-0.5263157894736842,1,0,0.4285714285714286,4,0,0.5,0.5,0.5714285714285714,0.5833333333333334
501206,9.0,2011,2011-04-13,"PCA Stadium, Mohali",Chandigarh,Kings XI Punjab,Chennai Super Kings,Kings XI Punjab,1,1454.0844237582858,1554.5100002779932,-100.42557651970742,0.4,0.8,-0.4,0.0,1.0,-1.0,0.3,0.8,-0.5,-0.050000000000000044,0.14285714285714285,1,0,field,0.4166666666666667,0.5,178.33333333333334,0.5,12,0.5833333333333334,1.0,9,0,81.88362190394275,89.50598988496725,-7.622367981024496,53.08950433950434,59.30918766206122,-6.219683322556882,1,0,0.5909090909090909,0.5789473684210527,0.011961722488038284,0.5909090909090909,0.0,0.5909090909090909,1,1,0.5,4,0,0.6,0.6,0.4166666666666667,0.4166666666666667
501207,10.0,2011,2011-04-13,"DY Patil Stadium, Mumbai",Mumbai,Pune Warriors,Kochi Tuskers Kerala,Pune Warriors,1,1510.7909547897075,1487.7882477721491,23.00270701755835,1.0,0.0,1.0,1.0,0.0,1.0,1.0,0.0,1.0,1.0,0.5,0,1,bat,0.5454545454545454,0.5454545454545454,145.72727272727272,0.45454545454545453,11,1.0,0.5,10,0,81.05971433488214,82.07754790183792,-1.0178335669557725,85.74018379281536,52.78641899707423,32.95376479574113,1,0,0.5,0.5,0.0,0.5,0.0,0.5,1,1,0.45454545454545453,4,0,0.5,0.5,0.5454545454545454,0.5454545454545454
501208,11.0,2011,2011-04-14,"Rajiv Gandhi Intl Stadium, Hyderabad",Hyderabad,Sunrisers Hyderabad,Royal Challengers Bengaluru,Sunrisers Hyderabad,1,1458.5066074406175,1495.382446280715,-36.87583884009746,0.2,0.4,-0.2,0.0,0.6666666666666666,-0.6666666666666666,0.5,0.4,0.09999999999999998,0.02999999999999997,0.5,0,0,field,0.5,0.25,168.875,0.75,8,0.0,1.0,11,0,87.81622692927041,77.16384946942838,10.652377459842029,52.279279531256805,42.85949850750094,9.419781023755867,0,0,0.375,0.5333333333333333,-0.15833333333333333,0.0,0.5333333333333333,-0.5333333333333333,1,0,0.25,4,0,1.0,0.0,0.5,0.5
501209,12.0,2011,2011-04-15,"Sawai Mansingh Stadium, Jaipur",Jaipur,Rajasthan Royals,Kolkata Knight Riders,Kolkata Knight Riders,0,1524.8452774990963,1464.913257383446,59.932020115650175,0.4,0.6,-0.19999999999999996,0.6666666666666666,0.6666666666666666,0.0,0.5,0.5,0.0,-0.33,0.6666666666666666,0,0,field,0.36363636363636365,0.2727272727272727,156.0909090909091,0.7272727272727273,11,0.8181818181818182,0.0,12,0,86.03157485895566,84.63773953324558,1.3938353257100857,74.44072711051633,52.528768173936236,21.9119589365801,0,0,0.6153846153846154,0.47058823529411764,0.14479638009049778,0.0,0.47058823529411764,-0.47058823529411764,1,0,0.2727272727272727,4,0,0.8,0.19999999999999996,0.36363636363636365,0.36363636363636365
501210,13.0,2011,2011-04-15,"Wankhede Stadium, Mumbai",Mumbai,Mumbai Indians,Kochi Tuskers Kerala,Kochi Tuskers Kerala,0,1554.6292488406752,1476.5815743138592,78.04767452681608,0.6,0.0,0.6,0.6666666666666666,0.0,0.6666666666666666,0.6,0.0,0.6,0.45,0.5,0,0,field,0.3333333333333333,0.3333333333333333,146.83333333333334,0.6666666666666666,6,0.5,0.5,13,0,87.99801742838063,83.81997643933127,4.178040989049364,66.64919720989974,63.897293629687994,2.7519035802117457,0,0,0.55,0.5,0.050000000000000044,0.0,0.5,-0.5,1,0,0.33333333333333337,4,0,1.0,0.0,0.3333333333333333,0.3333333333333333
501211,14.0,2011,2011-04-16,"MA Chidambaram Stadium, Chennai",Chennai,Chennai Super Kings,Royal Challengers Bengaluru,Chennai Super Kings,1,1539.1348995070125,1482.11356106229,57.02133844472246,0.8,0.4,0.4,0.6666666666666666,0.3333333333333333,0.3333333333333333,0.7,0.4,0.29999999999999993,0.47000000000000003,0.42857142857142855,1,1,bat,0.5,0.6,165.86666666666667,0.4,14,0.5333333333333333,0.5,14,0,90.23098368202945,78.0622871917698,12.168696490259649,57.30939096177192,48.345226582514705,8.964164379257213,0,1,0.5789473684210527,0.5161290322580645,0.06281833616298815,0.0,0.5161290322580645,-0.5161290322580645,1,0,0.6,4,0,0.42857142857142855,0.5714285714285714,0.5454545454545454,0.5
501212,15.0,2011,2011-04-16,"Rajiv Gandhi Intl Stadium, Hyderabad",Hyderabad,Sunrisers Hyderabad,Kings XI Punjab,Kings XI Punjab,0,1471.7754926590424,1469.4595245292664,2.3159681297759107,0.2,0.4,-0.2,0.3333333333333333,0.3333333333333333,0.0,0.6,0.4,0.19999999999999996,-0.35,0.3333333333333333,0,0,field,0.4444444444444444,0.3333333333333333,169.55555555555554,0.6666666666666666,9,0.1111111111111111,1.0,15,0,89.5444553217467,86.72022321113229,2.8242321106144033,56.75071115955472,46.20796243470662,10.542748724848096,0,0,0.375,0.6086956521739131,-0.23369565217391308,0.0,0.6086956521739131,-0.6086956521739131,1,0,0.33333333333333337,4,0,0.75,0.25,0.4444444444444444,0.4444444444444444
501213,16.0,2011,2011-04-17,"DY Patil Stadium, Mumbai",Mumbai,Pune Warriors,Delhi Capitals,Delhi Capitals,0,1521.9976282479975,1494.5495359573144,27.448092290683007,1.0,0.2,0.8,1.0,0.0,1.0,1.0,0.4,0.6,0.75,0.5,0,0,field,0.5,0.5,145.91666666666666,0.5,12,1.0,0.0,16,0,87.48029599036309,84.90816486109321,2.572131129269877,90.65407199047752,67.29416449751136,23.35990749296616,0,1,0.5,0.625,-0.125,0.0,0.625,-0.625,1,0,0.5,4,0,0.5714285714285714,0.4285714285714286,0.5,0.5
501214,17.0,2011,2011-04-17,"Eden Gardens, Kolkata",Kolkata,Kolkata Knight Riders,Rajasthan Royals,Kolkata Knight Riders,1,1478.9629463073622,1510.79558857518,-31.832642267817846,0.8,0.4,0.4,0.6666666666666666,0.6666666666666666,0.0,0.6,0.4,0.19999999999999996,0.4799999999999999,0.42857142857142855,1,0,field,0.5333333333333333,0.4,151.2,0.6,15,0.6666666666666666,0.5,17,0,85.24280347981008,84.58296111237287,0.6598423674372071,61.768085642518315,61.81661618251485,-0.04853053999653412,1,1,0.5,0.6153846153846154,-0.11538461538461542,0.5,0.0,0.5,1,1,0.6,4,0,0.625,0.625,0.46153846153846156,0.5333333333333333
501215,18.0,2011,2011-04-18,Nehru Stadium,Kochi,Kochi Tuskers Kerala,Chennai Super Kings,Kochi Tuskers Kerala,1,1491.2327987359013,1549.1829465157284,-57.95014777982715,0.3333333333333333,0.8,-0.46666666666666673,0.3333333333333333,0.6666666666666666,-0.3333333333333333,0.3333333333333333,0.7,-0.36666666666666664,-0.68,0.5,1,0,field,0.0,0.0,161.0,1.0,1,0.0,0.5,18,0,87.49657750149933,92.93827743584995,-5.441699934350623,56.11965811965812,59.17819602402043,-3.0585379043623107,1,1,0.5,0.5789473684210527,-0.07894736842105265,0.5,0.0,0.5,1,1,1.0,4,0,1.0,1.0,0.0,0.0
501216,19.0,2011,2011-04-19,"Arun Jaitley Stadium, Delhi",Delhi,Delhi Capitals,Sunrisers Hyderabad,Sunrisers Hyderabad,0,1507.4955920880977,1459.6955031384214,47.800088949676365,0.4,0.2,0.2,0.3333333333333333,0.3333333333333333,0.0,0.4,0.5,-0.09999999999999998,0.31,0.5714285714285714,0,1,bat,0.42857142857142855,0.5,164.14285714285714,0.5,14,0.5,0.5,19,0,82.63942732142809,92.99053072005012,-10.35110339862203,70.0495642701525,61.80901240998606,8.240551860166441,1,0,0.64,0.375,0.265,0.64,0.0,0.64,1,1,0.5,4,0,0.5,0.5,0.42857142857142855,0.42857142857142855
501219,22.0,2011,2011-04-20,"Eden Gardens, Kolkata",Kolkata,Kolkata Knight Riders,Kochi Tuskers Kerala,Kochi Tuskers Kerala,0,1492.0593406284497,1505.2159692072757,-13.15662857882603,0.8,0.5,0.30000000000000004,1.0,0.6666666666666666,0.33333333333333337,0.6,0.5,0.09999999999999998,0.44230769230769235,0.5,1,0,field,0.5625,0.375,146.8125,0.625,16,0.6875,0.5,20,0,82.7640837661972,87.98384262009886,-5.219758853901652,67.72487870871905,54.66634153356736,13.058537175151685,1,1,0.5263157894736842,0.5,0.02631578947368418,0.5263157894736842,0.0,0.5263157894736842,1,1,0.625,4,0,0.6666666666666666,0.6666666666666666,0.46153846153846156,0.5625
501218,21.0,2011,2011-04-20,"Wankhede Stadium, Mumbai",Mumbai,Mumbai Indians,Pune Warriors,Mumbai Indians,1,1539.9780244186331,1509.0515721172142,30.926452301418976,0.6,0.6666666666666666,-0.06666666666666665,0.6666666666666666,0.6666666666666666,0.0,0.6,0.6666666666666666,-0.06666666666666665,-0.13,0.5,0,1,bat,0.42857142857142855,0.2857142857142857,151.85714285714286,0.7142857142857143,7,0.4,0.5,21,0,85.25885810796863,89.88029599036311,-4.621437882394474,55.229820343474785,67.56260201922497,-12.332781675750184,1,1,0.55,0.5,0.050000000000000044,0.55,0.0,0.55,1,1,0.7142857142857143,4,0,1.0,1.0,0.42857142857142855,0.42857142857142855
501220,23.0,2011,2011-04-21,"PCA Stadium, Mohali",Chandigarh,Kings XI Punjab,Rajasthan Royals,Kings XI Punjab,1,1481.5395140498874,1497.6991942540926,-16.159680204205188,0.4,0.4,0.0,0.6666666666666666,0.3333333333333333,0.3333333333333333,0.5,0.4,0.09999999999999998,-0.25,0.3333333333333333,0,0,field,0.46153846153846156,0.46153846153846156,179.07692307692307,0.5384615384615384,13,0.6153846153846154,0.5,22,0,83.9896084445055,81.45812048638504,2.531487958120465,56.93223030723032,55.44089344699987,1.4913368602304473,0,0,0.625,0.6153846153846154,0.009615384615384581,0.0,0.6153846153846154,-0.6153846153846154,1,0,0.46153846153846156,4,0,0.6666666666666666,0.33333333333333337,0.46153846153846156,0.46153846153846156
501221,25.0,2011,2011-04-22,"Wankhede Stadium, Mumbai",Mumbai,Mumbai Indians,Chennai Super Kings,Mumbai Indians,1,1550.9126748432006,1535.199776044354,15.712898798846709,0.6,0.6,0.0,0.6666666666666666,0.3333333333333333,0.3333333333333333,0.7,0.6,0.09999999999999998,-0.18999999999999995,0.42857142857142855,0,0,field,0.375,0.25,147.625,0.75,8,0.5,0.5,23,0,88.68404632424595,91.91916877907855,-3.2351224548325916,60.16232993274944,64.37059961450291,-4.208269681753471,0,0,0.5714285714285714,0.5789473684210527,-0.007518796992481258,0.0,0.5789473684210527,-0.5789473684210527,1,0,0.25,4,0,1.0,0.0,0.375,0.375
501222,24.0,2011,2011-04-22,"Eden Gardens, Kolkata",Kolkata,Kolkata Knight Riders,Royal Challengers Bengaluru,Royal Challengers Bengaluru,0,1480.5135373999983,1472.0655140535741,8.44802334642418,0.6,0.4,0.19999999999999996,0.6666666666666666,0.0,0.6666666666666666,0.6,0.4,0.19999999999999996,-0.029999999999999916,0.5,0,0,field,0.5294117647058824,0.4117647058823529,145.94117647058823,0.5882352941176471,17,0.6470588235294118,0.0,24,0,81.71229576572041,84.45479570131774,-2.7424999355973227,67.86674145657263,40.9747446059403,26.891996850632324,0,0,0.5,0.5,0.0,0.0,0.5,-0.5,1,0,0.4117647058823529,4,0,0.6,0.4,0.46153846153846156,0.5294117647058824
501223,26.0,2011,2011-04-23,"Arun Jaitley Stadium, Delhi",Delhi,Delhi Capitals,Kings XI Punjab,Delhi Capitals,1,1493.8549737708377,1494.0972475073045,-0.24227373646681372,0.2,0.6,-0.39999999999999997,0.3333333333333333,1.0,-0.6666666666666667,0.3,0.6,-0.3,-0.28,0.3333333333333333,0,0,field,0.4666666666666667,0.5333333333333333,164.4,0.4666666666666667,15,0.4666666666666667,1.0,25,0,83.79372245358752,91.18948257571208,-7.395760122124557,62.29720421612766,56.49289045179457,5.804313764333088,0,1,0.6153846153846154,0.625,-0.009615384615384581,0.0,0.625,-0.625,1,0,0.5333333333333333,4,0,0.42857142857142855,0.5714285714285714,0.5,0.4666666666666667
501224,27.0,2011,2011-04-24,"Rajiv Gandhi Intl Stadium, Hyderabad",Hyderabad,Sunrisers Hyderabad,Mumbai Indians,Mumbai Indians,0,1473.3361214556815,1562.3703402462836,-89.03421879060215,0.4,0.8,-0.4,0.6666666666666666,0.6666666666666666,0.0,0.5,0.7,-0.19999999999999996,-0.5199999999999999,0.5,1,0,field,0.5,0.3,169.1,0.7,10,0.1,1.0,26,0,91.68013216013216,89.67741091270732,2.0027212474248444,50.47290339074141,65.27575407673294,-14.80285068599153,1,1,0.375,0.5714285714285714,-0.1964285714285714,0.375,0.0,0.375,0,0,0.7,4,0,0.8,0.8,0.5,0.5
501225,28.0,2011,2011-04-24,"Sawai Mansingh Stadium, Jaipur",Jaipur,Rajasthan Royals,Kochi Tuskers Kerala,Rajasthan Royals,1,1485.1414607966756,1516.7617724357272,-31.62031163905158,0.4,0.6,-0.19999999999999996,0.0,1.0,-1.0,0.4,0.6,-0.19999999999999996,0.19999999999999996,0.5,1,0,field,0.4166666666666667,0.25,156.33333333333334,0.75,12,0.75,0.5,27,0,85.51596371108567,84.40149885956336,1.114464851522314,57.081858330673846,59.28224179222841,-2.2003834615545657,1,1,0.5925925925925926,0.5,0.09259259259259256,0.5925925925925926,0.0,0.5925925925925926,0,0,0.75,4,0,0.8333333333333334,0.8333333333333334,0.4166666666666667,0.4166666666666667
501226,29.0,2011,2011-04-25,"MA Chidambaram Stadium, Chennai",Chennai,Chennai Super Kings,Pune Warriors,Chennai Super Kings,1,1523.742110641271,1498.1169216926467,25.625188948624327,0.4,0.5,-0.09999999999999998,0.3333333333333333,0.3333333333333333,0.0,0.6,0.5,0.09999999999999998,-0.14230769230769225,0.5,0,0,field,0.5333333333333333,0.625,166.9375,0.375,15,0.5625,0.5,28,0,91.50419913384387,88.71359602366313,2.79060311018074,60.60723466270861,62.77335640644994,-2.1661217437413285,0,1,0.55,0.5,0.050000000000000044,0.0,0.5,-0.5,0,0,0.625,4,0,0.375,0.625,0.5833333333333334,0.5333333333333333
501227,30.0,2011,2011-04-26,"Arun Jaitley Stadium, Delhi",Delhi,Delhi Capitals,Royal Challengers Bengaluru,Royal Challengers Bengaluru,0,1505.8633416078915,1484.3572409519347,21.506100655956743,0.4,0.4,0.0,0.6666666666666666,0.3333333333333333,0.3333333333333333,0.3,0.4,-0.10000000000000003,-0.14999999999999997,0.8333333333333334,0,0,field,0.4375,0.5625,168.5625,0.4375,16,0.5,0.0,29,0,88.84393266288657,84.64421832140725,4.199714341479321,65.97755041852105,52.280137902147466,13.697412516373582,0,1,0.6153846153846154,0.5151515151515151,0.10023310023310028,0.0,0.5151515151515151,-0.5151515151515151,0,0,0.5625,4,0,0.375,0.625,0.5,0.4375
501229,32.0,2011,2011-04-27,Nehru Stadium,Kochi,Kochi Tuskers Kerala,Sunrisers Hyderabad,Sunrisers Hyderabad,0,1503.6726509403136,1464.3456624597843,39.32698848052928,0.6,0.4,0.19999999999999996,0.6666666666666666,0.3333333333333333,0.3333333333333333,0.5,0.4,0.09999999999999998,0.20000000000000007,0.5,1,0,field,0.5,0.0,146.0,1.0,2,0.5,0.5,30,0,83.78326591535672,87.87918142679958,-4.095915511442854,57.79859424977709,49.75359893508939,8.044995314687696,1,1,0.5,0.36,0.14,0.5,0.0,0.5,0,0,1.0,4,0,1.0,1.0,0.5,0.5
501228,31.0,2011,2011-04-27,"DY Patil Stadium, Mumbai",Mumbai,Pune Warriors,Chennai Super Kings,Chennai Super Kings,0,1487.0003829838918,1534.8586493500259,-47.8582663661341,0.4,0.4,0.0,0.0,0.3333333333333333,-0.3333333333333333,0.4,0.6,-0.19999999999999996,0.26999999999999996,0.0,1,1,bat,0.5384615384615384,0.46153846153846156,149.07692307692307,0.5384615384615384,13,0.6666666666666666,0.6666666666666666,31,0,85.5257842711455,86.14459814581207,-0.6188138746665715,68.62093475402828,59.11988886451374,9.501045889514543,0,0,0.6666666666666666,0.55,0.11666666666666659,0.0,0.55,-0.55,0,0,0.46153846153846156,4,0,0.625,0.375,0.5384615384615384,0.5384615384615384
501230,33.0,2011,2011-04-28,"Arun Jaitley Stadium, Delhi",Delhi,Delhi Capitals,Kolkata Knight Riders,Kolkata Knight Riders,0,1493.1214944396713,1468.2218105016377,24.899683938033604,0.4,0.6,-0.19999999999999996,0.3333333333333333,0.3333333333333333,0.0,0.3,0.5,-0.2,-0.43000000000000005,0.6,1,0,field,0.47058823529411764,0.5294117647058824,168.05882352941177,0.47058823529411764,17,0.47058823529411764,0.0,32,0,91.6071148071148,80.65689809934898,10.950216707765819,59.8745585190598,54.58556420578834,5.288994313271466,1,0,0.6153846153846154,0.5,0.11538461538461542,0.6153846153846154,0.0,0.6153846153846154,0,0,0.47058823529411764,4,0,0.4444444444444444,0.4444444444444444,0.5,0.47058823529411764
501231,34.0,2011,2011-04-29,"Sawai Mansingh Stadium, Jaipur",Jaipur,Rajasthan Royals,Mumbai Indians,Rajasthan Royals,1,1498.2305822920891,1571.3607992421807,-73.13021695009161,0.4,0.8,-0.4,0.3333333333333333,1.0,-0.6666666666666667,0.4,0.7,-0.29999999999999993,-0.32,0.4,1,0,field,0.46153846153846156,0.23076923076923078,152.69230769230768,0.7692307692307693,13,0.7692307692307693,0.5,33,0,85.76416573181878,90.6192518525053,-4.855086120686522,58.11570229506558,66.27645628065046,-8.160753985584883,1,1,0.6071428571428571,0.5714285714285714,0.0357142857142857,0.6071428571428571,0.0,0.6071428571428571,0,0,0.7692307692307693,4,0,0.8571428571428571,0.8571428571428571,0.46153846153846156,0.46153846153846156
501232,35.0,2011,2011-04-29,"M Chinnaswamy Stadium, Bengaluru",Bangalore,Royal Challengers Bengaluru,Pune Warriors,Royal Challengers Bengaluru,1,1497.0990881201549,1476.6429730737734,20.456115046381456,0.4,0.2,0.2,0.6666666666666666,0.0,0.6666666666666666,0.5,0.3333333333333333,0.16666666666666669,-0.14999999999999997,0.5,0,0,field,0.6,0.4,161.13333333333333,0.6,15,0.3333333333333333,0.5,34,0,79.94133762992023,83.7748377656462,-3.83350013572597,46.48021308980213,63.56275303643724,-17.082539946635116,0,0,0.5294117647058824,0.6666666666666666,-0.13725490196078427,0.0,0.6666666666666666,-0.6666666666666666,0,0,0.4,4,0,0.5714285714285714,0.4285714285714286,0.6,0.6153846153846154
501234,37.0,2011,2011-04-30,"Eden Gardens, Kolkata",Kolkata,Kolkata Knight Riders,Kings XI Punjab,Kolkata Knight Riders,1,1481.0803457605887,1482.0888796702507,-1.0085339096619919,0.6,0.6,0.0,0.3333333333333333,0.6666666666666666,-0.3333333333333333,0.6,0.5,0.09999999999999998,0.10999999999999988,0.5,1,0,field,0.5555555555555556,0.3888888888888889,147.33333333333334,0.6111111111111112,18,0.6111111111111112,0.5,35,0,80.26430633433634,87.31031150667515,-7.046005172338809,56.91992713598493,51.05151327078237,5.868413865202555,1,1,0.5,0.6,-0.09999999999999998,0.5,0.0,0.5,0,0,0.6111111111111112,4,0,0.6363636363636364,0.6363636363636364,0.46153846153846156,0.5555555555555556
501233,36.0,2011,2011-04-30,Nehru Stadium,Kochi,Kochi Tuskers Kerala,Delhi Capitals,Delhi Capitals,0,1490.3201163860072,1480.2629591807204,10.057157205286785,0.6,0.4,0.19999999999999996,0.3333333333333333,0.3333333333333333,0.0,0.42857142857142855,0.3,0.12857142857142856,0.25,0.5,0,1,bat,0.3333333333333333,0.3333333333333333,140.33333333333334,0.6666666666666666,3,0.3333333333333333,0.5,36,0,78.5587159658799,89.54239593273206,-10.983679966852165,57.89718348691543,65.1175864459333,-7.220402959017868,1,1,0.6666666666666666,0.5925925925925926,0.07407407407407407,0.6666666666666666,0.0,0.6666666666666666,0,0,0.6666666666666666,4,0,0.6666666666666666,0.6666666666666666,0.3333333333333333,0.3333333333333333
501236,39.0,2011,2011-05-01,"MA Chidambaram Stadium, Chennai",Chennai,Chennai Super Kings,Sunrisers Hyderabad,Chennai Super Kings,1,1545.2160592601442,1477.6981970140907,67.51786224605348,0.6,0.6,0.0,0.6666666666666666,0.6666666666666666,0.0,0.7,0.4,0.29999999999999993,-0.08000000000000007,0.42857142857142855,1,1,bat,0.5,0.6470588235294118,165.47058823529412,0.35294117647058826,16,0.5882352941176471,1.0,37,0,88.10471769314287,83.24465213687225,4.8600655562706265,63.55134230470617,61.28280268948464,2.2685396152215276,0,1,0.5714285714285714,0.36,0.2114285714285714,0.0,0.36,-0.36,0,0,0.6470588235294117,5,0,0.4,0.6,0.5833333333333334,0.5
501235,38.0,2011,2011-05-01,"Sawai Mansingh Stadium, Jaipur",Jaipur,Rajasthan Royals,Pune Warriors,Rajasthan Royals,1,1512.7197582864667,1465.3486869810126,47.37107130545405,0.4,0.0,0.4,0.6666666666666666,0.0,0.6666666666666666,0.4,0.2857142857142857,0.11428571428571432,0.2,0.5,1,0,field,0.5,0.21428571428571427,148.5,0.7857142857142857,14,0.7857142857142857,0.5,38,0,82.8327353777416,83.9510792238065,-1.118343846064903,60.98801723062419,56.91422779897695,4.073789431647235,1,1,0.6206896551724138,0.5,0.12068965517241381,0.6206896551724138,0.0,0.6206896551724138,0,0,0.7857142857142857,5,0,0.6666666666666666,0.6666666666666666,0.5,0.5
501238,41.0,2011,2011-05-02,"Arun Jaitley Stadium, Delhi",Delhi,Delhi Capitals,Kochi Tuskers Kerala,Kochi Tuskers Kerala,0,1492.6102240967648,1477.9728514699627,14.637372626802062,0.4,0.4,0.0,0.3333333333333333,0.0,0.3333333333333333,0.4,0.375,0.025000000000000022,-0.26999999999999996,1.0,0,0,field,0.4444444444444444,0.5555555555555556,166.94444444444446,0.4444444444444444,18,0.4444444444444444,0.5,39,0,86.85041526854793,79.40235619784626,7.4480590707016745,71.51153017143075,57.88249235362154,13.629037817809213,0,1,0.5925925925925926,0.5,0.09259259259259256,0.0,0.5,-0.5,0,0,0.5555555555555556,5,0,0.75,0.25,0.5,0.4444444444444444
501237,40.0,2011,2011-05-02,"Wankhede Stadium, Mumbai",Mumbai,Mumbai Indians,Kings XI Punjab,Mumbai Indians,1,1556.8716232478032,1470.054046240896,86.81757700690719,0.6,0.6,0.0,0.6666666666666666,0.3333333333333333,0.3333333333333333,0.6,0.5,0.09999999999999998,-0.22999999999999998,0.3333333333333333,0,0,field,0.3333333333333333,0.3333333333333333,149.44444444444446,0.6666666666666666,9,0.5714285714285714,0.5,40,0,89.10459882816296,86.16921279013948,2.9353860380234806,64.4949638171587,55.99136564710335,8.503598170055355,0,0,0.5714285714285714,0.6,-0.02857142857142858,0.0,0.6,-0.6,0,0,0.33333333333333337,5,0,0.6,0.4,0.3333333333333333,0.3333333333333333
501239,42.0,2011,2011-05-03,"Rajiv Gandhi Intl Stadium, Hyderabad",Hyderabad,Sunrisers Hyderabad,Kolkata Knight Riders,Kolkata Knight Riders,0,1468.0012623841128,1493.1151791899433,-25.113916805830513,0.4,0.6,-0.19999999999999996,0.3333333333333333,0.6666666666666666,-0.3333333333333333,0.3,0.7,-0.39999999999999997,-0.17999999999999994,0.2857142857142857,1,0,field,0.45454545454545453,0.36363636363636365,169.36363636363637,0.6363636363636364,11,0.09090909090909091,1.0,41,0,87.03754707832414,81.08912274137342,5.948424336950723,56.661181473503575,58.40089159698923,-1.7397101234856578,1,1,0.34615384615384615,0.5238095238095238,-0.1776556776556777,0.34615384615384615,0.0,0.34615384615384615,0,0,0.6363636363636364,5,0,0.6,0.6,0.45454545454545453,0.45454545454545453
501240,43.0,2011,2011-05-04,"MA Chidambaram Stadium, Chennai",Chennai,Chennai Super Kings,Rajasthan Royals,Chennai Super Kings,1,1554.9129938901222,1523.0936831902338,31.81931069988832,0.6,0.6,0.0,1.0,1.0,0.0,0.7,0.5,0.19999999999999996,0.0,0.42857142857142855,0,1,bat,0.5294117647058824,0.6666666666666666,165.44444444444446,0.3333333333333333,17,0.6111111111111112,0.5,42,0,90.05381061647984,82.24502493478344,7.808785681696392,60.66441924222141,57.51612310693154,3.1482961352898755,1,0,0.5714285714285714,0.6333333333333333,-0.06190476190476191,0.5714285714285714,0.0,0.5714285714285714,0,0,0.3333333333333333,5,0,0.3333333333333333,0.3333333333333333,0.6153846153846154,0.5294117647058824
501241,44.0,2011,2011-05-04,"DY Patil Stadium, Mumbai",Mumbai,Pune Warriors,Mumbai Indians,Mumbai Indians,0,1454.9747620772455,1565.9339408525932,-110.95917877534771,0.0,0.8,-0.8,0.0,0.6666666666666666,-0.6666666666666666,0.25,0.7,-0.44999999999999996,-0.88,0.0,1,0,field,0.5,0.42857142857142855,148.5,0.5714285714285714,14,0.5,0.6666666666666666,43,0,84.51386616504821,85.08994408738658,-0.5760779223383707,58.991146816146816,65.71451808954464,-6.723371273397824,1,1,0.5,0.5714285714285714,-0.0714285714285714,0.5,0.0,0.5,0,0,0.5714285714285714,5,0,0.5,0.5,0.5,0.5
501242,45.0,2011,2011-05-05,Nehru Stadium,Kochi,Kochi Tuskers Kerala,Kolkata Knight Riders,Kochi Tuskers Kerala,1,1490.4781095153967,1504.2492827900396,-13.771173274642933,0.4,0.6,-0.19999999999999996,0.3333333333333333,1.0,-0.6666666666666667,0.4444444444444444,0.7,-0.25555555555555554,0.02999999999999997,1.0,0,0,field,0.5,0.5,144.5,0.5,4,0.25,0.5,44,0,79.59612912929228,81.00202532408245,-1.4058961947901736,66.47676481210036,56.98002279329311,9.496742018807247,0,1,0.6,0.5238095238095238,0.07619047619047614,0.0,0.5238095238095238,-0.5238095238095238,0,0,0.5,5,0,0.5,0.5,0.5,0.5
501243,46.0,2011,2011-05-05,"Rajiv Gandhi Intl Stadium, Hyderabad",Hyderabad,Sunrisers Hyderabad,Delhi Capitals,Delhi Capitals,0,1456.8671587840165,1480.1049660513308,-23.237807267314338,0.4,0.4,0.0,0.3333333333333333,0.3333333333333333,0.0,0.3,0.3,0.0,0.08000000000000007,0.5,0,0,field,0.4166666666666667,0.4166666666666667,169.33333333333334,0.5833333333333334,12,0.08333333333333333,1.0,45,0,86.92025455786617,87.99137970811516,-1.0711251502489887,58.48664137787836,62.07919863597613,-3.59255725809777,0,0,0.3333333333333333,0.5925925925925926,-0.25925925925925924,0.0,0.5925925925925926,-0.5925925925925926,0,0,0.41666666666666663,5,0,0.5,0.5,0.4166666666666667,0.4166666666666667
501244,47.0,2011,2011-05-06,"M Chinnaswamy Stadium, Bengaluru",Bangalore,Royal Challengers Bengaluru,Kings XI Punjab,Royal Challengers Bengaluru,1,1508.3933742129157,1460.991728636106,47.40164557680964,0.6,0.4,0.19999999999999996,1.0,0.0,1.0,0.5,0.4,0.09999999999999998,-0.19999999999999996,0.5,0,0,field,0.5625,0.4375,162.375,0.5625,16,0.375,0.5,46,0,81.01245260311215,90.6545761145761,-9.64212351146395,44.86465281641551,55.70077685924681,-10.836124042831301,0,0,0.5294117647058824,0.5769230769230769,-0.04751131221719451,0.0,0.5769230769230769,-0.5769230769230769,0,0,0.4375,5,0,0.75,0.25,0.5625,0.5714285714285714
501245,48.0,2011,2011-05-07,"Eden Gardens, Kolkata",Kolkata,Kolkata Knight Riders,Chennai Super Kings,Kolkata Knight Riders,1,1491.7738922455264,1565.8170561828927,-74.04316393736622,0.6,0.8,-0.20000000000000007,0.6666666666666666,1.0,-0.33333333333333337,0.6,0.7,-0.09999999999999998,-0.07999999999999996,0.16666666666666666,0,1,bat,0.5789473684210527,0.3684210526315789,145.8421052631579,0.631578947368421,19,0.631578947368421,1.0,47,0,81.25599100121501,89.67084363649595,-8.414852635280937,58.194712039606124,60.574133155129196,-2.3794211155230727,1,1,0.5,0.5909090909090909,-0.09090909090909094,0.5,0.0,0.5,0,0,0.631578947368421,5,0,0.6,0.6,0.46153846153846156,0.5789473684210527
501246,49.0,2011,2011-05-07,"Wankhede Stadium, Mumbai",Mumbai,Mumbai Indians,Delhi Capitals,Mumbai Indians,1,1574.226736293911,1491.303555287181,82.92318100672992,0.8,0.4,0.4,0.6666666666666666,0.6666666666666666,0.0,0.7,0.4,0.29999999999999993,0.5199999999999999,0.5714285714285714,0,0,field,0.3,0.4,150.4,0.6,10,0.625,0.0,48,0,84.69423230835037,86.63623784267864,-1.942005534328274,65.14094418080775,62.49853672812407,2.6424074526836776,0,0,0.5714285714285714,0.6071428571428571,-0.0357142857142857,0.0,0.6071428571428571,-0.6071428571428571,0,0,0.4,5,0,0.5,0.5,0.3,0.3
501247,50.0,2011,2011-05-08,"M Chinnaswamy Stadium, Bengaluru",Bangalore,Royal Challengers Bengaluru,Kochi Tuskers Kerala,Royal Challengers Bengaluru,1,1518.7662625213013,1502.9535000599099,15.812762461391458,0.8,0.4,0.4,1.0,0.6666666666666666,0.33333333333333337,0.6,0.5,0.09999999999999998,0.45,1.0,0,1,bat,0.5294117647058824,0.47058823529411764,164.88235294117646,0.5294117647058824,17,0.4117647058823529,0.5,49,0,82.61076267904627,77.74772873460192,4.8630339444443536,57.75245654944229,61.72358283755616,-3.971126288113865,1,1,0.5294117647058824,0.6,-0.07058823529411762,0.5294117647058824,0.0,0.5294117647058824,0,0,0.5294117647058824,5,0,0.6,0.6,0.5294117647058824,0.5333333333333333
501248,51.0,2011,2011-05-08,"PCA Stadium, Mohali",Chandigarh,Kings XI Punjab,Pune Warriors,Pune Warriors,0,1450.6188403277204,1446.6819666359277,3.936873691792698,0.2,0.0,0.2,0.0,0.0,0.0,0.3,0.2222222222222222,0.07777777777777778,0.35,0.0,1,1,bat,0.42857142857142855,0.5,180.21428571428572,0.5,14,0.6428571428571429,0.5,50,0,82.93826939613359,84.00704133965766,-1.0687719435240695,52.12074918080996,57.935297179057066,-5.814547998247107,0,1,0.5555555555555556,0.4,0.15555555555555556,0.0,0.4,-0.4,0,0,0.5,5,0,0.5,0.5,0.42857142857142855,0.42857142857142855
501249,52.0,2011,2011-05-09,"Sawai Mansingh Stadium, Jaipur",Jaipur,Rajasthan Royals,Chennai Super Kings,Chennai Super Kings,0,1512.1896208974633,1551.297721378836,-39.10810048137273,0.6,0.8,-0.20000000000000007,0.6666666666666666,0.6666666666666666,0.0,0.5,0.6,-0.09999999999999998,-0.35,0.5,1,0,field,0.5333333333333333,0.2,148.13333333333333,0.8,15,0.8,0.0,51,0,79.98838808768241,86.8169370597933,-6.8285489721108945,58.3554611317657,60.83934684689685,-2.4838857151311515,1,1,0.6333333333333333,0.5909090909090909,0.042424242424242364,0.6333333333333333,0.0,0.6333333333333333,0,0,0.8,5,0,0.7142857142857143,0.7142857142857143,0.5333333333333333,0.5333333333333333
501250,53.0,2011,2011-05-10,"Rajiv Gandhi Intl Stadium, Hyderabad",Hyderabad,Sunrisers Hyderabad,Pune Warriors,Pune Warriors,0,1445.6685695481663,1458.8179356167836,-13.149366068617383,0.2,0.2,0.0,0.0,0.3333333333333333,-0.3333333333333333,0.3,0.3,0.0,0.16999999999999998,0.5,1,1,bat,0.46153846153846156,0.38461538461538464,169.76923076923077,0.6153846153846154,13,0.07692307692307693,0.5,52,0,85.3960171952778,85.04250892225176,0.35350827302605126,57.79076051581318,72.91356378800326,-15.122803272190076,0,0,0.3333333333333333,0.5,-0.16666666666666669,0.0,0.5,-0.5,0,0,0.3846153846153846,5,0,0.5714285714285714,0.4285714285714286,0.46153846153846156,0.46153846153846156
501251,54.0,2011,2011-05-10,"PCA Stadium, Mohali",Chandigarh,Kings XI Punjab,Mumbai Indians,Kings XI Punjab,1,1438.4828713468644,1583.4158430762989,-144.93297172943448,0.0,0.8,-0.8,0.0,1.0,-1.0,0.3,0.8,-0.5,-0.75,0.5714285714285714,0,0,field,0.4,0.4666666666666667,176.13333333333333,0.5333333333333333,15,0.6,0.0,53,0,82.29092212186919,89.02559190951631,-6.734669787647121,51.32170880557978,66.81927819881703,-15.49756939323725,0,0,0.5555555555555556,0.5714285714285714,-0.015873015873015817,0.0,0.5714285714285714,-0.5714285714285714,0,0,0.4666666666666667,5,0,0.6,0.4,0.4,0.4
501252,55.0,2011,2011-05-11,"Sawai Mansingh Stadium, Jaipur",Jaipur,Rajasthan Royals,Royal Challengers Bengaluru,Royal Challengers Bengaluru,0,1501.534690841474,1530.2204858455725,-28.68579500409851,0.6,1.0,-0.4,0.3333333333333333,1.0,-0.6666666666666667,0.5,0.7,-0.19999999999999996,-0.19999999999999996,0.5,0,0,field,0.5,0.25,151.125,0.75,16,0.75,0.5,54,0,79.44627022717438,81.87227198865247,-2.4260017614780907,55.26433240548905,63.330357562689336,-8.066025157200286,0,0,0.6129032258064516,0.5428571428571428,0.07004608294930881,0.0,0.5428571428571428,-0.5428571428571428,0,0,0.25,5,0,0.625,0.375,0.5,0.7
501253,56.0,2011,2011-05-12,"MA Chidambaram Stadium, Chennai",Chennai,Chennai Super Kings,Delhi Capitals,Chennai Super Kings,1,1561.9526514348254,1482.1144485047932,79.83820293003214,0.8,0.4,0.4,0.6666666666666666,0.3333333333333333,0.3333333333333333,0.6,0.4,0.19999999999999996,0.51,0.5,1,1,bat,0.5,0.631578947368421,164.47368421052633,0.3684210526315789,18,0.631578947368421,1.0,55,0,88.01880344722976,82.96755790862494,5.051245538604817,64.39374938886131,46.68599216875079,17.707757220110516,0,1,0.5909090909090909,0.5862068965517241,0.004702194357366851,0.0,0.5862068965517241,-0.5862068965517241,0,0,0.631578947368421,5,0,0.42857142857142855,0.5714285714285714,0.5714285714285714,0.5
501254,57.0,2011,2011-05-13,"Holkar Stadium, Indore",Indore,Kochi Tuskers Kerala,Kings XI Punjab,Kings XI Punjab,0,1491.4992767356387,1455.2171986528037,36.282078082834914,0.4,0.2,0.2,0.6666666666666666,0.3333333333333333,0.3333333333333333,0.5,0.4,0.09999999999999998,0.24,0.5,0,0,field,0.5,0.5,157.4,0.5,0,0.5,0.5,56,0,79.52566525517193,80.58163410818528,-1.0559688530133542,60.40092390663247,59.413747416105906,0.987176490526565,0,1,0.6,0.5555555555555556,0.0444444444444444,0.0,0.5555555555555556,-0.5555555555555556,0,0,0.5,5,0,0.5,0.5,0.5,0.5
501255,58.0,2011,2011-05-14,"M Chinnaswamy Stadium, Bengaluru",Bangalore,Royal Challengers Bengaluru,Kolkata Knight Riders,Royal Challengers Bengaluru,1,1541.2319587871064,1506.293227049583,34.93873173752331,1.0,0.8,0.19999999999999996,1.0,0.6666666666666666,0.33333333333333337,0.7,0.7,0.0,0.12,0.5714285714285714,1,0,field,0.5,0.4444444444444444,162.66666666666666,0.5555555555555556,18,0.4444444444444444,0.5,57,1,80.17095363714995,80.68408494576798,-0.5131313086180285,61.85791992201231,57.18990876624113,4.668011155771175,1,1,0.5555555555555556,0.5217391304347826,0.033816425120772986,0.5555555555555556,0.0,0.5555555555555556,0,0,0.5555555555555556,5,0,0.6666666666666666,0.6666666666666666,0.5,0.5333333333333333
501256,59.0,2011,2011-05-14,"Wankhede Stadium, Mumbai",Mumbai,Mumbai Indians,Sunrisers Hyderabad,Sunrisers Hyderabad,0,1566.6815157703595,1434.1225158406519,132.55899992970762,0.6,0.2,0.39999999999999997,0.6666666666666666,0.0,0.6666666666666666,0.7,0.3,0.39999999999999997,0.22000000000000008,0.5714285714285714,0,1,bat,0.2727272727272727,0.45454545454545453,152.9090909090909,0.5454545454545454,11,0.6666666666666666,0.5,58,1,91.24315953447237,86.77835088371721,4.46480865075516,67.44106705065242,55.615921155145884,11.825145895506537,1,1,0.5454545454545454,0.3333333333333333,0.2121212121212121,0.5454545454545454,0.0,0.5454545454545454,0,0,0.5454545454545454,5,0,0.42857142857142855,0.42857142857142855,0.2727272727272727,0.2727272727272727
501257,60.0,2011,2011-05-15,"HPCA Stadium, Dharamsala",Dharamsala,Kings XI Punjab,Delhi Capitals,Kings XI Punjab,1,1468.4658017539864,1472.824429475496,-4.358627721509492,0.4,0.4,0.0,0.6666666666666666,0.3333333333333333,0.3333333333333333,0.5,0.4,0.09999999999999998,-0.35000000000000003,0.5714285714285714,0,0,field,1.0,0.0,183.0,1.0,2,0.0,0.5,59,1,83.2027808846681,81.01974167729665,2.1830392073714506,51.69736719736719,49.67048857041178,2.0268786269554155,0,0,0.5714285714285714,0.5666666666666667,0.004761904761904745,0.0,0.5666666666666667,-0.5666666666666667,0,0,0.0,5,0,0.5,0.5,1.0,1.0
501258,61.0,2011,2011-05-15,"Holkar Stadium, Indore",Indore,Kochi Tuskers Kerala,Rajasthan Royals,Kochi Tuskers Kerala,1,1478.250673634456,1490.5232178999402,-12.272544265484157,0.4,0.4,0.0,0.3333333333333333,0.0,0.3333333333333333,0.5,0.4,0.09999999999999998,-0.14999999999999997,0.0,1,0,field,1.0,0.0,178.0,1.0,1,0.0,0.5,60,1,79.55981774461102,78.04180983287515,1.5180079117358787,47.840904298592186,52.69810822809203,-4.857203929499846,1,1,0.6,0.6129032258064516,-0.012903225806451646,0.6,0.0,0.6,0,0,1.0,5,0,1.0,1.0,1.0,1.0
501259,62.0,2011,2011-05-16,"DY Patil Stadium, Mumbai",Mumbai,Pune Warriors,Sunrisers Hyderabad,Sunrisers Hyderabad,0,1470.363989324298,1450.4909981710957,19.872991153202292,0.4,0.2,0.2,0.6666666666666666,0.3333333333333333,0.3333333333333333,0.3,0.4,-0.10000000000000003,0.12000000000000001,1.0,0,0,field,0.4666666666666667,0.4666666666666667,149.26666666666668,0.5333333333333333,15,0.4,0.2,61,1,83.90551798570105,81.71704572617054,2.1884722595305135,61.81557636972253,57.20617814704431,4.609398222678216,0,0,0.5714285714285714,0.3333333333333333,0.23809523809523808,0.0,0.3333333333333333,-0.3333333333333333,0,0,0.4666666666666667,5,0,0.3333333333333333,0.6666666666666667,0.4666666666666667,0.4666666666666667
501260,63.0,2011,2011-05-17,"HPCA Stadium, Dharamsala",Dharamsala,Kings XI Punjab,Royal Challengers Bengaluru,Kings XI Punjab,1,1480.6163355253038,1552.0292691465186,-71.41293362121473,0.6,1.0,-0.4,1.0,1.0,0.0,0.5,0.7,-0.19999999999999996,-0.6,0.42857142857142855,1,1,bat,0.6666666666666666,0.3333333333333333,178.66666666666666,0.6666666666666666,3,0.3333333333333333,0.5,62,1,84.17958852502043,80.92877248925849,3.250816035761943,50.12505623278125,65.74385792100338,-15.618801688222135,0,0,0.5714285714285714,0.5675675675675675,0.0038610038610038533,0.0,0.5675675675675675,-0.5675675675675675,0,0,0.33333333333333337,5,0,0.0,1.0,0.6666666666666666,0.6666666666666666
501261,64.0,2011,2011-05-18,"MA Chidambaram Stadium, Chennai",Chennai,Chennai Super Kings,Kochi Tuskers Kerala,Chennai Super Kings,1,1571.2426704641227,1490.6743760892068,80.56829437491592,0.8,0.6,0.20000000000000007,0.6666666666666666,0.3333333333333333,0.3333333333333333,0.7,0.5,0.19999999999999996,0.12,0.0,1,1,bat,0.5263157894736842,0.65,165.05,0.35,19,0.65,0.5,63,1,88.41449398664236,78.66365061495092,9.750843371691431,62.82407587632408,58.94146080414021,3.8826150721838673,0,1,0.5909090909090909,0.6666666666666666,-0.07575757575757569,0.0,0.6666666666666666,-0.6666666666666666,0,0,0.65,5,0,0.375,0.625,0.6,0.5263157894736842
501262,65.0,2011,2011-05-19,"DY Patil Stadium, Mumbai",Mumbai,Pune Warriors,Kolkata Knight Riders,Kolkata Knight Riders,0,1457.6783481085597,1495.4959166901708,-37.81756858161111,0.4,0.6,-0.19999999999999996,0.6666666666666666,0.3333333333333333,0.3333333333333333,0.2,0.6,-0.39999999999999997,-0.39999999999999997,0.5,0,0,field,0.5,0.4375,148.4375,0.5625,16,0.3333333333333333,1.0,64,1,83.72652842206158,79.18881994530079,4.537708476760784,59.81275763702763,62.0814415338341,-2.268683896806472,0,0,0.5714285714285714,0.5217391304347826,0.0496894409937888,0.0,0.5217391304347826,-0.5217391304347826,0,0,0.4375,5,0,0.5,0.5,0.5,0.5
501263,66.0,2011,2011-05-20,"Wankhede Stadium, Mumbai",Mumbai,Mumbai Indians,Rajasthan Royals,Rajasthan Royals,0,1550.3130334399157,1478.0995154451894,72.21351799472632,0.6,0.2,0.39999999999999997,0.3333333333333333,0.0,0.3333333333333333,0.6,0.3,0.3,0.45000000000000007,0.5,1,1,bat,0.3333333333333333,0.5,151.41666666666666,0.5,12,0.6,1.0,65,1,88.77367224296954,79.25862763177017,9.515044611199372,66.07118374070357,54.214205132478504,11.85697860822507,0,1,0.5217391304347826,0.6129032258064516,-0.09116409537166903,0.0,0.6129032258064516,-0.6129032258064516,0,0,0.5,5,0,0.375,0.625,0.3333333333333333,0.3333333333333333
501264,67.0,2011,2011-05-21,"HPCA Stadium, Dharamsala",Dharamsala,Kings XI Punjab,Sunrisers Hyderabad,Sunrisers Hyderabad,0,1495.0486929622043,1463.176639386834,31.872053575370273,0.8,0.4,0.4,1.0,0.6666666666666666,0.33333333333333337,0.5,0.4,0.09999999999999998,0.45,0.7142857142857143,1,0,field,0.75,0.5,192.0,0.5,4,0.5,1.0,66,1,85.56460984696545,78.14101919242957,7.423590654535886,55.93196011228639,62.59094593349912,-6.658985821212731,1,0,0.5714285714285714,0.35714285714285715,0.21428571428571425,0.5714285714285714,0.0,0.5714285714285714,0,0,0.5,5,0,0.0,0.0,0.75,0.75
501266,69.0,2011,2011-05-22,"M Chinnaswamy Stadium, Bengaluru",Bangalore,Royal Challengers Bengaluru,Chennai Super Kings,Royal Challengers Bengaluru,1,1537.596911709618,1580.5087704535747,-42.9118587439566,0.8,0.8,0.0,0.6666666666666666,1.0,-0.33333333333333337,0.7,0.7,0.0,0.17000000000000004,0.5,1,0,field,0.5263157894736842,0.42105263157894735,158.78947368421052,0.5789473684210527,19,0.47368421052631576,0.5,67,1,80.93535990728873,89.0523707689646,-8.117010861675865,53.9598126513478,61.405512148215884,-7.445699496868087,1,1,0.5526315789473685,0.5909090909090909,-0.038277511961722466,0.5526315789473685,0.0,0.5526315789473685,0,0,0.5789473684210527,5,0,0.7142857142857143,0.7142857142857143,0.5263157894736842,0.5625
501267,70.0,2011,2011-05-22,"Eden Gardens, Kolkata",Kolkata,Kolkata Knight Riders,Mumbai Indians,Mumbai Indians,0,1506.1948782496438,1535.8541732970978,-29.659295047453952,0.6,0.4,0.19999999999999996,0.6666666666666666,0.0,0.6666666666666666,0.6,0.6,0.0,0.030000000000000027,0.16666666666666666,0,0,field,0.55,0.35,144.25,0.65,20,0.65,0.5,68,1,80.27332526683102,87.68867154982146,-7.415346282990441,64.89007817147711,64.0035202464983,0.8865579249788169,0,0,0.5416666666666666,0.5217391304347826,0.019927536231884035,0.0,0.5217391304347826,-0.5217391304347826,0,0,0.35,5,0,0.6666666666666666,0.33333333333333337,0.42857142857142855,0.55
501268,,2011,2011-05-24,"Wankhede Stadium, Mumbai",Mumbai,Royal Challengers Bengaluru,Chennai Super Kings,Chennai Super Kings,0,1551.0715440191516,1567.0341381440412,-15.96259412488962,0.8,0.6,0.20000000000000007,0.6666666666666666,0.6666666666666666,0.0,0.8,0.7,0.10000000000000009,0.30999999999999994,0.5555555555555556,0,0,field,0.3076923076923077,0.46153846153846156,150.0,0.5384615384615384,13,1.0,0.3333333333333333,69,1,79.85857285152699,87.1216118593733,-7.2630390078463165,56.65035758136139,59.95900880686083,-3.308651225499439,0,0,0.5641025641025641,0.5909090909090909,-0.026806526806526842,0.0,0.5909090909090909,-0.5909090909090909,0,0,0.46153846153846156,5,0,0.4444444444444444,0.5555555555555556,0.3076923076923077,0.3076923076923077
501269,,2011,2011-05-25,"Wankhede Stadium, Mumbai",Mumbai,Mumbai Indians,Kolkata Knight Riders,Mumbai Indians,1,1546.8322587016016,1495.21679284514,51.6154658564617,0.4,0.4,0.0,0.3333333333333333,0.3333333333333333,0.0,0.6,0.5,0.09999999999999998,0.06,0.8571428571428571,1,0,field,0.35714285714285715,0.42857142857142855,151.78571428571428,0.5714285714285714,14,0.5454545454545454,0.0,70,1,88.97793287811406,85.52930591578223,3.4486269623318293,63.295061688779874,61.74846221035648,1.5465994784233956,1,1,0.5416666666666666,0.5416666666666666,0.0,0.5416666666666666,0.0,0.5416666666666666,0,0,0.5714285714285714,5,0,0.5,0.5,0.35714285714285715,0.35714285714285715
501270,,2011,2011-05-27,"MA Chidambaram Stadium, Chennai",Chennai,Royal Challengers Bengaluru,Mumbai Indians,Royal Challengers Bengaluru,1,1539.6224848908066,1557.062524161574,-17.44003927076733,0.6,0.4,0.19999999999999996,0.3333333333333333,0.6666666666666666,-0.3333333333333333,0.8,0.6,0.20000000000000007,0.52,0.375,0,0,field,0.55,0.6666666666666666,164.42857142857142,0.3333333333333333,20,0.3333333333333333,0.0,71,1,84.3045642117675,90.41547493505318,-6.110910723285684,54.7458084349038,63.62570850269003,-8.879900067786231,0,1,0.5641025641025641,0.56,0.004102564102564044,0.0,0.56,-0.56,0,0,0.6666666666666667,5,0,0.3333333333333333,0.6666666666666667,0.625,0.55
501271,,2011,2011-05-28,"MA Chidambaram Stadium, Chennai",Chennai,Chennai Super Kings,Royal Challengers Bengaluru,Chennai Super Kings,1,1578.4831972723862,1552.2243370996475,26.25886017273865,0.8,0.6,0.20000000000000007,0.6666666666666666,0.6666666666666666,0.0,0.8,0.8,0.0,0.25,0.5,1,1,bat,0.5238095238095238,0.6818181818181818,165.36363636363637,0.3181818181818182,21,0.6666666666666666,0.5,72,1,88.3265579402769,83.09269078424647,5.233867156030428,58.37746352989702,57.79705685802343,0.5804066718735896,0,1,0.6086956521739131,0.5641025641025641,0.044593088071348985,0.0,0.5641025641025641,-0.5641025641025641,0,0,0.6818181818181819,5,0,0.3,0.7,0.625,0.5238095238095238
548306,1.0,2012,2012-04-04,"MA Chidambaram Stadium, Chennai",Chennai,Chennai Super Kings,Mumbai Indians,Mumbai Indians,0,1589.5779713259958,1544.460671952733,45.11729937326277,0.8,0.4,0.4,0.6666666666666666,0.6666666666666666,0.0,0.8,0.5,0.30000000000000004,0.4799999999999999,0.5,0,0,field,0.5454545454545454,0.6956521739130435,167.08695652173913,0.30434782608695654,22,0.6818181818181818,0.0,1,0,87.5505796392124,84.25447322786093,3.2961064113514738,59.93367466789394,62.55733605262464,-2.6236613847307027,0,1,0.6086956521739131,0.5384615384615384,0.07023411371237465,0.0,0.5384615384615384,-0.5384615384615384,1,0,0.6956521739130435,4,0,0.3333333333333333,0.6666666666666667,0.6470588235294118,0.5454545454545454
548307,2.0,2012,2012-04-05,"Eden Gardens, Kolkata",Kolkata,Kolkata Knight Riders,Delhi Capitals,Delhi Capitals,0,1484.9865273851676,1460.6738957041784,24.31263168098917,0.4,0.2,0.2,0.3333333333333333,0.0,0.3333333333333333,0.5,0.3,0.2,0.30000000000000004,0.5,0,0,field,0.5714285714285714,0.3333333333333333,145.71428571428572,0.6666666666666666,21,0.6190476190476191,0.0,2,0,79.02729172087463,82.74479959411465,-3.7175078732400237,65.05814419276089,57.684588238876565,7.373555953884328,0,0,0.5416666666666666,0.5483870967741935,-0.006720430107526876,0.0,0.5483870967741935,-0.5483870967741935,1,0,0.33333333333333337,4,0,0.6666666666666666,0.33333333333333337,0.42857142857142855,0.5714285714285714
548308,3.0,2012,2012-04-06,"Wankhede Stadium, Mumbai",Mumbai,Mumbai Indians,Pune Warriors,Pune Warriors,0,1558.0102677108357,1446.9793865490867,111.030881161749,0.6,0.4,0.19999999999999996,0.6666666666666666,0.3333333333333333,0.3333333333333333,0.6,0.2,0.39999999999999997,0.08000000000000002,1.0,1,0,field,0.4,0.4,151.46666666666667,0.6,15,0.5833333333333334,0.0,3,0,84.9396584130461,67.53699289500398,17.402665518042127,83.05345812799632,62.05011868386257,21.00333944413375,1,1,0.5555555555555556,0.5714285714285714,-0.015873015873015817,0.5555555555555556,0.0,0.5555555555555556,1,1,0.6,4,0,0.75,0.75,0.4,0.5
548309,4.0,2012,2012-04-06,"Sawai Mansingh Stadium, Jaipur",Jaipur,Rajasthan Royals,Kings XI Punjab,Rajasthan Royals,1,1492.5583755880073,1481.9509487999264,10.60742678808083,0.2,0.8,-0.6000000000000001,0.3333333333333333,0.6666666666666666,-0.3333333333333333,0.4,0.4,0.0,-0.8400000000000001,0.5714285714285714,0,0,field,0.5294117647058824,0.23529411764705882,150.8235294117647,0.7647058823529411,17,0.7058823529411765,0.0,4,0,76.48669366097033,81.41812797196185,-4.93143431099152,59.89636638237385,67.06487956487956,-7.168513182505713,0,0,0.625,0.5517241379310345,0.07327586206896552,0.0,0.5517241379310345,-0.5517241379310345,1,0,0.23529411764705888,4,0,0.875,0.125,0.5294117647058824,0.7272727272727273
548310,5.0,2012,2012-04-07,"M Chinnaswamy Stadium, Bengaluru",Bangalore,Royal Challengers Bengaluru,Delhi Capitals,Royal Challengers Bengaluru,1,1541.129563046038,1473.512256262526,67.61730678351182,0.4,0.4,0.0,0.3333333333333333,0.3333333333333333,0.0,0.7,0.4,0.29999999999999993,-0.06,0.2857142857142857,0,0,field,0.55,0.4,157.25,0.6,20,0.5,1.0,5,0,75.1045905415748,86.52562151192288,-11.421030970348085,53.6519217292695,59.2661247538799,-5.614203024610397,0,0,0.55,0.5625,-0.012499999999999956,0.0,0.5625,-0.5625,1,0,0.4,4,0,0.5,0.5,0.55,0.5882352941176471
548311,6.0,2012,2012-04-07,Dr. Y.S. Rajasekhara Reddy ACA-VDCA Cricket Stadium,Visakhapatnam,Sunrisers Hyderabad,Chennai Super Kings,Chennai Super Kings,0,1476.274383549112,1576.0283755678931,-99.75399201878122,0.6,0.6,0.0,1.0,0.6666666666666666,0.33333333333333337,0.5,0.7,-0.19999999999999996,-0.27,0.5,1,0,field,0.5,0.5,156.90873015873015,0.5,0,0.5,0.5,6,0,79.56179858004694,87.02191262943373,-7.460114049386789,55.55944055944056,57.63575056891196,-2.076310009471399,1,0,0.35714285714285715,0.6086956521739131,-0.25155279503105593,0.35714285714285715,0.0,0.35714285714285715,1,1,0.5,4,0,0.5,0.5,0.5,0.5
548312,7.0,2012,2012-04-08,"Sawai Mansingh Stadium, Jaipur",Jaipur,Rajasthan Royals,Kolkata Knight Riders,Rajasthan Royals,1,1504.1921218363714,1472.14816682682,32.04395500955138,0.4,0.2,0.2,0.6666666666666666,0.0,0.6666666666666666,0.5,0.5,0.0,-0.04999999999999999,0.5,0,0,field,0.5,0.2777777777777778,153.05555555555554,0.7222222222222222,18,0.7222222222222222,0.5,7,0,78.43694618622285,79.02729172087463,-0.5903455346517745,74.07672352523099,63.95734236000029,10.119381165230699,0,0,0.625,0.5416666666666666,0.08333333333333337,0.0,0.5416666666666666,-0.5416666666666666,1,0,0.2777777777777778,4,0,0.7777777777777778,0.2222222222222222,0.5,0.6666666666666666
548313,8.0,2012,2012-04-08,"Subrata Roy Sahara Stadium, Pune",Pune,Pune Warriors,Kings XI Punjab,Pune Warriors,1,1462.6888311191444,1470.3172025515623,-7.628371432417907,0.6,0.6,0.0,0.3333333333333333,0.3333333333333333,0.0,0.3,0.4,-0.10000000000000003,-0.1200000000000001,1.0,1,1,bat,0.5,0.5,157.07874015748033,0.5,0,0.5,0.5,8,0,78.38752291379156,76.2300361755204,2.15748673827116,71.74352076234851,52.83716759431045,18.90635316803806,0,1,0.5714285714285714,0.5333333333333333,0.03809523809523807,0.0,0.5333333333333333,-0.5333333333333333,1,0,0.5,4,0,0.5,0.5,0.5,0.5
548314,9.0,2012,2012-04-09,Dr. Y.S. Rajasekhara Reddy ACA-VDCA Cricket Stadium,Visakhapatnam,Sunrisers Hyderabad,Mumbai Indians,Mumbai Indians,0,1467.6281119466084,1542.300823140778,-74.67271119416955,0.6,0.6,0.0,0.6666666666666666,0.3333333333333333,0.3333333333333333,0.4,0.5,-0.09999999999999998,-0.1499999999999999,0.5,1,1,bat,0.0,1.0,193.0,0.0,1,0.0,0.5,9,0,81.83393525934244,82.98426514837755,-1.1503298890351061,66.31805479743623,79.83702923904971,-13.51897444161348,0,1,0.3448275862068966,0.5357142857142857,-0.19088669950738912,0.0,0.5357142857142857,-0.5357142857142857,1,0,1.0,4,0,0.0,1.0,0.0,0.0
548315,10.0,2012,2012-04-10,"M Chinnaswamy Stadium, Bengaluru",Bangalore,Royal Challengers Bengaluru,Kolkata Knight Riders,Kolkata Knight Riders,0,1550.823189678986,1461.2517983022415,89.57139137674449,0.6,0.2,0.39999999999999997,0.6666666666666666,0.0,0.6666666666666666,0.7,0.4,0.29999999999999993,0.28,0.625,1,0,field,0.5238095238095238,0.42857142857142855,157.23809523809524,0.5714285714285714,21,0.5238095238095238,0.3333333333333333,10,0,83.15118552365365,83.85089491155657,-0.6997093879029137,55.930810094483014,63.52778922687521,-7.5969791323921925,1,1,0.55,0.52,0.030000000000000027,0.55,0.0,0.55,1,1,0.5714285714285714,4,0,0.4444444444444444,0.4444444444444444,0.5238095238095238,0.5555555555555556
548316,11.0,2012,2012-04-10,"Arun Jaitley Stadium, Delhi",Delhi,Delhi Capitals,Chennai Super Kings,Delhi Capitals,1,1463.818629629578,1584.6746471703966,-120.85601754081858,0.2,0.6,-0.39999999999999997,0.3333333333333333,0.6666666666666666,-0.3333333333333333,0.3,0.7,-0.39999999999999997,-0.41000000000000003,0.42857142857142855,1,0,field,0.47368421052631576,0.5263157894736842,165.52631578947367,0.47368421052631576,19,0.42105263157894735,1.0,11,0,86.96340224236464,95.48717948717949,-8.523777244814852,64.44722296626637,63.26412898368875,1.183093982577617,1,0,0.5454545454545454,0.6086956521739131,-0.06324110671936767,0.5454545454545454,0.0,0.5454545454545454,1,1,0.47368421052631576,4,0,0.4,0.4,0.5,0.47368421052631576
548317,12.0,2012,2012-04-11,"Wankhede Stadium, Mumbai",Mumbai,Mumbai Indians,Rajasthan Royals,Mumbai Indians,1,1551.7607108666634,1515.08849036095,36.67222050571354,0.6,0.6,0.0,0.6666666666666666,1.0,-0.33333333333333337,0.5,0.6,-0.09999999999999998,0.22999999999999998,0.42857142857142855,0,0,field,0.375,0.4375,150.0625,0.5625,16,0.5384615384615384,1.0,12,0,80.99087934833088,82.31815001130164,-1.3272706629707614,76.07691757060472,66.83305384169171,9.243863728913013,0,0,0.5517241379310345,0.625,-0.07327586206896552,0.0,0.625,-0.625,1,0,0.4375,4,0,0.6,0.4,0.375,0.45454545454545453
548319,14.0,2012,2012-04-12,"PCA Stadium, Mohali",Chandigarh,Kings XI Punjab,Pune Warriors,Kings XI Punjab,1,1458.0537702664576,1474.9522634042492,-16.898493137791547,0.4,0.6,-0.19999999999999996,0.0,0.6666666666666666,-0.6666666666666666,0.4,0.4,0.0,0.050000000000000044,0.0,1,0,field,0.375,0.5,175.3125,0.5,16,0.625,1.0,13,0,84.21165269521381,83.70531757278944,0.5063351224243746,59.08240568954856,72.50207649233282,-13.41967080278426,1,0,0.5161290322580645,0.5714285714285714,-0.055299539170506895,0.5161290322580645,0.0,0.5161290322580645,1,1,0.5,4,0,0.5714285714285714,0.5714285714285714,0.375,0.375
548318,13.0,2012,2012-04-12,"MA Chidambaram Stadium, Chennai",Chennai,Chennai Super Kings,Royal Challengers Bengaluru,Chennai Super Kings,1,1568.66102108696,1535.7962691115988,32.86475197536129,0.6,0.4,0.19999999999999996,0.3333333333333333,0.3333333333333333,0.0,0.6,0.6,0.0,0.35,0.5,0,1,bat,0.5652173913043478,0.6666666666666666,164.79166666666666,0.3333333333333333,23,0.6521739130434783,0.4,14,0,84.6239311290267,76.97223501679616,7.651696112230539,61.30697381367127,57.89440000748198,3.412573806189293,1,0,0.6086956521739131,0.5365853658536586,0.07211028632025451,0.6086956521739131,0.0,0.6086956521739131,1,1,0.3333333333333333,4,0,0.4,0.4,0.6470588235294118,0.5652173913043478
548320,15.0,2012,2012-04-13,"Eden Gardens, Kolkata",Kolkata,Kolkata Knight Riders,Rajasthan Royals,Kolkata Knight Riders,1,1476.2787188696286,1504.3504210542872,-28.071702184658534,0.2,0.6,-0.39999999999999997,0.3333333333333333,0.6666666666666666,-0.3333333333333333,0.4,0.5,-0.09999999999999998,-0.49000000000000005,0.4444444444444444,0,1,bat,0.5909090909090909,0.3181818181818182,143.5,0.6818181818181818,22,0.5909090909090909,0.3333333333333333,15,0,86.22551015378345,85.55132336262281,0.6741867911606363,71.96369559159756,70.31812382964499,1.6455717619525672,1,1,0.52,0.6060606060606061,-0.08606060606060606,0.52,0.0,0.52,1,1,0.6818181818181818,4,0,0.6923076923076923,0.6923076923076923,0.42857142857142855,0.5909090909090909
548322,16.0,2012,2012-04-14,"Subrata Roy Sahara Stadium, Pune",Pune,Pune Warriors,Chennai Super Kings,Pune Warriors,1,1462.3690699297442,1579.5292862355395,-117.1602163057953,0.4,0.6,-0.19999999999999996,0.6666666666666666,0.6666666666666666,0.0,0.4,0.7,-0.29999999999999993,-0.31,0.0,0,1,bat,1.0,1.0,166.0,0.0,1,1.0,0.5,16,0,74.41308228448747,89.70026737481103,-15.287185090323561,66.30852189300026,50.96027599475875,15.348245898241508,1,0,0.5714285714285714,0.625,-0.0535714285714286,0.5714285714285714,0.0,0.5714285714285714,1,1,0.0,4,0,0.0,0.0,1.0,1.0
548323,17.0,2012,2012-04-15,"Eden Gardens, Kolkata",Kolkata,Kolkata Knight Riders,Kings XI Punjab,Kings XI Punjab,0,1489.2461767991697,1470.6369637409625,18.60921305820716,0.4,0.4,0.0,0.6666666666666666,0.3333333333333333,0.3333333333333333,0.4,0.5,-0.09999999999999998,-0.22999999999999998,0.5714285714285714,1,0,field,0.5652173913043478,0.30434782608695654,142.95652173913044,0.6956521739130435,23,0.6086956521739131,0.3333333333333333,17,0,84.07575338014605,82.26775135554287,1.8080020246031836,63.8773386790798,65.65755137878115,-1.7802126997013517,1,1,0.5384615384615384,0.53125,0.007211538461538436,0.5384615384615384,0.0,0.5384615384615384,1,1,0.6956521739130435,4,0,0.7142857142857143,0.7142857142857143,0.4,0.5652173913043478
548324,18.0,2012,2012-04-15,"M Chinnaswamy Stadium, Bengaluru",Bangalore,Royal Challengers Bengaluru,Rajasthan Royals,Rajasthan Royals,0,1524.9280039630194,1491.382963124746,33.54504083827328,0.4,0.6,-0.19999999999999996,0.3333333333333333,0.3333333333333333,0.0,0.5,0.4,0.09999999999999998,-0.25,0.5714285714285714,0,1,bat,0.5,0.45454545454545453,157.5909090909091,0.5454545454545454,22,0.5,0.5,18,0,84.34057874394387,83.39761801976769,0.9429607241761744,58.85961486078778,68.43561615444763,-9.57600129365985,1,1,0.5365853658536586,0.6060606060606061,-0.06947524020694751,0.5365853658536586,0.0,0.5365853658536586,1,1,0.5454545454545454,4,0,0.4,0.4,0.5,0.5263157894736842
548325,19.0,2012,2012-04-16,"Wankhede Stadium, Mumbai",Mumbai,Mumbai Indians,Delhi Capitals,Delhi Capitals,0,1562.4987801733262,1479.8322557130145,82.66652446031162,0.6,0.4,0.19999999999999996,0.6666666666666666,0.6666666666666666,0.0,0.5,0.4,0.09999999999999998,0.16999999999999998,0.625,0,0,field,0.35294117647058826,0.47058823529411764,152.8235294117647,0.5294117647058824,17,0.5714285714285714,0.0,19,0,84.75480474683569,92.75371365817006,-7.998908911334368,63.47294811959174,56.123768217501635,7.349179902090107,0,0,0.5517241379310345,0.5588235294117647,-0.007099391480730244,0.0,0.5588235294117647,-0.5588235294117647,1,0,0.47058823529411764,4,0,0.5,0.5,0.35294117647058826,0.4166666666666667
548326,20.0,2012,2012-04-17,"Sawai Mansingh Stadium, Jaipur",Jaipur,Rajasthan Royals,Sunrisers Hyderabad,Rajasthan Royals,1,1504.5379810009792,1458.168224220723,46.36975678025624,0.6,0.6,0.0,0.3333333333333333,0.3333333333333333,0.0,0.4,0.4,0.0,-0.1200000000000001,0.8571428571428571,0,1,bat,0.47368421052631576,0.3157894736842105,153.6315789473684,0.6842105263157895,19,0.7368421052631579,0.0,20,0,84.91703742024158,82.82531818053903,2.091719239702556,67.77398379920358,63.511935595268916,4.262048203934661,1,1,0.6060606060606061,0.3448275862068966,0.2612330198537095,0.6060606060606061,0.0,0.6060606060606061,1,1,0.6842105263157895,4,0,0.7,0.7,0.47368421052631576,0.6153846153846154
548327,21.0,2012,2012-04-17,"M Chinnaswamy Stadium, Bengaluru",Bangalore,Royal Challengers Bengaluru,Pune Warriors,Royal Challengers Bengaluru,1,1511.7729860867862,1478.2689270331136,33.50405905367256,0.2,0.6,-0.39999999999999997,0.0,0.6666666666666666,-0.6666666666666666,0.4,0.5,-0.09999999999999998,-0.28,1.0,0,1,bat,0.5217391304347826,0.4782608695652174,159.2173913043478,0.5217391304347826,23,0.4782608695652174,0.0,21,0,84.27684912532705,79.420346446669,4.856502678658046,51.385990628234985,67.35853593004049,-15.972545301805503,1,1,0.5238095238095238,0.625,-0.10119047619047616,0.5238095238095238,0.0,0.5238095238095238,1,1,0.5217391304347826,4,0,0.36363636363636365,0.36363636363636365,0.5217391304347826,0.5263157894736842
548328,22.0,2012,2012-04-18,"PCA Stadium, Mohali",Chandigarh,Kings XI Punjab,Kolkata Knight Riders,Kolkata Knight Riders,0,1483.2790892537453,1476.604051286387,6.675037967358321,0.4,0.4,0.0,0.6666666666666666,0.6666666666666666,0.0,0.6,0.4,0.19999999999999996,-0.12,0.5,1,1,bat,0.4117647058823529,0.47058823529411764,171.76470588235293,0.5294117647058824,17,0.6470588235294118,0.5,22,0,74.8728977467188,86.7104767809723,-11.837579034253494,69.16026426209511,72.36555802269531,-3.205293760600199,0,0,0.53125,0.5185185185185185,0.01273148148148151,0.0,0.5185185185185185,-0.5185185185185185,1,0,0.47058823529411764,4,0,0.625,0.375,0.4117647058823529,0.4117647058823529
548321,23.0,2012,2012-04-19,"Arun Jaitley Stadium, Delhi",Delhi,Delhi Capitals,Sunrisers Hyderabad,Delhi Capitals,1,1494.6347692700479,1447.7603370019774,46.87443226807045,0.6,0.4,0.19999999999999996,0.6666666666666666,0.0,0.6666666666666666,0.5,0.3,0.2,-0.14999999999999997,0.5555555555555556,0,1,bat,0.5,0.5,162.75,0.5,20,0.45,0.6666666666666666,23,0,90.1981581026145,84.45798260459534,5.7401754980191555,63.780003085171245,62.75926966403156,1.0207334211396883,1,0,0.5714285714285714,0.3448275862068966,0.22660098522167482,0.5714285714285714,0.0,0.5714285714285714,1,1,0.5,4,0,0.45454545454545453,0.45454545454545453,0.5,0.5
548330,24.0,2012,2012-04-19,"MA Chidambaram Stadium, Chennai",Chennai,Chennai Super Kings,Pune Warriors,Chennai Super Kings,1,1563.6294291321701,1467.4225425460593,96.20688658611084,0.4,0.6,-0.19999999999999996,0.3333333333333333,0.3333333333333333,0.0,0.6,0.5,0.09999999999999998,-0.35,0.6666666666666666,0,0,field,0.5416666666666666,0.64,166.4,0.36,24,0.6666666666666666,0.0,24,0,87.11248226735384,81.2684117550879,5.844070512265944,59.16255387560807,56.175406079026835,2.987147796581233,0,1,0.625,0.625,0.0,0.0,0.625,-0.625,1,0,0.64,4,0,0.45454545454545453,0.5454545454545454,0.6111111111111112,0.5416666666666666
548331,25.0,2012,2012-04-20,"PCA Stadium, Mohali",Chandigarh,Kings XI Punjab,Royal Challengers Bengaluru,Royal Challengers Bengaluru,0,1471.04856997179,1522.6193705738406,-51.57080060205067,0.4,0.4,0.0,0.6666666666666666,0.3333333333333333,0.3333333333333333,0.6,0.4,0.19999999999999996,-0.10999999999999999,0.5,0,0,field,0.3888888888888889,0.4444444444444444,169.11111111111111,0.5555555555555556,18,0.6111111111111112,0.5,25,0,71.35395589316848,84.08288014930831,-12.728924256139834,63.61791159151409,50.09142542471659,13.526486166797497,0,0,0.53125,0.5348837209302325,-0.003633720930232509,0.0,0.5348837209302325,-0.5348837209302325,1,0,0.4444444444444444,4,0,0.6666666666666666,0.33333333333333337,0.3888888888888889,0.3888888888888889
548332,26.0,2012,2012-04-21,"MA Chidambaram Stadium, Chennai",Chennai,Chennai Super Kings,Rajasthan Royals,Chennai Super Kings,1,1572.3889634814445,1514.9458682197248,57.44309526171969,0.6,0.6,0.0,0.6666666666666666,0.6666666666666666,0.0,0.6,0.5,0.09999999999999998,0.08000000000000007,0.5555555555555556,0,1,bat,0.52,0.6538461538461539,166.30769230769232,0.34615384615384615,25,0.68,0.3333333333333333,26,0,87.86434933919479,86.70712597125168,1.1572233679431037,60.741429059746395,57.993031637285725,2.7483974224606698,1,0,0.625,0.6176470588235294,0.007352941176470562,0.625,0.0,0.625,0,0,0.34615384615384615,4,0,0.4166666666666667,0.4166666666666667,0.6111111111111112,0.52
548333,27.0,2012,2012-04-21,"Arun Jaitley Stadium, Delhi",Delhi,Delhi Capitals,Pune Warriors,Pune Warriors,0,1505.0255357611397,1458.6630081967849,46.36252756435488,0.8,0.4,0.4,1.0,0.3333333333333333,0.6666666666666667,0.5,0.5,0.0,0.19999999999999996,1.0,1,0,field,0.47619047619047616,0.47619047619047616,162.47619047619048,0.5238095238095238,21,0.47619047619047616,0.5,27,0,90.51121182941145,82.58567573408263,7.925536095328823,62.83724953722037,50.29552960254546,12.541719934674916,1,1,0.5833333333333334,0.5555555555555556,0.02777777777777779,0.5833333333333334,0.0,0.5833333333333334,0,0,0.5238095238095238,4,0,0.5,0.5,0.45454545454545453,0.5
548335,29.0,2012,2012-04-22,"Barabati Stadium, Cuttack",Cuttack,Sunrisers Hyderabad,Kolkata Knight Riders,Kolkata Knight Riders,0,1437.3695705108855,1488.8345705683423,-51.46500005745679,0.2,0.6,-0.39999999999999997,0.0,0.6666666666666666,-0.6666666666666666,0.3,0.4,-0.10000000000000003,-0.18000000000000005,0.25,0,0,field,0.5,1.0,170.5,0.0,2,1.0,0.5,28,0,85.47852061801127,84.67273839631382,0.8057822216974557,60.478964342251594,71.8850433221371,-11.4060789798855,0,1,0.3448275862068966,0.5357142857142857,-0.19088669950738912,0.0,0.5357142857142857,-0.5357142857142857,0,0,1.0,4,0,0.5,0.5,0.5,0.5
548334,28.0,2012,2012-04-22,"Wankhede Stadium, Mumbai",Mumbai,Mumbai Indians,Kings XI Punjab,Kings XI Punjab,0,1547.6962666162929,1460.816795352914,86.87947126337895,0.6,0.4,0.19999999999999996,0.6666666666666666,0.3333333333333333,0.3333333333333333,0.5,0.5,0.0,0.22000000000000003,0.375,1,1,bat,0.3888888888888889,0.4444444444444444,149.44444444444446,0.5555555555555556,18,0.5333333333333333,0.3333333333333333,29,0,81.83031047491986,70.96149870416295,10.868811770756906,69.33583096097779,61.9723422291673,7.3634887318104845,0,0,0.5517241379310345,0.53125,0.020474137931034475,0.0,0.53125,-0.53125,0,0,0.4444444444444444,4,0,0.5714285714285714,0.4285714285714286,0.3888888888888889,0.46153846153846156
548336,30.0,2012,2012-04-23,"Sawai Mansingh Stadium, Jaipur",Jaipur,Rajasthan Royals,Royal Challengers Bengaluru,Royal Challengers Bengaluru,0,1504.9119999389413,1532.8511451927166,-27.939145253775223,0.4,0.4,0.0,0.6666666666666666,0.6666666666666666,0.0,0.5,0.5,0.0,0.12,0.5,1,0,field,0.45,0.3,155.75,0.7,20,0.75,0.6666666666666666,30,0,85.64419761456175,84.77933470742182,0.8648629071399228,59.571916989936476,50.53329570411148,9.038621285824995,1,1,0.6176470588235294,0.5454545454545454,0.07219251336898402,0.6176470588235294,0.0,0.6176470588235294,0,0,0.7,4,0,0.7272727272727273,0.7272727272727273,0.45,0.6153846153846154
548337,31.0,2012,2012-04-24,"Subrata Roy Sahara Stadium, Pune",Pune,Pune Warriors,Delhi Capitals,Delhi Capitals,0,1472.2548756843378,1491.4336682735868,-19.178792589249042,0.4,0.6,-0.19999999999999996,0.3333333333333333,0.6666666666666666,-0.3333333333333333,0.5,0.5,0.0,-0.24000000000000005,0.5,1,1,bat,0.5,0.5,160.5,0.5,2,1.0,0.5,31,0,82.02070020505053,91.54967812502059,-9.52897791997006,67.94581099547987,55.58224864481343,12.363562350666442,0,1,0.5555555555555556,0.5675675675675675,-0.012012012012011963,0.0,0.5675675675675675,-0.5675675675675675,0,0,0.5,4,0,0.5,0.5,0.5,0.5
548339,33.0,2012,2012-04-25,"PCA Stadium, Mohali",Chandigarh,Kings XI Punjab,Mumbai Indians,Mumbai Indians,0,1475.7564872960186,1532.7565746731882,-57.00008737716962,0.6,0.4,0.19999999999999996,0.3333333333333333,0.3333333333333333,0.0,0.5,0.5,0.0,0.22999999999999993,0.6666666666666666,1,1,bat,0.42105263157894735,0.42105263157894735,168.78947368421052,0.5789473684210527,19,0.5789473684210527,0.0,32,0,83.26641877879048,84.12837932107809,-0.8619605422876049,62.643189519038344,62.89315490065466,-0.2499653816163132,0,0,0.5454545454545454,0.5517241379310345,-0.006269592476489061,0.0,0.5517241379310345,-0.5517241379310345,0,0,0.42105263157894735,4,0,0.7,0.30000000000000004,0.42105263157894735,0.5
548341,35.0,2012,2012-04-26,"Subrata Roy Sahara Stadium, Pune",Pune,Pune Warriors,Sunrisers Hyderabad,Sunrisers Hyderabad,0,1460.9166157090845,1427.1342208531648,33.78239485591962,0.4,0.0,0.4,0.3333333333333333,0.0,0.3333333333333333,0.4,0.3,0.10000000000000003,0.47,0.5,0,1,bat,0.3333333333333333,0.3333333333333333,155.66666666666666,0.6666666666666666,3,0.6666666666666666,0.5,33,0,84.49410569584984,84.02610888408694,0.46799681176290164,65.4090909090909,51.058809219728765,14.350281689362141,1,1,0.5555555555555556,0.3448275862068966,0.210727969348659,0.5555555555555556,0.0,0.5555555555555556,0,0,0.6666666666666666,4,0,0.6666666666666666,0.6666666666666666,0.3333333333333333,0.3333333333333333
548342,36.0,2012,2012-04-27,"Arun Jaitley Stadium, Delhi",Delhi,Delhi Capitals,Mumbai Indians,Delhi Capitals,1,1502.7719282488401,1542.8053362542262,-40.033408005386036,0.8,0.6,0.20000000000000007,0.6666666666666666,0.3333333333333333,0.3333333333333333,0.5,0.6,-0.09999999999999998,0.20000000000000007,0.4444444444444444,0,0,field,0.45454545454545453,0.5,163.8181818181818,0.5,22,0.45454545454545453,0.6666666666666666,34,0,92.47749639207936,85.56448752984329,6.913008862236069,53.498350810112235,67.91235944051458,-14.414008630402343,0,1,0.5789473684210527,0.5666666666666667,0.012280701754386003,0.0,0.5666666666666667,-0.5666666666666667,0,0,0.5,4,0,0.46153846153846156,0.5384615384615384,0.45454545454545453,0.45454545454545453
548344,38.0,2012,2012-04-28,"Eden Gardens, Kolkata",Kolkata,Kolkata Knight Riders,Royal Challengers Bengaluru,Kolkata Knight Riders,1,1499.069920226063,1543.8882359985644,-44.818315772501364,0.8,0.6,0.20000000000000007,0.6666666666666666,1.0,-0.33333333333333337,0.5,0.5,0.0,0.3999999999999999,0.4444444444444444,1,1,bat,0.5416666666666666,0.3333333333333333,142.58333333333334,0.6666666666666666,24,0.5833333333333334,0.3333333333333333,35,0,85.15345707706511,84.2022397951552,0.9512172819099192,67.74887209142788,59.87539404212447,7.873478049303415,0,0,0.5517241379310345,0.5454545454545454,0.006269592476489061,0.0,0.5454545454545454,-0.5454545454545454,0,0,0.33333333333333337,4,0,0.6666666666666666,0.33333333333333337,0.4,0.5416666666666666
548343,37.0,2012,2012-04-28,"MA Chidambaram Stadium, Chennai",Chennai,Chennai Super Kings,Kings XI Punjab,Kings XI Punjab,0,1582.422831762228,1465.7077257149806,116.71510604724745,0.6,0.4,0.19999999999999996,0.6666666666666666,0.3333333333333333,0.3333333333333333,0.6,0.4,0.19999999999999996,-0.019999999999999962,0.75,0,1,bat,0.5,0.6296296296296297,165.55555555555554,0.37037037037037035,26,0.6923076923076923,0.5,36,0,90.33885882666371,89.65606822834005,0.6827905983236633,55.47203713250817,58.526310033489665,-3.054272900981495,1,0,0.64,0.5454545454545454,0.0945454545454546,0.64,0.0,0.64,0,0,0.37037037037037035,4,0,0.46153846153846156,0.46153846153846156,0.5789473684210527,0.5
548346,40.0,2012,2012-04-29,"Wankhede Stadium, Mumbai",Mumbai,Mumbai Indians,Sunrisers Hyderabad,Mumbai Indians,1,1529.4287183449921,1440.2973601630808,89.13135818191131,0.4,0.2,0.2,0.3333333333333333,0.3333333333333333,0.0,0.5,0.4,0.09999999999999998,0.38999999999999996,0.5555555555555556,1,0,field,0.3684210526315789,0.42105263157894735,150.1578947368421,0.5789473684210527,19,0.5,1.0,37,0,83.75296907909836,85.39486012432621,-1.641891045227851,73.0931435456938,64.7295658271268,8.363577718567,1,1,0.5483870967741935,0.3448275862068966,0.20355951056729693,0.5483870967741935,0.0,0.5483870967741935,0,0,0.5789473684210527,4,0,0.625,0.625,0.3684210526315789,0.46153846153846156
548345,39.0,2012,2012-04-29,"Arun Jaitley Stadium, Delhi",Delhi,Delhi Capitals,Rajasthan Royals,Delhi Capitals,1,1516.1485461580742,1493.8749091330935,22.273637024980644,0.8,0.4,0.4,0.6666666666666666,0.3333333333333333,0.3333333333333333,0.6,0.5,0.09999999999999998,0.3499999999999999,0.5,1,1,bat,0.43478260869565216,0.5217391304347826,165.69565217391303,0.4782608695652174,23,0.4782608695652174,0.0,38,0,92.31962206086617,89.00500754111165,3.314614519754514,53.83861030091281,58.92564552702802,-5.087035226115205,0,1,0.5789473684210527,0.6,-0.021052631578947323,0.0,0.6,-0.6,0,0,0.5217391304347826,4,0,0.42857142857142855,0.5714285714285714,0.45454545454545453,0.4166666666666667
548347,41.0,2012,2012-04-30,"MA Chidambaram Stadium, Chennai",Chennai,Chennai Super Kings,Kolkata Knight Riders,Kolkata Knight Riders,0,1566.5367302285122,1512.6093605286405,53.92736969987163,0.6,0.8,-0.20000000000000007,0.6666666666666666,1.0,-0.33333333333333337,0.6,0.5,0.09999999999999998,-0.07999999999999996,0.7142857142857143,1,1,bat,0.5185185185185185,0.6428571428571429,165.21428571428572,0.35714285714285715,27,0.6666666666666666,0.0,39,0,88.82078224015602,86.05740761903408,2.7633746211219403,51.28772731069083,65.59702431985947,-14.309297009168638,0,1,0.6153846153846154,0.5517241379310345,0.06366047745358094,0.0,0.5517241379310345,-0.5517241379310345,0,0,0.6428571428571428,4,0,0.42857142857142855,0.5714285714285714,0.6,0.5185185185185185
548348,42.0,2012,2012-05-01,"Barabati Stadium, Cuttack",Cuttack,Sunrisers Hyderabad,Pune Warriors,Sunrisers Hyderabad,1,1431.310044994237,1447.7534763991684,-16.443431404931516,0.2,0.2,0.0,0.3333333333333333,0.3333333333333333,0.0,0.4,0.4,0.0,-0.08000000000000002,0.6666666666666666,1,1,bat,0.6666666666666666,0.6666666666666666,155.66666666666666,0.3333333333333333,3,0.6666666666666666,0.5,40,0,83.29955802553783,79.66957589522997,3.629982130307866,68.42632805790701,59.7994251819238,8.626902875983212,0,1,0.3448275862068966,0.5,-0.15517241379310343,0.0,0.5,-0.5,0,0,0.6666666666666667,5,0,0.5,0.5,0.6666666666666666,0.6666666666666666
548349,43.0,2012,2012-05-01,"Sawai Mansingh Stadium, Jaipur",Jaipur,Rajasthan Royals,Delhi Capitals,Delhi Capitals,0,1482.6431611045953,1527.3802941865724,-44.73713308197716,0.4,0.8,-0.4,0.0,1.0,-1.0,0.5,0.7,-0.19999999999999996,-0.15000000000000002,0.4444444444444444,1,1,bat,0.42857142857142855,0.3333333333333333,157.33333333333334,0.6666666666666666,21,0.7142857142857143,0.0,41,0,85.75950770192473,92.37450587942581,-6.614998177501079,53.10421198426968,53.39745797372512,-0.29324598945543556,0,0,0.5833333333333334,0.5789473684210527,0.004385964912280715,0.0,0.5789473684210527,-0.5789473684210527,0,0,0.33333333333333337,5,0,0.6666666666666666,0.33333333333333337,0.42857142857142855,0.5714285714285714
548350,44.0,2012,2012-05-02,"M Chinnaswamy Stadium, Bengaluru",Bangalore,Royal Challengers Bengaluru,Kings XI Punjab,Kings XI Punjab,0,1530.3487956959868,1481.5938272486965,48.754968447290366,0.6,0.4,0.19999999999999996,0.6666666666666666,0.6666666666666666,0.0,0.5,0.4,0.09999999999999998,0.29000000000000004,0.5555555555555556,0,0,field,0.5,0.4583333333333333,160.16666666666666,0.5416666666666666,24,0.5,0.3333333333333333,42,0,87.83527221266144,81.35687646379063,6.47839574887081,54.43397302350801,61.84464046262723,-7.410667439119223,0,0,0.5333333333333333,0.5454545454545454,-0.012121212121212088,0.0,0.5454545454545454,-0.5454545454545454,0,0,0.45833333333333337,5,0,0.75,0.25,0.5,0.5263157894736842
548351,45.0,2012,2012-05-03,"Subrata Roy Sahara Stadium, Pune",Pune,Pune Warriors,Mumbai Indians,Mumbai Indians,0,1435.18596406656,1538.416033513836,-103.23006944727604,0.2,0.4,-0.2,0.0,0.6666666666666666,-0.6666666666666666,0.4,0.5,-0.09999999999999998,-0.030000000000000027,0.3333333333333333,0,1,bat,0.5,0.5,161.0,0.5,4,0.5,0.5,43,0,86.31744323923239,81.79310068824125,4.524342550991136,55.67536083800358,73.1662537016075,-17.490892863603925,1,0,0.45454545454545453,0.5625,-0.10795454545454547,0.45454545454545453,0.0,0.45454545454545453,0,0,0.5,5,0,0.5,0.5,0.5,0.5
548352,46.0,2012,2012-05-04,"MA Chidambaram Stadium, Chennai",Chennai,Chennai Super Kings,Sunrisers Hyderabad,Chennai Super Kings,1,1552.6889598132648,1443.8775573268454,108.81140248641941,0.4,0.4,0.0,0.3333333333333333,0.6666666666666666,-0.3333333333333333,0.5,0.4,0.09999999999999998,0.16999999999999998,0.5555555555555556,1,1,bat,0.5,0.6206896551724138,164.31034482758622,0.3793103448275862,28,0.6428571428571429,0.6666666666666666,44,0,87.73601609440927,81.8803878640598,5.855628230349467,52.40072661664302,61.02081427344584,-8.620087656802824,0,1,0.6153846153846154,0.3448275862068966,0.27055702917771884,0.0,0.3448275862068966,-0.3448275862068966,0,0,0.6206896551724138,5,0,0.2727272727272727,0.7272727272727273,0.5714285714285714,0.5
548353,47.0,2012,2012-05-05,"Eden Gardens, Kolkata",Kolkata,Kolkata Knight Riders,Pune Warriors,Kolkata Knight Riders,1,1526.457130943888,1426.6500620753925,99.80706886849543,0.8,0.2,0.6000000000000001,1.0,0.0,1.0,0.6,0.3,0.3,0.30000000000000004,1.0,1,1,bat,0.56,0.36,144.48,0.64,25,0.6,0.5,45,0,81.1285865731559,85.20523771890888,-4.076651145752976,67.19347723133403,64.19314339223448,3.0003338390995538,0,0,0.5666666666666667,0.4166666666666667,0.14999999999999997,0.0,0.4166666666666667,-0.4166666666666667,0,0,0.36,5,0,0.7142857142857143,0.2857142857142857,0.4375,0.56
548354,48.0,2012,2012-05-05,"PCA Stadium, Mohali",Chandigarh,Kings XI Punjab,Rajasthan Royals,Rajasthan Royals,0,1495.2667972331778,1472.179843519709,23.0869537134688,0.6,0.2,0.39999999999999997,0.6666666666666666,0.0,0.6666666666666666,0.5,0.4,0.09999999999999998,0.10000000000000003,0.375,0,1,bat,0.4,0.4,168.75,0.6,20,0.55,0.3333333333333333,46,0,83.34009156559576,83.38841878908275,-0.04832722348699292,61.01971413071157,48.92153180733348,12.09818232337809,1,1,0.5588235294117647,0.5833333333333334,-0.02450980392156865,0.5588235294117647,0.0,0.5588235294117647,0,0,0.6,5,0,0.5,0.5,0.3,0.5
548355,49.0,2012,2012-05-06,"Wankhede Stadium, Mumbai",Mumbai,Mumbai Indians,Chennai Super Kings,Mumbai Indians,1,1546.9519355050036,1561.048984463753,-14.097048958749383,0.6,0.6,0.0,0.6666666666666666,0.3333333333333333,0.3333333333333333,0.6,0.5,0.09999999999999998,-0.22999999999999993,0.5555555555555556,1,0,field,0.4,0.4,147.65,0.6,20,0.5294117647058824,0.5,47,0,80.95688375746056,87.4508894560944,-6.494005698633842,72.84034814236861,51.87217193649894,20.968176205869675,1,1,0.5625,0.6153846153846154,-0.05288461538461542,0.5625,0.0,0.5625,0,0,0.6,5,0,0.5454545454545454,0.5454545454545454,0.4,0.5
548356,50.0,2012,2012-05-06,"M Chinnaswamy Stadium, Bengaluru",Bangalore,Royal Challengers Bengaluru,Sunrisers Hyderabad,Royal Challengers Bengaluru,1,1516.6758257115055,1435.5175326763572,81.15829303514829,0.6,0.4,0.19999999999999996,0.3333333333333333,0.3333333333333333,0.0,0.4,0.3,0.10000000000000003,0.43000000000000005,0.4444444444444444,1,0,field,0.52,0.44,160.08,0.56,25,0.48,0.5,48,0,87.12921323594244,81.23643605291052,5.892777183031924,52.14899971443433,60.62978897149751,-8.48078925706318,1,1,0.5333333333333333,0.3333333333333333,0.2,0.5333333333333333,0.0,0.5333333333333333,0,0,0.56,5,0,0.7777777777777778,0.7777777777777778,0.52,0.55
548357,51.0,2012,2012-05-07,"Arun Jaitley Stadium, Delhi",Delhi,Delhi Capitals,Kolkata Knight Riders,Kolkata Knight Riders,0,1537.8436117714587,1535.1017125967,2.7418991747586006,0.8,1.0,-0.19999999999999996,1.0,1.0,0.0,0.8,0.7,0.10000000000000009,-0.35,0.5714285714285714,1,1,bat,0.4583333333333333,0.5416666666666666,165.125,0.4583333333333333,24,0.5,0.5,49,0,87.50732628943032,84.0640612946902,3.443264994740119,52.70967468207126,67.60536076860728,-14.895686086536024,0,1,0.5897435897435898,0.5666666666666667,0.023076923076923106,0.0,0.5666666666666667,-0.5666666666666667,0,0,0.5416666666666667,5,0,0.8,0.19999999999999996,0.5,0.4166666666666667
548358,52.0,2012,2012-05-08,"Subrata Roy Sahara Stadium, Pune",Pune,Pune Warriors,Rajasthan Royals,Rajasthan Royals,0,1418.0054804225804,1484.9760670752264,-66.97058665264603,0.0,0.2,-0.2,0.0,0.3333333333333333,-0.3333333333333333,0.2,0.4,-0.2,-0.08,0.0,1,1,bat,0.6,0.6,152.8,0.4,5,0.4,0.5,50,0,84.36065668816393,86.04301889851004,-1.6823622103461133,56.098907179137676,61.08520267332633,-4.986295494188653,0,1,0.38461538461538464,0.5833333333333334,-0.19871794871794873,0.0,0.5833333333333334,-0.5833333333333334,0,0,0.6,5,0,0.0,1.0,0.6,0.6
548359,53.0,2012,2012-05-08,"Rajiv Gandhi Intl Stadium, Hyderabad",Hyderabad,Sunrisers Hyderabad,Kings XI Punjab,Kings XI Punjab,0,1426.2707453327428,1482.4705736776605,-56.199828344917705,0.4,0.6,-0.19999999999999996,0.3333333333333333,0.6666666666666666,-0.3333333333333333,0.2,0.5,-0.3,-0.12,0.375,1,0,field,0.42857142857142855,0.35714285714285715,167.35714285714286,0.6428571428571429,14,0.07142857142857142,1.0,51,0,81.95567421005553,82.97737138872021,-1.021697178664681,55.08260892471419,55.682907298936634,-0.6002983742224473,1,1,0.3333333333333333,0.5428571428571428,-0.2095238095238095,0.3333333333333333,0.0,0.3333333333333333,0,0,0.6428571428571429,5,0,0.625,0.625,0.42857142857142855,0.42857142857142855
548360,54.0,2012,2012-05-09,"Wankhede Stadium, Mumbai",Mumbai,Mumbai Indians,Royal Challengers Bengaluru,Royal Challengers Bengaluru,0,1559.4385633117154,1525.9226130551199,33.51595025659549,0.8,0.6,0.20000000000000007,1.0,0.3333333333333333,0.6666666666666667,0.6,0.5,0.09999999999999998,0.07000000000000006,0.5555555555555556,0,0,field,0.42857142857142855,0.38095238095238093,148.85714285714286,0.6190476190476191,21,0.5555555555555556,0.5,52,0,81.91062642855408,84.42662850154704,-2.5160020729929613,66.95973172816895,48.406348813253025,18.55338291491592,0,0,0.5757575757575758,0.5434782608695652,0.03227931488801061,0.0,0.5434782608695652,-0.5434782608695652,0,0,0.38095238095238093,5,0,0.5833333333333334,0.41666666666666663,0.42857142857142855,0.5333333333333333
548361,56.0,2012,2012-05-10,"Sawai Mansingh Stadium, Jaipur",Jaipur,Rajasthan Royals,Chennai Super Kings,Chennai Super Kings,0,1494.6912131784877,1548.5623566570412,-53.87114347855345,0.4,0.4,0.0,0.6666666666666666,0.3333333333333333,0.3333333333333333,0.4,0.5,-0.09999999999999998,-0.26999999999999996,0.4,0,0,field,0.4090909090909091,0.3181818181818182,156.5909090909091,0.6818181818181818,22,0.6818181818181818,0.5,53,0,85.27372032729174,86.27312881545774,-0.9994084881659973,60.11078761470075,53.89362370851063,6.217163906190116,0,0,0.5945945945945946,0.6153846153846154,-0.02079002079002079,0.0,0.6153846153846154,-0.6153846153846154,0,0,0.31818181818181823,5,0,0.7,0.30000000000000004,0.4090909090909091,0.5714285714285714
548329,55.0,2012,2012-05-10,"Rajiv Gandhi Intl Stadium, Hyderabad",Hyderabad,Sunrisers Hyderabad,Delhi Capitals,Delhi Capitals,0,1416.1950645447669,1525.7489118949516,-109.5538473501847,0.2,0.8,-0.6000000000000001,0.0,0.6666666666666666,-0.6666666666666666,0.2,0.7,-0.49999999999999994,-0.67,0.4,1,1,bat,0.4,0.4,167.53333333333333,0.6,15,0.06666666666666667,1.0,54,0,81.02078519506256,87.9530931404277,-6.932307945365139,56.93097073384721,53.24825802917159,3.682712704675623,0,0,0.3225806451612903,0.5897435897435898,-0.26716294458229944,0.0,0.5897435897435898,-0.5897435897435898,0,0,0.4,5,0,0.5555555555555556,0.4444444444444444,0.4,0.5
548362,57.0,2012,2012-05-11,"Subrata Roy Sahara Stadium, Pune",Pune,Pune Warriors,Royal Challengers Bengaluru,Royal Challengers Bengaluru,0,1408.290334319319,1539.0766354786206,-130.7863011593015,0.0,0.6,-0.6,0.0,0.6666666666666666,-0.6666666666666666,0.2,0.5,-0.3,-0.5499999999999999,0.0,1,0,field,0.5,0.5,148.16666666666666,0.5,6,0.3333333333333333,0.5,55,0,87.20620376649428,84.08981331460703,3.1163904518872556,60.571971138059915,53.66707962919502,6.904891508864893,1,0,0.38461538461538464,0.5531914893617021,-0.1685761047463175,0.38461538461538464,0.0,0.38461538461538464,0,0,0.5,5,0,0.5,0.5,0.5,0.5
548363,58.0,2012,2012-05-12,"Eden Gardens, Kolkata",Kolkata,Kolkata Knight Riders,Mumbai Indians,Mumbai Indians,0,1547.1964124732071,1546.2845408882147,0.9118715849924683,1.0,0.6,0.4,1.0,0.6666666666666666,0.33333333333333337,0.8,0.6,0.20000000000000007,0.42999999999999994,0.125,0,1,bat,0.5769230769230769,0.38461538461538464,144.69230769230768,0.6153846153846154,26,0.6153846153846154,0.6666666666666666,56,0,83.86290035155157,82.47838781511948,1.3845125364320978,74.92017288301616,67.21879773261065,7.701375150405511,1,1,0.5806451612903226,0.5757575757575758,0.004887585532746819,0.5806451612903226,0.0,0.5806451612903226,0,0,0.6153846153846154,5,0,0.625,0.625,0.47058823529411764,0.5769230769230769
548364,59.0,2012,2012-05-12,"MA Chidambaram Stadium, Chennai",Chennai,Chennai Super Kings,Delhi Capitals,Chennai Super Kings,1,1558.7164822292382,1534.0856679479443,24.63081428129385,0.4,0.8,-0.4,0.6666666666666666,0.6666666666666666,0.0,0.5,0.8,-0.30000000000000004,-0.6,0.5,1,0,field,0.5172413793103449,0.6333333333333333,164.16666666666666,0.36666666666666664,29,0.6551724137931034,0.6666666666666666,57,1,86.38417960736804,90.72889385217148,-4.344714244803441,60.03644407954753,66.36997345470249,-6.33352937515496,1,0,0.6296296296296297,0.6,0.029629629629629672,0.6296296296296297,0.0,0.6296296296296297,0,0,0.36666666666666664,5,0,0.25,0.25,0.5909090909090909,0.5172413793103449
548365,60.0,2012,2012-05-13,"Sawai Mansingh Stadium, Jaipur",Jaipur,Rajasthan Royals,Pune Warriors,Rajasthan Royals,1,1484.5370876062907,1400.6056055336278,83.9314820726629,0.4,0.0,0.4,0.6666666666666666,0.0,0.6666666666666666,0.4,0.1,0.30000000000000004,0.32,1.0,1,1,bat,0.43478260869565216,0.30434782608695654,155.2608695652174,0.6956521739130435,23,0.6521739130434783,0.0,58,1,83.3764580651915,83.88155270324206,-0.505094638050565,59.09065198325492,51.47423826504973,7.6164137182051945,0,0,0.5945945945945946,0.35714285714285715,0.23745173745173748,0.0,0.35714285714285715,-0.35714285714285715,0,0,0.30434782608695654,5,0,0.7272727272727273,0.2727272727272727,0.43478260869565216,0.6
548366,61.0,2012,2012-05-13,"PCA Stadium, Mohali",Chandigarh,Kings XI Punjab,Sunrisers Hyderabad,Kings XI Punjab,1,1492.5462544656364,1407.858308491774,84.68794597386227,0.6,0.2,0.39999999999999997,0.6666666666666666,0.0,0.6666666666666666,0.6,0.2,0.39999999999999997,0.18000000000000005,0.6666666666666666,0,1,bat,0.42857142857142855,0.42857142857142855,169.14285714285714,0.5714285714285714,21,0.5238095238095238,0.0,59,1,81.01905786212056,79.79098772576333,1.228070136357232,57.900291103312476,53.27804386944171,4.622247233870766,1,1,0.5428571428571428,0.3225806451612903,0.2202764976958525,0.5428571428571428,0.0,0.5428571428571428,0,0,0.5714285714285714,5,0,0.42857142857142855,0.42857142857142855,0.36363636363636365,0.5
548367,62.0,2012,2012-05-14,"M Chinnaswamy Stadium, Bengaluru",Bangalore,Royal Challengers Bengaluru,Mumbai Indians,Mumbai Indians,0,1546.7613642643119,1558.3160357446732,-11.554671480361321,0.6,0.8,-0.20000000000000007,1.0,0.6666666666666666,0.33333333333333337,0.6,0.6,0.0,-0.48,0.5,0,0,field,0.5384615384615384,0.4230769230769231,160.8846153846154,0.5769230769230769,26,0.5,1.0,60,1,84.19856072010757,83.40096846028078,0.7975922598267857,54.07085540389351,65.89679724581082,-11.825941841917306,0,0,0.5531914893617021,0.5757575757575758,-0.022566086395873652,0.0,0.5757575757575758,-0.5757575757575758,0,0,0.42307692307692313,5,0,0.8,0.19999999999999996,0.5384615384615384,0.5714285714285714
548368,63.0,2012,2012-05-14,"Eden Gardens, Kolkata",Kolkata,Kolkata Knight Riders,Chennai Super Kings,Chennai Super Kings,0,1535.1649176167487,1569.8671863751483,-34.70226875839967,0.8,0.6,0.20000000000000007,0.6666666666666666,0.6666666666666666,0.0,0.8,0.6,0.20000000000000007,0.47000000000000003,0.375,0,0,field,0.5925925925925926,0.4074074074074074,146.07407407407408,0.5925925925925926,27,0.5925925925925926,0.6666666666666666,61,1,78.98931646038731,85.14197038846392,-6.152653928076603,70.02888654436043,62.58045740065444,7.448429143705994,0,0,0.5625,0.6428571428571429,-0.0803571428571429,0.0,0.6428571428571429,-0.6428571428571429,0,0,0.40740740740740744,5,0,0.5555555555555556,0.4444444444444444,0.5,0.5925925925925926
548369,64.0,2012,2012-05-15,"Arun Jaitley Stadium, Delhi",Delhi,Delhi Capitals,Kings XI Punjab,Delhi Capitals,1,1522.9349638020342,1501.677821794929,21.25714200710513,0.6,0.8,-0.20000000000000007,0.3333333333333333,0.6666666666666666,-0.3333333333333333,0.7,0.6,0.09999999999999998,-0.07999999999999996,0.375,0,1,bat,0.44,0.52,164.64,0.48,25,0.48,0.6666666666666666,62,1,88.4232358337558,88.79175372194979,-0.3685178881939919,67.2793053451463,54.58351226862558,12.695793076520715,1,0,0.6,0.5555555555555556,0.0444444444444444,0.6,0.0,0.6,0,0,0.48,5,0,0.8333333333333334,0.8333333333333334,0.46153846153846156,0.4166666666666667
548370,65.0,2012,2012-05-16,"Wankhede Stadium, Mumbai",Mumbai,Mumbai Indians,Kolkata Knight Riders,Kolkata Knight Riders,0,1569.9170985979688,1524.3595216030253,45.557576994943474,0.8,0.6,0.20000000000000007,0.6666666666666666,0.3333333333333333,0.3333333333333333,0.6,0.7,-0.09999999999999998,-1.1102230246251565e-16,0.8888888888888888,1,0,field,0.45454545454545453,0.36363636363636365,148.5,0.6363636363636364,22,0.5263157894736842,0.0,63,1,84.07151149488445,79.69206402132939,4.379447473555061,65.20411128297542,74.35400283575879,-9.149891552783373,1,1,0.5882352941176471,0.5625,0.02573529411764708,0.5882352941176471,0.0,0.5882352941176471,0,0,0.6363636363636364,5,0,0.6153846153846154,0.6153846153846154,0.45454545454545453,0.5625
548372,67.0,2012,2012-05-17,"Arun Jaitley Stadium, Delhi",Delhi,Delhi Capitals,Royal Challengers Bengaluru,Royal Challengers Bengaluru,0,1534.2016828764242,1535.1603014110162,-0.9586185345920057,0.6,0.6,0.0,0.6666666666666666,0.6666666666666666,0.0,0.7,0.6,0.09999999999999998,0.05999999999999994,0.625,1,0,field,0.4230769230769231,0.5,163.53846153846155,0.5,26,0.5,0.3333333333333333,64,1,76.7532522221209,84.89715406679012,-8.143901844669216,59.42387583377516,51.970673767935644,7.45320206583952,1,0,0.6097560975609756,0.5531914893617021,0.05656460819927345,0.6097560975609756,0.0,0.6097560975609756,0,0,0.5,5,0,0.8571428571428571,0.8571428571428571,0.42857142857142855,0.4166666666666667
548371,66.0,2012,2012-05-17,"HPCA Stadium, Dharamsala",Dharamsala,Kings XI Punjab,Chennai Super Kings,Kings XI Punjab,1,1490.411102720539,1580.6725823888717,-90.26147966833264,0.6,0.8,-0.20000000000000007,0.6666666666666666,1.0,-0.33333333333333337,0.5,0.6,-0.09999999999999998,-0.07999999999999996,0.3333333333333333,1,0,field,0.6,0.6,193.2,0.4,5,0.4,1.0,65,1,85.17740533788336,86.67027654562642,-1.4928712077430646,55.45811560601887,64.72086452135714,-9.262748915338271,1,0,0.5555555555555556,0.6551724137931034,-0.09961685823754785,0.5555555555555556,0.0,0.5555555555555556,0,0,0.4,5,0,0.0,0.0,0.6,0.6
548373,68.0,2012,2012-05-18,"Rajiv Gandhi Intl Stadium, Hyderabad",Hyderabad,Sunrisers Hyderabad,Rajasthan Royals,Sunrisers Hyderabad,1,1398.7267411624814,1493.6933021918069,-94.96656102932548,0.0,0.6,-0.6,0.0,0.6666666666666666,-0.6666666666666666,0.2,0.5,-0.3,-0.53,0.125,0,1,bat,0.375,0.375,168.75,0.625,16,0.0625,1.0,66,1,79.78811449625489,84.2621908976084,-4.474076401353514,53.54429419868561,71.692848683619,-18.148554484933392,1,1,0.3225806451612903,0.5945945945945946,-0.2720139494333043,0.3225806451612903,0.0,0.3225806451612903,0,0,0.625,5,0,0.6,0.6,0.375,0.5
548374,69.0,2012,2012-05-19,"HPCA Stadium, Dharamsala",Dharamsala,Kings XI Punjab,Delhi Capitals,Delhi Capitals,0,1505.4603303570768,1522.2347923036205,-16.774461946543624,0.6,0.4,0.19999999999999996,0.6666666666666666,0.3333333333333333,0.3333333333333333,0.6,0.6,0.0,0.16000000000000003,0.5555555555555556,0,0,field,0.6666666666666666,0.5,181.0,0.5,6,0.5,0.0,67,1,85.47273570060472,83.70811300487452,1.7646226957301963,56.557089215378916,57.29186590328712,-0.7347766879082016,0,1,0.5675675675675675,0.5952380952380952,-0.02767052767052769,0.0,0.5952380952380952,-0.5952380952380952,0,0,0.5,5,0,0.25,0.75,0.6666666666666666,0.6666666666666666
548375,70.0,2012,2012-05-19,"Subrata Roy Sahara Stadium, Pune",Pune,Pune Warriors,Kolkata Knight Riders,Kolkata Knight Riders,0,1391.4493909481116,1537.9240679810737,-146.47467703296206,0.0,0.6,-0.6,0.0,0.3333333333333333,-0.3333333333333333,0.1,0.7,-0.6,-0.6799999999999999,0.0,0,1,bat,0.42857142857142855,0.5714285714285714,151.71428571428572,0.42857142857142855,7,0.2857142857142857,0.5,68,1,79.22689811939956,79.58865893554456,-0.36176081614499367,59.18360882010205,74.81492278644652,-15.631313966344464,1,0,0.3333333333333333,0.5625,-0.22916666666666669,0.3333333333333333,0.0,0.3333333333333333,0,0,0.42857142857142855,5,0,0.3333333333333333,0.3333333333333333,0.42857142857142855,0.42857142857142855
548376,71.0,2012,2012-05-20,"Rajiv Gandhi Intl Stadium, Hyderabad",Hyderabad,Sunrisers Hyderabad,Royal Challengers Bengaluru,Sunrisers Hyderabad,1,1413.9274532163017,1547.12719198382,-133.19973876751828,0.2,0.8,-0.6000000000000001,0.3333333333333333,0.6666666666666666,-0.3333333333333333,0.3,0.7,-0.39999999999999997,-0.8,0.5,0,0,field,0.35294117647058826,0.35294117647058826,166.23529411764707,0.6470588235294118,17,0.11764705882352941,0.5,69,1,83.47693164242624,85.83160233292729,-2.3546706905010524,55.177964832052886,51.228610469123275,3.9493543629296113,0,0,0.34375,0.5531914893617021,-0.20944148936170215,0.0,0.5531914893617021,-0.5531914893617021,0,0,0.3529411764705882,5,0,0.6363636363636364,0.36363636363636365,0.35294117647058826,0.5
548377,72.0,2012,2012-05-20,"Sawai Mansingh Stadium, Jaipur",Jaipur,Rajasthan Royals,Mumbai Indians,Mumbai Indians,0,1478.4925901379866,1556.3525522199204,-77.85996208193387,0.6,0.6,0.0,0.3333333333333333,0.6666666666666666,-0.3333333333333333,0.4,0.6,-0.19999999999999996,0.04999999999999993,0.5,1,1,bat,0.4583333333333333,0.3333333333333333,155.875,0.6666666666666666,24,0.6666666666666666,0.3333333333333333,70,1,82.76300417282707,83.46009649806044,-0.6970923252333705,66.58954264120347,63.15691517500793,3.432627466195534,0,0,0.5945945945945946,0.5714285714285714,0.02316602316602323,0.0,0.5714285714285714,-0.5714285714285714,0,0,0.33333333333333337,5,0,0.6666666666666666,0.33333333333333337,0.4583333333333333,0.6
548378,,2012,2012-05-22,"Subrata Roy Sahara Stadium, Pune",Pune,Delhi Capitals,Kolkata Knight Riders,Kolkata Knight Riders,0,1533.6558726705236,1545.1448591688334,-11.488986498309714,0.6,0.6,0.0,0.6666666666666666,0.6666666666666666,0.0,0.7,0.8,-0.10000000000000009,0.08000000000000007,0.5,0,1,bat,0.5,0.625,149.75,0.375,8,1.0,1.0,71,1,89.03552381795447,81.86444410171798,7.171079716236491,57.47472421904598,75.50015368999671,-18.025429470950726,1,0,0.6046511627906976,0.5625,0.04215116279069764,0.6046511627906976,0.0,0.6046511627906976,0,0,0.375,5,0,0.25,0.25,0.5,0.5
548379,,2012,2012-05-23,"M Chinnaswamy Stadium, Bengaluru",Bangalore,Chennai Super Kings,Mumbai Indians,Chennai Super Kings,1,1565.6233547523339,1565.707495423137,-0.0841406708032082,0.6,0.6,0.0,0.6666666666666666,0.6666666666666666,0.0,0.6,0.7,-0.09999999999999998,0.040000000000000036,0.4,0,0,field,0.5555555555555556,0.4074074074074074,161.25925925925927,0.5925925925925926,27,0.3333333333333333,1.0,72,1,85.63765009221174,88.06203703014181,-2.424386937930066,59.652094030001024,71.51381628183265,-11.861722251831623,0,0,0.6551724137931034,0.5833333333333334,0.07183908045977005,0.0,0.5833333333333334,-0.5833333333333334,0,0,0.40740740740740744,5,0,0.8181818181818182,0.18181818181818177,0.5555555555555556,0.5909090909090909
548380,,2012,2012-05-25,"MA Chidambaram Stadium, Chennai",Chennai,Delhi Capitals,Chennai Super Kings,Chennai Super Kings,0,1522.0525436314804,1577.6262608680915,-55.573717236611174,0.4,0.8,-0.4,0.3333333333333333,0.6666666666666666,-0.3333333333333333,0.6,0.6,0.0,-0.51,0.4444444444444444,1,0,field,0.5333333333333333,0.6129032258064516,162.5483870967742,0.3870967741935484,30,0.5,0.6666666666666666,73,1,82.62109922180733,87.13239279613826,-4.511293574330935,49.56206321980738,57.96492237811221,-8.402859158304835,1,0,0.5909090909090909,0.6551724137931034,-0.06426332288401249,0.5909090909090909,0.0,0.5909090909090909,0,0,0.3870967741935484,5,0,0.3076923076923077,0.3076923076923077,0.5909090909090909,0.5333333333333333
548381,,2012,2012-05-27,"MA Chidambaram Stadium, Chennai",Chennai,Kolkata Knight Riders,Chennai Super Kings,Kolkata Knight Riders,1,1556.7481882078766,1587.7230167387556,-30.974828530878995,0.6,0.8,-0.20000000000000007,1.0,0.6666666666666666,0.33333333333333337,0.8,0.6,0.20000000000000007,-0.3999999999999999,0.3333333333333333,0,1,bat,0.5161290322580645,0.625,164.40625,0.375,31,0.25,0.6774193548387096,74,1,87.91731415434958,88.47144622475997,-0.5541320704103896,72.23208338733731,59.39283722078536,12.839246166551952,1,0,0.5625,0.6551724137931034,-0.09267241379310343,0.5625,0.0,0.5625,0,0,0.375,5,0,0.2857142857142857,0.2857142857142857,0.5909090909090909,0.5161290322580645
597998,1.0,2013,2013-04-03,"Eden Gardens, Kolkata",Kolkata,Kolkata Knight Riders,Delhi Capitals,Kolkata Knight Riders,1,1569.8151954493385,1511.9557877608163,57.8594076885222,0.8,0.4,0.4,1.0,0.3333333333333333,0.6666666666666667,0.8,0.5,0.30000000000000004,0.09999999999999998,0.5555555555555556,1,0,field,0.6071428571428571,0.39285714285714285,146.5,0.6071428571428571,28,0.5714285714285714,0.3333333333333333,1,0,88.04482067639961,87.02366886240893,1.0211518139906843,73.54237991492893,48.25732783715994,25.285052077768988,1,1,0.5757575757575758,0.5777777777777777,-0.002020202020201922,0.5757575757575758,0.0,0.5757575757575758,1,1,0.6071428571428571,4,0,0.625,0.625,0.5,0.8
597999,2.0,2013,2013-04-04,"M Chinnaswamy Stadium, Bengaluru",Bangalore,Royal Challengers Bengaluru,Mumbai Indians,Royal Challengers Bengaluru,1,1530.7395250479995,1553.7045893073794,-22.965064259379915,0.6,0.6,0.0,0.3333333333333333,0.3333333333333333,0.0,0.6,0.6,0.0,0.0,0.4,0,0,field,0.5357142857142857,0.42857142857142855,162.17857142857142,0.5714285714285714,28,0.48148148148148145,0.8,2,0,85.22218854485948,83.68727389229616,1.534914652563316,53.23328072549949,49.79881816635548,3.434462559144009,0,0,0.5416666666666666,0.5675675675675675,-0.025900900900900914,0.0,0.5675675675675675,-0.5675675675675675,1,0,0.4285714285714286,4,0,0.4166666666666667,0.5833333333333333,0.5357142857142857,0.5652173913043478
598000,3.0,2013,2013-04-05,"Rajiv Gandhi Intl Stadium, Hyderabad",Hyderabad,Sunrisers Hyderabad,Pune Warriors,Sunrisers Hyderabad,1,1430.3151201521223,1384.228599760352,46.086520391770364,0.4,0.0,0.4,0.6666666666666666,0.0,0.6666666666666666,0.4,0.1,0.30000000000000004,0.2,0.75,0,0,field,0.3333333333333333,0.3888888888888889,164.33333333333334,0.6111111111111112,18,0.16666666666666666,1.0,3,0,80.1537987656096,75.27295796280146,4.880840802808137,55.6363164827365,55.78302235738945,-0.1467058746529517,0,0,0.34375,0.3125,0.03125,0.0,0.3125,-0.3125,1,0,0.38888888888888884,4,0,0.6666666666666666,0.33333333333333337,0.3333333333333333,0.45454545454545453
598001,4.0,2013,2013-04-06,"Arun Jaitley Stadium, Delhi",Delhi,Delhi Capitals,Rajasthan Royals,Rajasthan Royals,0,1501.9359096469811,1469.13764693477,32.798262712211226,0.2,0.4,-0.2,0.0,0.3333333333333333,-0.3333333333333333,0.4,0.3,0.10000000000000003,-0.30000000000000004,0.6,0,1,bat,0.4074074074074074,0.5185185185185185,165.44444444444446,0.48148148148148145,27,0.48148148148148145,0.0,4,0,84.2654989277684,86.48597384446441,-2.2204749166960056,55.84802528924187,53.74016074239788,2.1078645468439845,1,0,0.5777777777777777,0.5945945945945946,-0.016816816816816904,0.5777777777777777,0.0,0.5777777777777777,1,1,0.48148148148148145,4,0,0.4,0.4,0.42857142857142855,0.38461538461538464
598002,5.0,2013,2013-04-06,"MA Chidambaram Stadium, Chennai",Chennai,Chennai Super Kings,Mumbai Indians,Mumbai Indians,0,1574.6560094972938,1540.9125572273692,33.743452269924546,0.6,0.4,0.19999999999999996,0.6666666666666666,0.3333333333333333,0.3333333333333333,0.6,0.6,0.0,0.12,0.4,0,1,bat,0.5,0.6060606060606061,165.1818181818182,0.3939393939393939,32,0.65625,0.25,5,0,85.72766016227082,90.41784224867096,-4.690182086400142,53.59392584064678,62.10147379502218,-8.507547954375397,1,0,0.6551724137931034,0.5526315789473685,0.10254083484573495,0.6551724137931034,0.0,0.6551724137931034,1,1,0.3939393939393939,4,0,0.4666666666666667,0.4666666666666667,0.5652173913043478,0.5
598003,6.0,2013,2013-04-07,"Subrata Roy Sahara Stadium, Pune",Pune,Pune Warriors,Kings XI Punjab,Kings XI Punjab,0,1373.811101069046,1494.0392499901736,-120.22814892112774,0.0,0.6,-0.6,0.0,0.3333333333333333,-0.3333333333333333,0.0,0.6,-0.6,-0.72,0.75,1,1,bat,0.5555555555555556,0.6666666666666666,151.11111111111111,0.3333333333333333,9,0.25,0.0,6,0,70.6257476470739,86.537361915402,-15.911614268328108,61.873556998557,58.47633914147676,3.3972178570802427,0,1,0.29411764705882354,0.5675675675675675,-0.273449920508744,0.0,0.5675675675675675,-0.5675675675675675,1,0,0.6666666666666667,4,0,0.5,0.5,0.5555555555555556,0.5555555555555556
598004,7.0,2013,2013-04-07,"Rajiv Gandhi Intl Stadium, Hyderabad",Hyderabad,Sunrisers Hyderabad,Royal Challengers Bengaluru,Sunrisers Hyderabad,1,1440.7326188434283,1543.5315571280096,-102.79893828458125,0.6,0.6,0.0,1.0,0.6666666666666666,0.33333333333333337,0.4,0.6,-0.19999999999999996,-0.22999999999999998,0.6,0,1,bat,0.3157894736842105,0.42105263157894735,162.31578947368422,0.5789473684210527,19,0.21052631578947367,0.3333333333333333,7,0,77.8516994312522,83.3239119580583,-5.4722125268061035,71.0255996857396,55.01152399302688,16.01407569271273,1,1,0.34375,0.5416666666666666,-0.19791666666666663,0.34375,0.0,0.34375,1,1,0.5789473684210527,4,0,0.5714285714285714,0.5714285714285714,0.3157894736842105,0.4166666666666667
598005,8.0,2013,2013-04-08,"Sawai Mansingh Stadium, Jaipur",Jaipur,Rajasthan Royals,Kolkata Knight Riders,Rajasthan Royals,1,1482.2671057134414,1579.8350735631736,-97.56796784973221,0.4,1.0,-0.6,0.3333333333333333,1.0,-0.6666666666666667,0.4,0.8,-0.4,-0.6699999999999999,0.5,0,0,field,0.44,0.32,156.12,0.68,25,0.64,0.3333333333333333,8,0,92.69965269568051,88.35283450165483,4.346818194025687,65.73576917413749,76.23671187773355,-10.500942703596067,0,0,0.5945945945945946,0.5882352941176471,0.006359300476947549,0.0,0.5882352941176471,-0.5882352941176471,1,0,0.31999999999999995,4,0,0.6666666666666666,0.33333333333333337,0.2,0.6
598006,10.0,2013,2013-04-09,"Wankhede Stadium, Mumbai",Mumbai,Mumbai Indians,Delhi Capitals,Mumbai Indians,1,1554.0743641302172,1488.8064508683096,65.26791326190755,0.4,0.2,0.2,0.3333333333333333,0.0,0.3333333333333333,0.6,0.3,0.3,-0.019999999999999962,0.5,1,1,bat,0.43478260869565216,0.391304347826087,148.1304347826087,0.6086956521739131,23,0.5,0.3333333333333333,9,0,80.18071042271933,78.23281933814054,1.9478910845787851,75.27235514904987,66.74751790424669,8.52483724480318,0,0,0.5526315789473685,0.5652173913043478,-0.012585812356979309,0.0,0.5652173913043478,-0.5652173913043478,1,0,0.3913043478260869,4,0,0.6666666666666666,0.33333333333333337,0.43478260869565216,0.5294117647058824
598048,9.0,2013,2013-04-09,"M Chinnaswamy Stadium, Bengaluru",Bangalore,Royal Challengers Bengaluru,Sunrisers Hyderabad,Royal Challengers Bengaluru,1,1528.0811138536758,1456.1830621177621,71.89805173591367,0.4,0.8,-0.4,0.3333333333333333,1.0,-0.6666666666666667,0.5,0.5,0.0,-0.28,0.3,0,1,bat,0.5172413793103449,0.4482758620689655,161.9655172413793,0.5517241379310345,29,0.5,0.3333333333333333,10,0,89.93149849784822,74.22069064090749,15.710807856940733,71.00208863993828,74.59074806393146,-3.588659423993178,1,1,0.5416666666666666,0.36363636363636365,0.17803030303030298,0.5416666666666666,0.0,0.5416666666666666,1,1,0.5517241379310345,4,0,0.38461538461538464,0.38461538461538464,0.5172413793103449,0.5416666666666666
598007,11.0,2013,2013-04-10,"PCA Stadium, Mohali",Chandigarh,Kings XI Punjab,Chennai Super Kings,Chennai Super Kings,0,1502.0448953688835,1561.4942025944458,-59.44930722556228,0.6,0.4,0.19999999999999996,0.6666666666666666,0.3333333333333333,0.3333333333333333,0.6,0.6,0.0,0.18,0.4,0,0,field,0.4090909090909091,0.4090909090909091,170.0909090909091,0.5909090909090909,22,0.5454545454545454,0.5,11,0,90.03306392113267,87.60751881951464,2.4255451016180274,77.63081581668219,59.52636425838597,18.10445155829622,0,0,0.5789473684210527,0.6333333333333333,-0.05438596491228065,0.0,0.6333333333333333,-0.6333333333333333,1,0,0.40909090909090906,4,0,0.7272727272727273,0.2727272727272727,0.3333333333333333,0.5
598008,12.0,2013,2013-04-11,"M Chinnaswamy Stadium, Bengaluru",Bangalore,Royal Challengers Bengaluru,Kolkata Knight Riders,Royal Challengers Bengaluru,1,1537.632693996449,1564.5510721293936,-26.918378132944554,0.6,0.8,-0.20000000000000007,0.6666666666666666,0.6666666666666666,0.0,0.6,0.7,-0.09999999999999998,-0.29000000000000004,0.5,1,0,field,0.5,0.43333333333333335,161.93333333333334,0.5666666666666667,30,0.5172413793103449,0.5,12,0,86.79165824531678,79.39916524391678,7.392493001399998,62.10560048710337,74.76107921295359,-12.655478725850216,1,1,0.5510204081632653,0.5714285714285714,-0.020408163265306145,0.5510204081632653,0.0,0.5510204081632653,1,1,0.5666666666666667,4,0,0.42857142857142855,0.42857142857142855,0.5,0.5416666666666666
598009,13.0,2013,2013-04-11,"Subrata Roy Sahara Stadium, Pune",Pune,Pune Warriors,Rajasthan Royals,Pune Warriors,1,1365.805455690336,1497.5511071472215,-131.74565145688553,0.0,0.6,-0.6,0.0,0.6666666666666666,-0.6666666666666666,0.0,0.5,-0.5,-0.5499999999999999,0.0,0,1,bat,0.5,0.6,145.9,0.4,10,0.2222222222222222,1.0,13,0,69.65789638942977,87.12030885585496,-17.462412466425192,59.752838535733275,63.318643328571795,-3.56580479283852,1,0,0.29411764705882354,0.5945945945945946,-0.3004769475357711,0.29411764705882354,0.0,0.29411764705882354,1,1,0.4,4,0,0.6,0.6,0.5,0.5
598010,14.0,2013,2013-04-12,"Arun Jaitley Stadium, Delhi",Delhi,Delhi Capitals,Sunrisers Hyderabad,Sunrisers Hyderabad,0,1479.0345760562525,1446.631481974989,32.40309408126359,0.0,0.8,-0.8,0.0,0.6666666666666666,-0.6666666666666666,0.3,0.4,-0.10000000000000003,-0.92,0.6,1,1,bat,0.42857142857142855,0.5357142857142857,165.42857142857142,0.4642857142857143,28,0.4642857142857143,0.5,14,0,82.35063818076704,78.99435390706068,3.3562842737063505,50.75555386999472,62.94868446426608,-12.19313059427136,0,1,0.5531914893617021,0.36363636363636365,0.1895551257253385,0.0,0.36363636363636365,-0.36363636363636365,1,0,0.5357142857142857,4,0,0.375,0.625,0.4666666666666667,0.38461538461538464
598011,15.0,2013,2013-04-13,"Wankhede Stadium, Mumbai",Mumbai,Mumbai Indians,Pune Warriors,Mumbai Indians,1,1563.8462389422743,1382.1495481265226,181.6966908157517,0.6,0.2,0.39999999999999997,0.6666666666666666,0.3333333333333333,0.3333333333333333,0.6,0.1,0.5,0.4699999999999999,0.75,1,1,bat,0.4583333333333333,0.4166666666666667,150.66666666666666,0.5833333333333334,24,0.5238095238095238,0.5,15,0,86.49222798486167,73.73572533908668,12.756502645774987,70.14627065283152,64.70640283140283,5.439867821428692,0,0,0.5526315789473685,0.3333333333333333,0.21929824561403516,0.0,0.3333333333333333,-0.3333333333333333,1,0,0.41666666666666663,4,0,0.6,0.4,0.4583333333333333,0.5294117647058824
598012,16.0,2013,2013-04-13,"MA Chidambaram Stadium, Chennai",Chennai,Chennai Super Kings,Royal Challengers Bengaluru,Chennai Super Kings,1,1571.4607033971395,1550.5605659922965,20.900137404843008,0.6,0.6,0.0,0.3333333333333333,0.6666666666666666,-0.3333333333333333,0.6,0.7,-0.09999999999999998,0.22999999999999993,0.6,1,0,field,0.5151515151515151,0.6176470588235294,164.6764705882353,0.38235294117647056,33,0.6363636363636364,0.3333333333333333,16,0,87.8449908910116,85.15174354736196,2.693247343649645,76.54162890623239,57.805810938574325,18.735817967658065,1,0,0.6451612903225806,0.56,0.08516129032258057,0.6451612903225806,0.0,0.6451612903225806,1,1,0.38235294117647056,4,0,0.4375,0.4375,0.5833333333333334,0.5151515151515151
598013,17.0,2013,2013-04-14,"Eden Gardens, Kolkata",Kolkata,Kolkata Knight Riders,Sunrisers Hyderabad,Kolkata Knight Riders,1,1551.623200133546,1459.7474115817008,91.87578855184529,0.6,0.8,-0.20000000000000007,0.3333333333333333,0.6666666666666666,-0.3333333333333333,0.6,0.5,0.09999999999999998,-0.07999999999999996,0.7777777777777778,1,1,bat,0.6206896551724138,0.3793103448275862,145.86206896551724,0.6206896551724138,29,0.5862068965517241,0.0,17,0,81.062635809559,78.87102865544185,2.1916071541171505,70.74022045216411,65.44959160134641,5.290628850817697,0,0,0.5714285714285714,0.38235294117647056,0.18907563025210083,0.0,0.38235294117647056,-0.38235294117647056,1,0,0.3793103448275862,4,0,0.6470588235294118,0.3529411764705882,0.5,0.8181818181818182
598014,18.0,2013,2013-04-14,"Sawai Mansingh Stadium, Jaipur",Jaipur,Rajasthan Royals,Kings XI Punjab,Rajasthan Royals,1,1481.2070147110348,1492.07839456619,-10.871379855155055,0.4,0.4,0.0,0.6666666666666666,0.3333333333333333,0.3333333333333333,0.5,0.6,-0.09999999999999998,-0.04999999999999999,0.6666666666666666,1,0,field,0.4230769230769231,0.34615384615384615,155.65384615384616,0.6538461538461539,26,0.6538461538461539,0.0,18,0,91.4792612824943,85.62210422308944,5.857157059404869,71.94169291877824,59.58234642892708,12.359346489851163,1,1,0.5945945945945946,0.5789473684210527,0.015647226173541973,0.5945945945945946,0.0,0.5945945945945946,1,1,0.6538461538461539,4,0,0.6153846153846154,0.6153846153846154,0.2,0.5625
598015,19.0,2013,2013-04-15,"MA Chidambaram Stadium, Chennai",Chennai,Chennai Super Kings,Pune Warriors,Pune Warriors,0,1582.7397076982054,1375.909371151284,206.83033654692144,0.6,0.2,0.39999999999999997,0.6666666666666666,0.3333333333333333,0.3333333333333333,0.7,0.1,0.6,0.42999999999999994,0.75,0,1,bat,0.5294117647058824,0.6,164.68571428571428,0.4,34,0.6470588235294118,0.0,19,0,89.71602710775262,80.73863469185578,8.977392415896844,66.52992565757198,52.19771557271557,14.332210084856406,1,0,0.65625,0.3157894736842105,0.3404605263157895,0.65625,0.0,0.65625,1,1,0.4,4,0,0.47058823529411764,0.47058823529411764,0.5833333333333334,0.4
598017,21.0,2013,2013-04-16,"M Chinnaswamy Stadium, Bengaluru",Bangalore,Royal Challengers Bengaluru,Delhi Capitals,Royal Challengers Bengaluru,1,1539.2815616912305,1465.9186464495406,73.36291524168996,0.6,0.0,0.6,0.6666666666666666,0.0,0.6666666666666666,0.6,0.2,0.39999999999999997,0.67,0.4444444444444444,1,0,field,0.5161290322580645,0.41935483870967744,161.67741935483872,0.5806451612903226,31,0.5333333333333333,0.6666666666666666,20,0,86.5728983503177,85.11227507592494,1.4606232743927592,72.51538734222284,54.48893775518584,18.026449587037,1,1,0.56,0.5531914893617021,0.006808510638297904,0.56,0.0,0.56,1,1,0.5806451612903226,4,0,0.4666666666666667,0.4666666666666667,0.5161290322580645,0.56
598016,20.0,2013,2013-04-16,"PCA Stadium, Mohali",Chandigarh,Kings XI Punjab,Kolkata Knight Riders,Kings XI Punjab,1,1479.703032904029,1560.521878192125,-80.8188452880961,0.4,0.6,-0.19999999999999996,0.3333333333333333,0.3333333333333333,0.0,0.5,0.6,-0.09999999999999998,-0.1299999999999999,0.4444444444444444,0,0,field,0.43478260869565216,0.391304347826087,168.69565217391303,0.6086956521739131,23,0.5217391304347826,0.6666666666666666,21,0,83.51205126714551,83.83431776169206,-0.32226649454655387,56.93632260938224,71.27837854440021,-14.342055935017974,0,0,0.5789473684210527,0.5714285714285714,0.007518796992481258,0.0,0.5714285714285714,-0.5714285714285714,1,0,0.3913043478260869,4,0,0.75,0.25,0.3333333333333333,0.5454545454545454
598018,22.0,2013,2013-04-17,Maharashtra Cricket Association Stadium,Pune,Pune Warriors,Sunrisers Hyderabad,Sunrisers Hyderabad,0,1394.3137794433405,1450.8487335231218,-56.5349540797813,0.4,0.6,-0.19999999999999996,0.6666666666666666,0.3333333333333333,0.3333333333333333,0.2,0.5,-0.3,-0.43999999999999995,0.2,1,0,field,0.5,0.5,156.87134502923976,0.5,0,0.5,0.5,22,0,82.13569329953714,77.02242124403011,5.113272055507025,52.27907204880889,61.30786939357282,-9.02879734476393,1,0,0.3157894736842105,0.37142857142857144,-0.05563909774436093,0.3157894736842105,0.0,0.3157894736842105,1,1,0.5,4,0,0.5,0.5,0.5,0.5
598019,23.0,2013,2013-04-17,"Sawai Mansingh Stadium, Jaipur",Jaipur,Rajasthan Royals,Mumbai Indians,Rajasthan Royals,1,1493.5823763731958,1570.086415917513,-76.50403954431727,0.6,0.6,0.0,0.6666666666666666,1.0,-0.33333333333333337,0.6,0.6,0.0,0.13,0.4444444444444444,1,1,bat,0.4444444444444444,0.3333333333333333,154.4814814814815,0.6666666666666666,27,0.6666666666666666,0.5,23,0,86.43778316697534,89.20301126550797,-2.7652280985326314,64.01861892091445,69.46115799274402,-5.442539071829572,0,0,0.6052631578947368,0.5526315789473685,0.05263157894736836,0.0,0.5526315789473685,-0.5526315789473685,1,0,0.33333333333333337,4,0,0.6428571428571429,0.3571428571428571,0.2,0.5882352941176471
598020,24.0,2013,2013-04-18,"Arun Jaitley Stadium, Delhi",Delhi,Delhi Capitals,Chennai Super Kings,Chennai Super Kings,0,1456.4155126696267,1564.3352994061488,-107.91978673652216,0.0,0.4,-0.4,0.0,0.6666666666666666,-0.6666666666666666,0.2,0.6,-0.39999999999999997,-0.32,0.4,0,1,bat,0.41379310344827586,0.5172413793103449,163.6551724137931,0.4827586206896552,29,0.4482758620689655,0.6666666666666666,24,0,84.0547938259903,88.63843436641676,-4.583640540426458,58.2131868420399,58.999502231523934,-0.7863153894840309,1,0,0.5531914893617021,0.6363636363636364,-0.0831721470019342,0.5531914893617021,0.0,0.5531914893617021,1,1,0.4827586206896552,4,0,0.4117647058823529,0.4117647058823529,0.4375,0.38461538461538464
598021,25.0,2013,2013-04-19,"Rajiv Gandhi Intl Stadium, Hyderabad",Hyderabad,Sunrisers Hyderabad,Kings XI Punjab,Sunrisers Hyderabad,1,1460.9131388762362,1494.4451361225947,-33.531997246358515,0.6,0.4,0.19999999999999996,0.6666666666666666,0.3333333333333333,0.3333333333333333,0.6,0.5,0.09999999999999998,0.3,0.3,0,1,bat,0.3157894736842105,0.4,160.7,0.6,19,0.25,1.0,25,0,77.10438786222349,79.18784338554117,-2.0834555233176815,70.18882062628974,65.72128842464684,4.467532201642896,1,1,0.37142857142857144,0.5789473684210527,-0.2075187969924812,0.37142857142857144,0.0,0.37142857142857144,1,1,0.6,4,0,0.625,0.625,0.3157894736842105,0.4166666666666667
598022,26.0,2013,2013-04-20,"Eden Gardens, Kolkata",Kolkata,Kolkata Knight Riders,Chennai Super Kings,Chennai Super Kings,0,1545.7797749735594,1572.7233076225643,-26.943532649004965,0.4,0.6,-0.19999999999999996,0.3333333333333333,0.6666666666666666,-0.3333333333333333,0.6,0.6,0.0,-0.06000000000000005,0.4,1,1,bat,0.6333333333333333,0.4,147.0,0.6,30,0.6,0.75,26,0,88.32676777569347,88.6229275528248,-0.29615977713133645,71.72646744648273,76.47813672252526,-4.751669276042534,0,0,0.5555555555555556,0.6363636363636364,-0.08080808080808077,0.0,0.6363636363636364,-0.6363636363636364,0,0,0.4,4,0,0.6111111111111112,0.38888888888888884,0.5263157894736842,0.8181818181818182
598023,27.0,2013,2013-04-20,"M Chinnaswamy Stadium, Bengaluru",Bangalore,Royal Challengers Bengaluru,Rajasthan Royals,Royal Challengers Bengaluru,1,1548.7846954711445,1508.1828384852968,40.60185698584769,0.6,0.8,-0.20000000000000007,0.6666666666666666,0.6666666666666666,0.0,0.6,0.6,0.0,-0.2699999999999999,0.5555555555555556,1,0,field,0.5161290322580645,0.40625,161.375,0.59375,31,0.5483870967741935,0.6666666666666666,27,0,85.67941290812612,86.03011765320764,-0.35070474508151506,55.10977833411342,72.93345164152618,-17.823673307412754,1,1,0.5686274509803921,0.6052631578947368,-0.0366357069143447,0.5686274509803921,0.0,0.5686274509803921,0,0,0.59375,4,0,0.5,0.5,0.5161290322580645,0.56
598024,28.0,2013,2013-04-21,"Arun Jaitley Stadium, Delhi",Delhi,Delhi Capitals,Mumbai Indians,Delhi Capitals,1,1448.0275044532111,1555.485953805412,-107.45844935220089,0.0,0.6,-0.6,0.0,0.6666666666666666,-0.6666666666666666,0.1,0.6,-0.5,-0.5700000000000001,0.5,0,1,bat,0.43333333333333335,0.5333333333333333,163.83333333333334,0.4666666666666667,30,0.43333333333333335,0.5,28,0,87.44751268036119,89.185635308132,-1.7381226277708208,61.72279494910714,57.139245075340455,4.583549873766685,1,0,0.5416666666666666,0.5384615384615384,0.0032051282051281937,0.5416666666666666,0.0,0.5416666666666666,0,0,0.4666666666666667,4,0,0.3888888888888889,0.3888888888888889,0.47058823529411764,0.38461538461538464
598025,29.0,2013,2013-04-21,"PCA Stadium, Mohali",Chandigarh,Kings XI Punjab,Pune Warriors,Kings XI Punjab,1,1481.2905645839996,1384.2493740902262,97.04119049377346,0.4,0.4,0.0,0.3333333333333333,0.3333333333333333,0.0,0.5,0.2,0.3,0.09999999999999998,0.4,1,0,field,0.4166666666666667,0.4166666666666667,168.20833333333334,0.5833333333333334,24,0.5416666666666666,0.5,29,0,81.71433501903907,81.04616451947376,0.6681704995653064,59.56909405142596,66.03047964113182,-6.461385589705863,1,1,0.5789473684210527,0.3,0.27894736842105267,0.5789473684210527,0.0,0.5789473684210527,0,0,0.5833333333333334,4,0,0.6923076923076923,0.6923076923076923,0.3333333333333333,0.5
598026,30.0,2013,2013-04-22,"MA Chidambaram Stadium, Chennai",Chennai,Chennai Super Kings,Rajasthan Royals,Chennai Super Kings,1,1583.7945720197615,1497.5788278912578,86.21574412850373,0.8,0.6,0.20000000000000007,0.6666666666666666,0.6666666666666666,0.0,0.6,0.5,0.09999999999999998,0.1299999999999999,0.7,0,1,bat,0.5428571428571428,0.6111111111111112,164.52777777777777,0.3888888888888889,35,0.6285714285714286,0.25,30,0,81.7431990470163,90.34070143531883,-8.59750238830253,77.22033218326247,71.20877358035413,6.011558602908337,1,0,0.6470588235294118,0.6052631578947368,0.04179566563467496,0.6470588235294118,0.0,0.6470588235294118,0,0,0.3888888888888889,4,0,0.4444444444444444,0.4444444444444444,0.6,0.4
598027,31.0,2013,2013-04-23,"M Chinnaswamy Stadium, Bengaluru",Bangalore,Royal Challengers Bengaluru,Pune Warriors,Royal Challengers Bengaluru,1,1559.3887060651834,1375.5165369356555,183.87216912952795,0.8,0.4,0.4,0.6666666666666666,0.3333333333333333,0.3333333333333333,0.6,0.2,0.39999999999999997,0.2499999999999999,1.0,0,0,field,0.53125,0.3939393939393939,160.03030303030303,0.6060606060606061,32,0.5625,0.0,31,0,83.7501002943009,84.86610656170276,-1.1160062674018576,63.326212329604196,63.29696967844728,0.02924265115691327,0,0,0.5769230769230769,0.3,0.2769230769230769,0.0,0.3,-0.3,0,0,0.3939393939393939,4,0,0.5294117647058824,0.47058823529411764,0.53125,0.5769230769230769
598059,32.0,2013,2013-04-23,"Arun Jaitley Stadium, Delhi",Delhi,Delhi Capitals,Kings XI Punjab,Kings XI Punjab,0,1463.6250000551277,1490.0234017385703,-26.39840168344267,0.2,0.4,-0.2,0.3333333333333333,0.6666666666666666,-0.3333333333333333,0.2,0.5,-0.3,-0.2,0.5,0,0,field,0.41935483870967744,0.5161290322580645,163.74193548387098,0.4838709677419355,31,0.45161290322580644,0.5,32,0,84.3555900032939,83.55893137876453,0.7966586245293712,54.094587150050785,54.45332506432706,-0.35873791427627566,0,1,0.5510204081632653,0.5897435897435898,-0.038723181580324506,0.0,0.5897435897435898,-0.5897435897435898,0,0,0.5161290322580645,4,0,0.42105263157894735,0.5789473684210527,0.4444444444444444,0.38461538461538464
598029,33.0,2013,2013-04-24,"Eden Gardens, Kolkata",Kolkata,Kolkata Knight Riders,Mumbai Indians,Mumbai Indians,0,1534.7085105763622,1539.8884582034955,-5.179947627133288,0.2,0.6,-0.39999999999999997,0.3333333333333333,0.3333333333333333,0.0,0.6,0.5,0.09999999999999998,-0.6000000000000001,0.2,1,1,bat,0.6129032258064516,0.3870967741935484,146.09677419354838,0.6129032258064516,31,0.5806451612903226,0.75,33,0,83.34919483832553,89.99569229029272,-6.646497451967193,71.72491142575753,59.9097540742895,11.815157351468024,0,0,0.5555555555555556,0.5384615384615384,0.017094017094017144,0.0,0.5384615384615384,-0.5384615384615384,0,0,0.3870967741935484,4,0,0.631578947368421,0.368421052631579,0.5,0.8181818181818182
598030,34.0,2013,2013-04-25,"MA Chidambaram Stadium, Chennai",Chennai,Chennai Super Kings,Sunrisers Hyderabad,Chennai Super Kings,1,1592.8764387185975,1474.0677104148313,118.8087283037662,0.8,0.6,0.20000000000000007,1.0,0.6666666666666666,0.33333333333333337,0.7,0.7,0.0,0.3,0.6,0,1,bat,0.5277777777777778,0.5945945945945946,165.0810810810811,0.40540540540540543,36,0.6388888888888888,0.5,34,0,84.73502957523979,74.07236691639709,10.662662658842706,68.53945472932945,71.93529082326883,-3.39583609393938,1,0,0.6571428571428571,0.3888888888888889,0.26825396825396824,0.6571428571428571,0.0,0.6571428571428571,0,0,0.40540540540540543,4,0,0.47368421052631576,0.47368421052631576,0.5769230769230769,0.4
598031,35.0,2013,2013-04-26,"Eden Gardens, Kolkata",Kolkata,Kolkata Knight Riders,Kings XI Punjab,Kolkata Knight Riders,1,1522.8874063743501,1501.1133837705488,21.774022603801313,0.2,0.6,-0.39999999999999997,0.0,0.6666666666666666,-0.6666666666666666,0.5,0.5,0.0,-0.2,0.5,0,1,bat,0.59375,0.375,146.5,0.625,32,0.5625,0.5,35,0,82.12307385431909,83.130925643916,-1.0078517895969128,66.68588012077073,58.48949499054651,8.196385130224222,1,1,0.5555555555555556,0.6,-0.0444444444444444,0.5555555555555556,0.0,0.5555555555555556,0,0,0.625,4,0,0.65,0.65,0.47619047619047616,0.8181818181818182
598033,37.0,2013,2013-04-27,"Wankhede Stadium, Mumbai",Mumbai,Mumbai Indians,Royal Challengers Bengaluru,Mumbai Indians,1,1551.7095624055075,1565.5712295232875,-13.861667117779916,0.6,0.8,-0.20000000000000007,0.3333333333333333,1.0,-0.6666666666666667,0.5,0.7,-0.19999999999999996,-0.07000000000000006,0.5,1,1,bat,0.48,0.44,151.96,0.56,25,0.5454545454545454,0.6666666666666666,36,0,87.40047820899481,82.99672677803372,4.403751430961094,68.4687105250607,64.65048013648926,3.818230388571436,0,0,0.55,0.5769230769230769,-0.026923076923076827,0.0,0.5769230769230769,-0.5769230769230769,0,0,0.43999999999999995,4,0,0.5454545454545454,0.4545454545454546,0.48,0.5294117647058824
598032,36.0,2013,2013-04-27,"Sawai Mansingh Stadium, Jaipur",Jaipur,Rajasthan Royals,Sunrisers Hyderabad,Rajasthan Royals,1,1488.4969611924218,1466.0184127284929,22.478548463928973,0.4,0.6,-0.19999999999999996,0.3333333333333333,0.6666666666666666,-0.3333333333333333,0.5,0.7,-0.19999999999999996,-0.22000000000000003,0.7777777777777778,0,1,bat,0.4642857142857143,0.35714285714285715,155.35714285714286,0.6428571428571429,28,0.6785714285714286,0.0,37,0,91.61802076714626,81.04061036429458,10.577410402851683,66.06824462803121,69.57735972987443,-3.5091151018432214,1,1,0.6052631578947368,0.3888888888888889,0.21637426900584794,0.6052631578947368,0.0,0.6052631578947368,0,0,0.6428571428571429,4,0,0.6,0.6,0.2727272727272727,0.5882352941176471
598035,39.0,2013,2013-04-28,Shaheed Veer Narayan Singh International Stadium,Raipur,Delhi Capitals,Pune Warriors,Delhi Capitals,1,1452.5350180231492,1369.3340134775515,83.2010045455977,0.2,0.2,0.0,0.3333333333333333,0.0,0.3333333333333333,0.1,0.2,-0.1,-0.13,0.6666666666666666,0,0,field,0.5,0.5,156.96927374301677,0.5,0,0.5,0.5,38,0,82.62602007455959,80.7995471797236,1.8264728948359874,55.37932076127755,62.17701748192138,-6.797696720643835,0,1,0.5510204081632653,0.2857142857142857,0.26530612244897955,0.0,0.2857142857142857,-0.2857142857142857,0,0,0.5,4,0,0.5,0.5,0.5,0.5
598034,38.0,2013,2013-04-28,"MA Chidambaram Stadium, Chennai",Chennai,Chennai Super Kings,Kolkata Knight Riders,Chennai Super Kings,1,1600.9257364049358,1534.1363413167974,66.78939508813846,0.8,0.4,0.4,1.0,0.3333333333333333,0.6666666666666667,0.7,0.5,0.19999999999999996,0.22000000000000003,0.6,0,0,field,0.5135135135135135,0.5789473684210527,164.92105263157896,0.42105263157894735,37,0.6486486486486487,0.4,39,0,84.14802331289806,82.62266232599356,1.5253609869045022,65.8756440332595,66.60048035860403,-0.7248363253445262,0,1,0.6666666666666666,0.5675675675675675,0.09909909909909909,0.0,0.5675675675675675,-0.5675675675675675,0,0,0.5789473684210527,4,0,0.5,0.5,0.5555555555555556,0.4
598036,40.0,2013,2013-04-29,"Sawai Mansingh Stadium, Jaipur",Jaipur,Rajasthan Royals,Royal Challengers Bengaluru,Rajasthan Royals,1,1499.7216611055087,1553.09271836972,-53.37105726421123,0.6,0.6,0.0,0.3333333333333333,0.6666666666666666,-0.3333333333333333,0.5,0.6,-0.09999999999999998,0.10999999999999988,0.4,1,0,field,0.4482758620689655,0.3448275862068966,154.9655172413793,0.6551724137931034,29,0.6896551724137931,0.75,40,0,87.50684302225015,89.07896357832712,-1.5721205560769675,67.30863024940533,67.09462195153468,0.2140082978706488,1,1,0.6153846153846154,0.5660377358490566,0.04934687953555883,0.6153846153846154,0.0,0.6153846153846154,0,0,0.6551724137931034,4,0,0.625,0.625,0.25,0.5882352941176471
598037,41.0,2013,2013-04-29,"Wankhede Stadium, Mumbai",Mumbai,Mumbai Indians,Kings XI Punjab,Mumbai Indians,1,1564.188073559075,1489.8644488281016,74.3236247309735,0.6,0.6,0.0,0.6666666666666666,0.6666666666666666,0.0,0.6,0.5,0.09999999999999998,-0.1200000000000001,0.4,1,1,bat,0.5,0.46153846153846156,153.57692307692307,0.5384615384615384,26,0.5652173913043478,0.5,41,0,89.32009770677439,84.66438960150899,4.655708105265404,72.61825629724797,55.426442353062235,17.191813944185732,0,0,0.55,0.6,-0.04999999999999993,0.0,0.6,-0.6,0,0,0.46153846153846156,4,0,0.5,0.5,0.5,0.5294117647058824
598038,42.0,2013,2013-04-30,"Subrata Roy Sahara Stadium, Pune",Pune,Pune Warriors,Chennai Super Kings,Chennai Super Kings,0,1360.1539741752754,1610.6469143599204,-250.49294018464502,0.2,1.0,-0.8,0.0,1.0,-1.0,0.2,0.7,-0.49999999999999994,-0.65,0.4,0,1,bat,0.45454545454545453,0.5454545454545454,145.8181818181818,0.45454545454545453,11,0.3,0.0,42,0,84.94306127309224,94.74139796095983,-9.79833668786759,63.57671427221275,63.659371730027516,-0.08265745781476852,1,0,0.2727272727272727,0.6666666666666666,-0.3939393939393939,0.2727272727272727,0.0,0.2727272727272727,0,0,0.45454545454545453,4,0,0.6666666666666666,0.6666666666666666,0.5,0.45454545454545453
598039,43.0,2013,2013-05-01,"Rajiv Gandhi Intl Stadium, Hyderabad",Hyderabad,Sunrisers Hyderabad,Mumbai Indians,Sunrisers Hyderabad,1,1454.793712815406,1573.6594805145974,-118.86576769919134,0.4,0.6,-0.19999999999999996,0.3333333333333333,1.0,-0.6666666666666667,0.6,0.6,0.0,0.04999999999999999,0.4,0,1,bat,0.3,0.38095238095238093,158.9047619047619,0.6190476190476191,20,0.2857142857142857,1.0,43,0,85.541559028324,88.64650879439264,-3.1049497660686427,64.39907289525416,66.83383685868706,-2.4347639634329,1,1,0.3888888888888889,0.55,-0.16111111111111115,0.3888888888888889,0.0,0.3888888888888889,0,0,0.6190476190476191,5,0,0.5833333333333334,0.5833333333333334,0.3,0.4166666666666667
598040,44.0,2013,2013-05-01,Shaheed Veer Narayan Singh International Stadium,Raipur,Delhi Capitals,Kolkata Knight Riders,Delhi Capitals,1,1461.7150573254253,1524.4151633618128,-62.700106036387524,0.4,0.2,0.2,0.6666666666666666,0.3333333333333333,0.3333333333333333,0.2,0.4,-0.2,0.16000000000000003,0.4,0,1,bat,0.0,1.0,164.0,0.0,1,1.0,0.5,44,0,82.59831166213654,87.74497262562784,-5.1466609634913,53.5380622088014,62.961614930352454,-9.423552721551054,1,0,0.5510204081632653,0.5526315789473685,-0.001611170784103222,0.5510204081632653,0.0,0.5510204081632653,0,0,0.0,5,0,0.5,0.5,0.0,0.0
598041,45.0,2013,2013-05-02,"MA Chidambaram Stadium, Chennai",Chennai,Chennai Super Kings,Kings XI Punjab,Chennai Super Kings,1,1615.236747679397,1480.3930418725793,134.84370580681775,1.0,0.4,0.6,1.0,0.3333333333333333,0.6666666666666667,0.8,0.4,0.4,0.55,0.6,1,1,bat,0.5,0.5897435897435898,165.82051282051282,0.41025641025641024,38,0.6578947368421053,0.6666666666666666,45,0,92.46081200762765,87.54211407650158,4.918697931126076,66.32116268444143,49.78430678985415,16.536855894587283,0,1,0.6666666666666666,0.5853658536585366,0.08130081300813008,0.0,0.5853658536585366,-0.5853658536585366,0,0,0.5897435897435898,5,0,0.3333333333333333,0.6666666666666667,0.5555555555555556,0.36363636363636365
598042,46.0,2013,2013-05-02,"Subrata Roy Sahara Stadium, Pune",Pune,Pune Warriors,Royal Challengers Bengaluru,Royal Challengers Bengaluru,0,1355.5641408557988,1539.2637113411104,-183.6995704853116,0.0,0.6,-0.6,0.0,0.3333333333333333,-0.3333333333333333,0.2,0.6,-0.39999999999999997,-0.8,0.0,0,1,bat,0.5,0.5833333333333334,147.33333333333334,0.4166666666666667,12,0.2727272727272727,1.0,46,0,77.58526000574975,89.92491635250255,-12.339656346752804,58.523419013402645,64.23973364345875,-5.716314630056104,1,0,0.2608695652173913,0.5660377358490566,-0.3051681706316653,0.2608695652173913,0.0,0.2608695652173913,0,0,0.4166666666666667,5,0,0.2,0.2,0.5454545454545454,0.5
598043,47.0,2013,2013-05-03,"Eden Gardens, Kolkata",Kolkata,Kolkata Knight Riders,Rajasthan Royals,Kolkata Knight Riders,1,1510.2727855647704,1513.5506681341183,-3.2778825693478666,0.2,0.6,-0.39999999999999997,0.3333333333333333,0.6666666666666666,-0.3333333333333333,0.3,0.6,-0.3,-0.3499999999999999,0.5,0,1,bat,0.5757575757575758,0.36363636363636365,146.57575757575756,0.6363636363636364,33,0.5757575757575758,0.25,47,0,81.59881773890307,90.55810041626536,-8.959282677362296,61.299753792020276,62.265204819600434,-0.9654510275801584,1,1,0.5526315789473685,0.625,-0.07236842105263153,0.5526315789473685,0.0,0.5526315789473685,0,0,0.6363636363636364,5,0,0.6,0.6,0.45454545454545453,0.8181818181818182
598044,48.0,2013,2013-05-04,"Rajiv Gandhi Intl Stadium, Hyderabad",Hyderabad,Sunrisers Hyderabad,Delhi Capitals,Sunrisers Hyderabad,1,1470.7461715705751,1475.8574351224677,-5.1112635518925345,0.6,0.6,0.0,0.3333333333333333,0.6666666666666666,-0.3333333333333333,0.6,0.3,0.3,0.22999999999999993,0.5,0,1,bat,0.2857142857142857,0.36363636363636365,157.54545454545453,0.6363636363636364,21,0.3181818181818182,1.0,48,0,86.26513841876107,82.6699161828719,3.5952222358891675,61.55200550664822,52.96347197541777,8.588533531230453,1,1,0.40540540540540543,0.56,-0.15459459459459463,0.40540540540540543,0.0,0.40540540540540543,0,0,0.6363636363636364,5,0,0.6153846153846154,0.6153846153846154,0.2857142857142857,0.4166666666666667
598046,49.0,2013,2013-05-05,"Wankhede Stadium, Mumbai",Mumbai,Mumbai Indians,Chennai Super Kings,Mumbai Indians,1,1557.7070217594282,1622.799976557942,-65.0929547985138,0.6,1.0,-0.4,0.6666666666666666,1.0,-0.33333333333333337,0.6,0.9,-0.30000000000000004,-0.42999999999999994,0.6,1,1,bat,0.5185185185185185,0.48148148148148145,154.33333333333334,0.5185185185185185,27,0.5833333333333334,0.4,49,0,87.33395995582677,86.07527680555516,1.258683150271608,59.17785990920083,65.7470403804343,-6.569180471233466,0,0,0.55,0.6666666666666666,-0.11666666666666659,0.0,0.6666666666666666,-0.6666666666666666,0,0,0.4814814814814815,5,0,0.5714285714285714,0.4285714285714286,0.5,0.5294117647058824
598047,50.0,2013,2013-05-05,"Sawai Mansingh Stadium, Jaipur",Jaipur,Rajasthan Royals,Pune Warriors,Rajasthan Royals,1,1501.4374574399435,1349.3770559954328,152.06040144451072,0.4,0.0,0.4,0.6666666666666666,0.0,0.6666666666666666,0.6,0.2,0.39999999999999997,0.32,0.75,0,1,bat,0.4666666666666667,0.3333333333333333,155.5,0.6666666666666666,30,0.7,0.0,50,0,91.66788085737268,80.24512532581157,11.422755531561108,65.02040365657872,59.84884369197207,5.171559964606651,1,1,0.625,0.25,0.375,0.625,0.0,0.625,0,0,0.6666666666666666,5,0,0.6923076923076923,0.6923076923076923,0.25,0.6111111111111112
598064,51.0,2013,2013-05-06,"PCA Stadium, Mohali",Chandigarh,Kings XI Punjab,Royal Challengers Bengaluru,Kings XI Punjab,1,1472.8298129940342,1545.4507962014764,-72.62098320744212,0.4,0.6,-0.19999999999999996,0.0,0.3333333333333333,-0.3333333333333333,0.4,0.6,-0.19999999999999996,-0.07999999999999996,0.5,1,0,field,0.44,0.4,168.88,0.6,25,0.56,0.6666666666666666,51,0,88.77618550100644,90.54832903721793,-1.7721435362114875,48.97467012177407,65.91711135862595,-16.942441236851877,1,1,0.5714285714285714,0.5660377358490566,0.005390835579514808,0.5714285714285714,0.0,0.5714285714285714,0,0,0.6,5,0,0.5,0.5,0.3333333333333333,0.5384615384615384
598049,52.0,2013,2013-05-07,"Sawai Mansingh Stadium, Jaipur",Jaipur,Rajasthan Royals,Delhi Capitals,Rajasthan Royals,1,1508.496972106138,1463.6809110681247,44.81606103801323,0.6,0.6,0.0,0.6666666666666666,0.6666666666666666,0.0,0.6,0.3,0.3,-0.14,0.5,0,1,bat,0.45161290322580644,0.3225806451612903,156.2258064516129,0.6774193548387096,31,0.7096774193548387,0.3333333333333333,52,0,87.59500704426142,84.99441401122698,2.6005930330344427,58.33392584963347,63.92451920510232,-5.5905933554688545,1,1,0.6341463414634146,0.56,0.07414634146341459,0.6341463414634146,0.0,0.6341463414634146,0,0,0.6774193548387096,5,0,0.7142857142857143,0.7142857142857143,0.23076923076923078,0.6111111111111112
598050,53.0,2013,2013-05-07,"Wankhede Stadium, Mumbai",Mumbai,Mumbai Indians,Kolkata Knight Riders,Mumbai Indians,1,1571.9293118842807,1522.3859962589452,49.54331562533548,0.8,0.4,0.4,0.6666666666666666,0.3333333333333333,0.3333333333333333,0.7,0.3,0.39999999999999997,0.55,0.8,1,1,bat,0.5357142857142857,0.5,153.78571428571428,0.5,28,0.6,0.3333333333333333,53,0,88.10161294853518,81.63767727491975,6.463935673615424,63.86200700880076,61.39147107709042,2.4705359317103373,0,1,0.55,0.5641025641025641,-0.014102564102564052,0.0,0.5641025641025641,-0.5641025641025641,0,0,0.5,5,0,0.5333333333333333,0.4666666666666667,0.5454545454545454,0.5294117647058824
598051,54.0,2013,2013-05-08,"Rajiv Gandhi Intl Stadium, Hyderabad",Hyderabad,Sunrisers Hyderabad,Chennai Super Kings,Chennai Super Kings,0,1482.922695624918,1608.5776864330896,-125.65499080817153,0.6,0.8,-0.20000000000000007,0.6666666666666666,0.6666666666666666,0.0,0.6,0.8,-0.20000000000000007,-0.3700000000000001,0.3,1,0,field,0.2727272727272727,0.34782608695652173,154.17391304347825,0.6521739130434783,22,0.34782608695652173,1.0,54,0,83.94305706307316,86.1271239006765,-2.184066837603339,64.25182157558824,64.4336954551804,-0.1818738795921604,1,1,0.42105263157894735,0.6486486486486487,-0.22759601706970134,0.42105263157894735,0.0,0.42105263157894735,0,0,0.6521739130434783,5,0,0.6428571428571429,0.6428571428571429,0.1,0.4166666666666667
598053,56.0,2013,2013-05-09,"Subrata Roy Sahara Stadium, Pune",Pune,Pune Warriors,Kolkata Knight Riders,Kolkata Knight Riders,0,1342.3175413292383,1512.0856570787578,-169.76811574951944,0.0,0.4,-0.4,0.0,0.3333333333333333,-0.3333333333333333,0.2,0.3,-0.09999999999999998,-0.47,0.0,0,1,bat,0.5384615384615384,0.6153846153846154,150.3846153846154,0.38461538461538464,13,0.25,1.0,55,0,81.47377903340937,80.84996983050448,0.6238092029048943,59.326294880642706,60.992252722418506,-1.6659578417757999,1,0,0.25,0.55,-0.30000000000000004,0.25,0.0,0.25,0,0,0.38461538461538464,5,0,0.16666666666666666,0.16666666666666666,0.5833333333333334,0.5384615384615384
598052,55.0,2013,2013-05-09,"PCA Stadium, Mohali",Chandigarh,Kings XI Punjab,Rajasthan Royals,Rajasthan Royals,0,1487.3021523568073,1518.9576083977558,-31.655456040948593,0.4,0.8,-0.4,0.3333333333333333,0.6666666666666666,-0.3333333333333333,0.4,0.6,-0.19999999999999996,-0.36999999999999994,0.3,0,0,field,0.46153846153846156,0.38461538461538464,169.69230769230768,0.6153846153846154,26,0.5769230769230769,0.5,56,0,91.23389057243392,91.80634605972413,-0.5724554872902132,48.146233654485975,60.84183673469388,-12.695603080207903,0,0,0.5813953488372093,0.6428571428571429,-0.06146179401993357,0.0,0.6428571428571429,-0.6428571428571429,0,0,0.3846153846153846,5,0,0.5555555555555556,0.4444444444444444,0.3333333333333333,0.5714285714285714
598054,57.0,2013,2013-05-10,"Arun Jaitley Stadium, Delhi",Delhi,Delhi Capitals,Royal Challengers Bengaluru,Royal Challengers Bengaluru,0,1453.2202747765068,1530.9784568387033,-77.75818206219651,0.4,0.4,0.0,0.3333333333333333,0.3333333333333333,0.0,0.3,0.6,-0.3,-0.019999999999999962,0.5,1,0,field,0.4375,0.5,162.375,0.5,32,0.4375,0.5,57,1,84.92168938194513,91.66318126318126,-6.741491881236129,59.546733380139756,60.34270884466947,-0.795975464529711,1,0,0.56,0.5660377358490566,-0.006037735849056536,0.56,0.0,0.56,0,0,0.5,5,0,0.75,0.75,0.4444444444444444,0.42857142857142855
598055,58.0,2013,2013-05-11,"Subrata Roy Sahara Stadium, Pune",Pune,Pune Warriors,Mumbai Indians,Mumbai Indians,0,1335.7551004522015,1582.229651064468,-246.4745506122665,0.0,0.8,-0.8,0.0,0.6666666666666666,-0.6666666666666666,0.1,0.7,-0.6,-0.7999999999999999,0.2,1,1,bat,0.5714285714285714,0.6428571428571429,150.5,0.35714285714285715,14,0.23076923076923078,1.0,58,1,81.0651238419688,89.38162293621153,-8.31649909424273,56.121246455992214,70.43523380728035,-14.31398735128814,0,1,0.24,0.55,-0.31000000000000005,0.0,0.55,-0.55,0,0,0.6428571428571428,5,0,0.14285714285714285,0.8571428571428572,0.6153846153846154,0.5714285714285714
598056,59.0,2013,2013-05-11,"PCA Stadium, Mohali",Chandigarh,Kings XI Punjab,Sunrisers Hyderabad,Sunrisers Hyderabad,0,1476.3924776868791,1475.0828437141538,1.3096339727253508,0.2,0.4,-0.2,0.3333333333333333,0.6666666666666666,-0.3333333333333333,0.4,0.5,-0.09999999999999998,-0.2,0.6,1,0,field,0.48148148148148145,0.37037037037037035,168.77777777777777,0.6296296296296297,27,0.5555555555555556,0.0,59,1,82.42242582247529,86.06541447073955,-3.6429886482642644,52.12101544608951,59.9614907863691,-7.840475340279589,1,1,0.5813953488372093,0.41025641025641024,0.1711389385807991,0.5813953488372093,0.0,0.5813953488372093,0,0,0.6296296296296297,5,0,0.6,0.6,0.3333333333333333,0.6
598057,60.0,2013,2013-05-12,JSCA International Stadium Complex,Ranchi,Kolkata Knight Riders,Royal Challengers Bengaluru,Kolkata Knight Riders,1,1518.6480979557946,1540.3367448194224,-21.68864686362781,0.4,0.4,0.0,0.6666666666666666,0.6666666666666666,0.0,0.4,0.6,-0.19999999999999996,0.0,0.4,1,0,field,0.5,0.5,157.1421052631579,0.5,0,0.5,0.5,60,1,81.56101497828163,91.14448074448075,-9.583465766199112,63.4432457814651,56.660755432751266,6.782490348713836,1,0,0.55,0.5660377358490566,-0.016037735849056545,0.55,0.0,0.55,0,0,0.5,5,0,0.5,0.5,0.5,0.5
598058,61.0,2013,2013-05-12,"Sawai Mansingh Stadium, Jaipur",Jaipur,Rajasthan Royals,Chennai Super Kings,Rajasthan Royals,1,1529.867283067684,1616.417538343854,-86.55025527616999,0.8,0.8,0.0,1.0,0.6666666666666666,0.33333333333333337,0.7,0.8,-0.10000000000000009,-0.13,0.2,1,0,field,0.4375,0.3125,156.15625,0.6875,32,0.71875,0.6666666666666666,61,1,93.4849091408611,86.90403088773897,6.580878253122137,59.67484512413706,64.36203116534578,-4.687186041208726,1,1,0.6511627906976745,0.6486486486486487,0.0025141420490257804,0.6511627906976745,0.0,0.6511627906976745,0,0,0.6875,5,0,0.7333333333333333,0.7333333333333333,0.21428571428571427,0.6111111111111112
598060,62.0,2013,2013-05-13,"Wankhede Stadium, Mumbai",Mumbai,Mumbai Indians,Sunrisers Hyderabad,Mumbai Indians,1,1586.9059644600263,1487.1280766548648,99.77788780516153,0.8,0.6,0.20000000000000007,1.0,0.6666666666666666,0.33333333333333337,0.7,0.6,0.09999999999999998,0.21999999999999997,0.6,0,1,bat,0.5517241379310345,0.5172413793103449,154.3448275862069,0.4827586206896552,29,0.6153846153846154,0.5,62,1,89.53032617008206,85.30547983817954,4.224846331902526,69.37215316259874,65.41761108842816,3.9545420741705755,1,0,0.5609756097560976,0.41025641025641024,0.15071919949968737,0.5609756097560976,0.0,0.5609756097560976,0,0,0.4827586206896552,5,0,0.5,0.5,0.5833333333333334,0.5294117647058824
598062,64.0,2013,2013-05-14,"MA Chidambaram Stadium, Chennai",Chennai,Chennai Super Kings,Delhi Capitals,Chennai Super Kings,1,1601.488537212267,1443.8619867957877,157.62655041647918,0.6,0.4,0.19999999999999996,0.3333333333333333,0.0,0.3333333333333333,0.8,0.3,0.5,0.12,0.7,1,1,bat,0.5128205128205128,0.6,166.325,0.4,39,0.6666666666666666,0.4,63,1,90.65082474518087,84.59444071070531,6.056384034475556,62.834433240295255,60.95998720665663,1.8744460336386268,0,1,0.6486486486486487,0.5490196078431373,0.09962904080551138,0.0,0.5490196078431373,-0.5490196078431373,0,0,0.6,5,0,0.3125,0.6875,0.5714285714285714,0.36363636363636365
598045,63.0,2013,2013-05-14,"M Chinnaswamy Stadium, Bengaluru",Bangalore,Royal Challengers Bengaluru,Kings XI Punjab,Kings XI Punjab,0,1527.5886170292003,1464.3472447461681,63.241372283032206,0.4,0.2,0.2,0.3333333333333333,0.3333333333333333,0.0,0.5,0.4,0.09999999999999998,0.16999999999999998,0.5,0,0,field,0.5151515151515151,0.4117647058823529,163.05882352941177,0.5882352941176471,33,0.5757575757575758,0.5,64,1,90.45289845064772,88.68476508947671,1.7681333611710102,56.022049155314456,64.33830088847664,-8.316251733162183,0,0,0.5660377358490566,0.5681818181818182,-0.002144082332761643,0.0,0.5681818181818182,-0.5681818181818182,0,0,0.4117647058823529,5,0,0.75,0.25,0.5151515151515151,0.5555555555555556
598061,65.0,2013,2013-05-15,JSCA International Stadium Complex,Ranchi,Kolkata Knight Riders,Pune Warriors,Pune Warriors,0,1531.3962257460166,1331.0787870566433,200.31743868937338,0.6,0.0,0.6,0.6666666666666666,0.0,0.6666666666666666,0.4,0.1,0.30000000000000004,0.45,1.0,1,0,field,1.0,0.0,115.0,1.0,1,1.0,0.5,65,1,81.16885953246121,83.08529966116029,-1.9164401286990795,65.75613903982834,55.83180641913983,9.92433262068851,1,1,0.5609756097560976,0.24,0.3209756097560976,0.5609756097560976,0.0,0.5609756097560976,0,0,1.0,5,0,1.0,1.0,1.0,1.0
598063,66.0,2013,2013-05-15,"Wankhede Stadium, Mumbai",Mumbai,Mumbai Indians,Rajasthan Royals,Mumbai Indians,1,1595.551475210573,1544.796284199271,50.75519101130203,0.8,0.8,0.0,1.0,1.0,0.0,0.7,0.7,0.0,0.0,0.5,0,0,field,0.5333333333333333,0.5,155.13333333333333,0.5,30,0.6296296296296297,0.6666666666666666,66,1,90.72947533105777,93.58814026633827,-2.858664935280501,68.89045522623807,59.00797605483037,9.882479171407702,0,1,0.5714285714285714,0.6590909090909091,-0.08766233766233766,0.0,0.6590909090909091,-0.6590909090909091,0,0,0.5,5,0,0.5294117647058824,0.47058823529411764,0.5384615384615384,0.5294117647058824
598028,67.0,2013,2013-05-16,"HPCA Stadium, Dharamsala",Dharamsala,Kings XI Punjab,Delhi Capitals,Kings XI Punjab,1,1478.5077163054666,1436.961073867289,41.546642438177514,0.4,0.2,0.2,0.3333333333333333,0.0,0.3333333333333333,0.4,0.3,0.10000000000000003,-0.019999999999999962,0.5,0,0,field,0.7142857142857143,0.42857142857142855,175.28571428571428,0.5714285714285714,7,0.42857142857142855,0.5,67,1,85.66506458150327,87.55727778407265,-1.8922132025693799,56.26418555772711,48.18018254160131,8.084003016125799,0,0,0.5777777777777777,0.5384615384615384,0.03931623931623929,0.0,0.5384615384615384,-0.5384615384615384,0,0,0.4285714285714286,5,0,0.4,0.6,0.7142857142857143,0.7142857142857143
598065,68.0,2013,2013-05-17,"Rajiv Gandhi Intl Stadium, Hyderabad",Hyderabad,Sunrisers Hyderabad,Rajasthan Royals,Sunrisers Hyderabad,1,1478.482565904318,1534.5369415863302,-56.05437568201205,0.6,0.8,-0.20000000000000007,0.3333333333333333,0.6666666666666666,-0.3333333333333333,0.5,0.6,-0.09999999999999998,-0.20000000000000007,0.2,1,1,bat,0.2608695652173913,0.375,157.04166666666666,0.625,23,0.3333333333333333,0.6666666666666666,68,1,85.9426200093527,92.85426903250558,-6.91164902315289,66.78845967077545,59.802839833684565,6.985619837090887,0,0,0.41025641025641024,0.6444444444444445,-0.23418803418803424,0.0,0.6444444444444445,-0.6444444444444445,0,0,0.375,5,0,0.6,0.4,0.1,0.38461538461538464
598066,69.0,2013,2013-05-18,"HPCA Stadium, Dharamsala",Dharamsala,Kings XI Punjab,Mumbai Indians,Kings XI Punjab,1,1489.0795470383055,1605.8108178235138,-116.73127078520838,0.6,1.0,-0.4,0.6666666666666666,1.0,-0.33333333333333337,0.5,0.8,-0.30000000000000004,-0.45000000000000007,0.5,0,0,field,0.625,0.5,174.75,0.5,8,0.5,0.5,69,1,85.3506997558785,95.21977549833585,-9.869075742457355,59.46375524619975,69.69376206432752,-10.230006818127762,0,1,0.5777777777777777,0.5714285714285714,0.006349206349206327,0.0,0.5714285714285714,-0.5714285714285714,0,0,0.5,5,0,0.3333333333333333,0.6666666666666667,0.625,0.625
598068,70.0,2013,2013-05-18,"M Chinnaswamy Stadium, Bengaluru",Bangalore,Royal Challengers Bengaluru,Chennai Super Kings,Royal Challengers Bengaluru,1,1513.428145469902,1608.3894501407656,-94.96130467086368,0.4,0.6,-0.19999999999999996,0.3333333333333333,0.6666666666666666,-0.3333333333333333,0.5,0.8,-0.30000000000000004,-0.07999999999999996,0.4,0,0,field,0.5294117647058824,0.4,163.37142857142857,0.6,34,0.5588235294117647,0.5,70,1,90.22791170310094,87.59701748561557,2.630894217485377,54.99307037457327,64.2064375830815,-9.213367208508224,0,0,0.5660377358490566,0.6486486486486487,-0.0826109127995921,0.0,0.6486486486486487,-0.6486486486486487,0,0,0.4,5,0,0.7692307692307693,0.23076923076923073,0.5294117647058824,0.5714285714285714
598069,72.0,2013,2013-05-19,"Rajiv Gandhi Intl Stadium, Hyderabad",Hyderabad,Sunrisers Hyderabad,Kolkata Knight Riders,Sunrisers Hyderabad,1,1492.4019902184748,1513.1542982444178,-20.752308025942966,0.6,0.6,0.0,0.6666666666666666,0.6666666666666666,0.0,0.6,0.4,0.19999999999999996,-0.040000000000000036,0.2,0,1,bat,0.2916666666666667,0.4,156.2,0.6,24,0.36,1.0,71,1,85.02208013456554,81.39114042530666,3.6309397092588824,67.10355327715577,60.859587452601,6.2439658245547704,1,1,0.41025641025641024,0.5476190476190477,-0.13736263736263743,0.41025641025641024,0.0,0.41025641025641024,0,0,0.6,5,0,0.5625,0.5625,0.18181818181818182,0.38461538461538464
598067,71.0,2013,2013-05-19,"Subrata Roy Sahara Stadium, Pune",Pune,Pune Warriors,Delhi Capitals,Pune Warriors,1,1349.3207145582421,1426.3892431344502,-77.06852857620811,0.2,0.0,0.2,0.3333333333333333,0.0,0.3333333333333333,0.1,0.3,-0.19999999999999998,0.08,0.25,1,1,bat,0.5333333333333333,0.6,147.93333333333334,0.4,15,0.21428571428571427,0.5,72,1,83.6779136528662,88.44768074211649,-4.769767089250294,57.179187482208704,50.21293218233027,6.9662552998784335,0,1,0.24,0.5283018867924528,-0.28830188679245283,0.0,0.5283018867924528,-0.5283018867924528,0,0,0.6,5,0,0.25,0.75,0.5714285714285714,0.5333333333333333
598070,,2013,2013-05-21,"Arun Jaitley Stadium, Delhi",Delhi,Chennai Super Kings,Mumbai Indians,Chennai Super Kings,1,1593.1889067199756,1589.9242165390147,3.264690180960997,0.4,0.8,-0.4,0.3333333333333333,0.6666666666666666,-0.3333333333333333,0.7,0.8,-0.10000000000000009,-0.55,0.4,1,1,bat,0.42424242424242425,0.5151515151515151,163.0,0.48484848484848486,33,0.75,0.4,73,1,90.55274266138449,90.91033210866291,-0.35758944727842845,63.3757922198501,64.39137370281803,-1.0155814829679315,0,1,0.631578947368421,0.5581395348837209,0.0734394124847001,0.0,0.5581395348837209,-0.5581395348837209,0,0,0.5151515151515151,5,0,0.6666666666666666,0.33333333333333337,0.4444444444444444,0.4
598071,,2013,2013-05-22,"Arun Jaitley Stadium, Delhi",Delhi,Rajasthan Royals,Sunrisers Hyderabad,Rajasthan Royals,1,1520.6175172721735,1505.1178983737118,15.499618898461677,0.6,0.6,0.0,0.3333333333333333,0.6666666666666666,-0.3333333333333333,0.6,0.6,0.0,0.35000000000000003,0.7,0,1,bat,0.4411764705882353,0.5294117647058824,163.85294117647058,0.47058823529411764,34,0.25,0.6,74,1,91.87953860756798,84.23025644683426,7.649282160733719,60.589081857690765,66.54350014305919,-5.954418285368426,1,0,0.6304347826086957,0.425,0.2054347826086957,0.6304347826086957,0.0,0.6304347826086957,0,0,0.47058823529411764,5,0,0.6,0.6,0.47368421052631576,0.4
598072,,2013,2013-05-24,"Eden Gardens, Kolkata",Kolkata,Mumbai Indians,Rajasthan Royals,Mumbai Indians,1,1578.0369716246287,1532.0825342588055,45.954437365823196,0.6,0.6,0.0,0.3333333333333333,0.3333333333333333,0.0,0.7,0.7,0.0,0.1200000000000001,0.5,0,1,bat,0.5588235294117647,0.35294117647058826,146.14705882352942,0.6470588235294118,34,0.8,0.2,75,1,91.04418169045987,90.98484059294476,0.05934109751510164,61.3419335773772,64.52657051867249,-3.184636941295288,1,1,0.5454545454545454,0.6382978723404256,-0.09284332688588015,0.5454545454545454,0.0,0.5454545454545454,0,0,0.6470588235294118,5,0,0.6363636363636364,0.6363636363636364,0.43478260869565216,0.8181818181818182
598073,,2013,2013-05-26,"Eden Gardens, Kolkata",Kolkata,Chennai Super Kings,Mumbai Indians,Mumbai Indians,0,1605.0761516343616,1588.4589531888607,16.61719844550089,0.6,0.6,0.0,0.6666666666666666,0.3333333333333333,0.3333333333333333,0.7,0.7,0.0,-0.04999999999999993,0.4,0,1,bat,0.5428571428571428,0.34285714285714286,146.68571428571428,0.6571428571428571,35,0.8,0.8333333333333334,76,1,91.03288984817745,90.9239636974733,0.1089261507041499,63.761754161910744,59.39909073728116,4.362663424629581,1,1,0.631578947368421,0.5555555555555556,0.07602339181286544,0.631578947368421,0.0,0.631578947368421,0,0,0.6571428571428571,5,0,0.6666666666666666,0.6666666666666666,0.4166666666666667,0.8181818181818182
729279,1.0,2014,2014-04-16,"Sheikh Zayed Stadium, Abu Dhabi",Abu Dhabi,Mumbai Indians,Kolkata Knight Riders,Kolkata Knight Riders,0,1601.0324536568933,1500.4383900891808,100.59406356771251,0.6,0.4,0.19999999999999996,0.6666666666666666,0.3333333333333333,0.3333333333333333,0.7,0.4,0.29999999999999993,0.09999999999999992,0.8,0,1,bat,0.5,0.5,157.08060453400503,0.5,0,0.5,0.5,1,0,91.83165824417458,88.24393249727773,3.587725746896851,64.32830746309254,64.48171363559784,-0.1534061725052993,1,0,0.5555555555555556,0.5476190476190477,0.007936507936507908,0.5555555555555556,0.0,0.5555555555555556,1,1,0.5,4,0,0.5,0.5,0.5,0.5
729281,2.0,2014,2014-04-17,Sharjah Cricket Stadium,,Delhi Capitals,Royal Challengers Bengaluru,Royal Challengers Bengaluru,0,1411.770206408098,1528.6286888906918,-116.8584824825939,0.0,0.4,-0.4,0.0,0.3333333333333333,-0.3333333333333333,0.3,0.5,-0.2,-0.33,0.4,0,0,field,0.5,0.5,157.09547738693468,0.5,0,0.5,0.5,2,0,68.8880407244771,86.06204017802449,-17.173999453547395,52.06080049672874,51.660295873912965,0.4005046228157738,0,1,0.5185185185185185,0.5660377358490566,-0.0475192173305381,0.0,0.5660377358490566,-0.5660377358490566,1,0,0.5,4,0,0.5,0.5,0.5,0.5
729283,3.0,2014,2014-04-18,"Sheikh Zayed Stadium, Abu Dhabi",Abu Dhabi,Chennai Super Kings,Kings XI Punjab,Kings XI Punjab,0,1592.502651166329,1504.9661483228047,87.53650284352443,0.4,0.6,-0.19999999999999996,0.3333333333333333,1.0,-0.6666666666666667,0.6,0.5,0.09999999999999998,-0.030000000000000027,0.6,1,1,bat,1.0,1.0,163.0,0.0,1,0.5,0.5,3,0,89.31152773718722,84.32631941691474,4.985208320272477,65.22208715350847,51.4976071616699,13.724479991838571,0,1,0.6153846153846154,0.5777777777777777,0.037606837606837695,0.0,0.5777777777777777,-0.5777777777777777,1,0,1.0,4,0,0.0,1.0,1.0,1.0
729285,4.0,2014,2014-04-18,"Sheikh Zayed Stadium, Abu Dhabi",Abu Dhabi,Sunrisers Hyderabad,Rajasthan Royals,Rajasthan Royals,0,1493.6528813870798,1521.6605526945734,-28.007671307493638,0.6,0.4,0.19999999999999996,0.6666666666666666,0.3333333333333333,0.3333333333333333,0.5,0.6,-0.09999999999999998,0.20000000000000007,0.3,0,0,field,0.5,0.5,184.0,0.5,2,0.5,0.5,4,0,86.1251766971554,86.65399765935534,-0.5288209621999442,67.95635314885425,65.35195308344856,2.6044000654056845,0,1,0.425,0.6382978723404256,-0.21329787234042558,0.0,0.6382978723404256,-0.6382978723404256,1,0,0.5,4,0,0.5,0.5,0.5,0.5
729287,5.0,2014,2014-04-19,Dubai International Cricket Stadium,,Royal Challengers Bengaluru,Mumbai Indians,Royal Challengers Bengaluru,1,1536.738155241397,1585.6519946267915,-48.91383938539457,0.6,0.4,0.19999999999999996,0.6666666666666666,0.6666666666666666,0.0,0.5,0.7,-0.19999999999999996,0.22999999999999993,0.4,1,0,field,0.5,0.5,157.12468827930175,0.5,0,0.5,0.5,5,0,88.55321815750662,89.27356091981218,-0.7203427623055632,63.867710663683816,59.35681824794158,4.510892415742234,1,0,0.5740740740740741,0.5434782608695652,0.03059581320450888,0.5740740740740741,0.0,0.5740740740740741,1,1,0.5,4,0,0.5,0.5,0.5,0.5
729289,6.0,2014,2014-04-19,Dubai International Cricket Stadium,,Kolkata Knight Riders,Delhi Capitals,Delhi Capitals,0,1515.8188491192825,1403.6607400573928,112.15810906188972,0.6,0.0,0.6,0.3333333333333333,0.0,0.3333333333333333,0.5,0.2,0.3,0.6799999999999999,0.5,1,1,bat,1.0,0.0,115.0,1.0,1,0.5,0.5,6,0,90.28600459439569,74.61130062725917,15.674703967136523,65.75219900571797,46.015235971757726,19.736963033960244,0,0,0.5476190476190477,0.5185185185185185,0.029100529100529182,0.0,0.5185185185185185,-0.5185185185185185,1,0,0.0,4,0,1.0,0.0,1.0,1.0
729291,7.0,2014,2014-04-20,Sharjah Cricket Stadium,,Rajasthan Royals,Kings XI Punjab,Kings XI Punjab,0,1532.6952919711262,1519.9271615639482,12.768130407177978,0.4,0.8,-0.4,0.6666666666666666,1.0,-0.33333333333333337,0.6,0.5,0.09999999999999998,-0.37,0.7,0,0,field,1.0,0.0,145.0,1.0,1,0.5,0.5,7,0,85.54422091283585,85.33532842592376,0.2088924869120916,67.64250354747162,46.18149143923762,21.461012108234,0,0,0.6458333333333334,0.5869565217391305,0.05887681159420288,0.0,0.5869565217391305,-0.5869565217391305,1,0,0.0,4,0,1.0,0.0,1.0,1.0
729293,8.0,2014,2014-04-21,"Sheikh Zayed Stadium, Abu Dhabi",Abu Dhabi,Chennai Super Kings,Delhi Capitals,Chennai Super Kings,1,1577.5416379251856,1419.4053620306997,158.13627589448583,0.4,0.2,0.2,0.3333333333333333,0.3333333333333333,0.0,0.5,0.3,0.2,0.47000000000000003,0.7,1,1,bat,0.6666666666666666,0.3333333333333333,167.0,0.6666666666666666,3,0.0,0.5,8,0,95.0892536919318,77.11191852226172,17.977335169670084,37.34910297434141,52.28215254107702,-14.933049566735605,0,0,0.6153846153846154,0.5272727272727272,0.08811188811188819,0.0,0.5272727272727272,-0.5272727272727272,1,0,0.33333333333333337,4,0,0.6666666666666666,0.33333333333333337,0.6666666666666666,0.6666666666666666
729295,9.0,2014,2014-04-22,Sharjah Cricket Stadium,,Kings XI Punjab,Sunrisers Hyderabad,Kings XI Punjab,1,1532.3679587455044,1482.618142110527,49.74981663497738,1.0,0.4,0.6,1.0,0.3333333333333333,0.6666666666666667,0.6,0.5,0.09999999999999998,0.55,0.5,0,0,field,1.0,0.0,168.0,1.0,2,1.0,0.5,9,0,85.65965275024809,82.27997734926132,3.3796754009867698,50.46620878293418,66.09478340071439,-15.62857461778021,0,0,0.5957446808510638,0.425,0.1707446808510638,0.0,0.425,-0.425,1,0,0.0,4,0,1.0,0.0,1.0,1.0
729297,10.0,2014,2014-04-23,Dubai International Cricket Stadium,,Rajasthan Royals,Chennai Super Kings,Chennai Super Kings,0,1520.25449478957,1584.4281333756358,-64.17363858606586,0.4,0.4,0.0,0.3333333333333333,0.3333333333333333,0.0,0.6,0.5,0.09999999999999998,0.03999999999999998,0.2,1,0,field,0.5,0.0,140.5,1.0,2,0.5,0.5,10,0,86.97609948671183,91.33132951167083,-4.355230024958999,52.605160189075626,67.07987460383079,-14.474714414755162,1,1,0.6458333333333334,0.6153846153846154,0.03044871794871795,0.6458333333333334,0.0,0.6458333333333334,1,1,1.0,4,0,1.0,1.0,0.5,0.5
729299,11.0,2014,2014-04-24,Sharjah Cricket Stadium,,Royal Challengers Bengaluru,Kolkata Knight Riders,Kolkata Knight Riders,0,1550.4165054392547,1500.0742271459756,50.34227829327915,0.6,0.4,0.19999999999999996,1.0,0.3333333333333333,0.6666666666666667,0.5,0.4,0.09999999999999998,-0.06999999999999995,0.6,1,0,field,0.6666666666666666,0.3333333333333333,176.33333333333334,0.6666666666666666,3,1.0,0.5,11,0,83.56549885926101,91.42482838611662,-7.859329526855603,71.23457226212436,59.60387376805903,11.630698494065328,1,1,0.5818181818181818,0.5476190476190477,0.03419913419913412,0.5818181818181818,0.0,0.5818181818181818,1,1,0.6666666666666666,4,0,0.6666666666666666,0.6666666666666666,0.6666666666666666,0.6666666666666666
729301,12.0,2014,2014-04-25,Dubai International Cricket Stadium,,Sunrisers Hyderabad,Delhi Capitals,Sunrisers Hyderabad,1,1472.3247915493557,1412.5188665802496,59.80592496910617,0.4,0.2,0.2,0.0,0.3333333333333333,-0.3333333333333333,0.5,0.2,0.3,0.48,0.6,1,1,bat,0.3333333333333333,0.3333333333333333,140.33333333333334,0.6666666666666666,3,0.5,1.0,12,0,79.7801458233006,66.84329713565766,12.936848687642936,62.05701401501585,49.69319824513684,12.363815769879011,0,0,0.4146341463414634,0.5178571428571429,-0.10322299651567951,0.0,0.5178571428571429,-0.5178571428571429,1,0,0.33333333333333337,4,0,0.6666666666666666,0.33333333333333337,0.3333333333333333,0.3333333333333333
729303,13.0,2014,2014-04-25,Dubai International Cricket Stadium,,Chennai Super Kings,Mumbai Indians,Chennai Super Kings,1,1594.236521311629,1571.9736444289338,22.26287688269531,0.6,0.4,0.19999999999999996,0.6666666666666666,0.3333333333333333,0.3333333333333333,0.5,0.6,-0.09999999999999998,0.09999999999999992,0.4,0,1,bat,0.5,0.5,151.25,0.5,4,1.0,0.0,13,0,87.77490973168348,85.84109314527545,1.9338165864080281,63.60584734016937,62.49513887948768,1.1107084606816855,1,0,0.6153846153846154,0.5434782608695652,0.07190635451505023,0.6153846153846154,0.0,0.6153846153846154,1,1,0.5,4,0,0.5,0.5,0.5,0.5
729307,15.0,2014,2014-04-26,"Sheikh Zayed Stadium, Abu Dhabi",Abu Dhabi,Kolkata Knight Riders,Kings XI Punjab,Kings XI Punjab,0,1513.8009207069763,1542.6613093066758,-28.86038859969949,0.4,1.0,-0.6,0.6666666666666666,1.0,-0.33333333333333337,0.5,0.7,-0.19999999999999996,-0.72,0.6,1,0,field,0.75,0.5,169.5,0.5,4,1.0,1.0,14,0,92.91335680425414,86.18752160270711,6.725835201547028,61.66242484603735,59.27807161449789,2.384353231539457,1,0,0.5476190476190477,0.5957446808510638,-0.04812563323201613,0.5476190476190477,0.0,0.5476190476190477,1,1,0.5,4,0,0.5,0.5,0.75,0.75
729305,14.0,2014,2014-04-26,"Sheikh Zayed Stadium, Abu Dhabi",Abu Dhabi,Rajasthan Royals,Royal Challengers Bengaluru,Rajasthan Royals,1,1510.4461068535766,1536.689811878254,-26.24370502467741,0.4,0.6,-0.19999999999999996,0.3333333333333333,0.6666666666666666,-0.3333333333333333,0.5,0.5,0.0,-0.020000000000000018,0.4,1,0,field,0.6,0.6,162.0,0.4,5,1.0,0.5,15,0,84.9846285192015,84.51495506109686,0.4696734581046371,57.15599744882193,62.70645353671957,-5.550456087897643,1,0,0.6326530612244898,0.5714285714285714,0.061224489795918435,0.6326530612244898,0.0,0.6326530612244898,1,1,0.4,4,0,0.4,0.4,0.6,0.6
729309,16.0,2014,2014-04-27,Sharjah Cricket Stadium,,Delhi Capitals,Mumbai Indians,Delhi Capitals,1,1402.5643271330498,1560.7415262807988,-158.17719914774898,0.2,0.4,-0.2,0.3333333333333333,0.0,0.3333333333333333,0.1,0.5,-0.4,-0.39999999999999997,0.5,0,1,bat,0.5,0.5,169.75,0.5,4,0.0,0.5,16,0,85.17978679397518,81.93093821796101,3.2488485760141685,39.96160573141771,61.148207859113235,-21.186602127695522,1,0,0.5087719298245614,0.5434782608695652,-0.03470633104500376,0.5087719298245614,0.0,0.5087719298245614,1,1,0.5,4,0,0.5,0.5,0.5,0.5
729311,17.0,2014,2014-04-27,Sharjah Cricket Stadium,,Sunrisers Hyderabad,Chennai Super Kings,Chennai Super Kings,0,1482.2793309965555,1605.468639459764,-123.18930846320859,0.4,0.6,-0.19999999999999996,0.3333333333333333,1.0,-0.6666666666666667,0.5,0.6,-0.09999999999999998,0.02999999999999997,0.3,1,1,bat,0.4,0.4,160.8,0.6,5,0.0,0.5,17,0,85.53438078363261,87.79214000433248,-2.2577592206998673,54.17341837016776,65.58699052353704,-11.41357215336928,0,0,0.4146341463414634,0.625,-0.2103658536585366,0.0,0.625,-0.625,1,0,0.4,4,0,0.6,0.4,0.4,0.4
729313,18.0,2014,2014-04-28,Dubai International Cricket Stadium,,Kings XI Punjab,Royal Challengers Bengaluru,Kings XI Punjab,1,1553.6667931688248,1523.7851063952019,29.88168677362296,1.0,0.6,0.4,1.0,0.3333333333333333,0.6666666666666667,0.8,0.5,0.30000000000000004,0.19999999999999996,0.5,1,0,field,0.4,0.4,149.2,0.6,5,0.5,1.0,18,0,87.34414575933127,85.25783530258425,2.0863104567470145,67.50291580104421,73.95772000075198,-6.454804199707766,1,1,0.5957446808510638,0.5714285714285714,0.024316109422492405,0.5957446808510638,0.0,0.5957446808510638,1,1,0.6,4,0,0.6,0.6,0.4,0.4
729315,19.0,2014,2014-04-29,"Sheikh Zayed Stadium, Abu Dhabi",Abu Dhabi,Kolkata Knight Riders,Rajasthan Royals,Rajasthan Royals,0,1502.7954368448272,1523.3508123366287,-20.555375491801442,0.4,0.4,0.0,0.3333333333333333,0.3333333333333333,0.0,0.5,0.5,0.0,0.03999999999999998,0.6,0,1,bat,0.6666666666666666,0.5,146.66666666666666,0.5,6,0.5,1.0,19,0,91.36363636363636,83.20918530834331,8.154451055293052,66.76229030769848,69.2967098905038,-2.5344195828053273,1,0,0.5348837209302325,0.64,-0.1051162790697675,0.5348837209302325,0.0,0.5348837209302325,1,1,0.5,4,0,0.5,0.5,0.6666666666666666,0.6666666666666666
729317,20.0,2014,2014-04-30,Dubai International Cricket Stadium,,Mumbai Indians,Sunrisers Hyderabad,Sunrisers Hyderabad,0,1543.6268650065017,1474.3643691683324,69.26249583816934,0.2,0.2,0.0,0.0,0.3333333333333333,-0.3333333333333333,0.4,0.4,0.0,0.22999999999999998,0.6,1,0,field,0.5,0.3333333333333333,145.0,0.6666666666666666,6,0.0,1.0,20,0,82.40435441182653,84.2999929878134,-1.8956385759868652,60.27202228150664,53.9407595082259,6.331262773280741,1,1,0.5434782608695652,0.4146341463414634,0.1288441145281018,0.5434782608695652,0.0,0.5434782608695652,1,1,0.6666666666666666,4,0,0.6666666666666666,0.6666666666666666,0.5,0.5
733971,21.0,2014,2014-05-02,JSCA International Stadium Complex,Ranchi,Chennai Super Kings,Kolkata Knight Riders,Chennai Super Kings,1,1613.3836012879872,1491.504567171814,121.87903411617322,0.8,0.4,0.4,1.0,0.3333333333333333,0.6666666666666667,0.6,0.4,0.19999999999999996,0.09999999999999998,0.6,1,1,bat,0.5,0.5,142.5,0.5,2,0.5,0.5,21,0,87.80571240318697,87.28173147569953,0.5239809274874432,64.85729500818401,64.86330171356991,-0.006006705385900091,0,1,0.6341463414634146,0.5227272727272727,0.11141906873614194,0.0,0.5227272727272727,-0.5227272727272727,1,0,0.5,5,0,0.5,0.5,0.5,0.5
733973,22.0,2014,2014-05-03,"Wankhede Stadium, Mumbai",Mumbai,Mumbai Indians,Kings XI Punjab,Mumbai Indians,1,1529.2658180238564,1564.637253556666,-35.371435532809755,0.0,1.0,-1.0,0.0,1.0,-1.0,0.3,0.8,-0.5,-1.0,0.5,0,1,bat,0.5161290322580645,0.5161290322580645,155.48387096774192,0.4838709677419355,31,0.6428571428571429,0.4,22,0,79.79846394315898,86.5242523161683,-6.725788373009323,60.14697233369268,67.85567553699661,-7.7087032033039335,1,0,0.5319148936170213,0.6041666666666666,-0.07225177304964536,0.5319148936170213,0.0,0.5319148936170213,1,1,0.4838709677419355,5,0,0.5,0.5,0.5384615384615384,0.5
733975,23.0,2014,2014-05-03,"Arun Jaitley Stadium, Delhi",Delhi,Delhi Capitals,Rajasthan Royals,Rajasthan Royals,0,1419.6789884073469,1534.641682009642,-114.96269360229508,0.4,0.6,-0.19999999999999996,0.3333333333333333,0.6666666666666666,-0.3333333333333333,0.2,0.5,-0.3,-0.21999999999999992,0.5,0,0,field,0.42857142857142855,0.5142857142857142,162.94285714285715,0.4857142857142857,35,0.42424242424242425,0.4,23,0,80.79340186957457,83.83523744365233,-3.0418355740777656,47.96214804590149,63.37896627775322,-15.416818231851728,0,1,0.5172413793103449,0.64,-0.12275862068965515,0.0,0.64,-0.64,1,0,0.5142857142857142,5,0,0.6363636363636364,0.36363636363636365,0.45,0.4
733977,24.0,2014,2014-05-04,"M Chinnaswamy Stadium, Bengaluru",Bangalore,Royal Challengers Bengaluru,Sunrisers Hyderabad,Royal Challengers Bengaluru,1,1512.8146460073606,1488.7254161509777,24.08922985638287,0.4,0.4,0.0,0.0,0.6666666666666666,-0.6666666666666666,0.4,0.5,-0.09999999999999998,0.31999999999999995,0.4,1,0,field,0.5142857142857142,0.4166666666666667,161.77777777777777,0.5833333333333334,35,0.5714285714285714,0.25,24,0,82.85780729051112,85.15793740718642,-2.300130116675305,68.38512949039266,58.360400212810326,10.024729277582331,1,1,0.5714285714285714,0.4146341463414634,0.156794425087108,0.5714285714285714,0.0,0.5714285714285714,1,1,0.5833333333333334,5,0,0.7142857142857143,0.7142857142857143,0.5142857142857142,0.5517241379310345
733979,25.0,2014,2014-05-05,"Narendra Modi Stadium, Ahmedabad",Ahmedabad,Rajasthan Royals,Kolkata Knight Riders,Rajasthan Royals,1,1542.8098472441698,1483.549543266208,59.26030397796171,0.6,0.2,0.39999999999999997,1.0,0.0,1.0,0.5,0.4,0.09999999999999998,0.15000000000000002,0.4,0,0,field,0.75,0.5,158.5,0.5,4,0.75,0.0,25,0,85.28507246515866,92.56853978658489,-7.2834673214262295,61.88623321016229,60.593983793336015,1.292249416826273,0,1,0.6470588235294118,0.5111111111111111,0.13594771241830073,0.0,0.5111111111111111,-0.5111111111111111,1,0,0.5,5,0,0.5,0.5,0.75,0.75
733981,26.0,2014,2014-05-05,"Arun Jaitley Stadium, Delhi",Delhi,Delhi Capitals,Chennai Super Kings,Chennai Super Kings,0,1411.510823172819,1621.338625193593,-209.82780202077402,0.4,1.0,-0.6,0.3333333333333333,1.0,-0.6666666666666667,0.2,0.7,-0.49999999999999994,-0.53,0.2,0,0,field,0.4444444444444444,0.5,162.63888888888889,0.5,36,0.4117647058823529,0.8,26,0,81.99748574977556,88.66216144650707,-6.664675696731507,46.0199295627676,66.56753868889983,-20.54760912613223,0,1,0.5172413793103449,0.6341463414634146,-0.11690496215306978,0.0,0.6341463414634146,-0.6341463414634146,0,0,0.5,5,0,0.6666666666666666,0.33333333333333337,0.45,0.4375
733983,27.0,2014,2014-05-06,"Wankhede Stadium, Mumbai",Mumbai,Mumbai Indians,Royal Challengers Bengaluru,Mumbai Indians,1,1542.48330074864,1523.9839641574795,18.4993365911605,0.2,0.4,-0.2,0.3333333333333333,0.3333333333333333,0.0,0.3,0.5,-0.2,-0.35,0.5,0,0,field,0.5,0.5,155.875,0.5,32,0.6551724137931034,0.5,27,0,81.64572603846595,85.14994531241474,-3.5042192739487916,56.26944638851075,68.03794037940379,-11.768493990893042,0,1,0.5416666666666666,0.5789473684210527,-0.037280701754386025,0.0,0.5789473684210527,-0.5789473684210527,0,0,0.5,5,0,0.5263157894736842,0.4736842105263158,0.5,0.5
733987,29.0,2014,2014-05-07,"Barabati Stadium, Cuttack",Cuttack,Kings XI Punjab,Chennai Super Kings,Kings XI Punjab,1,1551.4197708318825,1626.860518053496,-75.44074722161349,0.8,1.0,-0.19999999999999996,0.6666666666666666,1.0,-0.33333333333333337,0.8,0.7,0.10000000000000009,-0.07999999999999996,0.5,0,0,field,0.75,0.75,163.25,0.25,4,0.0,0.5,28,0,86.4246956188285,89.49681622360765,-3.0721206047791583,61.87248126834128,64.52208507381414,-2.6496038054728572,0,1,0.6041666666666666,0.6428571428571429,-0.038690476190476275,0.0,0.6428571428571429,-0.6428571428571429,0,0,0.75,5,0,0.0,1.0,0.75,0.75
733985,28.0,2014,2014-05-07,"Arun Jaitley Stadium, Delhi",Delhi,Delhi Capitals,Kolkata Knight Riders,Kolkata Knight Riders,0,1405.9889303129162,1473.5767013957156,-67.58777108279946,0.2,0.2,0.0,0.3333333333333333,0.0,0.3333333333333333,0.2,0.3,-0.09999999999999998,-0.14999999999999997,0.5,1,1,bat,0.4594594594594595,0.4864864864864865,163.05405405405406,0.5135135135135135,37,0.4,0.6666666666666666,29,0,83.27008840675208,90.23699783647153,-6.9669094297194505,44.1934613774302,60.75221019519108,-16.558748817760886,0,0,0.5172413793103449,0.5,0.017241379310344862,0.0,0.5,-0.5,0,0,0.4864864864864865,5,0,0.6923076923076923,0.3076923076923077,0.45,0.47058823529411764
733989,30.0,2014,2014-05-08,"Narendra Modi Stadium, Ahmedabad",Ahmedabad,Rajasthan Royals,Sunrisers Hyderabad,Sunrisers Hyderabad,0,1552.7826891146622,1477.5560980008588,75.22659111380335,0.8,0.4,0.4,1.0,0.3333333333333333,0.6666666666666667,0.6,0.4,0.19999999999999996,0.28,0.7,1,0,field,0.6,0.6,160.8,0.4,5,0.8,0.0,30,0,86.58046187753479,86.40400275927968,0.17645911825511007,63.615819181011396,58.252563797353254,5.363255383658142,1,0,0.6470588235294118,0.4146341463414634,0.2324246771879484,0.6470588235294118,0.0,0.6470588235294118,0,0,0.4,5,0,0.0,0.0,0.6,0.6
733991,31.0,2014,2014-05-09,"M Chinnaswamy Stadium, Bengaluru",Bangalore,Royal Challengers Bengaluru,Kings XI Punjab,Kings XI Punjab,0,1512.6223054741058,1565.9852096489021,-53.36290417479631,0.2,0.8,-0.6000000000000001,0.3333333333333333,0.6666666666666666,-0.3333333333333333,0.4,0.9,-0.5,-0.76,0.5,1,0,field,0.5277777777777778,0.40540540540540543,161.59459459459458,0.5945945945945946,36,0.5833333333333334,0.6,31,0,85.24490156741831,90.30698197989243,-5.062080412474117,63.30999684642067,59.58714541143733,3.7228514349833404,1,1,0.5689655172413793,0.6041666666666666,-0.03520114942528729,0.5689655172413793,0.0,0.5689655172413793,0,0,0.5945945945945946,5,0,0.7333333333333333,0.7333333333333333,0.5277777777777778,0.5666666666666667
733993,32.0,2014,2014-05-10,"Arun Jaitley Stadium, Delhi",Delhi,Delhi Capitals,Sunrisers Hyderabad,Sunrisers Hyderabad,0,1396.2943212204323,1492.11447726204,-95.82015604160779,0.2,0.6,-0.39999999999999997,0.0,0.6666666666666666,-0.6666666666666666,0.2,0.5,-0.3,-0.38,0.3,0,0,field,0.4473684210526316,0.47368421052631576,162.97368421052633,0.5263157894736842,38,0.3888888888888889,0.5,32,0,82.85285554972594,82.22703748044927,0.6258180692766757,38.991008862318104,62.497087605730464,-23.50607874341236,0,0,0.5172413793103449,0.4146341463414634,0.10260723296888147,0.0,0.4146341463414634,-0.4146341463414634,0,0,0.4736842105263158,5,0,0.7142857142857143,0.2857142857142857,0.42857142857142855,0.47058823529411764
733995,33.0,2014,2014-05-10,"Wankhede Stadium, Mumbai",Mumbai,Mumbai Indians,Chennai Super Kings,Chennai Super Kings,0,1553.8449594320136,1612.2950792364763,-58.4501198044627,0.4,0.8,-0.4,0.6666666666666666,0.6666666666666666,0.0,0.4,0.7,-0.29999999999999993,-0.72,0.6,0,0,field,0.48484848484848486,0.5151515151515151,156.8181818181818,0.48484848484848486,33,0.6666666666666666,0.3333333333333333,33,0,82.31796477562769,91.62873450010488,-9.310769724477197,56.34095764263796,60.14993189797153,-3.808974255333567,0,1,0.5416666666666666,0.627906976744186,-0.08624031007751942,0.0,0.627906976744186,-0.627906976744186,0,0,0.5151515151515151,5,0,0.5,0.5,0.5,0.47368421052631576
733997,34.0,2014,2014-05-11,"Barabati Stadium, Cuttack",Cuttack,Kings XI Punjab,Kolkata Knight Riders,Kolkata Knight Riders,0,1576.156477677206,1483.2713104881996,92.88516718900655,0.8,0.2,0.6000000000000001,0.6666666666666666,0.3333333333333333,0.3333333333333333,0.9,0.3,0.6000000000000001,0.72,0.5,0,0,field,0.6,0.8,176.8,0.2,5,0.5,1.0,34,0,88.19602211603063,87.81921250653666,0.376809609493975,60.68770062464461,54.35031586725256,6.337384757392051,0,1,0.6041666666666666,0.5106382978723404,0.09352836879432624,0.0,0.5106382978723404,-0.5106382978723404,0,0,0.8,5,0,0.0,1.0,0.6,0.6
733999,35.0,2014,2014-05-11,"M Chinnaswamy Stadium, Bengaluru",Bangalore,Royal Challengers Bengaluru,Rajasthan Royals,Rajasthan Royals,0,1502.4510374458018,1538.224309853481,-35.77327240767909,0.2,0.8,-0.6000000000000001,0.3333333333333333,0.6666666666666666,-0.3333333333333333,0.4,0.6,-0.19999999999999996,-0.72,0.6,1,1,bat,0.5135135135135135,0.42105263157894735,162.55263157894737,0.5789473684210527,37,0.5675675675675675,0.5,35,0,86.09495359918506,81.61460802267739,4.480345576507673,61.60670870757281,67.687444259369,-6.080735551796195,0,0,0.559322033898305,0.6346153846153846,-0.07529335071707954,0.0,0.6346153846153846,-0.6346153846153846,0,0,0.42105263157894735,5,0,0.6875,0.3125,0.5135135135135135,0.5483870967741935
734001,36.0,2014,2014-05-12,"Rajiv Gandhi Intl Stadium, Hyderabad",Hyderabad,Sunrisers Hyderabad,Mumbai Indians,Mumbai Indians,0,1500.8863985094804,1543.8449226804921,-42.95852417101173,0.6,0.4,0.19999999999999996,0.6666666666666666,0.6666666666666666,0.0,0.5,0.4,0.09999999999999998,0.13,0.4,1,1,bat,0.28,0.38461538461538464,155.19230769230768,0.6153846153846154,25,0.38461538461538464,0.6666666666666666,36,0,85.16476682439158,81.99577987798091,3.1689869464106692,64.4298878321061,54.67880765715595,9.751080174950154,0,0,0.42857142857142855,0.5416666666666666,-0.11309523809523808,0.0,0.5416666666666666,-0.5416666666666666,0,0,0.3846153846153846,5,0,0.5882352941176471,0.4117647058823529,0.16666666666666666,0.38461538461538464
734003,37.0,2014,2014-05-13,JSCA International Stadium Complex,Ranchi,Chennai Super Kings,Rajasthan Royals,Chennai Super Kings,1,1622.2951159879979,1548.9930926555273,73.30202333247053,0.8,0.8,0.0,0.6666666666666666,0.6666666666666666,0.0,0.7,0.6,0.09999999999999998,0.0,0.8,0,1,bat,0.6666666666666666,0.6666666666666666,144.33333333333334,0.3333333333333333,3,1.0,0.5,37,0,90.36706769310624,88.755249534189,1.611818158917231,60.27613630275732,64.0196191412604,-3.743482838503084,1,0,0.6363636363636364,0.6415094339622641,-0.005145797598627766,0.6363636363636364,0.0,0.6363636363636364,0,0,0.3333333333333333,5,0,0.3333333333333333,0.3333333333333333,0.6666666666666666,0.6666666666666666
734005,38.0,2014,2014-05-13,"M Chinnaswamy Stadium, Bengaluru",Bangalore,Royal Challengers Bengaluru,Delhi Capitals,Royal Challengers Bengaluru,1,1491.6822546437554,1387.522399972992,104.15985467076348,0.2,0.2,0.0,0.0,0.0,0.0,0.4,0.2,0.2,-0.09999999999999998,0.7,0,0,field,0.5,0.41025641025641024,163.25641025641025,0.5897435897435898,38,0.5526315789473685,0.5,38,0,85.33064349232373,83.18667883164946,2.1439646606742713,60.61309523809524,39.57723287415442,21.035862363940822,0,0,0.559322033898305,0.5172413793103449,0.042080654587960176,0.0,0.5172413793103449,-0.5172413793103449,0,0,0.41025641025641024,5,0,0.7058823529411765,0.2941176470588235,0.5,0.5483870967741935
734007,39.0,2014,2014-05-14,"Rajiv Gandhi Intl Stadium, Hyderabad",Hyderabad,Sunrisers Hyderabad,Kings XI Punjab,Kings XI Punjab,0,1490.3626182203043,1561.022646119536,-70.66002789923164,0.6,0.6,0.0,0.6666666666666666,0.6666666666666666,0.0,0.4,0.8,-0.4,0.0,0.5,0,0,field,0.2692307692307692,0.37037037037037035,155.25925925925927,0.6296296296296297,26,0.37037037037037035,0.75,39,0,85.94937300553705,91.08491216109786,-5.1355391555608065,63.813191137454375,67.22900765118347,-3.415816513729091,0,0,0.42857142857142855,0.6041666666666666,-0.17559523809523808,0.0,0.6041666666666666,-0.6041666666666666,0,0,0.37037037037037035,5,0,0.6111111111111112,0.38888888888888884,0.15384615384615385,0.38461538461538464
734009,40.0,2014,2014-05-14,"Barabati Stadium, Cuttack",Cuttack,Kolkata Knight Riders,Mumbai Indians,Kolkata Knight Riders,1,1498.4051420458698,1554.3687029696682,-55.96356092379847,0.4,0.6,-0.19999999999999996,0.6666666666666666,0.6666666666666666,0.0,0.4,0.4,0.0,-0.33,0.3,1,0,field,0.6666666666666666,0.6666666666666666,172.16666666666666,0.3333333333333333,6,1.0,0.5,40,0,90.23699783647153,83.43277428435272,6.804223552118813,63.28756490263472,53.502876066148666,9.784688836486055,1,0,0.5208333333333334,0.5510204081632653,-0.03018707482993188,0.5208333333333334,0.0,0.5208333333333334,0,0,0.3333333333333333,5,0,0.3333333333333333,0.3333333333333333,0.6666666666666666,0.6666666666666666
734011,41.0,2014,2014-05-15,"Narendra Modi Stadium, Ahmedabad",Ahmedabad,Rajasthan Royals,Delhi Capitals,Rajasthan Royals,1,1539.4879467232906,1379.0159127002592,160.47203402303148,0.6,0.0,0.6,0.3333333333333333,0.0,0.3333333333333333,0.6,0.2,0.39999999999999997,0.72,0.5,0,0,field,0.5,0.6666666666666666,156.33333333333334,0.3333333333333333,6,0.6666666666666666,1.0,41,0,88.31789409064795,84.29360377566134,4.024290314986615,60.746643747479396,40.419890414268856,20.32675333321054,0,1,0.6415094339622641,0.5084745762711864,0.1330348576910777,0.0,0.5084745762711864,-0.5084745762711864,0,0,0.6666666666666667,5,0,0.0,1.0,0.5,0.5
734013,42.0,2014,2014-05-18,JSCA International Stadium Complex,Ranchi,Chennai Super Kings,Royal Challengers Bengaluru,Royal Challengers Bengaluru,0,1631.8002619202346,1500.1887419164882,131.61152000374636,0.8,0.4,0.4,0.6666666666666666,0.3333333333333333,0.3333333333333333,0.8,0.4,0.4,0.36999999999999994,0.6,1,1,bat,0.5,0.5,145.25,0.5,4,1.0,0.0,42,0,90.96002638168925,85.61789090196244,5.342135479726807,61.08539365271189,57.28624463489697,3.7991490178149263,0,1,0.6444444444444445,0.559322033898305,0.08512241054613945,0.0,0.559322033898305,-0.559322033898305,0,0,0.5,5,0,0.5,0.5,0.5,0.5
734015,43.0,2014,2014-05-18,"Rajiv Gandhi Intl Stadium, Hyderabad",Hyderabad,Sunrisers Hyderabad,Kolkata Knight Riders,Kolkata Knight Riders,0,1480.7700287105872,1512.3215098512774,-31.551481140690157,0.4,0.6,-0.19999999999999996,0.3333333333333333,1.0,-0.6666666666666667,0.4,0.5,-0.09999999999999998,0.04999999999999999,0.3,1,1,bat,0.2962962962962963,0.35714285714285715,157.03571428571428,0.6428571428571429,27,0.35714285714285715,0.6666666666666666,43,0,85.39516527147359,90.31905666000094,-4.923891388527352,56.510391150778254,62.63816251403523,-6.127771363256976,0,0,0.42857142857142855,0.5306122448979592,-0.10204081632653067,0.0,0.5306122448979592,-0.5306122448979592,0,0,0.3571428571428571,5,0,0.631578947368421,0.368421052631579,0.15384615384615385,0.42857142857142855
734017,44.0,2014,2014-05-19,"Narendra Modi Stadium, Ahmedabad",Ahmedabad,Rajasthan Royals,Mumbai Indians,Mumbai Indians,0,1546.308606597466,1540.4523351642606,5.856271433205393,0.6,0.6,0.0,0.6666666666666666,0.3333333333333333,0.3333333333333333,0.6,0.3,0.3,-0.08999999999999997,0.4,0,1,bat,0.42857142857142855,0.7142857142857143,162.71428571428572,0.2857142857142857,7,0.7142857142857143,0.5,44,0,89.68660388974574,82.12849837346837,7.558105516277365,64.04032982250516,43.49934876340529,20.54098105909987,1,0,0.6415094339622641,0.5510204081632653,0.09048902579899887,0.6415094339622641,0.0,0.6415094339622641,0,0,0.2857142857142857,5,0,0.0,0.0,0.42857142857142855,0.42857142857142855
734019,45.0,2014,2014-05-19,"Arun Jaitley Stadium, Delhi",Delhi,Delhi Capitals,Kings XI Punjab,Kings XI Punjab,0,1372.1952528260838,1570.615235629253,-198.4199828031692,0.0,0.6,-0.6,0.0,0.6666666666666666,-0.6666666666666666,0.2,0.8,-0.6000000000000001,-0.53,0.5,0,0,field,0.46153846153846156,0.46153846153846156,162.46153846153845,0.5384615384615384,39,0.3783783783783784,0.6,45,0,83.99943202151891,94.48290699207162,-10.483474970552706,42.976558403496995,58.318008782460346,-15.341450378963351,0,0,0.5,0.6122448979591837,-0.11224489795918369,0.0,0.6122448979591837,-0.6122448979591837,0,0,0.46153846153846156,5,0,0.7333333333333333,0.2666666666666667,0.42857142857142855,0.5
734021,46.0,2014,2014-05-20,"Rajiv Gandhi Intl Stadium, Hyderabad",Hyderabad,Sunrisers Hyderabad,Royal Challengers Bengaluru,Sunrisers Hyderabad,1,1469.8567924253916,1516.5288081720482,-46.6720157466566,0.4,0.4,0.0,0.0,0.6666666666666666,-0.6666666666666666,0.4,0.4,0.0,0.39999999999999997,0.6,0,1,bat,0.2857142857142857,0.3448275862068966,156.51724137931035,0.6551724137931034,28,0.3448275862068966,0.25,46,0,83.92072942314007,84.37253737148683,-0.45180794834675453,58.02917930046856,58.187748916829285,-0.15856961636072242,1,1,0.42857142857142855,0.5666666666666667,-0.1380952380952381,0.42857142857142855,0.0,0.42857142857142855,0,0,0.6551724137931034,5,0,0.65,0.65,0.14285714285714285,0.42857142857142855
734023,47.0,2014,2014-05-20,"Eden Gardens, Kolkata",Kolkata,Kolkata Knight Riders,Chennai Super Kings,Kolkata Knight Riders,1,1523.234746136473,1615.4601956646745,-92.22544952820158,0.8,0.6,0.20000000000000007,1.0,0.6666666666666666,0.33333333333333337,0.5,0.8,-0.30000000000000004,-0.020000000000000018,0.3,1,0,field,0.5555555555555556,0.3611111111111111,146.72222222222223,0.6388888888888888,36,0.5882352941176471,0.6666666666666666,47,0,86.97844561363132,90.41605963282483,-3.4376140191935036,63.27722778442882,61.60221939875661,1.6750083856722071,1,1,0.54,0.6444444444444445,-0.10444444444444445,0.54,0.0,0.54,0,0,0.6388888888888888,5,0,0.6153846153846154,0.6153846153846154,0.44,0.8181818181818182
734025,48.0,2014,2014-05-21,"PCA Stadium, Mohali",Chandigarh,Kings XI Punjab,Mumbai Indians,Mumbai Indians,0,1576.4212478098311,1552.6545844601592,23.766663349671944,0.8,0.6,0.20000000000000007,0.6666666666666666,0.6666666666666666,0.0,0.8,0.4,0.4,0.16999999999999993,0.4,0,0,field,0.4642857142857143,0.39285714285714285,168.10714285714286,0.6071428571428571,28,0.5357142857142857,0.25,48,0,89.80564171663652,82.99316183618957,6.8124798804469435,56.7415743178992,61.888261142498436,-5.146686824599236,0,0,0.62,0.5510204081632653,0.06897959183673474,0.0,0.5510204081632653,-0.5510204081632653,0,0,0.3928571428571429,5,0,0.5454545454545454,0.4545454545454546,0.3333333333333333,0.5625
734029,50.0,2014,2014-05-22,JSCA International Stadium Complex,Ranchi,Chennai Super Kings,Sunrisers Hyderabad,Sunrisers Hyderabad,0,1600.3476064457343,1483.4591599066707,116.88844653906358,0.4,0.4,0.0,0.3333333333333333,0.3333333333333333,0.0,0.7,0.5,0.19999999999999996,0.020000000000000018,0.8,0,0,field,0.4,0.4,143.8,0.6,5,0.6666666666666666,0.5,49,0,90.5708383820672,83.6025744082607,6.968263973806501,60.74738278155629,58.55427932969445,2.1931034518618375,0,0,0.6444444444444445,0.4418604651162791,0.2025839793281654,0.0,0.4418604651162791,-0.4418604651162791,0,0,0.4,5,0,0.6,0.4,0.4,0.4
734027,49.0,2014,2014-05-22,"Eden Gardens, Kolkata",Kolkata,Kolkata Knight Riders,Royal Challengers Bengaluru,Kolkata Knight Riders,1,1538.3473353554132,1502.9264406907691,35.42089466464404,1.0,0.4,0.6,1.0,0.6666666666666666,0.33333333333333337,0.6,0.3,0.3,0.6799999999999999,0.5,0,0,field,0.5675675675675675,0.35135135135135137,146.9189189189189,0.6486486486486487,37,0.6,0.25,50,0,95.62830687830689,83.48185090198336,12.146455976323523,60.40978736383903,52.634318384318384,7.775468979520646,0,0,0.5490196078431373,0.5666666666666667,-0.01764705882352935,0.0,0.5666666666666667,-0.5666666666666667,0,0,0.3513513513513513,5,0,0.6428571428571429,0.3571428571428571,0.44,0.8333333333333334
734031,51.0,2014,2014-05-23,"Wankhede Stadium, Mumbai",Mumbai,Mumbai Indians,Delhi Capitals,Mumbai Indians,1,1565.474177934856,1366.3892406455057,199.08493728935036,0.6,0.0,0.6,0.6666666666666666,0.0,0.6666666666666666,0.5,0.1,0.4,0.45,0.5,0,0,field,0.5,0.5,156.8235294117647,0.5,34,0.6451612903225806,0.25,51,0,84.2341149314675,83.59026236992774,0.6438525615397594,58.545978910890476,50.5105888250186,8.035390085871875,0,1,0.56,0.5,0.06000000000000005,0.0,0.5,-0.5,0,0,0.5,5,0,0.5238095238095238,0.47619047619047616,0.5,0.5
734033,52.0,2014,2014-05-23,"PCA Stadium, Mohali",Chandigarh,Kings XI Punjab,Rajasthan Royals,Kings XI Punjab,1,1563.6016543351343,1534.1063573015674,29.495297033566885,0.6,0.4,0.19999999999999996,0.6666666666666666,0.3333333333333333,0.3333333333333333,0.7,0.6,0.09999999999999998,0.30000000000000004,0.3,0,0,field,0.4827586206896552,0.3793103448275862,167.68965517241378,0.6206896551724138,29,0.5172413793103449,0.6,52,0,90.04828179822971,87.83117238940335,2.21710940882636,53.3292342754236,61.174569443886874,-7.845335168463272,0,0,0.62,0.6296296296296297,-0.009629629629629655,0.0,0.6296296296296297,-0.6296296296296297,0,0,0.3793103448275862,5,0,0.5833333333333334,0.41666666666666663,0.3333333333333333,0.5882352941176471
734035,53.0,2014,2014-05-24,"M Chinnaswamy Stadium, Bengaluru",Bangalore,Royal Challengers Bengaluru,Chennai Super Kings,Chennai Super Kings,0,1492.1456140650637,1584.4561466840873,-92.31053261902366,0.4,0.4,0.0,0.3333333333333333,0.0,0.3333333333333333,0.3,0.6,-0.3,-0.14999999999999997,0.4,0,0,field,0.48717948717948717,0.425,163.825,0.575,39,0.5641025641025641,0.4,53,0,83.87091491552887,90.5024879502279,-6.631573034699031,56.64919140520143,58.50864311454981,-1.8594517093483844,0,0,0.5573770491803278,0.6444444444444445,-0.08706739526411666,0.0,0.6444444444444445,-0.6444444444444445,0,0,0.42500000000000004,5,0,0.6666666666666666,0.33333333333333337,0.48717948717948717,0.53125
734037,54.0,2014,2014-05-24,"Eden Gardens, Kolkata",Kolkata,Kolkata Knight Riders,Sunrisers Hyderabad,Kolkata Knight Riders,1,1549.1281619811186,1499.3506196683177,49.77754231280096,1.0,0.4,0.6,1.0,0.6666666666666666,0.33333333333333337,0.6,0.5,0.09999999999999998,0.8,0.7,1,0,field,0.5526315789473685,0.3684210526315789,148.18421052631578,0.631578947368421,38,0.6111111111111112,0.0,54,0,95.8247756142493,83.02791674319303,12.796858871056273,58.84226476417831,55.56004772409094,3.2822170400873674,1,1,0.5490196078431373,0.45454545454545453,0.09447415329768277,0.5490196078431373,0.0,0.5490196078431373,0,0,0.631578947368421,5,0,0.6,0.6,0.44,0.7692307692307693
734039,55.0,2014,2014-05-25,"PCA Stadium, Mohali",Chandigarh,Kings XI Punjab,Delhi Capitals,Kings XI Punjab,1,1574.585363177719,1360.6000595791377,213.98530359858137,0.6,0.0,0.6,0.6666666666666666,0.0,0.6666666666666666,0.7,0.1,0.6,0.53,0.6,1,0,field,0.4666666666666667,0.4,168.06666666666666,0.6,30,0.5333333333333333,0.5,55,0,93.09986042700181,84.01944270626191,9.080417720739902,67.55216642926278,50.99178297736828,16.560383451894502,1,1,0.62,0.4918032786885246,0.12819672131147541,0.62,0.0,0.62,0,0,0.6,5,0,0.5384615384615384,0.5384615384615384,0.3333333333333333,0.5555555555555556
734041,56.0,2014,2014-05-25,"Wankhede Stadium, Mumbai",Mumbai,Mumbai Indians,Rajasthan Royals,Mumbai Indians,1,1571.263359001224,1523.1226484589827,48.14071054224132,0.8,0.4,0.4,1.0,0.3333333333333333,0.6666666666666667,0.6,0.6,0.0,0.19999999999999996,0.7,1,0,field,0.4857142857142857,0.5142857142857142,157.28571428571428,0.4857142857142857,35,0.65625,0.5,56,0,84.784170185426,88.99383213599387,-4.209661950567863,56.26250993276332,57.826114198615024,-1.5636042658517013,1,0,0.56,0.6181818181818182,-0.05818181818181811,0.56,0.0,0.56,0,0,0.4857142857142857,5,0,0.5,0.5,0.5,0.47619047619047616
734043,,2014,2014-05-27,"Eden Gardens, Kolkata",Kolkata,Kings XI Punjab,Kolkata Knight Riders,Kolkata Knight Riders,0,1580.0061667191133,1559.4205743113137,20.585592407799595,0.8,1.0,-0.19999999999999996,0.6666666666666666,1.0,-0.33333333333333337,0.7,0.7,0.0,-0.20000000000000007,0.5,1,0,field,0.5641025641025641,0.358974358974359,148.48717948717947,0.6410256410256411,39,0.4,0.6216216216216216,57,1,92.10416628705428,96.28376622803867,-4.179599940984389,67.3280206320173,61.45107626605081,5.876944365966487,1,1,0.6274509803921569,0.5576923076923077,0.06975867269984914,0.6274509803921569,0.0,0.6274509803921569,0,0,0.6410256410256411,5,0,0.625,0.625,0.44,0.7857142857142857
734045,,2014,2014-05-28,"Brabourne Stadium, Mumbai",Mumbai,Chennai Super Kings,Mumbai Indians,Chennai Super Kings,1,1593.340816684674,1581.6111974851535,11.729619199520585,0.4,0.8,-0.4,0.3333333333333333,1.0,-0.6666666666666667,0.6,0.7,-0.09999999999999998,-0.22000000000000003,0.4,1,0,field,0.7142857142857143,0.42857142857142855,174.57142857142858,0.5714285714285714,7,0.0,0.8571428571428571,58,1,89.45388184464551,88.61838256739414,0.8354992772513725,60.050288923854055,54.8291653994037,5.2211235244503555,1,1,0.6521739130434783,0.5686274509803921,0.08354646206308614,0.6521739130434783,0.0,0.6521739130434783,0,0,0.5714285714285714,5,0,0.5,0.5,0.7142857142857143,0.7142857142857143
734047,,2014,2014-05-30,"Wankhede Stadium, Mumbai",Mumbai,Chennai Super Kings,Kings XI Punjab,Kings XI Punjab,0,1604.9358438376,1567.2959963867427,37.63984745085736,0.4,0.6,-0.19999999999999996,0.6666666666666666,0.6666666666666666,0.0,0.6,0.6,0.0,-0.47000000000000003,0.4,1,0,field,0.5,0.5,158.16666666666666,0.5,36,0.42857142857142855,0.3333333333333333,59,1,90.04563253567629,91.73167295348938,-1.6860404178130892,60.134497655491224,66.90300944702854,-6.768511791537314,1,0,0.6595744680851063,0.6153846153846154,0.04418985270049092,0.6595744680851063,0.0,0.6595744680851063,0,0,0.5,5,0,0.5217391304347826,0.5217391304347826,0.5,0.5
734049,,2014,2014-06-01,"M Chinnaswamy Stadium, Bengaluru",Bangalore,Kolkata Knight Riders,Kings XI Punjab,Kolkata Knight Riders,1,1572.1307446436842,1580.590968375522,-8.460223731837687,1.0,0.6,0.4,1.0,0.6666666666666666,0.33333333333333337,0.8,0.7,0.10000000000000009,0.47,0.6,1,0,field,0.5,0.4146341463414634,163.58536585365854,0.5853658536585366,40,0.4,0.6666666666666666,60,1,95.62486768426602,92.4583069071304,3.166560777135615,60.352374351732784,62.41099214868135,-2.0586177969485675,1,1,0.5576923076923077,0.6153846153846154,-0.05769230769230771,0.5576923076923077,0.0,0.5576923076923077,0,0,0.5853658536585366,6,0,0.5,0.5,0.5,0.5454545454545454
829705,1.0,2015,2015-04-08,"Eden Gardens, Kolkata",Kolkata,Kolkata Knight Riders,Mumbai Indians,Kolkata Knight Riders,1,1584.4228926790277,1570.0161703322276,14.406722346800052,1.0,0.8,0.19999999999999996,1.0,0.6666666666666666,0.33333333333333337,0.9,0.7,0.20000000000000007,0.07999999999999996,0.4,1,0,field,0.55,0.375,148.85,0.625,40,0.631578947368421,0.8571428571428571,1,0,95.22394530812669,86.16637601635037,9.057569291776318,58.39867279716396,54.29206667393952,4.106606123224438,1,1,0.5660377358490566,0.5686274509803921,-0.002589715131335546,0.5660377358490566,0.0,0.5660377358490566,1,1,0.625,4,0,0.6666666666666666,0.6666666666666666,0.44,0.7333333333333333
829707,2.0,2015,2015-04-09,"MA Chidambaram Stadium, Chennai",Chennai,Chennai Super Kings,Delhi Capitals,Chennai Super Kings,1,1591.6408718488208,1355.1792560377435,236.4616158110773,0.4,0.0,0.4,0.6666666666666666,0.0,0.6666666666666666,0.5,0.1,0.4,0.32,0.8,0,0,field,0.525,0.6097560975609756,166.3658536585366,0.3902439024390244,40,0.675,0.3333333333333333,2,0,89.83730818333315,85.20927937225458,4.628028811078565,56.57254665815791,62.64876194019872,-6.076215282040806,0,1,0.6458333333333334,0.4918032786885246,0.1540300546448088,0.0,0.4918032786885246,-0.4918032786885246,1,0,0.6097560975609756,4,0,0.47619047619047616,0.5238095238095238,0.5862068965517241,0.36363636363636365
829709,3.0,2015,2015-04-10,Maharashtra Cricket Association Stadium,Pune,Kings XI Punjab,Rajasthan Royals,Rajasthan Royals,0,1568.2988203401785,1512.7748099750531,55.52401036512538,0.6,0.2,0.39999999999999997,0.3333333333333333,0.0,0.3333333333333333,0.6,0.5,0.09999999999999998,0.47,0.3,1,0,field,0.0,1.0,119.0,0.0,1,0.5,0.5,3,0,94.49711467770818,89.49220860402295,5.004906073685234,61.70427365873286,53.107652386693566,8.596621272039293,1,0,0.6153846153846154,0.6181818181818182,-0.002797202797202747,0.6153846153846154,0.0,0.6153846153846154,1,1,0.0,4,0,0.0,0.0,0.0,0.0
829713,5.0,2015,2015-04-11,"Eden Gardens, Kolkata",Kolkata,Kolkata Knight Riders,Royal Challengers Bengaluru,Royal Challengers Bengaluru,0,1595.9255871102253,1483.260944064477,112.66464304574833,1.0,0.4,0.6,1.0,0.0,1.0,1.0,0.3,0.7,0.4,0.6,0,0,field,0.5609756097560976,0.36585365853658536,149.3170731707317,0.6341463414634146,41,0.6410256410256411,0.2,4,0,96.46984694747096,81.25142681619619,15.218420131274769,51.14230104104177,47.147456681495015,3.9948443595467538,0,0,0.5740740740740741,0.5573770491803278,0.01669702489374625,0.0,0.5573770491803278,-0.5573770491803278,1,0,0.36585365853658536,4,0,0.6818181818181818,0.31818181818181823,0.44,0.75
829711,4.0,2015,2015-04-11,"MA Chidambaram Stadium, Chennai",Chennai,Chennai Super Kings,Sunrisers Hyderabad,Chennai Super Kings,1,1596.5380283047216,1489.0582073381227,107.47982096659894,0.6,0.4,0.19999999999999996,0.6666666666666666,0.6666666666666666,0.0,0.5,0.5,0.0,0.21000000000000002,0.7,1,1,bat,0.5121951219512195,0.6190476190476191,165.97619047619048,0.38095238095238093,41,0.6829268292682927,0.4,5,0,85.48239700455807,83.57498264928044,1.9074143552776235,62.59998006740708,51.53485050994768,11.0651295574594,0,1,0.6458333333333334,0.45454545454545453,0.19128787878787884,0.0,0.45454545454545453,-0.45454545454545453,1,0,0.6190476190476191,4,0,0.45454545454545453,0.5454545454545454,0.5862068965517241,0.3333333333333333
829715,6.0,2015,2015-04-12,"Arun Jaitley Stadium, Delhi",Delhi,Delhi Capitals,Rajasthan Royals,Rajasthan Royals,0,1350.2820995818427,1526.67638043859,-176.3942808567474,0.0,0.4,-0.4,0.0,0.3333333333333333,-0.3333333333333333,0.0,0.5,-0.5,-0.43,0.5,0,0,field,0.475,0.45,162.5,0.55,40,0.3684210526315789,0.5,6,0,83.59055933890038,87.9381545499689,-4.347595211068523,59.943591445616015,55.98908081751218,3.954510628103833,0,0,0.4838709677419355,0.6181818181818182,-0.13431085043988267,0.0,0.6181818181818182,-0.6181818181818182,1,0,0.44999999999999996,4,0,0.45,0.55,0.42857142857142855,0.5263157894736842
829717,7.0,2015,2015-04-12,"Wankhede Stadium, Mumbai",Mumbai,Mumbai Indians,Kings XI Punjab,Kings XI Punjab,0,1558.51347590103,1554.3972498766416,4.116226024388425,0.6,0.4,0.19999999999999996,0.3333333333333333,0.3333333333333333,0.0,0.6,0.5,0.09999999999999998,0.25,0.6,1,0,field,0.4864864864864865,0.5135135135135135,160.0,0.4864864864864865,37,0.6666666666666666,0.42857142857142855,7,0,87.2161553003344,90.01754857263204,-2.8013932722976307,39.922134038800706,66.5227969348659,-26.600662896065188,1,0,0.5686274509803921,0.6037735849056604,-0.03514613392526822,0.5686274509803921,0.0,0.5686274509803921,1,1,0.4864864864864865,4,0,0.46153846153846156,0.46153846153846156,0.5,0.4782608695652174
829719,8.0,2015,2015-04-13,"M Chinnaswamy Stadium, Bengaluru",Bangalore,Royal Challengers Bengaluru,Sunrisers Hyderabad,Sunrisers Hyderabad,0,1499.0213503042037,1480.6563747360126,18.364975568191085,0.4,0.4,0.0,0.3333333333333333,0.3333333333333333,0.0,0.4,0.4,0.0,-0.020000000000000018,0.4,0,0,field,0.5121951219512195,0.40476190476190477,164.42857142857142,0.5952380952380952,41,0.55,0.2,8,0,84.91100128428128,86.49244258421237,-1.581441299931086,50.542450115109595,64.9935312024353,-14.451081087325711,0,0,0.5645161290322581,0.4444444444444444,0.1200716845878137,0.0,0.4444444444444444,-0.4444444444444444,1,0,0.40476190476190477,4,0,0.5,0.5,0.5121951219512195,0.5588235294117647
829721,9.0,2015,2015-04-14,"Narendra Modi Stadium, Ahmedabad",Ahmedabad,Rajasthan Royals,Mumbai Indians,Rajasthan Royals,1,1533.0585325818445,1546.3713131421412,-13.312780560296687,0.4,0.4,0.0,0.6666666666666666,0.0,0.6666666666666666,0.5,0.5,0.0,-0.39999999999999997,0.3,0,1,bat,0.5,0.75,164.625,0.25,8,0.625,1.0,9,0,90.37348381386172,85.12617355079894,5.247310263062786,54.845617584265675,50.02498184458969,4.820635739675986,1,0,0.625,0.5576923076923077,0.06730769230769229,0.625,0.0,0.625,1,1,0.25,4,0,0.5,0.5,0.5,0.5
829725,10.0,2015,2015-04-15,Maharashtra Cricket Association Stadium,Pune,Kings XI Punjab,Delhi Capitals,Delhi Capitals,0,1566.5394126355304,1343.8999474385882,222.63946519694218,0.4,0.0,0.4,0.3333333333333333,0.0,0.3333333333333333,0.6,0.0,0.6,0.33,0.6,1,1,bat,0.0,1.0,140.5,0.0,2,0.0,0.5,10,0,93.32962165965958,85.41812909307528,7.9114925665843,65.52723227655842,60.51502001704458,5.012212259513845,0,1,0.6037735849056604,0.4838709677419355,0.11990261716372486,0.0,0.4838709677419355,-0.4838709677419355,1,0,1.0,4,0,0.0,1.0,0.0,0.0
829727,11.0,2015,2015-04-16,Dr. Y.S. Rajasekhara Reddy ACA-VDCA Cricket Stadium,Visakhapatnam,Sunrisers Hyderabad,Rajasthan Royals,Rajasthan Royals,0,1493.2900884241249,1545.5181148333377,-52.228026409212816,0.6,0.6,0.0,0.3333333333333333,1.0,-0.6666666666666667,0.5,0.5,0.0,0.2799999999999999,0.3,0,0,field,0.0,0.5,165.5,0.5,2,0.0,0.5,11,0,87.48097345186905,90.88985441643922,-3.408880964570173,60.63177186733372,59.91388809371265,0.7178837736210681,0,1,0.45652173913043476,0.631578947368421,-0.17505720823798626,0.0,0.631578947368421,-0.631578947368421,1,0,0.5,4,0,0.5,0.5,0.0,0.0
829729,12.0,2015,2015-04-17,"Wankhede Stadium, Mumbai",Mumbai,Mumbai Indians,Chennai Super Kings,Chennai Super Kings,0,1533.911730890648,1604.9398609068317,-71.0281300161837,0.2,0.8,-0.6000000000000001,0.0,0.6666666666666666,-0.6666666666666666,0.5,0.6,-0.09999999999999998,-0.44999999999999996,0.5,1,1,bat,0.47368421052631576,0.5263157894736842,160.44736842105263,0.47368421052631576,38,0.6470588235294118,0.375,12,0,91.82823677077275,89.19742273524524,2.630814035527507,48.305467372134046,64.53852163788143,-16.233054265747384,0,1,0.5576923076923077,0.6458333333333334,-0.08814102564102566,0.0,0.6458333333333334,-0.6458333333333334,1,0,0.5263157894736843,4,0,0.42857142857142855,0.5714285714285714,0.5,0.4583333333333333
829731,13.0,2015,2015-04-18,Dr. Y.S. Rajasekhara Reddy ACA-VDCA Cricket Stadium,Visakhapatnam,Sunrisers Hyderabad,Delhi Capitals,Delhi Capitals,0,1483.0805144936012,1362.6853400733062,120.395174420295,0.4,0.2,0.2,0.3333333333333333,0.3333333333333333,0.0,0.4,0.1,0.30000000000000004,0.38999999999999996,0.7,0,1,bat,0.3333333333333333,0.3333333333333333,152.66666666666666,0.6666666666666666,3,0.0,0.5,13,0,85.48994471160582,83.49558941053559,1.9943553010702288,55.15009356885298,60.81771534704608,-5.6676217781931015,1,1,0.45652173913043476,0.49206349206349204,-0.03554175293305728,0.45652173913043476,0.0,0.45652173913043476,1,1,0.6666666666666666,4,0,0.6666666666666666,0.6666666666666666,0.3333333333333333,0.3333333333333333
829733,14.0,2015,2015-04-18,Maharashtra Cricket Association Stadium,Pune,Kings XI Punjab,Kolkata Knight Riders,Kolkata Knight Riders,0,1547.7540200008125,1580.1651808704985,-32.411160869686,0.4,0.8,-0.4,0.3333333333333333,0.6666666666666666,-0.3333333333333333,0.5,0.9,-0.4,-0.45000000000000007,0.4,0,0,field,0.0,0.6666666666666666,148.66666666666666,0.3333333333333333,3,0.0,0.5,14,0,89.73018288262722,97.17688954380795,-7.446706661180727,63.0765740984443,53.59403460837888,9.48253949006542,0,1,0.6037735849056604,0.5740740740740741,0.029699510831586284,0.0,0.5740740740740741,-0.5740740740740741,1,0,0.6666666666666667,4,0,0.3333333333333333,0.6666666666666667,0.0,0.0
829735,15.0,2015,2015-04-19,"Narendra Modi Stadium, Ahmedabad",Ahmedabad,Rajasthan Royals,Chennai Super Kings,Rajasthan Royals,1,1555.7276887638614,1614.520250914653,-58.79256215079158,0.8,0.8,0.0,1.0,1.0,0.0,0.6,0.6,0.0,-0.09999999999999998,0.2,0,1,bat,0.4444444444444444,0.6666666666666666,164.55555555555554,0.3333333333333333,9,0.6666666666666666,0.0,15,0,87.74335847037192,88.02974522335549,-0.2863867529835744,74.85523816664168,63.32641854121399,11.528819625427694,1,0,0.6379310344827587,0.6530612244897959,-0.015130190007037192,0.6379310344827587,0.0,0.6379310344827587,1,1,0.3333333333333333,4,0,1.0,1.0,0.4444444444444444,0.4444444444444444
829737,16.0,2015,2015-04-19,"M Chinnaswamy Stadium, Bengaluru",Bangalore,Royal Challengers Bengaluru,Mumbai Indians,Mumbai Indians,0,1486.3876366160914,1524.3313408828267,-37.94370426673527,0.2,0.0,0.2,0.3333333333333333,0.0,0.3333333333333333,0.3,0.4,-0.10000000000000003,0.12,0.4,1,0,field,0.5238095238095238,0.3953488372093023,164.46511627906978,0.6046511627906976,42,0.5365853658536586,0.6666666666666666,16,0,81.82854978483583,88.05871171357646,-6.230161928740628,42.468703156536264,46.80174568928614,-4.333042532749879,1,1,0.5645161290322581,0.5576923076923077,0.006823821339950409,0.5645161290322581,0.0,0.5645161290322581,1,1,0.6046511627906976,4,0,0.5263157894736842,0.5263157894736842,0.5238095238095238,0.5714285714285714
829739,17.0,2015,2015-04-20,"Arun Jaitley Stadium, Delhi",Delhi,Delhi Capitals,Kolkata Knight Riders,Kolkata Knight Riders,0,1378.684823553831,1591.048975056836,-212.36415150300513,0.4,0.8,-0.4,0.6666666666666666,0.6666666666666666,0.0,0.2,0.9,-0.7,-0.6799999999999999,0.4,0,0,field,0.4878048780487805,0.43902439024390244,163.02439024390245,0.5609756097560976,41,0.358974358974359,0.75,17,0,88.24897938802276,97.17688954380795,-8.927910155785185,62.94402338272817,54.007462933076624,8.936560449651545,0,0,0.49206349206349204,0.5818181818181818,-0.08975468975468975,0.0,0.5818181818181818,-0.5818181818181818,1,0,0.4390243902439024,4,0,0.47619047619047616,0.5238095238095238,0.42857142857142855,0.55
829741,18.0,2015,2015-04-21,"Narendra Modi Stadium, Ahmedabad",Ahmedabad,Rajasthan Royals,Kings XI Punjab,Kings XI Punjab,0,1569.739149128939,1536.870225814475,32.868923314464155,1.0,0.2,0.8,1.0,0.3333333333333333,0.6666666666666667,0.6,0.4,0.19999999999999996,0.8,0.7,0,0,field,0.4,0.6,163.7,0.4,10,0.7,0.5,18,0,89.95100473816547,88.06262383451036,1.8883809036551042,63.906605615841954,60.56876206231045,3.3378435535315063,0,1,0.6440677966101694,0.6037735849056604,0.040294211704509086,0.0,0.6037735849056604,-0.6037735849056604,1,0,0.6,4,0,1.0,0.0,0.4,0.4
829745,20.0,2015,2015-04-22,"M Chinnaswamy Stadium, Bengaluru",Bangalore,Royal Challengers Bengaluru,Chennai Super Kings,Chennai Super Kings,0,1475.6929802482616,1600.5087905495752,-124.8158103013136,0.2,0.6,-0.39999999999999997,0.3333333333333333,0.6666666666666666,-0.3333333333333333,0.3,0.5,-0.2,-0.37000000000000005,0.3,1,0,field,0.5116279069767442,0.4090909090909091,165.47727272727272,0.5909090909090909,43,0.5238095238095238,0.5,19,0,82.58928260138092,89.77658784852387,-7.187305247142959,57.268208175943876,56.56971142247907,0.6984967534648092,1,1,0.5555555555555556,0.6530612244897959,-0.09750566893424029,0.5555555555555556,0.0,0.5555555555555556,1,1,0.5909090909090909,4,0,0.5,0.5,0.5116279069767442,0.5555555555555556
829743,19.0,2015,2015-04-22,Dr. Y.S. Rajasekhara Reddy ACA-VDCA Cricket Stadium,Visakhapatnam,Sunrisers Hyderabad,Kolkata Knight Riders,Sunrisers Hyderabad,1,1467.0810310130764,1596.5090402082908,-129.42800919521437,0.2,0.8,-0.6000000000000001,0.3333333333333333,0.6666666666666666,-0.3333333333333333,0.3,0.9,-0.6000000000000001,-0.5999999999999999,0.2,0,0,field,0.5,0.5,156.25,0.5,4,0.0,0.5,20,0,85.80767036682873,95.32614327515122,-9.518472908322494,52.77006727136476,56.29545580985043,-3.5253885384856716,0,1,0.44680851063829785,0.5892857142857143,-0.14247720364741645,0.0,0.5892857142857143,-0.5892857142857143,1,0,0.5,4,0,0.5,0.5,0.5,0.5
829747,21.0,2015,2015-04-23,"Arun Jaitley Stadium, Delhi",Delhi,Delhi Capitals,Mumbai Indians,Delhi Capitals,1,1373.2247584023762,1535.0259972506565,-161.80123884828026,0.4,0.2,0.2,0.6666666666666666,0.3333333333333333,0.3333333333333333,0.2,0.5,-0.3,0.24,0.4,0,0,field,0.5,0.42857142857142855,162.61904761904762,0.5714285714285714,42,0.35,0.3333333333333333,21,0,86.54956659820672,87.59893983085146,-1.04937323264474,61.841751180795114,49.29316117058365,12.548590010211463,0,0,0.49206349206349204,0.5576923076923077,-0.06562881562881567,0.0,0.5576923076923077,-0.5576923076923077,1,0,0.4285714285714286,4,0,0.5,0.5,0.42857142857142855,0.5714285714285714
829749,22.0,2015,2015-04-24,"Narendra Modi Stadium, Ahmedabad",Ahmedabad,Rajasthan Royals,Royal Challengers Bengaluru,Royal Challengers Bengaluru,0,1556.6072714862041,1467.8276062611635,88.77966522504062,0.8,0.2,0.6000000000000001,0.6666666666666666,0.0,0.6666666666666666,0.6,0.3,0.3,0.67,0.5,0,0,field,0.4,0.5454545454545454,166.1818181818182,0.45454545454545453,10,0.6363636363636364,0.5,22,0,90.26439941125639,84.79104091931374,5.473358491942648,62.45734666896313,53.24281088244097,9.214535786522163,0,1,0.6440677966101694,0.546875,0.09719279661016944,0.0,0.546875,-0.546875,1,0,0.5454545454545454,4,0,1.0,0.0,0.4,0.4
829751,23.0,2015,2015-04-25,"Wankhede Stadium, Mumbai",Mumbai,Mumbai Indians,Sunrisers Hyderabad,Mumbai Indians,1,1517.8093621269527,1483.3553979047251,34.45396422222757,0.2,0.4,-0.2,0.3333333333333333,0.3333333333333333,0.0,0.4,0.4,0.0,-0.21000000000000002,0.7,1,1,bat,0.46153846153846156,0.5128205128205128,161.02564102564102,0.48717948717948717,39,0.6285714285714286,0.3333333333333333,23,0,91.62333854776853,86.5998708659071,5.023467681861419,50.32258173924841,60.3353584738501,-10.012776734601687,0,1,0.5471698113207547,0.44680851063829785,0.10036130068245686,0.0,0.44680851063829785,-0.44680851063829785,1,0,0.5128205128205128,4,0,0.4666666666666667,0.5333333333333333,0.4666666666666667,0.4583333333333333
829753,24.0,2015,2015-04-25,"MA Chidambaram Stadium, Chennai",Chennai,Chennai Super Kings,Kings XI Punjab,Chennai Super Kings,1,1608.3741645366733,1550.0021034572098,58.37206107946349,0.8,0.4,0.4,0.6666666666666666,0.3333333333333333,0.3333333333333333,0.6,0.5,0.09999999999999998,0.55,0.3,1,1,bat,0.5238095238095238,0.627906976744186,166.97674418604652,0.37209302325581395,42,0.6904761904761905,0.5,24,0,92.05954877097193,92.35519010506465,-0.2956413340927213,57.570661040481916,58.175989259652546,-0.6053282191706302,0,1,0.6530612244897959,0.6111111111111112,0.041950113378684706,0.0,0.6111111111111112,-0.6111111111111112,1,0,0.627906976744186,4,0,0.43478260869565216,0.5652173913043479,0.6,0.3333333333333333
829757,26.0,2015,2015-04-26,"Arun Jaitley Stadium, Delhi",Delhi,Delhi Capitals,Royal Challengers Bengaluru,Royal Challengers Bengaluru,0,1390.44139352608,1482.8289067826586,-92.38751325657859,0.6,0.4,0.19999999999999996,0.6666666666666666,0.3333333333333333,0.3333333333333333,0.3,0.4,-0.10000000000000003,0.10000000000000003,0.2,0,0,field,0.4883720930232558,0.4418604651162791,163.25581395348837,0.5581395348837209,43,0.36585365853658536,0.6,25,0,87.85082792440842,85.44160782121753,2.40922010319089,61.0958354116682,53.93942979799899,7.156405613669207,0,0,0.49206349206349204,0.5538461538461539,-0.06178266178266184,0.0,0.5538461538461539,-0.5538461538461539,1,0,0.4418604651162791,4,0,0.4782608695652174,0.5217391304347826,0.42857142857142855,0.5454545454545454
829759,27.0,2015,2015-04-27,"PCA Stadium, Mohali",Chandigarh,Kings XI Punjab,Sunrisers Hyderabad,Sunrisers Hyderabad,0,1539.9994454423368,1472.541510145238,67.45793529709886,0.4,0.4,0.0,0.3333333333333333,0.3333333333333333,0.0,0.4,0.4,0.0,0.0,0.5,1,0,field,0.4838709677419355,0.3870967741935484,166.3548387096774,0.6129032258064516,31,0.5483870967741935,0.3333333333333333,26,0,90.20963510413253,83.06810348729628,7.141531616836247,54.38324070144822,63.51317960230148,-9.129938900853254,1,1,0.6,0.4375,0.16249999999999998,0.6,0.0,0.6,0,0,0.6129032258064516,4,0,0.7142857142857143,0.7142857142857143,0.3333333333333333,0.5789473684210527
829765,28.0,2015,2015-04-28,"MA Chidambaram Stadium, Chennai",Chennai,Chennai Super Kings,Kolkata Knight Riders,Chennai Super Kings,1,1618.3768225515464,1580.234673316642,38.14214923490431,0.8,0.6,0.20000000000000007,0.6666666666666666,0.6666666666666666,0.0,0.7,0.8,-0.10000000000000009,0.1299999999999999,0.6,0,0,field,0.5348837209302325,0.6363636363636364,167.54545454545453,0.36363636363636365,43,0.6976744186046512,0.3333333333333333,27,0,92.18431188313862,97.17688954380795,-4.992577660669326,60.0088015715306,56.76345235881222,3.2453492127183736,0,1,0.6530612244897959,0.5789473684210527,0.07411385606874321,0.0,0.5789473684210527,-0.5789473684210527,0,0,0.6363636363636364,4,0,0.4166666666666667,0.5833333333333333,0.6129032258064516,0.3333333333333333
829723,30.0,2015,2015-04-30,"Eden Gardens, Kolkata",Kolkata,Kolkata Knight Riders,Chennai Super Kings,Kolkata Knight Riders,1,1569.5467894711705,1629.064706397018,-59.51791692584743,0.4,0.8,-0.4,0.3333333333333333,1.0,-0.6666666666666667,0.7,0.8,-0.10000000000000009,-0.3,0.4,1,0,field,0.5714285714285714,0.35714285714285715,149.97619047619048,0.6428571428571429,42,0.625,0.5714285714285714,28,0,95.49012896833351,91.05536194011054,4.434767028222964,64.46653575519555,60.73198140784967,3.7345543473458775,1,1,0.5689655172413793,0.6530612244897959,-0.08409570724841653,0.5689655172413793,0.0,0.5689655172413793,0,0,0.6428571428571429,4,0,0.6956521739130435,0.6956521739130435,0.44,0.7647058823529411
829767,31.0,2015,2015-05-01,"Arun Jaitley Stadium, Delhi",Delhi,Delhi Capitals,Kings XI Punjab,Delhi Capitals,1,1381.559203001479,1525.6983737024366,-144.1391707009575,0.6,0.2,0.39999999999999997,0.3333333333333333,0.3333333333333333,0.0,0.3,0.3,0.0,0.52,0.4,1,0,field,0.5,0.4318181818181818,161.70454545454547,0.5681818181818182,44,0.35714285714285715,0.6666666666666666,29,0,86.77336027411071,88.75493918323744,-1.9815789091267249,59.836904379617074,54.63159190472237,5.205312474894704,1,1,0.49206349206349204,0.5892857142857143,-0.09722222222222227,0.49206349206349204,0.0,0.49206349206349204,0,0,0.5681818181818182,5,0,0.75,0.75,0.42857142857142855,0.5652173913043478
829769,32.0,2015,2015-05-01,"Wankhede Stadium, Mumbai",Mumbai,Mumbai Indians,Rajasthan Royals,Mumbai Indians,1,1528.62324988644,1541.605970964709,-12.982721078269151,0.4,0.6,-0.19999999999999996,0.6666666666666666,0.3333333333333333,0.3333333333333333,0.4,0.5,-0.09999999999999998,-0.52,0.6,0,0,field,0.475,0.525,160.925,0.475,40,0.6388888888888888,0.4,30,0,91.39463590712558,88.84912095477223,2.5455149523533436,58.66474993585184,58.07601261849774,0.5887373173540951,0,1,0.5471698113207547,0.6440677966101694,-0.09689798528941473,0.0,0.6440677966101694,-0.6440677966101694,0,0,0.525,5,0,0.5,0.5,0.5,0.4583333333333333
829771,33.0,2015,2015-05-02,"M Chinnaswamy Stadium, Bengaluru",Bangalore,Royal Challengers Bengaluru,Kolkata Knight Riders,Royal Challengers Bengaluru,1,1491.7110973072595,1583.5825902381137,-91.87149293085417,0.4,0.6,-0.19999999999999996,0.6666666666666666,0.3333333333333333,0.3333333333333333,0.4,0.7,-0.29999999999999993,-0.4799999999999999,0.5,1,0,field,0.5,0.4222222222222222,165.82222222222222,0.5777777777777777,44,0.5116279069767442,0.5,31,0,91.62583982312387,95.1585520803721,-3.5327122572482352,65.9784408835012,60.681426751807976,5.297014131693217,1,1,0.5606060606060606,0.576271186440678,-0.015665125834617433,0.5606060606060606,0.0,0.5606060606060606,0,0,0.5777777777777777,5,0,0.6842105263157895,0.6842105263157895,0.5,0.5405405405405406
829773,34.0,2015,2015-05-02,"Rajiv Gandhi Intl Stadium, Hyderabad",Hyderabad,Sunrisers Hyderabad,Chennai Super Kings,Sunrisers Hyderabad,1,1486.842581885138,1615.0289056300749,-128.18632374493677,0.4,0.6,-0.19999999999999996,0.6666666666666666,0.6666666666666666,0.0,0.5,0.7,-0.19999999999999996,-0.29000000000000004,0.2,0,0,field,0.27586206896551724,0.3333333333333333,156.63333333333333,0.6666666666666666,29,0.36666666666666664,1.0,32,0,87.3336553942112,87.9478617383688,-0.6142063441575942,65.8713204155918,57.249264481701765,8.622055933890032,0,0,0.4375,0.6530612244897959,-0.21556122448979587,0.0,0.6530612244897959,-0.6530612244897959,0,0,0.33333333333333337,5,0,0.6666666666666666,0.33333333333333337,0.13333333333333333,0.42857142857142855
829777,36.0,2015,2015-05-03,"Brabourne Stadium, Mumbai",Mumbai,Rajasthan Royals,Delhi Capitals,Rajasthan Royals,1,1529.1577722535715,1398.27036003755,130.8874122160214,0.4,0.6,-0.19999999999999996,0.0,0.6666666666666666,-0.6666666666666666,0.5,0.4,0.09999999999999998,-0.030000000000000027,0.6,0,0,field,0.75,0.375,174.375,0.625,8,0.0,0.0,33,0,89.02663756548095,86.8600929405355,2.166544624945459,56.62038425474987,68.31293116339472,-11.69254690864485,0,0,0.6333333333333333,0.5,0.1333333333333333,0.0,0.5,-0.5,0,0,0.375,5,0,1.0,0.0,0.75,0.75
829775,35.0,2015,2015-05-03,"PCA Stadium, Mohali",Chandigarh,Kings XI Punjab,Mumbai Indians,Mumbai Indians,0,1508.9872166663656,1541.0714485975775,-32.08423193121189,0.2,0.6,-0.39999999999999997,0.0,0.6666666666666666,-0.6666666666666666,0.3,0.4,-0.10000000000000003,-0.2,0.5,0,1,bat,0.46875,0.40625,165.84375,0.59375,32,0.53125,0.4,34,0,87.01213827804779,93.19584263942156,-6.1837043613737706,52.9891932491538,59.425605853082025,-6.4364126039282255,1,1,0.5892857142857143,0.5471698113207547,0.042115902964959595,0.5892857142857143,0.0,0.5892857142857143,0,0,0.59375,5,0,0.5714285714285714,0.5714285714285714,0.3333333333333333,0.55
829781,38.0,2015,2015-05-04,"Eden Gardens, Kolkata",Kolkata,Kolkata Knight Riders,Sunrisers Hyderabad,Kolkata Knight Riders,1,1568.4814067528455,1503.0794561743244,65.40195057852111,0.4,0.6,-0.19999999999999996,0.3333333333333333,0.6666666666666666,-0.3333333333333333,0.6,0.5,0.09999999999999998,0.019999999999999962,0.8,0,0,field,0.5813953488372093,0.3488372093023256,150.32558139534885,0.6511627906976745,43,0.6341463414634146,0.0,35,0,95.18789298622136,88.15590682051332,7.031986165708034,57.340558422901374,57.06471809390573,0.2758403289956419,0,0,0.576271186440678,0.4375,0.13877118644067798,0.0,0.4375,-0.4375,0,0,0.34883720930232553,5,0,0.5882352941176471,0.4117647058823529,0.44,0.7777777777777778
829779,37.0,2015,2015-05-04,"MA Chidambaram Stadium, Chennai",Chennai,Chennai Super Kings,Royal Challengers Bengaluru,Chennai Super Kings,1,1598.7920313408886,1506.8122807925276,91.97975054836093,0.6,0.6,0.0,0.3333333333333333,1.0,-0.6666666666666667,0.6,0.4,0.19999999999999996,0.4,0.7,1,1,bat,0.5227272727272727,0.6444444444444445,166.8,0.35555555555555557,44,0.7045454545454546,0.2857142857142857,36,0,90.80909801755088,91.69487385323418,-0.8857758356833045,59.04528191944957,64.68685453880788,-5.641572619358307,0,1,0.64,0.5671641791044776,0.07283582089552243,0.0,0.5671641791044776,-0.5671641791044776,0,0,0.6444444444444444,5,0,0.29411764705882354,0.7058823529411764,0.6129032258064516,0.3076923076923077
829783,39.0,2015,2015-05-05,"Wankhede Stadium, Mumbai",Mumbai,Mumbai Indians,Delhi Capitals,Mumbai Indians,1,1551.96643778782,1390.5886715801948,161.3777662076252,0.8,0.4,0.4,1.0,0.3333333333333333,0.6666666666666667,0.4,0.4,0.0,0.38,0.5,0,1,bat,0.4634146341463415,0.5365853658536586,161.5609756097561,0.4634146341463415,41,0.6486486486486487,0.2,37,0,93.23532718756549,88.49253438739898,4.742792800166512,57.84705110449474,61.690337390074525,-3.8432862855797865,1,0,0.5471698113207547,0.49230769230769234,0.05486211901306237,0.5471698113207547,0.0,0.5471698113207547,0,0,0.4634146341463415,5,0,0.48,0.48,0.5,0.44
829785,40.0,2015,2015-05-06,"M Chinnaswamy Stadium, Bengaluru",Bangalore,Royal Challengers Bengaluru,Kings XI Punjab,Royal Challengers Bengaluru,1,1497.91695335977,1498.092227476123,-0.1752741163529663,0.6,0.2,0.39999999999999997,0.6666666666666666,0.0,0.6666666666666666,0.4,0.2,0.2,0.22000000000000008,0.4,0,0,field,0.5111111111111111,0.41304347826086957,164.6304347826087,0.5869565217391305,45,0.5227272727272727,0.5714285714285714,38,0,91.21294759759041,87.87685813628477,3.3360894613056473,64.47420869866954,51.593251493518586,12.880957205150956,0,0,0.5588235294117647,0.5789473684210527,-0.020123839009287936,0.0,0.5789473684210527,-0.5789473684210527,0,0,0.4130434782608695,5,0,0.7,0.30000000000000004,0.5111111111111111,0.5526315789473685
829761,42.0,2015,2015-05-07,"Eden Gardens, Kolkata",Kolkata,Kolkata Knight Riders,Delhi Capitals,Kolkata Knight Riders,1,1578.2488120064352,1383.7934382751428,194.4553737312924,0.4,0.4,0.0,0.6666666666666666,0.3333333333333333,0.3333333333333333,0.6,0.4,0.19999999999999996,-0.27,0.7,1,1,bat,0.5681818181818182,0.36363636363636365,150.70454545454547,0.6363636363636364,44,0.6428571428571429,0.25,39,0,93.56290060739417,87.23103864882468,6.33186195856949,61.822869275098576,57.62199076460382,4.2008785104947535,0,0,0.576271186440678,0.49230769230769234,0.08396349413298565,0.0,0.49230769230769234,-0.49230769230769234,0,0,0.36363636363636365,5,0,0.5555555555555556,0.4444444444444444,0.44,0.7368421052631579
829787,41.0,2015,2015-05-07,"Brabourne Stadium, Mumbai",Mumbai,Rajasthan Royals,Sunrisers Hyderabad,Sunrisers Hyderabad,0,1536.8394607109267,1493.3120509207347,43.527409790191996,0.4,0.6,-0.19999999999999996,0.3333333333333333,0.6666666666666666,-0.3333333333333333,0.6,0.4,0.19999999999999996,-0.24000000000000005,0.7,1,0,field,0.6666666666666666,0.4444444444444444,176.0,0.5555555555555556,9,0.5,0.0,40,0,90.49778972271346,85.32736818002441,5.170421542689056,53.38637837425417,61.01209573146972,-7.625717357215549,1,1,0.6333333333333333,0.42857142857142855,0.20476190476190476,0.6333333333333333,0.0,0.6333333333333333,0,0,0.5555555555555556,5,0,0.5,0.5,0.6666666666666666,0.6666666666666666
829789,43.0,2015,2015-05-08,"MA Chidambaram Stadium, Chennai",Chennai,Chennai Super Kings,Mumbai Indians,Mumbai Indians,0,1607.687358773646,1558.7616710928721,48.92568768077399,0.6,0.8,-0.20000000000000007,0.3333333333333333,1.0,-0.6666666666666667,0.7,0.5,0.19999999999999996,0.029999999999999916,0.6,1,1,bat,0.5333333333333333,0.6521739130434783,166.3913043478261,0.34782608695652173,45,0.7111111111111111,0.4,41,0,90.2919759675578,92.29356001537037,-2.001584047812571,64.95186543353556,57.30442707694686,7.647438356588701,0,1,0.64,0.5555555555555556,0.08444444444444443,0.0,0.5555555555555556,-0.5555555555555556,0,0,0.6521739130434783,5,0,0.2777777777777778,0.7222222222222222,0.625,0.3076923076923077
829791,44.0,2015,2015-05-09,"Eden Gardens, Kolkata",Kolkata,Kolkata Knight Riders,Kings XI Punjab,Kolkata Knight Riders,1,1584.155865100472,1486.0861737231241,98.06969137734791,0.6,0.0,0.6,0.6666666666666666,0.0,0.6666666666666666,0.6,0.2,0.39999999999999997,0.45,0.7,0,1,bat,0.5777777777777777,0.37777777777777777,151.15555555555557,0.6222222222222222,45,0.6511627906976745,0.3333333333333333,42,0,91.37580482157178,83.6724904297333,7.703314391838475,62.19504820879222,49.90915318616547,12.285895022626754,1,1,0.576271186440678,0.5689655172413793,0.007305669199298648,0.576271186440678,0.0,0.576271186440678,0,0,0.6222222222222222,5,0,0.5263157894736842,0.5263157894736842,0.46153846153846156,0.7368421052631579
829793,45.0,2015,2015-05-09,Shaheed Veer Narayan Singh International Stadium,Raipur,Delhi Capitals,Sunrisers Hyderabad,Sunrisers Hyderabad,0,1377.8863851811059,1506.8076179779866,-128.92123279688076,0.2,0.6,-0.39999999999999997,0.0,0.6666666666666666,-0.6666666666666666,0.4,0.5,-0.09999999999999998,-0.28,0.4,0,1,bat,0.0,0.5,150.0,0.5,2,1.0,0.5,43,0,86.26315551061933,86.42976665411074,-0.1666111434914086,58.72459640418231,59.2106782122425,-0.48608180806019163,1,0,0.48484848484848486,0.42857142857142855,0.056277056277056314,0.48484848484848486,0.0,0.48484848484848486,0,0,0.5,5,0,1.0,1.0,0.0,0.0
829797,47.0,2015,2015-05-10,"MA Chidambaram Stadium, Chennai",Chennai,Chennai Super Kings,Rajasthan Royals,Chennai Super Kings,1,1594.008607357154,1523.3438936536747,70.66471370347926,0.4,0.2,0.2,0.3333333333333333,0.3333333333333333,0.0,0.6,0.6,0.0,0.35,0.8,1,1,bat,0.5217391304347826,0.6382978723404256,166.2127659574468,0.3617021276595745,46,0.6956521739130435,0.2,44,0,89.61959406763965,93.74876630301584,-4.129172235376188,64.80698221843876,49.84532620128061,14.961656017158148,0,1,0.64,0.6229508196721312,0.01704918032786884,0.0,0.6229508196721312,-0.6229508196721312,0,0,0.6382978723404256,5,0,0.3157894736842105,0.6842105263157895,0.6060606060606061,0.3076923076923077
829795,46.0,2015,2015-05-10,"Wankhede Stadium, Mumbai",Mumbai,Mumbai Indians,Royal Challengers Bengaluru,Royal Challengers Bengaluru,0,1572.4404225093642,1509.923007112769,62.5174153965952,1.0,0.8,0.19999999999999996,1.0,0.6666666666666666,0.33333333333333337,0.6,0.5,0.09999999999999998,0.12,0.6,0,1,bat,0.4523809523809524,0.5238095238095238,161.33333333333334,0.47619047619047616,42,0.6578947368421053,0.4,45,0,94.72150628041899,92.28834350691218,2.433162773506808,55.40318229637018,71.70704598278091,-16.30386368641073,1,0,0.5636363636363636,0.5588235294117647,0.004812834224598883,0.5636363636363636,0.0,0.5636363636363636,0,0,0.47619047619047616,5,0,0.5,0.5,0.47058823529411764,0.44
829799,48.0,2015,2015-05-11,"Rajiv Gandhi Intl Stadium, Hyderabad",Hyderabad,Sunrisers Hyderabad,Kings XI Punjab,Sunrisers Hyderabad,1,1514.5485416821837,1477.386199906189,37.16234177599472,0.8,0.0,0.8,0.6666666666666666,0.0,0.6666666666666666,0.6,0.2,0.39999999999999997,0.7999999999999999,0.5,1,1,bat,0.26666666666666666,0.3548387096774194,157.7741935483871,0.6451612903225806,30,0.3870967741935484,0.8,46,0,86.67637223682178,85.87461585599462,0.8017563808271575,60.10329007796693,64.94362312532272,-4.840333047355784,0,0,0.42857142857142855,0.5689655172413793,-0.1403940886699508,0.0,0.5689655172413793,-0.5689655172413793,0,0,0.3548387096774194,5,0,0.6363636363636364,0.36363636363636365,0.13333333333333333,0.4
829801,49.0,2015,2015-05-12,Shaheed Veer Narayan Singh International Stadium,Raipur,Delhi Capitals,Chennai Super Kings,Delhi Capitals,1,1370.1454614769088,1603.6010415390633,-233.45558006215447,0.2,0.4,-0.2,0.0,0.6666666666666666,-0.6666666666666666,0.4,0.6,-0.19999999999999996,0.06999999999999995,0.2,0,1,bat,0.3333333333333333,0.6666666666666666,154.33333333333334,0.3333333333333333,3,0.6666666666666666,0.5,47,0,86.77602236137116,90.03869737517479,-3.26267501380363,58.76849393525422,60.18200436198151,-1.4135104267272922,1,0,0.47761194029850745,0.64,-0.16238805970149256,0.47761194029850745,0.0,0.47761194029850745,0,0,0.3333333333333333,5,0,0.5,0.5,0.3333333333333333,0.3333333333333333
829803,50.0,2015,2015-05-13,"PCA Stadium, Mohali",Chandigarh,Kings XI Punjab,Royal Challengers Bengaluru,Kings XI Punjab,1,1466.6648690885752,1524.0592755445846,-57.39440645600939,0.0,0.8,-0.8,0.0,0.6666666666666666,-0.6666666666666666,0.1,0.6,-0.5,-0.7999999999999999,0.6,0,0,field,0.48484848484848486,0.42424242424242425,166.03030303030303,0.5757575757575758,33,0.5151515151515151,0.5,48,0,86.70980295987036,92.0945337516051,-5.384730791734739,57.94157747978712,66.97009032044843,-9.028512840661314,0,0,0.559322033898305,0.5588235294117647,0.0004985044865403188,0.0,0.5588235294117647,-0.5588235294117647,0,0,0.4242424242424242,5,0,0.5333333333333333,0.4666666666666667,0.38461538461538464,0.55
829805,51.0,2015,2015-05-14,"Wankhede Stadium, Mumbai",Mumbai,Mumbai Indians,Kolkata Knight Riders,Mumbai Indians,1,1558.3041540775487,1592.8558389174073,-34.55168483985858,0.8,0.8,0.0,0.6666666666666666,1.0,-0.33333333333333337,0.6,0.6,0.0,0.17000000000000004,0.5,0,0,field,0.46511627906976744,0.5348837209302325,163.04651162790697,0.46511627906976744,43,0.6410256410256411,0.25,49,0,94.5245343959455,94.17769874669263,0.34683564925286703,52.53696390549748,56.76637933227039,-4.22941542677291,0,1,0.5535714285714286,0.5833333333333334,-0.029761904761904767,0.0,0.5833333333333334,-0.5833333333333334,0,0,0.5348837209302326,5,0,0.48148148148148145,0.5185185185185186,0.5,0.44
829807,52.0,2015,2015-05-15,"Rajiv Gandhi Intl Stadium, Hyderabad",Hyderabad,Sunrisers Hyderabad,Royal Challengers Bengaluru,Royal Challengers Bengaluru,0,1525.2698724997974,1510.094780370836,15.175092128961523,0.8,0.6,0.20000000000000007,1.0,0.6666666666666666,0.33333333333333337,0.6,0.5,0.09999999999999998,0.07999999999999996,0.6,1,1,bat,0.2903225806451613,0.375,158.625,0.625,31,0.40625,0.2,50,0,87.44174466939263,91.48455778782713,-4.042813118434495,65.03746935500338,59.549533108035064,5.487936246968317,0,0,0.42857142857142855,0.5507246376811594,-0.12215320910973088,0.0,0.5507246376811594,-0.5507246376811594,0,0,0.375,5,0,0.6086956521739131,0.3913043478260869,0.1875,0.4
829809,53.0,2015,2015-05-16,"PCA Stadium, Mohali",Chandigarh,Kings XI Punjab,Chennai Super Kings,Chennai Super Kings,0,1480.6293642623239,1584.5659932847054,-103.93662902238157,0.2,0.4,-0.2,0.3333333333333333,0.3333333333333333,0.0,0.2,0.5,-0.3,-0.29,0.6,1,1,bat,0.47058823529411764,0.4411764705882353,164.26470588235293,0.5588235294117647,34,0.5294117647058824,0.6666666666666666,51,0,87.82906082896531,89.75437062920007,-1.925309800234757,58.882268232059594,62.17305928015509,-3.2907910480954925,0,0,0.559322033898305,0.64,-0.08067796610169498,0.0,0.64,-0.64,0,0,0.4411764705882353,5,0,0.5,0.5,0.38461538461538464,0.5238095238095238
829811,54.0,2015,2015-05-16,"Brabourne Stadium, Mumbai",Mumbai,Rajasthan Royals,Kolkata Knight Riders,Rajasthan Royals,1,1513.7514594717654,1579.6663845941384,-65.914925122373,0.2,0.6,-0.39999999999999997,0.3333333333333333,0.6666666666666666,-0.3333333333333333,0.5,0.6,-0.09999999999999998,-0.37000000000000005,0.5,1,1,bat,0.6,0.5,178.5,0.5,10,0.3333333333333333,0.0,52,0,93.17907781292311,93.18253923658754,-0.0034614236644330276,52.94444142756945,59.49370313303543,-6.54926170546598,0,1,0.6129032258064516,0.5737704918032787,0.039132734003172964,0.0,0.5737704918032787,-0.5737704918032787,0,0,0.5,5,0,0.3333333333333333,0.6666666666666667,0.6,0.6
829815,56.0,2015,2015-05-17,"Rajiv Gandhi Intl Stadium, Hyderabad",Hyderabad,Sunrisers Hyderabad,Mumbai Indians,Mumbai Indians,0,1512.7460764286154,1571.4936084008175,-58.74753197220207,0.6,0.8,-0.20000000000000007,0.6666666666666666,0.6666666666666666,0.0,0.6,0.7,-0.09999999999999998,-0.30999999999999994,0.3,1,1,bat,0.28125,0.36363636363636365,157.9090909090909,0.6363636363636364,32,0.3939393939393939,0.75,53,0,93.3997329737698,94.14653661553024,-0.7468036417604367,62.86151689649527,52.84872374302491,10.012793153470355,0,0,0.42857142857142855,0.5535714285714286,-0.12500000000000006,0.0,0.5535714285714286,-0.5535714285714286,0,0,0.36363636363636365,5,0,0.625,0.375,0.17647058823529413,0.4
829817,,2015,2015-05-19,"Wankhede Stadium, Mumbai",Mumbai,Chennai Super Kings,Mumbai Indians,Mumbai Indians,0,1593.0795383660914,1581.4836596568823,11.595878709209046,0.6,0.8,-0.20000000000000007,0.6666666666666666,0.6666666666666666,0.0,0.6,0.8,-0.20000000000000007,-0.16999999999999993,0.6,0,1,bat,0.45454545454545453,0.5454545454545454,163.22727272727272,0.45454545454545453,44,0.4444444444444444,0.65,54,0,88.04920493730728,94.26067690358357,-6.211471966276292,62.39411379619679,56.105540032280935,6.288573763915856,1,0,0.6470588235294118,0.5614035087719298,0.085655314757482,0.6470588235294118,0.0,0.6470588235294118,0,0,0.45454545454545453,5,0,0.4642857142857143,0.4642857142857143,0.5,0.4230769230769231
829819,,2015,2015-05-20,Maharashtra Cricket Association Stadium,Pune,Royal Challengers Bengaluru,Rajasthan Royals,Royal Challengers Bengaluru,1,1522.618576442018,1528.001153739884,-5.382577297866192,0.6,0.4,0.19999999999999996,0.6666666666666666,0.3333333333333333,0.3333333333333333,0.6,0.5,0.09999999999999998,0.2,0.6,1,1,bat,0.25,0.5,150.25,0.5,4,0.5,1.0,55,0,92.09617094716525,93.25152136850554,-1.1553504213402874,60.50240571778955,60.98263231874199,-0.48022660095244163,0,1,0.5571428571428572,0.6129032258064516,-0.05576036866359446,0.0,0.6129032258064516,-0.6129032258064516,0,0,0.5,5,0,0.5,0.5,0.25,0.25
829821,,2015,2015-05-22,JSCA International Stadium Complex,Ranchi,Chennai Super Kings,Royal Challengers Bengaluru,Chennai Super Kings,1,1580.6791795507293,1534.804469203845,45.874710346884285,0.4,0.8,-0.4,0.3333333333333333,0.6666666666666666,-0.3333333333333333,0.5,0.7,-0.19999999999999996,-0.42999999999999994,0.7,1,0,field,0.5,0.3333333333333333,150.66666666666666,0.6666666666666666,6,0.5,0.5,56,0,88.57779228262635,91.49006610904411,-2.91227382641776,61.29585918828621,63.98172324736219,-2.685864059075982,1,1,0.6346153846153846,0.5571428571428572,0.07747252747252742,0.6346153846153846,0.0,0.6346153846153846,0,0,0.6666666666666666,5,0,0.6666666666666666,0.6666666666666666,0.5,0.5
829823,,2015,2015-05-24,"Eden Gardens, Kolkata",Kolkata,Mumbai Indians,Chennai Super Kings,Mumbai Indians,1,1593.8840184722444,1591.1038672519276,2.7801512203168386,0.8,0.6,0.20000000000000007,1.0,0.6666666666666666,0.33333333333333337,0.8,0.5,0.30000000000000004,0.12,0.5,0,0,field,0.5652173913043478,0.3695652173913043,151.84782608695653,0.6304347826086957,46,0.75,0.5,57,1,94.1772100485376,88.13653031177526,6.040679736762343,55.99658660119811,62.54176689460277,-6.545180293404663,0,0,0.5614035087719298,0.6415094339622641,-0.08010592519033433,0.0,0.6415094339622641,-0.6415094339622641,0,0,0.3695652173913043,5,0,0.55,0.44999999999999996,0.4444444444444444,0.7368421052631579
980901,1.0,2016,2016-04-09,"Wankhede Stadium, Mumbai",Mumbai,Mumbai Indians,Rising Pune Supergiant,Rising Pune Supergiant,0,1605.7879975003232,1500.0,105.78799750032317,0.8,0.5,0.30000000000000004,1.0,0.5,0.5,0.9,0.5,0.4,0.15000000000000002,0.5,1,1,bat,0.4666666666666667,0.5555555555555556,163.75555555555556,0.4444444444444444,45,0.6585365853658537,0.5,1,0,97.4306532536621,86.3423678288618,11.088285424800304,52.96339982761244,24.12219101123595,28.84120881637649,0,1,0.5614035087719298,0.5,0.06140350877192979,0.0,0.5,-0.5,1,0,0.5555555555555556,4,0,0.4375,0.5625,0.5263157894736842,0.4230769230769231
980903,2.0,2016,2016-04-10,"Eden Gardens, Kolkata",Kolkata,Kolkata Knight Riders,Delhi Capitals,Kolkata Knight Riders,1,1565.4166903260198,1389.1805097312667,176.23618059475302,0.6,0.2,0.39999999999999997,0.3333333333333333,0.3333333333333333,0.0,0.5,0.4,0.09999999999999998,0.7200000000000001,0.7,1,0,field,0.5531914893617021,0.3829787234042553,152.91489361702128,0.6170212765957447,47,0.6590909090909091,0.2,2,0,88.27558996886481,92.8027757287654,-4.52718575990059,58.598895656910805,57.32761349543515,1.2712821614756535,1,1,0.5645161290322581,0.4852941176470588,0.0792220113851993,0.5645161290322581,0.0,0.5645161290322581,1,1,0.6170212765957447,4,0,0.7083333333333334,0.7083333333333334,0.4444444444444444,0.7
980905,3.0,2016,2016-04-11,"PCA Stadium, Mohali",Chandigarh,Kings XI Punjab,Gujarat Lions,Gujarat Lions,0,1472.115819180938,1500.0,-27.884180819062067,0.2,0.5,-0.3,0.3333333333333333,0.5,-0.16666666666666669,0.2,0.5,-0.3,-0.38,0.5,0,0,field,0.45714285714285713,0.42857142857142855,163.28571428571428,0.5714285714285714,35,0.5142857142857142,0.5,3,0,80.12841392587494,85.05377389509707,-4.925359969222129,44.75169632823812,52.59631028364879,-7.844613955410672,0,0,0.559322033898305,0.5,0.05932203389830504,0.0,0.5,-0.5,1,0,0.4285714285714286,4,0,0.6666666666666666,0.33333333333333337,0.35714285714285715,0.5238095238095238
980907,4.0,2016,2016-04-12,"M Chinnaswamy Stadium, Bengaluru",Bangalore,Royal Challengers Bengaluru,Sunrisers Hyderabad,Royal Challengers Bengaluru,1,1524.3797815026467,1502.7560251725506,21.623756330096057,0.6,0.6,0.0,0.6666666666666666,0.3333333333333333,0.3333333333333333,0.7,0.6,0.09999999999999998,-0.13,0.5,0,0,field,0.5,0.425531914893617,165.93617021276594,0.574468085106383,46,0.5333333333333333,0.3333333333333333,4,0,93.05772225655006,93.90652557319224,-0.8488033166421758,62.11648528669418,67.00662280280115,-4.890137516106968,0,0,0.5571428571428572,0.42857142857142855,0.12857142857142861,0.0,0.42857142857142855,-0.42857142857142855,1,0,0.42553191489361697,4,0,0.47619047619047616,0.5238095238095238,0.5,0.5384615384615384
980909,5.0,2016,2016-04-13,"Eden Gardens, Kolkata",Kolkata,Kolkata Knight Riders,Mumbai Indians,Mumbai Indians,0,1571.8031071797454,1590.2430872911973,-18.43998011145186,0.6,0.8,-0.20000000000000007,0.3333333333333333,0.6666666666666666,-0.3333333333333333,0.5,0.8,-0.30000000000000004,-0.2400000000000001,0.4,0,0,field,0.5625,0.375,151.77083333333334,0.625,48,0.6666666666666666,0.7777777777777778,5,0,86.12924850545018,97.6682651041772,-11.539016598727017,91.76068687168822,46.71521218767319,45.04547468401503,0,0,0.5714285714285714,0.5614035087719298,0.010025062656641603,0.0,0.5614035087719298,-0.5614035087719298,1,0,0.375,4,0,0.72,0.28,0.4444444444444444,0.7142857142857143
980911,6.0,2016,2016-04-14,Saurashtra Cricket Association Stadium,Rajkot,Gujarat Lions,Rising Pune Supergiant,Gujarat Lions,1,1511.0389770105596,1515.5449102091259,-4.505933198566254,1.0,1.0,0.0,1.0,1.0,0.0,1.0,1.0,0.0,0.0,0.5,0,1,bat,0.5,0.5,158.6917148362235,0.5,0,0.5,0.5,6,0,87.73876170422281,86.09525206419453,1.6435096400282845,61.60262667756208,74.9861111111111,-13.383484433549022,1,0,0.5,0.5,0.0,0.5,0.0,0.5,1,1,0.5,4,0,0.5,0.5,0.5,0.5
980913,7.0,2016,2016-04-15,"Arun Jaitley Stadium, Delhi",Delhi,Delhi Capitals,Kings XI Punjab,Delhi Capitals,1,1382.794092877541,1461.0768421703783,-78.28274929283725,0.2,0.2,0.0,0.3333333333333333,0.3333333333333333,0.0,0.3,0.1,0.19999999999999998,-0.08000000000000002,0.5,1,0,field,0.5111111111111111,0.4222222222222222,160.73333333333332,0.5777777777777777,45,0.37209302325581395,0.5714285714285714,7,0,93.29796750504484,85.29174151049547,8.006225994549368,67.4413968220972,43.83493632873918,23.60646049335802,1,1,0.4852941176470588,0.559322033898305,-0.07402791625124622,0.4852941176470588,0.0,0.4852941176470588,1,1,0.5777777777777777,4,0,0.5,0.5,0.42857142857142855,0.5833333333333334
980915,8.0,2016,2016-04-16,"Rajiv Gandhi Intl Stadium, Hyderabad",Hyderabad,Sunrisers Hyderabad,Kolkata Knight Riders,Kolkata Knight Riders,0,1491.5019204083628,1560.4394041788416,-68.93748377047882,0.4,0.4,0.0,0.0,0.3333333333333333,-0.3333333333333333,0.5,0.5,0.0,0.13,0.2,1,1,bat,0.2727272727272727,0.35294117647058826,156.58823529411765,0.6470588235294118,33,0.38235294117647056,0.75,8,0,92.25418495043068,88.73935241397588,3.5148325364548043,63.918151898028064,58.547479725559526,5.370672172468538,0,0,0.42,0.5714285714285714,-0.1514285714285714,0.0,0.5714285714285714,-0.5714285714285714,1,0,0.3529411764705882,4,0,0.6666666666666666,0.33333333333333337,0.16666666666666666,0.4
980917,9.0,2016,2016-04-16,"Wankhede Stadium, Mumbai",Mumbai,Mumbai Indians,Gujarat Lions,Gujarat Lions,0,1601.606790292101,1523.1945977048217,78.41219258727938,0.8,1.0,-0.19999999999999996,0.6666666666666666,1.0,-0.33333333333333337,0.8,1.0,-0.19999999999999996,-0.12,0.5,0,0,field,0.45652173913043476,0.5434782608695652,162.82608695652175,0.45652173913043476,46,0.6428571428571429,0.5,9,0,94.35352688386895,88.02659234676688,6.326934537102076,50.76720645087599,57.80407082111097,-7.03686437023498,0,1,0.5689655172413793,0.5,0.06896551724137934,0.0,0.5,-0.5,1,0,0.5434782608695652,4,0,0.47058823529411764,0.5294117647058824,0.5,0.4230769230769231
980919,10.0,2016,2016-04-17,"PCA Stadium, Mohali",Chandigarh,Kings XI Punjab,Rising Pune Supergiant,Kings XI Punjab,1,1446.4178960266988,1503.3892895148638,-56.97139348816495,0.2,0.5,-0.3,0.0,0.5,-0.5,0.1,0.5,-0.4,-0.35,0.5,0,1,bat,0.4722222222222222,0.4166666666666667,163.22222222222223,0.5833333333333334,36,0.5,0.5,10,0,82.33979149972194,89.90009167487605,-7.5603001751541115,44.83171301405386,53.748416270734346,-8.916703256680485,1,1,0.559322033898305,0.5,0.05932203389830504,0.559322033898305,0.0,0.559322033898305,1,1,0.5833333333333334,4,0,0.6875,0.6875,0.35714285714285715,0.5454545454545454
980921,11.0,2016,2016-04-17,"M Chinnaswamy Stadium, Bengaluru",Bangalore,Royal Challengers Bengaluru,Delhi Capitals,Delhi Capitals,0,1535.6338862668345,1397.4530390212205,138.1808472456139,0.6,0.4,0.19999999999999996,0.6666666666666666,0.6666666666666666,0.0,0.7,0.4,0.29999999999999993,0.25,0.8,0,0,field,0.48936170212765956,0.4375,167.20833333333334,0.5625,47,0.5434782608695652,0.4,11,0,94.89318565439254,88.81648602356336,6.076699630829182,61.5623462405569,66.63571818174114,-5.0733719411842415,0,0,0.5571428571428572,0.4927536231884058,0.06438923395445134,0.0,0.4927536231884058,-0.4927536231884058,1,0,0.4375,4,0,0.45454545454545453,0.5454545454545454,0.48936170212765956,0.525
980923,12.0,2016,2016-04-18,"Rajiv Gandhi Intl Stadium, Hyderabad",Hyderabad,Sunrisers Hyderabad,Mumbai Indians,Sunrisers Hyderabad,1,1481.8521744519805,1586.9435931908772,-105.09141873889666,0.2,0.6,-0.39999999999999997,0.0,0.3333333333333333,-0.3333333333333333,0.5,0.7,-0.19999999999999996,-0.37,0.3,1,0,field,0.2647058823529412,0.34285714285714286,156.17142857142858,0.6571428571428571,34,0.37142857142857144,0.8,12,0,92.11366972794823,83.14951956224054,8.964150165707693,59.506955935527365,57.51167588215362,1.9952800533737474,1,1,0.42,0.5689655172413793,-0.14896551724137935,0.42,0.0,0.42,1,1,0.6571428571428571,4,0,0.7,0.7,0.15789473684210525,0.4
980925,13.0,2016,2016-04-19,"PCA Stadium, Mohali",Chandigarh,Kings XI Punjab,Kolkata Knight Riders,Kolkata Knight Riders,0,1460.3681695841026,1570.089150135224,-109.72098055112133,0.4,0.4,0.0,0.3333333333333333,0.6666666666666666,-0.3333333333333333,0.2,0.6,-0.39999999999999997,0.14999999999999997,0.3,0,0,field,0.4594594594594595,0.40540540540540543,162.9189189189189,0.5945945945945946,37,0.5135135135135135,0.5,13,0,79.67762626040648,89.10886554599927,-9.431239285592781,53.44301759384994,59.116748717614165,-5.673731123764227,0,0,0.5666666666666667,0.578125,-0.011458333333333348,0.0,0.578125,-0.578125,1,0,0.4054054054054054,4,0,0.7058823529411765,0.2941176470588235,0.3333333333333333,0.5454545454545454
980927,14.0,2016,2016-04-20,"Wankhede Stadium, Mumbai",Mumbai,Mumbai Indians,Royal Challengers Bengaluru,Mumbai Indians,1,1571.4206553991212,1519.0979657799448,52.322689619176344,0.4,0.6,-0.19999999999999996,0.3333333333333333,0.3333333333333333,0.0,0.6,0.6,0.0,-0.16999999999999993,0.5,1,0,field,0.46808510638297873,0.5319148936170213,162.40425531914894,0.46808510638297873,47,0.627906976744186,0.5,14,0,90.62027382533944,91.99788404387678,-1.3776102185373418,58.65664231875525,54.58712386594684,4.06951845280841,1,0,0.5689655172413793,0.5571428571428572,0.011822660098522175,0.5689655172413793,0.0,0.5689655172413793,1,1,0.46808510638297873,4,0,0.5,0.5,0.5,0.4444444444444444
980929,15.0,2016,2016-04-21,Saurashtra Cricket Association Stadium,Rajkot,Gujarat Lions,Sunrisers Hyderabad,Sunrisers Hyderabad,0,1537.8577948060456,1497.3751122437366,40.48268256230904,1.0,0.2,0.8,1.0,0.3333333333333333,0.6666666666666667,1.0,0.5,0.5,0.92,0.5,0,0,field,0.0,0.0,163.0,1.0,1,1.0,0.5,15,0,84.35115827317898,80.55789247113448,3.793265802044502,69.37059117451817,48.89297634653672,20.477614827981448,0,0,1.0,0.43137254901960786,0.5686274509803921,0.0,0.43137254901960786,-0.43137254901960786,1,0,0.0,4,0,1.0,0.0,0.0,0.0
980931,16.0,2016,2016-04-22,Maharashtra Cricket Association Stadium,Pune,Rising Pune Supergiant,Royal Challengers Bengaluru,Royal Challengers Bengaluru,0,1489.43901595746,1508.891588486407,-19.45257252894703,0.3333333333333333,0.4,-0.06666666666666671,0.3333333333333333,0.3333333333333333,0.0,0.3333333333333333,0.5,-0.16666666666666669,-0.050000000000000044,0.5,1,0,field,0.4,0.6,156.2,0.4,5,0.5,1.0,16,0,87.88338210667118,96.94648743641609,-9.063105329744914,56.609387277991935,52.35020926539588,4.2591780125960526,1,0,0.5,0.5571428571428572,-0.05714285714285716,0.5,0.0,0.5,1,1,0.4,4,0,0.5,0.5,0.4,0.4
980935,18.0,2016,2016-04-23,"Rajiv Gandhi Intl Stadium, Hyderabad",Hyderabad,Sunrisers Hyderabad,Kings XI Punjab,Sunrisers Hyderabad,1,1510.7670410537485,1452.036647392141,58.73039366160742,0.4,0.2,0.2,0.6666666666666666,0.3333333333333333,0.3333333333333333,0.5,0.2,0.3,0.08000000000000002,0.5,1,0,field,0.2857142857142857,0.3333333333333333,155.77777777777777,0.6666666666666666,35,0.3888888888888889,0.6666666666666666,17,0,82.09338479345843,79.74473040688117,2.348654386577252,58.29802096277107,50.331674237694756,7.966346725076313,1,1,0.4423076923076923,0.5666666666666667,-0.12435897435897436,0.4423076923076923,0.0,0.4423076923076923,1,1,0.6666666666666666,4,0,0.7272727272727273,0.7272727272727273,0.15789473684210525,0.4375
980933,17.0,2016,2016-04-23,"Arun Jaitley Stadium, Delhi",Delhi,Delhi Capitals,Mumbai Indians,Delhi Capitals,1,1413.9889595081104,1581.627032692659,-167.6380731845486,0.6,0.4,0.19999999999999996,0.6666666666666666,0.3333333333333333,0.3333333333333333,0.4,0.6,-0.19999999999999996,0.12,0.5,0,0,field,0.5217391304347826,0.41304347826086957,159.65217391304347,0.5869565217391305,46,0.38636363636363635,0.2857142857142857,18,0,88.37808844230864,90.8560128440399,-2.477924401731258,65.15372893442931,58.79587808299102,6.357850851438293,0,0,0.5,0.576271186440678,-0.07627118644067798,0.0,0.576271186440678,-0.576271186440678,1,0,0.4130434782608695,4,0,0.52,0.48,0.42857142857142855,0.6
980937,19.0,2016,2016-04-24,Saurashtra Cricket Association Stadium,Rajkot,Gujarat Lions,Royal Challengers Bengaluru,Gujarat Lions,1,1524.4658659960337,1520.2204216046284,4.245444391405272,0.75,0.4,0.35,0.6666666666666666,0.3333333333333333,0.3333333333333333,0.75,0.6,0.15000000000000002,0.5469230769230768,0.5,0,1,bat,0.5,0.0,149.0,1.0,2,0.5,0.5,19,0,83.11075167533143,93.74034814316245,-10.629596467831021,62.02667932284234,58.65796483086839,3.368714491973954,1,1,1.0,0.5571428571428572,0.44285714285714284,1.0,0.0,1.0,1,1,1.0,4,0,1.0,1.0,0.5,0.5
980939,20.0,2016,2016-04-24,Maharashtra Cricket Association Stadium,Pune,Rising Pune Supergiant,Kolkata Knight Riders,Kolkata Knight Riders,0,1478.1101828392386,1578.4206723271855,-100.31048948794682,0.25,0.6,-0.35,0.0,0.6666666666666666,-0.6666666666666666,0.25,0.6,-0.35,-0.06538461538461543,0.5,0,0,field,0.3333333333333333,0.6666666666666666,161.0,0.3333333333333333,6,0.0,1.0,20,0,92.06183390505541,87.02417076591865,5.037663139136754,48.22447447447447,62.0597239840664,-13.835249509591932,0,1,0.5,0.5846153846153846,-0.08461538461538465,0.0,0.5846153846153846,-0.5846153846153846,1,0,0.6666666666666667,4,0,0.4,0.6,0.3333333333333333,0.3333333333333333
980941,21.0,2016,2016-04-25,"PCA Stadium, Mohali",Chandigarh,Kings XI Punjab,Mumbai Indians,Mumbai Indians,0,1442.046020801711,1564.248099067012,-122.202078265301,0.2,0.4,-0.2,0.3333333333333333,0.3333333333333333,0.0,0.2,0.6,-0.39999999999999997,-0.26999999999999996,0.4,1,0,field,0.47368421052631576,0.39473684210526316,162.26315789473685,0.6052631578947368,38,0.5,0.5,21,0,79.69326754482903,88.77986550027782,-9.086597955448795,52.12949935586075,55.35857947033269,-3.229080114471941,1,1,0.5666666666666667,0.5666666666666667,0.0,0.5666666666666667,0.0,0.5666666666666667,1,1,0.6052631578947368,4,0,0.7222222222222222,0.7222222222222222,0.3333333333333333,0.5652173913043478
980943,22.0,2016,2016-04-26,"Rajiv Gandhi Intl Stadium, Hyderabad",Hyderabad,Sunrisers Hyderabad,Rising Pune Supergiant,Rising Pune Supergiant,0,1520.7576676441786,1469.4816227487686,51.276044895409996,0.6,0.2,0.39999999999999997,1.0,0.0,1.0,0.6,0.2,0.39999999999999997,0.050000000000000044,0.5,0,0,field,0.3055555555555556,0.32432432432432434,155.43243243243242,0.6756756756756757,36,0.40540540540540543,0.5,22,0,81.28215467033039,92.17047579080196,-10.888321120471574,62.37317014812828,57.283320186546,5.089849961582281,0,0,0.4528301886792453,0.5,-0.047169811320754707,0.0,0.5,-0.5,1,0,0.32432432432432434,4,0,0.75,0.25,0.15789473684210525,0.47058823529411764
980945,23.0,2016,2016-04-27,"Arun Jaitley Stadium, Delhi",Delhi,Delhi Capitals,Gujarat Lions,Gujarat Lions,0,1431.3678931337574,1536.3192408391117,-104.95134770535424,0.8,0.8,0.0,1.0,0.6666666666666666,0.33333333333333337,0.5,0.8,-0.30000000000000004,-0.13,0.5,1,0,field,0.5106382978723404,0.425531914893617,159.74468085106383,0.574468085106383,47,0.4,0.5,23,0,88.85756043985127,87.41219938456227,1.4453610552889984,62.036521094027556,53.89885803881148,8.137663055216073,1,1,0.5,1.0,-0.5,0.5,0.0,0.5,1,1,0.574468085106383,4,0,0.5,0.5,0.42857142857142855,0.5769230769230769
980947,24.0,2016,2016-04-28,"Wankhede Stadium, Mumbai",Mumbai,Mumbai Indians,Kolkata Knight Riders,Mumbai Indians,1,1572.1932362880168,1587.0492324176555,-14.855996129638697,0.4,0.8,-0.4,0.6666666666666666,1.0,-0.33333333333333337,0.6,0.7,-0.09999999999999998,-0.47,0.6,1,0,field,0.4791666666666667,0.5208333333333334,162.5625,0.4791666666666667,48,0.6363636363636364,0.2,24,0,90.31698417304713,86.72794363596032,3.5890405370868166,49.54637961274663,62.17153433848747,-12.625154725740842,1,0,0.5666666666666667,0.5909090909090909,-0.024242424242424288,0.5666666666666667,0.0,0.5666666666666667,1,1,0.4791666666666667,4,0,0.5263157894736842,0.5263157894736842,0.5,0.4642857142857143
980949,25.0,2016,2016-04-29,Maharashtra Cricket Association Stadium,Pune,Rising Pune Supergiant,Gujarat Lions,Gujarat Lions,0,1483.239887431276,1544.8007244845248,-61.56083705324886,0.2,0.8,-0.6000000000000001,0.3333333333333333,0.6666666666666666,-0.3333333333333333,0.3333333333333333,0.8333333333333334,-0.5,-0.72,0.0,0,0,field,0.42857142857142855,0.5714285714285714,160.85714285714286,0.42857142857142855,7,0.0,0.5,25,0,91.81566574803358,88.5737582148715,3.2419075331620775,50.73515519568151,55.79582563546692,-5.060670439785412,0,1,0.6666666666666666,1.0,-0.33333333333333337,0.0,1.0,-1.0,1,0,0.5714285714285714,4,0,0.5,0.5,0.42857142857142855,0.42857142857142855
980951,26.0,2016,2016-04-30,"Arun Jaitley Stadium, Delhi",Delhi,Delhi Capitals,Kolkata Knight Riders,Delhi Capitals,1,1422.8864094883443,1574.536436971159,-151.65002748281472,0.6,0.6,0.0,0.6666666666666666,0.6666666666666666,0.0,0.4,0.6,-0.19999999999999996,0.0,0.3,0,0,field,0.5,0.4375,160.0,0.5625,48,0.391304347826087,0.8,26,0,81.46022303061889,88.35920728831063,-6.898984257691737,59.03881933357817,61.19826930841432,-2.15944997483615,0,0,0.49295774647887325,0.5909090909090909,-0.09795134443021769,0.0,0.5909090909090909,-0.5909090909090909,0,0,0.4375,4,0,0.48148148148148145,0.5185185185185186,0.42857142857142855,0.5555555555555556
980953,27.0,2016,2016-04-30,"Rajiv Gandhi Intl Stadium, Hyderabad",Hyderabad,Sunrisers Hyderabad,Royal Challengers Bengaluru,Sunrisers Hyderabad,1,1506.9994029616712,1508.3670467615505,-1.3676437998792608,0.6,0.4,0.19999999999999996,0.6666666666666666,0.3333333333333333,0.3333333333333333,0.5,0.5,0.0,0.10000000000000009,0.5,0,0,field,0.32432432432432434,0.3157894736842105,154.44736842105263,0.6842105263157895,37,0.39473684210526316,0.3333333333333333,27,0,83.43240921660117,90.18901280643999,-6.756603589838818,57.8449277131518,50.25697810462979,7.58794960852201,0,0,0.4528301886792453,0.5571428571428572,-0.10431266846361187,0.0,0.5571428571428572,-0.5571428571428572,0,0,0.3157894736842105,4,0,0.7692307692307693,0.23076923076923073,0.15789473684210525,0.5
980955,28.0,2016,2016-05-01,Saurashtra Cricket Association Stadium,Rajkot,Gujarat Lions,Kings XI Punjab,Kings XI Punjab,0,1554.6964636333175,1434.100883580706,120.59558005261147,0.8,0.2,0.6000000000000001,1.0,0.0,1.0,0.8571428571428571,0.2,0.657142857142857,0.5,1.0,1,0,field,0.3333333333333333,0.0,159.33333333333334,1.0,3,0.6666666666666666,0.5,28,0,88.79255096569634,85.42324609158266,3.3693048741136806,51.853299484444506,57.513470504068124,-5.660171019623618,1,1,1.0,0.5573770491803278,0.4426229508196722,1.0,0.0,1.0,0,0,1.0,5,0,0.5,0.5,0.3333333333333333,0.3333333333333333
980957,29.0,2016,2016-05-01,Maharashtra Cricket Association Stadium,Pune,Rising Pune Supergiant,Mumbai Indians,Mumbai Indians,0,1473.3441482824833,1584.7060317345133,-111.36188345203004,0.2,0.6,-0.39999999999999997,0.3333333333333333,0.6666666666666666,-0.3333333333333333,0.2857142857142857,0.6,-0.3142857142857143,-0.33,1.0,0,0,field,0.5,0.5,165.125,0.5,8,0.0,0.5,29,0,93.18611550294784,92.74841635081916,0.4376991521286868,46.80949376063285,47.25658846017956,-0.4470946995467102,0,1,0.6666666666666666,0.5737704918032787,0.09289617486338797,0.0,0.5737704918032787,-0.5737704918032787,0,0,0.5,5,0,0.0,1.0,0.5,0.5
980959,30.0,2016,2016-05-02,"M Chinnaswamy Stadium, Bengaluru",Bangalore,Royal Challengers Bengaluru,Kolkata Knight Riders,Kolkata Knight Riders,0,1496.3198102621382,1557.6077286729428,-61.28791841080465,0.2,0.6,-0.39999999999999997,0.3333333333333333,0.3333333333333333,0.0,0.4,0.5,-0.09999999999999998,-0.6000000000000001,0.5,0,0,field,0.5,0.42857142857142855,167.69387755102042,0.5714285714285714,48,0.5319148936170213,0.42857142857142855,30,0,91.22600592728129,90.5517784301522,0.6742274971290954,46.35124491707439,55.17703184249202,-8.825786925417631,0,0,0.5492957746478874,0.582089552238806,-0.032793777590918616,0.0,0.582089552238806,-0.582089552238806,0,0,0.4285714285714286,5,0,0.6666666666666666,0.33333333333333337,0.5,0.5365853658536586
980961,31.0,2016,2016-05-03,Saurashtra Cricket Association Stadium,Rajkot,Gujarat Lions,Delhi Capitals,Delhi Capitals,0,1538.6908284572187,1439.8151177865604,98.87571067065824,0.6,0.8,-0.20000000000000007,0.6666666666666666,0.6666666666666666,0.0,0.75,0.5,0.25,-0.30999999999999994,1.0,0,0,field,0.25,0.25,158.0,0.75,4,0.5,0.5,31,0,87.4598202583692,93.43703946818991,-5.977219209820703,56.49606796152623,60.03183851044786,-3.535770548921633,0,0,0.8333333333333334,0.49295774647887325,0.3403755868544601,0.0,0.49295774647887325,-0.49295774647887325,0,0,0.25,5,0,0.0,1.0,0.25,0.25
980963,32.0,2016,2016-05-04,"Eden Gardens, Kolkata",Kolkata,Kolkata Knight Riders,Kings XI Punjab,Kolkata Knight Riders,1,1567.5126055021567,1450.106518756805,117.40608674535179,0.6,0.4,0.19999999999999996,0.3333333333333333,0.3333333333333333,0.0,0.5,0.3,0.2,0.24999999999999994,0.8,0,0,field,0.5714285714285714,0.3673469387755102,152.48979591836735,0.6326530612244898,49,0.6521739130434783,0.2857142857142857,32,0,89.73958340087503,83.07110668541297,6.668476715462063,58.12764731740461,57.61347458004433,0.5141727373602762,0,0,0.5882352941176471,0.5573770491803278,0.030858244937319257,0.0,0.5573770491803278,-0.5573770491803278,0,0,0.36734693877551017,5,0,0.5238095238095238,0.47619047619047616,0.4444444444444444,0.7272727272727273
980965,33.0,2016,2016-05-05,"Arun Jaitley Stadium, Delhi",Delhi,Delhi Capitals,Rising Pune Supergiant,Rising Pune Supergiant,0,1455.1408610848732,1465.0639297902685,-9.92306870539528,0.8,0.2,0.6000000000000001,0.6666666666666666,0.3333333333333333,0.3333333333333333,0.6,0.25,0.35,0.5999999999999999,0.5,0,0,field,0.4897959183673469,0.4489795918367347,160.53061224489795,0.5510204081632653,49,0.40425531914893614,0.5,33,0,88.67209881955975,91.05239482698786,-2.3802960074281145,63.096670645035125,43.98701558433667,19.109655060698458,0,0,0.5,0.6666666666666666,-0.16666666666666663,0.0,0.6666666666666666,-0.6666666666666666,0,0,0.44897959183673475,5,0,0.7647058823529411,0.23529411764705888,0.42857142857142855,0.5357142857142857
980967,34.0,2016,2016-05-06,"Rajiv Gandhi Intl Stadium, Hyderabad",Hyderabad,Sunrisers Hyderabad,Gujarat Lions,Sunrisers Hyderabad,1,1519.0466394610835,1523.365085158906,-4.318445697822426,0.8,0.6,0.20000000000000007,0.6666666666666666,0.3333333333333333,0.3333333333333333,0.5,0.6666666666666666,-0.16666666666666663,0.07999999999999996,1.0,1,0,field,0.3157894736842105,0.3333333333333333,155.46153846153845,0.6666666666666666,38,0.41025641025641024,0.5,34,0,81.75674257059872,85.87847753773708,-4.121734967138366,56.106550919863196,55.38711593186782,0.7194349879953776,1,1,0.4528301886792453,0.8333333333333334,-0.3805031446540881,0.4528301886792453,0.0,0.4528301886792453,0,0,0.6666666666666666,5,0,0.64,0.64,0.15789473684210525,0.47368421052631576
980969,35.0,2016,2016-05-07,"M Chinnaswamy Stadium, Bengaluru",Bangalore,Royal Challengers Bengaluru,Rising Pune Supergiant,Royal Challengers Bengaluru,1,1486.4149334329243,1476.7212922999445,9.693641132979792,0.2,0.4,-0.2,0.0,0.3333333333333333,-0.3333333333333333,0.4,0.3333333333333333,0.06666666666666671,-0.08000000000000002,1.0,1,0,field,0.5102040816326531,0.42,168.04,0.58,49,0.5208333333333334,0.5,35,0,95.90157355567682,91.12478886617181,4.776784689505007,45.089094821491905,41.75416261019007,3.334932211301833,1,1,0.5492957746478874,0.75,-0.20070422535211263,0.5492957746478874,0.0,0.5492957746478874,0,0,0.58,5,0,0.6818181818181818,0.6818181818181818,0.5102040816326531,0.5476190476190477
980971,36.0,2016,2016-05-07,"PCA Stadium, Mohali",Chandigarh,Kings XI Punjab,Delhi Capitals,Kings XI Punjab,1,1442.0139692681262,1443.4834985751972,-1.4695293070710704,0.2,0.6,-0.39999999999999997,0.3333333333333333,0.6666666666666666,-0.3333333333333333,0.3,0.6,-0.3,-0.55,0.5,0,0,field,0.46153846153846156,0.41025641025641024,162.94871794871796,0.5897435897435898,39,0.48717948717948717,0.3333333333333333,36,0,83.2645974189968,97.29523809523809,-14.03064067624129,54.42030956251568,54.75163165405965,-0.3313220915439672,0,0,0.5483870967741935,0.5,0.048387096774193505,0.0,0.5,-0.5,0,0,0.41025641025641024,5,0,0.5294117647058824,0.47058823529411764,0.3333333333333333,0.5416666666666666
980973,37.0,2016,2016-05-08,Dr. Y.S. Rajasekhara Reddy ACA-VDCA Cricket Stadium,Visakhapatnam,Mumbai Indians,Sunrisers Hyderabad,Sunrisers Hyderabad,0,1592.986250226728,1531.1957856108584,61.79046461586972,0.8,0.8,0.0,1.0,0.6666666666666666,0.33333333333333337,0.6,0.5,0.09999999999999998,-0.04999999999999993,0.6,1,0,field,0.4,0.6,160.2,0.4,5,1.0,0.2,37,0,93.33168270100309,81.36974645609862,11.961936244904464,45.04148053391962,58.5493410177169,-13.50786048379728,1,0,0.5806451612903226,0.46296296296296297,0.11768219832735966,0.5806451612903226,0.0,0.5806451612903226,0,0,0.4,5,0,0.5,0.5,0.4,0.4
980975,38.0,2016,2016-05-08,"Eden Gardens, Kolkata",Kolkata,Kolkata Knight Riders,Gujarat Lions,Gujarat Lions,0,1575.6051549908354,1511.215939009131,64.38921598170441,0.6,0.4,0.19999999999999996,0.6666666666666666,0.0,0.6666666666666666,0.6,0.6,0.0,-0.050000000000000044,0.5,0,0,field,0.56,0.38,152.72,0.62,50,0.6595744680851063,0.5,38,0,89.7620410795987,83.34591922793008,6.4161218516686205,57.41980430982745,55.0118972806554,2.4079070291720512,0,0,0.5882352941176471,0.8333333333333334,-0.2450980392156863,0.0,0.8333333333333334,-0.8333333333333334,0,0,0.38,5,0,0.5,0.5,0.4444444444444444,0.6956521739130435
980977,39.0,2016,2016-05-09,"PCA Stadium, Mohali",Chandigarh,Kings XI Punjab,Royal Challengers Bengaluru,Royal Challengers Bengaluru,0,1454.0647247095992,1498.0802137779558,-44.0154890683566,0.4,0.4,0.0,0.6666666666666666,0.3333333333333333,0.3333333333333333,0.3,0.4,-0.10000000000000003,-0.14999999999999997,0.7,1,0,field,0.45,0.425,163.4,0.575,40,0.5,0.4,39,0,81.38167240595115,93.91713986862528,-12.535467462674134,51.92797420384573,48.975860501716085,2.952113702129644,1,1,0.5483870967741935,0.5555555555555556,-0.007168458781362075,0.5483870967741935,0.0,0.5483870967741935,0,0,0.575,5,0,0.5,0.5,0.3333333333333333,0.52
980979,40.0,2016,2016-05-10,Dr. Y.S. Rajasekhara Reddy ACA-VDCA Cricket Stadium,Visakhapatnam,Rising Pune Supergiant,Sunrisers Hyderabad,Sunrisers Hyderabad,0,1465.056011954913,1545.3077327499857,-80.25172079507274,0.4,0.8,-0.4,0.3333333333333333,1.0,-0.6666666666666667,0.3,0.6,-0.3,-0.28,1.0,0,1,bat,0.3333333333333333,0.6666666666666666,163.0,0.3333333333333333,6,0.5,0.3333333333333333,40,0,96.20490620490621,81.59745511710199,14.607451087804222,47.51259275640081,62.96000191983948,-15.447409163438671,1,0,0.75,0.46296296296296297,0.28703703703703703,0.75,0.0,0.75,0,0,0.3333333333333333,5,0,0.0,0.0,0.3333333333333333,0.3333333333333333
980981,41.0,2016,2016-05-11,"M Chinnaswamy Stadium, Bengaluru",Bangalore,Royal Challengers Bengaluru,Mumbai Indians,Mumbai Indians,0,1508.5680538220795,1578.8743030876008,-70.30624926552127,0.4,0.6,-0.19999999999999996,0.6666666666666666,0.6666666666666666,0.0,0.4,0.5,-0.09999999999999998,-0.37000000000000005,0.5,0,0,field,0.52,0.4117647058823529,168.49019607843138,0.5882352941176471,50,0.5306122448979592,0.7142857142857143,41,0,93.05647255505096,92.56690420763479,0.48956834741616717,54.227459559039204,44.78920791037715,9.438251648662053,0,0,0.5555555555555556,0.5714285714285714,-0.015873015873015817,0.0,0.5714285714285714,-0.5714285714285714,0,0,0.4117647058823529,5,0,0.6956521739130435,0.30434782608695654,0.52,0.5581395348837209
980983,42.0,2016,2016-05-12,"Rajiv Gandhi Intl Stadium, Hyderabad",Hyderabad,Sunrisers Hyderabad,Delhi Capitals,Delhi Capitals,0,1554.5842014288796,1431.4327431337242,123.15145829515541,0.8,0.4,0.4,1.0,0.3333333333333333,0.6666666666666667,0.7,0.6,0.09999999999999998,0.2,0.6,0,0,field,0.3333333333333333,0.325,154.725,0.675,39,0.425,0.75,42,0,82.80953938522859,90.49268047562641,-7.683141090397825,65.15567928529613,57.50604812139727,7.64963116389886,0,0,0.46296296296296297,0.4931506849315068,-0.030187721968543857,0.0,0.4931506849315068,-0.4931506849315068,0,0,0.32499999999999996,5,0,0.6538461538461539,0.34615384615384615,0.15789473684210525,0.5
980985,43.0,2016,2016-05-13,Dr. Y.S. Rajasekhara Reddy ACA-VDCA Cricket Stadium,Visakhapatnam,Mumbai Indians,Kings XI Punjab,Kings XI Punjab,0,1588.4786222843118,1443.5768846654755,144.90173761883625,0.8,0.4,0.4,0.6666666666666666,0.3333333333333333,0.3333333333333333,0.6,0.3,0.3,0.51,0.6,1,1,bat,0.42857142857142855,0.7142857142857143,159.28571428571428,0.2857142857142857,7,0.5,0.5,43,0,93.36566729718088,85.17704956662467,8.188617730556203,45.811274312269404,50.76181248256868,-4.950538170299275,0,1,0.578125,0.5396825396825397,0.03844246031746035,0.0,0.5396825396825397,-0.5396825396825397,0,0,0.7142857142857143,5,0,0.0,1.0,0.42857142857142855,0.42857142857142855
980987,44.0,2016,2016-05-14,"M Chinnaswamy Stadium, Bengaluru",Bangalore,Royal Challengers Bengaluru,Gujarat Lions,Royal Challengers Bengaluru,1,1498.9637346253685,1525.4147476799294,-26.451013054560917,0.4,0.4,0.0,0.6666666666666666,0.3333333333333333,0.3333333333333333,0.4,0.6,-0.19999999999999996,-0.10999999999999999,0.0,0,0,field,0.5294117647058824,0.40384615384615385,168.15384615384616,0.5961538461538461,51,0.52,0.5,44,0,93.0656595824108,82.05487289846731,11.010786683943493,54.6783474452178,51.9726510092245,2.7056964359933033,0,0,0.5555555555555556,0.8571428571428571,-0.3015873015873015,0.0,0.8571428571428571,-0.8571428571428571,0,0,0.40384615384615385,5,0,0.7083333333333334,0.29166666666666663,0.5294117647058824,0.5681818181818182
980989,45.0,2016,2016-05-14,"Eden Gardens, Kolkata",Kolkata,Kolkata Knight Riders,Rising Pune Supergiant,Kolkata Knight Riders,1,1561.406346320037,1455.779543276019,105.62680304401806,0.4,0.2,0.2,0.6666666666666666,0.3333333333333333,0.3333333333333333,0.6,0.2,0.39999999999999997,0.12,1.0,0,1,bat,0.5686274509803921,0.37254901960784315,152.8235294117647,0.6274509803921569,51,0.6458333333333334,0.5,45,0,88.70372752942455,90.04100438679129,-1.3372768573667315,56.39587273951147,55.14594868955334,1.2499240499581248,1,1,0.5882352941176471,0.6,-0.0117647058823529,0.5882352941176471,0.0,0.5882352941176471,0,0,0.6274509803921569,5,0,0.5217391304347826,0.5217391304347826,0.4444444444444444,0.7083333333333334
980991,46.0,2016,2016-05-15,"PCA Stadium, Mohali",Chandigarh,Kings XI Punjab,Sunrisers Hyderabad,Sunrisers Hyderabad,0,1460.310301066405,1538.5003191012895,-78.19001803488459,0.6,0.8,-0.20000000000000007,0.6666666666666666,0.6666666666666666,0.0,0.4,0.7,-0.29999999999999993,-0.29000000000000004,0.4,1,1,bat,0.43902439024390244,0.43902439024390244,163.6829268292683,0.5609756097560976,41,0.4878048780487805,0.5,46,0,85.42188038021814,84.89018655630471,0.5316938239134288,55.43332944802529,63.35636934331895,-7.9230398952936625,0,0,0.546875,0.46296296296296297,0.08391203703703703,0.0,0.46296296296296297,-0.46296296296296297,0,0,0.4390243902439024,5,0,0.47368421052631576,0.5263157894736843,0.3333333333333333,0.5
980993,47.0,2016,2016-05-15,Dr. Y.S. Rajasekhara Reddy ACA-VDCA Cricket Stadium,Visakhapatnam,Mumbai Indians,Delhi Capitals,Mumbai Indians,1,1571.7452058833824,1447.5166254613143,124.22858042206803,0.6,0.6,0.0,0.3333333333333333,0.3333333333333333,0.0,0.5,0.6,-0.09999999999999998,0.040000000000000036,0.4,0,0,field,0.375,0.625,154.875,0.375,8,0.3333333333333333,1.0,47,0,95.1461294069275,90.7392257867626,4.406903620164897,44.512976812755426,58.18941171178053,-13.676434899025104,0,1,0.578125,0.5,0.078125,0.0,0.5,-0.5,0,0,0.625,5,0,0.3333333333333333,0.6666666666666667,0.375,0.375
980995,48.0,2016,2016-05-16,"Eden Gardens, Kolkata",Kolkata,Kolkata Knight Riders,Royal Challengers Bengaluru,Royal Challengers Bengaluru,0,1569.8665184132271,1511.8755592548266,57.99095915840053,0.6,0.6,0.0,0.6666666666666666,0.6666666666666666,0.0,0.6,0.4,0.19999999999999996,0.0,0.6,0,0,field,0.5576923076923077,0.36538461538461536,151.8653846153846,0.6346153846153846,52,0.6530612244897959,0.3333333333333333,48,0,88.85336175215483,93.6396662473685,-4.78630449521367,56.90286518820421,58.53732779840488,-1.6344626102006714,0,0,0.5942028985507246,0.5555555555555556,0.03864734299516903,0.0,0.5555555555555556,-0.5555555555555556,0,0,0.3653846153846154,5,0,0.5416666666666666,0.45833333333333337,0.42857142857142855,0.7083333333333334
980997,49.0,2016,2016-05-17,Dr. Y.S. Rajasekhara Reddy ACA-VDCA Cricket Stadium,Visakhapatnam,Rising Pune Supergiant,Delhi Capitals,Rising Pune Supergiant,1,1447.319371182829,1439.6333667002566,7.6860044825723435,0.2,0.4,-0.2,0.0,0.3333333333333333,-0.3333333333333333,0.2,0.6,-0.39999999999999997,-0.21999999999999997,1.0,1,0,field,0.3333333333333333,0.6666666666666666,160.55555555555554,0.3333333333333333,9,0.0,0.5,49,0,87.57140782894965,90.42986410772757,-2.858456278777922,52.439101541733116,54.41605423100756,-1.976952689274441,1,0,0.6,0.49333333333333335,0.10666666666666663,0.6,0.0,0.6,0,0,0.3333333333333333,5,0,0.25,0.25,0.3333333333333333,0.3333333333333333
980999,50.0,2016,2016-05-18,"M Chinnaswamy Stadium, Bengaluru",Bangalore,Royal Challengers Bengaluru,Kings XI Punjab,Royal Challengers Bengaluru,1,1525.86010077598,1450.9662014554985,74.89389932048152,0.8,0.4,0.4,0.6666666666666666,0.3333333333333333,0.3333333333333333,0.5,0.4,0.09999999999999998,0.42999999999999994,0.3,0,0,field,0.5192307692307693,0.41509433962264153,169.66037735849056,0.5849056603773585,52,0.5294117647058824,0.5,50,0,93.66328694406471,83.96052416097737,9.702762783087337,57.033940765496816,50.57608917725687,6.457851588239947,0,0,0.5616438356164384,0.546875,0.01476883561643838,0.0,0.546875,-0.546875,0,0,0.41509433962264153,5,0,0.68,0.31999999999999995,0.5192307692307693,0.5555555555555556
981001,51.0,2016,2016-05-19,Green Park,Kanpur,Gujarat Lions,Kolkata Knight Riders,Gujarat Lions,1,1512.5029230504713,1555.8819768920737,-43.3790538416024,0.2,0.6,-0.39999999999999997,0.3333333333333333,0.3333333333333333,0.0,0.5,0.6,-0.09999999999999998,-0.6,1.0,1,0,field,0.5,0.5,159.03900709219857,0.5,0,0.5,0.5,51,0,83.02499474788792,85.13103420939157,-2.1060394615036557,48.89405035955105,50.344807776406675,-1.4507574168556232,1,0,0.75,0.5942028985507246,0.1557971014492754,0.75,0.0,0.75,0,0,0.5,5,0,0.5,0.5,0.5,0.5
981003,52.0,2016,2016-05-20,Shaheed Veer Narayan Singh International Stadium,Raipur,Delhi Capitals,Sunrisers Hyderabad,Delhi Capitals,1,1427.898788593831,1547.8444187121959,-119.94563011836499,0.2,0.8,-0.6000000000000001,0.3333333333333333,0.6666666666666666,-0.3333333333333333,0.5,0.8,-0.30000000000000004,-0.6799999999999999,0.5,1,0,field,0.25,0.5,145.5,0.5,4,0.75,1.0,52,0,89.31724612152576,87.11033118164787,2.2069149398778904,54.18758700127407,57.74964736455623,-3.562060363282164,1,0,0.49333333333333335,0.4727272727272727,0.020606060606060628,0.49333333333333335,0.0,0.49333333333333335,0,0,0.5,5,0,0.6666666666666666,0.6666666666666666,0.25,0.25
981005,53.0,2016,2016-05-21,Dr. Y.S. Rajasekhara Reddy ACA-VDCA Cricket Stadium,Visakhapatnam,Rising Pune Supergiant,Kings XI Punjab,Rising Pune Supergiant,1,1459.0539492892547,1441.5136100085283,17.540339280726357,0.4,0.4,0.0,0.3333333333333333,0.3333333333333333,0.0,0.3,0.3,0.0,-0.12000000000000005,0.0,0,1,bat,0.4,0.6,156.6,0.4,10,0.5,1.0,53,0,87.05563884210167,84.37816528011838,2.677473561983291,55.56867958342833,48.735302478318,6.83337710511033,1,0,0.6666666666666666,0.5384615384615384,0.1282051282051282,0.6666666666666666,0.0,0.6666666666666666,0,0,0.4,5,0,0.4,0.4,0.4,0.4
981007,54.0,2016,2016-05-21,Green Park,Kanpur,Gujarat Lions,Mumbai Indians,Gujarat Lions,1,1525.9934453971214,1579.62846464444,-53.63501924731872,0.4,0.6,-0.19999999999999996,0.6666666666666666,0.6666666666666666,0.0,0.5,0.6,-0.09999999999999998,-0.35,1.0,1,0,field,1.0,0.0,124.0,1.0,1,1.0,0.5,54,0,83.14735494019507,95.41453552740612,-12.267180587211044,54.892466030311276,49.09019823806355,5.802267792247726,1,1,0.7777777777777778,0.578125,0.1996527777777778,0.7777777777777778,0.0,0.7777777777777778,0,0,1.0,5,0,1.0,1.0,1.0,1.0
981009,55.0,2016,2016-05-22,"Eden Gardens, Kolkata",Kolkata,Kolkata Knight Riders,Sunrisers Hyderabad,Kolkata Knight Riders,1,1542.3914545454236,1531.8587431441433,10.532711401280267,0.4,0.6,-0.19999999999999996,0.3333333333333333,0.3333333333333333,0.0,0.5,0.7,-0.19999999999999996,-0.16999999999999993,0.8,0,0,field,0.5660377358490566,0.3584905660377358,152.45283018867926,0.6415094339622641,53,0.64,0.0,55,0,84.26935178388456,90.93461384765715,-6.6652620637725875,45.158564684252404,56.67006331989597,-11.511498635643562,0,0,0.5942028985507246,0.4727272727272727,0.1214756258234519,0.0,0.4727272727272727,-0.4727272727272727,0,0,0.3584905660377359,5,0,0.56,0.43999999999999995,0.42857142857142855,0.72
981011,56.0,2016,2016-05-22,Shaheed Veer Narayan Singh International Stadium,Raipur,Delhi Capitals,Royal Challengers Bengaluru,Royal Challengers Bengaluru,0,1443.8844641618834,1535.3126922229503,-91.42822806106687,0.4,0.8,-0.4,0.3333333333333333,1.0,-0.6666666666666667,0.5,0.6,-0.09999999999999998,-0.42,0.2,0,0,field,0.4,0.4,148.0,0.6,5,0.8,0.5,56,0,94.60365342718282,95.78961146707326,-1.185958039890437,54.60676712810772,58.1044827699867,-3.497715641878983,0,0,0.5,0.5616438356164384,-0.06164383561643838,0.0,0.5616438356164384,-0.5616438356164384,0,0,0.4,5,0,0.75,0.25,0.4,0.4
981013,,2016,2016-05-24,"M Chinnaswamy Stadium, Bengaluru",Bangalore,Gujarat Lions,Royal Challengers Bengaluru,Royal Challengers Bengaluru,0,1539.8313565214214,1544.2258007698745,-4.3944442484530555,0.6,0.8,-0.20000000000000007,0.6666666666666666,1.0,-0.33333333333333337,0.6,0.6,0.0,-0.2,0.5,0,0,field,0.5094339622641509,0.42592592592592593,170.42592592592592,0.5740740740740741,53,0.0,0.5384615384615384,57,1,84.02040563753037,94.48174295525011,-10.461337317719739,54.63002754971169,58.383996255020996,-3.7539687053093047,0,0,0.8,0.5675675675675675,0.2324324324324325,0.0,0.5675675675675675,-0.5675675675675675,0,0,0.42592592592592593,5,0,0.6538461538461539,0.34615384615384615,0.5094339622641509,0.5434782608695652
981015,,2016,2016-05-25,"Arun Jaitley Stadium, Delhi",Delhi,Sunrisers Hyderabad,Kolkata Knight Riders,Sunrisers Hyderabad,1,1520.2224187047714,1554.0277789847955,-33.80536028002416,0.4,0.4,0.0,0.3333333333333333,0.3333333333333333,0.0,0.6,0.5,0.09999999999999998,0.22000000000000003,0.2,0,0,field,0.5,0.44,160.56,0.56,50,0.5714285714285714,0.6666666666666666,58,1,89.25350389931833,84.8997305595213,4.35377333979703,56.280593628423105,55.45090258975205,0.8296910386710579,0,0,0.4642857142857143,0.5942028985507246,-0.1299171842650103,0.0,0.5942028985507246,-0.5942028985507246,0,0,0.43999999999999995,5,0,0.7777777777777778,0.2222222222222222,0.42857142857142855,0.5517241379310345
981017,,2016,2016-05-27,"Arun Jaitley Stadium, Delhi",Delhi,Gujarat Lions,Sunrisers Hyderabad,Sunrisers Hyderabad,0,1527.9831271554817,1533.386343755136,-5.403216599654343,0.6,0.4,0.19999999999999996,0.6666666666666666,0.3333333333333333,0.3333333333333333,0.5,0.6,-0.09999999999999998,0.34,0.0,0,0,field,0.49019607843137253,0.45098039215686275,160.58823529411765,0.5490196078431373,51,1.0,0.625,59,1,83.8318149814944,89.8701985340972,-6.038383552602795,54.63657007564339,57.50438463542073,-2.8678145597773366,0,0,0.8,0.4642857142857143,0.33571428571428574,0.0,0.4642857142857143,-0.4642857142857143,0,0,0.4509803921568627,5,0,0.7368421052631579,0.26315789473684215,0.42857142857142855,0.5333333333333333
981019,,2016,2016-05-29,"M Chinnaswamy Stadium, Bengaluru",Bangalore,Royal Challengers Bengaluru,Sunrisers Hyderabad,Sunrisers Hyderabad,0,1556.0740301358142,1545.1997383088026,10.874291827011575,1.0,0.6,0.4,1.0,0.6666666666666666,0.33333333333333337,0.7,0.7,0.0,0.45000000000000007,0.5,0,1,bat,0.5185185185185185,0.41818181818181815,170.2,0.5818181818181818,54,0.5471698113207547,0.2857142857142857,60,1,92.66576559403688,93.17621578473333,-0.5104501906964458,58.644721871120176,62.72668050300067,-4.081958631880497,1,1,0.5733333333333334,0.47368421052631576,0.0996491228070176,0.5733333333333334,0.0,0.5733333333333334,0,0,0.5818181818181818,5,0,0.6666666666666666,0.6666666666666666,0.5185185185185185,0.5531914893617021
1082591,1.0,2017,2017-04-05,"Rajiv Gandhi Intl Stadium, Hyderabad",Hyderabad,Sunrisers Hyderabad,Royal Challengers Bengaluru,Sunrisers Hyderabad,1,1557.5752004484739,1543.6985679961429,13.876632452331023,0.6,0.8,-0.20000000000000007,1.0,0.6666666666666666,0.33333333333333337,0.7,0.7,0.0,-0.52,0.6,0,0,field,0.35,0.3170731707317073,154.5121951219512,0.6829268292682927,40,0.4146341463414634,0.2857142857142857,1,0,96.72282152193813,93.20710239746901,3.515719124469115,62.73664054993978,57.337847337847336,5.398793212092443,0,0,0.47368421052631576,0.5657894736842105,-0.09210526315789475,0.0,0.5657894736842105,-0.5657894736842105,1,0,0.31707317073170727,4,0,0.7142857142857143,0.2857142857142857,0.15789473684210525,0.5238095238095238
1082592,2.0,2017,2017-04-06,Maharashtra Cricket Association Stadium,Pune,Rising Pune Supergiant,Mumbai Indians,Rising Pune Supergiant,1,1470.448641605077,1565.79055352014,-95.34191191506306,0.4,0.4,0.0,0.6666666666666666,0.3333333333333333,0.3333333333333333,0.4,0.6,-0.19999999999999996,-0.16999999999999998,0.5,1,0,field,0.5555555555555556,0.4444444444444444,164.44444444444446,0.5555555555555556,9,0.0,1.0,2,0,87.1609601498378,95.47734069473199,-8.316380544894187,60.205990947408225,48.209618264310365,11.99637268309786,1,1,0.7142857142857143,0.578125,0.1361607142857143,0.7142857142857143,0.0,0.7142857142857143,1,1,0.5555555555555556,4,0,0.5714285714285714,0.5714285714285714,0.5555555555555556,0.5555555555555556
1082593,3.0,2017,2017-04-07,Saurashtra Cricket Association Stadium,Rajkot,Gujarat Lions,Kolkata Knight Riders,Kolkata Knight Riders,0,1516.1697326018152,1540.8638539344308,-24.694121332615623,0.4,0.4,0.0,0.3333333333333333,0.3333333333333333,0.0,0.4,0.4,0.0,-0.019999999999999962,1.0,0,0,field,0.4,0.2,156.2,0.8,5,0.4,0.5,3,0,86.18792121939343,85.86781659390273,0.32010462549069985,53.32755099571336,58.02006305220447,-4.692512056491111,0,0,0.8,0.5857142857142857,0.2142857142857143,0.0,0.5857142857142857,-0.5857142857142857,1,0,0.19999999999999996,4,0,1.0,0.0,0.4,0.4
1082594,4.0,2017,2017-04-08,"Holkar Stadium, Indore",Indore,Kings XI Punjab,Rising Pune Supergiant,Kings XI Punjab,1,1430.118917692706,1485.661392039423,-55.54247434671697,0.2,0.6,-0.39999999999999997,0.0,1.0,-1.0,0.3,0.5,-0.2,-0.15000000000000002,0.5,1,0,field,1.0,0.0,137.5,1.0,2,1.0,0.5,4,0,88.29133431737048,89.49934909490017,-1.2080147775296837,52.19718998142606,57.648801656533614,-5.451611675107557,1,1,0.5384615384615384,0.75,-0.21153846153846156,0.5384615384615384,0.0,0.5384615384615384,1,1,1.0,4,0,0.5,0.5,1.0,1.0
1082595,5.0,2017,2017-04-08,"M Chinnaswamy Stadium, Bengaluru",Bengaluru,Royal Challengers Bengaluru,Delhi Capitals,Royal Challengers Bengaluru,1,1532.1775952112748,1434.9713556149593,97.20623959631553,0.6,0.4,0.19999999999999996,0.3333333333333333,0.3333333333333333,0.0,0.7,0.4,0.29999999999999993,0.33000000000000007,0.9,1,1,bat,0.5272727272727272,0.42857142857142855,170.875,0.5714285714285714,55,0.5370370370370371,0.5,5,0,91.66500480145544,90.46793057913601,1.1970742223194293,52.18198468198468,55.076484291555744,-2.8944996095710636,0,0,0.5584415584415584,0.5,0.058441558441558406,0.0,0.5,-0.5,1,0,0.4285714285714286,4,0,0.4782608695652174,0.5217391304347826,0.5272727272727272,0.5531914893617021
1082596,6.0,2017,2017-04-09,"Rajiv Gandhi Intl Stadium, Hyderabad",Hyderabad,Sunrisers Hyderabad,Gujarat Lions,Sunrisers Hyderabad,1,1569.096173233342,1505.0212040233823,64.07496920995959,0.8,0.4,0.4,1.0,0.0,1.0,0.7,0.3,0.39999999999999997,0.050000000000000044,1.0,1,0,field,0.34146341463414637,0.3333333333333333,155.76190476190476,0.6666666666666666,41,0.42857142857142855,0.0,6,0,98.40588163122774,90.1817249234775,8.22415670775024,60.05544053370139,38.45411614534797,21.601324388353426,1,1,0.47368421052631576,0.8,-0.3263157894736843,0.47368421052631576,0.0,0.47368421052631576,1,1,0.6666666666666666,4,0,0.6666666666666666,0.6666666666666666,0.15789473684210525,0.5
1082597,7.0,2017,2017-04-09,"Wankhede Stadium, Mumbai",Mumbai,Mumbai Indians,Kolkata Knight Riders,Mumbai Indians,1,1550.5778030857941,1552.0123825128637,-1.4345794270695933,0.4,0.4,0.0,0.3333333333333333,0.6666666666666666,-0.3333333333333333,0.5,0.5,0.0,0.27,0.6,1,0,field,0.4897959183673469,0.5102040816326531,162.79591836734693,0.4897959183673469,49,0.6444444444444445,0.16666666666666666,7,0,92.91875232969201,89.81569145810246,3.1030608715895482,36.159276858988754,56.13732153205837,-19.97804467306962,1,0,0.578125,0.5915492957746479,-0.013424295774647876,0.578125,0.0,0.578125,1,1,0.4897959183673469,4,0,0.55,0.55,0.5,0.4827586206896552
1082598,8.0,2017,2017-04-10,"Holkar Stadium, Indore",Indore,Kings XI Punjab,Royal Challengers Bengaluru,Kings XI Punjab,1,1444.0211098605287,1540.9051550252702,-96.88404516474156,0.4,0.6,-0.19999999999999996,0.3333333333333333,0.3333333333333333,0.0,0.4,0.7,-0.29999999999999993,-0.24999999999999994,0.6,0,1,bat,1.0,0.0,146.0,1.0,3,1.0,0.5,8,0,85.3472671012379,91.35453188786524,-6.007264786627331,52.00289712599005,60.767385839966494,-8.76448871397644,1,1,0.5454545454545454,0.5584415584415584,-0.012987012987012991,0.5454545454545454,0.0,0.5454545454545454,1,1,1.0,4,0,1.0,1.0,1.0,1.0
1082599,9.0,2017,2017-04-11,Maharashtra Cricket Association Stadium,Pune,Rising Pune Supergiant,Delhi Capitals,Delhi Capitals,0,1471.7591998716002,1426.2437958009639,45.51540407063635,0.6,0.2,0.39999999999999997,0.6666666666666666,0.3333333333333333,0.3333333333333333,0.4,0.4,0.0,0.37000000000000005,1.0,1,0,field,0.6,0.4,166.4,0.6,10,0.2,1.0,9,0,88.03333430064836,86.58239286669628,1.4509414339520816,56.87576446626178,66.73939630637183,-9.863631840110052,1,1,0.75,0.4935064935064935,0.2564935064935065,0.75,0.0,0.75,1,1,0.6,4,0,0.625,0.625,0.6,0.6
1082600,10.0,2017,2017-04-12,"Wankhede Stadium, Mumbai",Mumbai,Mumbai Indians,Sunrisers Hyderabad,Mumbai Indians,1,1562.6273514222626,1578.9078555874528,-16.280504165190223,0.4,1.0,-0.6,0.3333333333333333,1.0,-0.6666666666666667,0.6,0.7,-0.09999999999999998,-0.6699999999999999,0.6,1,0,field,0.5,0.5,163.1,0.5,50,0.6521739130434783,0.25,10,0,94.66706879665254,94.58958522977983,0.07748356687271496,52.57025447285421,69.52284416181932,-16.952589688965112,1,0,0.5846153846153846,0.4827586206896552,0.10185676392572945,0.5846153846153846,0.0,0.5846153846153846,1,1,0.5,4,0,0.5714285714285714,0.5714285714285714,0.5,0.5
1082601,11.0,2017,2017-04-13,"Eden Gardens, Kolkata",Kolkata,Kolkata Knight Riders,Kings XI Punjab,Kolkata Knight Riders,1,1539.9628341763953,1459.283246814711,80.6795873616843,0.4,0.4,0.0,0.3333333333333333,0.6666666666666666,-0.3333333333333333,0.5,0.5,0.0,0.16999999999999998,0.8,1,0,field,0.5555555555555556,0.37037037037037035,152.7962962962963,0.6296296296296297,54,0.6470588235294118,0.25,11,0,89.9728811420656,88.99820376888945,0.9746773731761493,51.311877683301645,58.88613761821673,-7.574259934915084,1,1,0.5915492957746479,0.5522388059701493,0.03931048980449858,0.5915492957746479,0.0,0.5915492957746479,1,1,0.6296296296296297,4,0,0.7307692307692307,0.7307692307692307,0.42857142857142855,0.6923076923076923
1082602,12.0,2017,2017-04-14,"M Chinnaswamy Stadium, Bengaluru",Bangalore,Royal Challengers Bengaluru,Mumbai Indians,Mumbai Indians,0,1525.643018071088,1575.1892489092872,-49.546230838199335,0.4,0.6,-0.19999999999999996,0.3333333333333333,0.6666666666666666,-0.3333333333333333,0.6,0.6,0.0,-0.07999999999999996,0.4,0,0,field,0.5357142857142857,0.43859649122807015,170.6315789473684,0.5614035087719298,56,0.5454545454545454,0.75,12,0,91.05568910466958,96.19559466298597,-5.139905558316386,58.035446839794666,51.08555561315534,6.949891226639323,0,0,0.5584415584415584,0.5909090909090909,-0.032467532467532534,0.0,0.5909090909090909,-0.5909090909090909,1,0,0.4385964912280702,4,0,0.4583333333333333,0.5416666666666667,0.5357142857142857,0.5531914893617021
1082603,13.0,2017,2017-04-14,Saurashtra Cricket Association Stadium,Rajkot,Gujarat Lions,Rising Pune Supergiant,Gujarat Lions,1,1495.2095216692715,1458.196085357156,37.013436312115346,0.2,0.6,-0.39999999999999997,0.0,0.3333333333333333,-0.3333333333333333,0.3,0.4,-0.10000000000000003,-0.45000000000000007,1.0,1,0,field,0.5,0.16666666666666666,160.66666666666666,0.8333333333333334,6,0.3333333333333333,0.0,13,0,85.49957179263811,87.69661326164224,-2.1970414690041338,47.371625698822434,46.75360286749922,0.6180228313232163,1,1,0.8,0.6666666666666666,0.13333333333333341,0.8,0.0,0.8,1,1,0.8333333333333334,4,0,1.0,1.0,0.5,0.5
1082604,14.0,2017,2017-04-15,"Eden Gardens, Kolkata",Kolkata,Kolkata Knight Riders,Sunrisers Hyderabad,Kolkata Knight Riders,1,1549.2252900242293,1566.345958100428,-17.120668076198854,0.6,0.8,-0.20000000000000007,0.6666666666666666,0.6666666666666666,0.0,0.5,0.6,-0.09999999999999998,-0.29000000000000004,0.7,0,0,field,0.5636363636363636,0.36363636363636365,153.1090909090909,0.6363636363636364,55,0.6538461538461539,0.0,14,0,93.19387605001704,98.68912860877526,-5.495252558758224,60.30832394802135,70.0675225553129,-9.759198607291552,0,0,0.5972222222222222,0.4827586206896552,0.11446360153256702,0.0,0.4827586206896552,-0.4827586206896552,1,0,0.36363636363636365,4,0,0.7407407407407407,0.2592592592592593,0.42857142857142855,0.7037037037037037
1082605,15.0,2017,2017-04-15,"Arun Jaitley Stadium, Delhi",Delhi,Delhi Capitals,Kings XI Punjab,Delhi Capitals,1,1439.806910315408,1450.020790966877,-10.213880651469026,0.4,0.4,0.0,0.3333333333333333,0.6666666666666666,-0.3333333333333333,0.4,0.4,0.0,0.010000000000000009,0.5,1,1,bat,0.5,0.4423076923076923,160.6153846153846,0.5576923076923077,52,0.3958333333333333,0.5,15,0,89.29528592758615,87.66035205370683,1.6349338738793193,65.66370243067794,50.6728553778668,14.99084705281114,0,0,0.4935064935064935,0.5522388059701493,-0.05873231246365579,0.0,0.5522388059701493,-0.5522388059701493,1,0,0.4423076923076923,4,0,0.4642857142857143,0.5357142857142857,0.42857142857142855,0.5483870967741935
1082607,17.0,2017,2017-04-16,"M Chinnaswamy Stadium, Bengaluru",Bangalore,Royal Challengers Bengaluru,Rising Pune Supergiant,Rising Pune Supergiant,0,1515.3427775587247,1447.4696696895555,67.87310786916919,0.2,0.4,-0.2,0.3333333333333333,0.0,0.3333333333333333,0.6,0.4,0.19999999999999996,-0.39999999999999997,1.0,1,0,field,0.543859649122807,0.43103448275862066,170.13793103448276,0.5689655172413793,57,0.5357142857142857,0.0,16,0,87.98748962094173,93.46704306286281,-5.479553441921084,73.19098928899291,55.88006322394961,17.310926065043297,1,1,0.5584415584415584,0.6666666666666666,-0.10822510822510822,0.5584415584415584,0.0,0.5584415584415584,1,1,0.5689655172413793,4,0,0.48,0.48,0.543859649122807,0.5625
1082606,16.0,2017,2017-04-16,"Wankhede Stadium, Mumbai",Mumbai,Mumbai Indians,Gujarat Lions,Mumbai Indians,1,1585.4894894216504,1505.935937336872,79.5535520847784,0.6,0.2,0.39999999999999997,1.0,0.3333333333333333,0.6666666666666667,0.6,0.4,0.19999999999999996,0.32,0.0,1,0,field,0.5098039215686274,0.49019607843137253,163.0,0.5098039215686274,51,0.6595744680851063,1.0,17,0,91.90211315365278,88.32796923963016,3.5741439140226134,51.232318552565346,55.91230349048656,-4.679984937921212,1,1,0.5970149253731343,0.8181818181818182,-0.22116689280868396,0.5970149253731343,0.0,0.5970149253731343,1,1,0.5098039215686274,4,0,0.5909090909090909,0.5909090909090909,0.5,0.5161290322580645
1082608,18.0,2017,2017-04-17,"Arun Jaitley Stadium, Delhi",Delhi,Delhi Capitals,Kolkata Knight Riders,Kolkata Knight Riders,0,1452.1595836633965,1561.8161387858484,-109.65655512245189,0.6,0.6,0.0,0.6666666666666666,0.6666666666666666,0.0,0.4,0.5,-0.09999999999999998,0.09999999999999992,0.3,1,1,bat,0.5094339622641509,0.4528301886792453,161.1320754716981,0.5471698113207547,53,0.40816326530612246,0.5714285714285714,18,0,89.14584230754232,91.16705511867379,-2.0212128111314627,68.74305834020193,58.7911095320172,9.951948808184724,0,0,0.4935064935064935,0.5972222222222222,-0.1037157287157287,0.0,0.5972222222222222,-0.5972222222222222,1,0,0.4528301886792453,4,0,0.4482758620689655,0.5517241379310345,0.45454545454545453,0.5483870967741935
1082609,19.0,2017,2017-04-17,"Rajiv Gandhi Intl Stadium, Hyderabad",Hyderabad,Sunrisers Hyderabad,Kings XI Punjab,Sunrisers Hyderabad,1,1553.755109338809,1437.6681176188886,116.08699171992043,0.6,0.4,0.19999999999999996,0.3333333333333333,0.3333333333333333,0.0,0.6,0.4,0.19999999999999996,0.35000000000000003,0.6,0,0,field,0.35714285714285715,0.32558139534883723,155.27906976744185,0.6744186046511628,42,0.4418604651162791,0.5714285714285714,19,0,90.97536837553609,88.58944174161618,2.385926633919908,67.63291664591532,44.76342431991051,22.869492326004803,0,0,0.4745762711864407,0.5441176470588235,-0.0695413758723828,0.0,0.5441176470588235,-0.5441176470588235,1,0,0.32558139534883723,4,0,0.6875,0.3125,0.15789473684210525,0.5217391304347826
1082610,20.0,2017,2017-04-18,Saurashtra Cricket Association Stadium,Rajkot,Gujarat Lions,Royal Challengers Bengaluru,Royal Challengers Bengaluru,0,1496.6365864970508,1501.0278967074464,-4.391310210395659,0.2,0.2,0.0,0.3333333333333333,0.0,0.3333333333333333,0.4,0.5,-0.09999999999999998,-0.13,0.3333333333333333,1,0,field,0.5714285714285714,0.14285714285714285,162.14285714285714,0.8571428571428571,7,0.42857142857142855,0.0,20,0,89.48562192444032,87.01689839693825,2.4687235275020782,48.40617379050076,52.07199817726133,-3.665824386760569,1,1,0.8181818181818182,0.5512820512820513,0.2668997668997669,0.8181818181818182,0.0,0.8181818181818182,1,1,0.8571428571428571,4,0,1.0,1.0,0.5714285714285714,0.5714285714285714
1082611,21.0,2017,2017-04-19,"Rajiv Gandhi Intl Stadium, Hyderabad",Hyderabad,Sunrisers Hyderabad,Delhi Capitals,Sunrisers Hyderabad,1,1561.8884383026345,1443.8260441386356,118.06239416399899,0.6,0.4,0.19999999999999996,0.3333333333333333,0.6666666666666666,-0.3333333333333333,0.6,0.4,0.19999999999999996,0.35999999999999993,0.5,1,1,bat,0.3488372093023256,0.3409090909090909,155.36363636363637,0.6590909090909091,43,0.45454545454545453,0.8,21,0,89.4295139323099,88.27722631900325,1.1522876133066546,65.82534087282029,65.41073636617864,0.41460450664165194,0,0,0.4745762711864407,0.4935064935064935,-0.018930222320052814,0.0,0.4935064935064935,-0.4935064935064935,1,0,0.34090909090909094,4,0,0.6470588235294118,0.3529411764705882,0.15789473684210525,0.5
1082612,22.0,2017,2017-04-20,"Holkar Stadium, Indore",Indore,Kings XI Punjab,Mumbai Indians,Mumbai Indians,0,1429.534788655063,1594.7888402614717,-165.25405160640867,0.4,0.8,-0.4,0.0,1.0,-1.0,0.3,0.6,-0.3,-0.050000000000000044,0.4,0,0,field,0.75,0.0,146.5,1.0,4,1.0,0.5,22,0,88.71956325673678,91.4032702874612,-2.6837070307244204,55.36641789173958,47.237729786162326,8.128688105577254,0,0,0.5362318840579711,0.6029411764705882,-0.06670929241261714,0.0,0.6029411764705882,-0.6029411764705882,1,0,0.0,4,0,1.0,0.0,0.75,0.75
1082613,23.0,2017,2017-04-21,"Eden Gardens, Kolkata",Kolkata,Kolkata Knight Riders,Gujarat Lions,Gujarat Lions,0,1570.1496783106093,1484.788248902574,85.36142940803529,0.8,0.2,0.6000000000000001,1.0,0.3333333333333333,0.6666666666666667,0.6,0.3,0.3,0.55,0.3333333333333333,0,0,field,0.5535714285714286,0.375,153.44642857142858,0.625,56,0.660377358490566,1.0,23,0,91.63040250650732,89.383322134635,2.247080371872329,61.704430004553124,33.9280734585487,27.776356546004422,0,0,0.6027397260273972,0.75,-0.14726027397260277,0.0,0.75,-0.75,1,0,0.375,4,0,0.7142857142857143,0.2857142857142857,0.42857142857142855,0.6785714285714286
1082614,25.0,2017,2017-04-22,"Wankhede Stadium, Mumbai",Mumbai,Mumbai Indians,Delhi Capitals,Mumbai Indians,1,1601.475905537125,1435.7537467537923,165.72215878333282,1.0,0.4,0.6,1.0,0.3333333333333333,0.6666666666666667,0.7,0.4,0.29999999999999993,0.55,0.4,0,0,field,0.5192307692307693,0.4807692307692308,163.25,0.5192307692307693,52,0.6666666666666666,0.16666666666666666,24,0,93.94943248439738,90.86615474523819,3.083277739159186,46.377017731789316,59.15334219820818,-12.776324466418863,0,0,0.6086956521739131,0.48717948717948717,0.12151616499442591,0.0,0.48717948717948717,-0.48717948717948717,1,0,0.4807692307692307,4,0,0.6086956521739131,0.3913043478260869,0.5,0.53125
1082615,24.0,2017,2017-04-22,Maharashtra Cricket Association Stadium,Pune,Rising Pune Supergiant,Sunrisers Hyderabad,Rising Pune Supergiant,1,1461.7845505408338,1569.9607356874778,-108.176185146644,0.4,0.6,-0.19999999999999996,0.3333333333333333,0.6666666666666666,-0.3333333333333333,0.4,0.7,-0.29999999999999993,-0.11999999999999994,0.5,1,0,field,0.5454545454545454,0.45454545454545453,169.9090909090909,0.5454545454545454,11,0.16666666666666666,1.0,25,0,93.39674586280051,92.51572525149389,0.8810206113066243,58.519794452021266,62.231348328103515,-3.711553876082249,1,1,0.6666666666666666,0.4745762711864407,0.19209039548022594,0.6666666666666666,0.0,0.6666666666666666,1,1,0.5454545454545454,4,0,0.5555555555555556,0.5555555555555556,0.5454545454545454,0.5454545454545454
1082616,26.0,2017,2017-04-23,Saurashtra Cricket Association Stadium,Rajkot,Gujarat Lions,Kings XI Punjab,Kings XI Punjab,0,1499.6786035725515,1422.8477233794097,76.83088019314187,0.4,0.2,0.2,0.3333333333333333,0.0,0.3333333333333333,0.4,0.3,0.10000000000000003,-0.019999999999999962,0.5,1,0,field,0.5,0.25,168.5,0.75,8,0.375,1.0,26,0,91.12357740130135,89.36005262134081,1.7635247799605338,44.504383017657354,41.05530876663699,3.449074251020363,1,1,0.7692307692307693,0.5362318840579711,0.2329988851727982,0.7692307692307693,0.0,0.7692307692307693,0,0,0.75,4,0,0.8333333333333334,0.8333333333333334,0.5,0.5
1082617,27.0,2017,2017-04-23,"Eden Gardens, Kolkata",Kolkata,Kolkata Knight Riders,Royal Challengers Bengaluru,Kolkata Knight Riders,1,1555.2593236406317,1512.8762343019232,42.38308933870849,0.6,0.4,0.19999999999999996,0.6666666666666666,0.3333333333333333,0.3333333333333333,0.5,0.5,0.0,0.14000000000000007,0.6,0,0,field,0.5614035087719298,0.3684210526315789,154.03508771929825,0.631578947368421,57,0.6481481481481481,0.42857142857142855,27,0,92.35944930505617,91.41541585651018,0.9440334485459942,55.33611581239601,66.87366580787632,-11.537549995480312,0,0,0.6027397260273972,0.5512820512820513,0.051457674745345905,0.0,0.5512820512820513,-0.5512820512820513,0,0,0.368421052631579,4,0,0.7241379310344828,0.27586206896551724,0.42857142857142855,0.6896551724137931
1082618,28.0,2017,2017-04-24,"Wankhede Stadium, Mumbai",Mumbai,Mumbai Indians,Rising Pune Supergiant,Rising Pune Supergiant,0,1608.1499799869757,1477.4045938913403,130.74538609563547,1.0,0.4,0.6,1.0,0.6666666666666666,0.33333333333333337,0.7,0.5,0.19999999999999996,0.8,0.3333333333333333,1,0,field,0.5094339622641509,0.49056603773584906,162.8490566037736,0.5094339622641509,53,0.673469387755102,1.0,28,0,89.36187658246155,92.44086518115309,-3.078988598691538,49.79956706497535,46.21558652650998,3.5839805384653687,1,1,0.6086956521739131,0.7,-0.09130434782608687,0.6086956521739131,0.0,0.6086956521739131,0,0,0.5094339622641509,4,0,0.5833333333333334,0.5833333333333334,0.5,0.5151515151515151
1082620,30.0,2017,2017-04-26,Maharashtra Cricket Association Stadium,Pune,Rising Pune Supergiant,Kolkata Knight Riders,Kolkata Knight Riders,0,1493.7186346416281,1565.802681940273,-72.08404729864492,0.6,0.8,-0.20000000000000007,1.0,0.6666666666666666,0.33333333333333337,0.6,0.6,0.0,-0.48,0.0,0,0,field,0.5833333333333334,0.4166666666666667,170.41666666666666,0.5833333333333334,12,0.2857142857142857,1.0,29,0,90.993621762059,91.55791977365135,-0.5642980115923422,45.58648112682179,63.0819471977786,-17.49546607095681,0,0,0.7,0.6027397260273972,0.09726027397260273,0.0,0.6027397260273972,-0.6027397260273972,0,0,0.41666666666666663,4,0,0.6,0.4,0.5833333333333334,0.6
1082621,31.0,2017,2017-04-27,"M Chinnaswamy Stadium, Bengaluru",Bangalore,Royal Challengers Bengaluru,Gujarat Lions,Gujarat Lions,0,1502.3328760022819,1485.0673851093445,17.26549089293735,0.2,0.4,-0.2,0.3333333333333333,0.3333333333333333,0.0,0.4,0.3,0.10000000000000003,-0.35,0.75,0,0,field,0.5344827586206896,0.4406779661016949,169.98305084745763,0.559322033898305,58,0.5263157894736842,0.0,30,0,91.93977859639313,89.67916042812564,2.2606181682674844,67.2268366796186,57.15942787371358,10.067408805905018,0,0,0.5443037974683544,0.7142857142857143,-0.16998191681735986,0.0,0.7142857142857143,-0.7142857142857143,0,0,0.44067796610169496,4,0,0.46153846153846156,0.5384615384615384,0.5344827586206896,0.5510204081632653
1082623,33.0,2017,2017-04-28,"PCA Stadium, Mohali",Chandigarh,Kings XI Punjab,Sunrisers Hyderabad,Sunrisers Hyderabad,0,1437.4589418426167,1554.3406923369714,-116.88175049435472,0.2,0.4,-0.2,0.3333333333333333,0.6666666666666666,-0.3333333333333333,0.3,0.7,-0.39999999999999997,-0.24,0.3,1,0,field,0.42857142857142855,0.42857142857142855,164.04761904761904,0.5714285714285714,42,0.47619047619047616,0.6,31,0,87.95575497435749,91.79371675430231,-3.83796177994482,44.002052136644124,63.33840561982819,-19.336353483184062,1,1,0.5362318840579711,0.4745762711864407,0.061655612871530374,0.5362318840579711,0.0,0.5362318840579711,0,0,0.5714285714285714,4,0,0.6842105263157895,0.6842105263157895,0.3125,0.5
1082622,32.0,2017,2017-04-28,"Eden Gardens, Kolkata",Kolkata,Kolkata Knight Riders,Delhi Capitals,Kolkata Knight Riders,1,1575.3481061322411,1429.0796723039416,146.26843382829952,0.8,0.4,0.4,0.6666666666666666,0.0,0.6666666666666666,0.7,0.3,0.39999999999999997,0.19999999999999996,0.7,1,0,field,0.5517241379310345,0.3793103448275862,153.63793103448276,0.6206896551724138,58,0.6545454545454545,0.16666666666666666,32,0,91.53365729777597,88.9676283576393,2.5660289401366754,65.62025605329623,66.34706452194285,-0.7268084686466239,1,1,0.6081081081081081,0.4810126582278481,0.12709544988026,0.6081081081081081,0.0,0.6081081081081081,0,0,0.6206896551724138,4,0,0.7,0.7,0.42857142857142855,0.6666666666666666
1082624,34.0,2017,2017-04-29,Maharashtra Cricket Association Stadium,Pune,Rising Pune Supergiant,Royal Challengers Bengaluru,Rising Pune Supergiant,1,1484.17321044966,1489.7370374669385,-5.563827017278527,0.6,0.2,0.39999999999999997,0.6666666666666666,0.3333333333333333,0.3333333333333333,0.6,0.3,0.3,0.37000000000000005,0.3333333333333333,0,0,field,0.6153846153846154,0.38461538461538464,171.30769230769232,0.6153846153846154,13,0.25,1.0,33,0,94.6144486496282,92.69927847742534,1.9151701722028633,42.233584367377446,63.112088639348315,-20.87850427197087,0,0,0.7,0.5443037974683544,0.1556962025316455,0.0,0.5443037974683544,-0.5443037974683544,0,0,0.3846153846153846,4,0,0.6363636363636364,0.36363636363636365,0.6153846153846154,0.6363636363636364
1082625,35.0,2017,2017-04-29,Saurashtra Cricket Association Stadium,Rajkot,Gujarat Lions,Mumbai Indians,Mumbai Indians,0,1497.6632236446878,1591.8359392366879,-94.17271559200003,0.4,0.8,-0.4,0.6666666666666666,0.6666666666666666,0.0,0.3,0.7,-0.39999999999999997,-0.64,0.6666666666666666,1,1,bat,0.4444444444444444,0.3333333333333333,170.66666666666666,0.6666666666666666,9,0.3333333333333333,0.5,34,0,89.04303994495952,91.69553670406724,-2.65249675910772,59.024336798279855,48.67256805327799,10.351768745001863,0,0,0.7333333333333333,0.6,0.1333333333333333,0.0,0.6,-0.6,0,0,0.33333333333333337,4,0,0.7142857142857143,0.2857142857142857,0.4444444444444444,0.4444444444444444
1082626,36.0,2017,2017-04-30,"PCA Stadium, Mohali",Chandigarh,Kings XI Punjab,Delhi Capitals,Kings XI Punjab,1,1429.350194651141,1421.8528862015255,7.4973084496155025,0.2,0.2,0.0,0.3333333333333333,0.0,0.3333333333333333,0.3,0.3,0.0,-0.22999999999999998,0.5,1,0,field,0.4186046511627907,0.4418604651162791,165.04651162790697,0.5581395348837209,43,0.46511627906976744,0.25,35,0,91.3580617595512,89.38223605497754,1.9758257045736656,43.44832740021706,67.02255706065489,-23.57422966043783,1,1,0.5285714285714286,0.4810126582278481,0.04755877034358047,0.5285714285714286,0.0,0.5285714285714286,0,0,0.5581395348837209,4,0,0.65,0.65,0.3125,0.48148148148148145
1082627,37.0,2017,2017-04-30,"Rajiv Gandhi Intl Stadium, Hyderabad",Hyderabad,Sunrisers Hyderabad,Kolkata Knight Riders,Sunrisers Hyderabad,1,1562.449439528447,1582.5748922346572,-20.125452706210126,0.6,0.8,-0.20000000000000007,0.6666666666666666,1.0,-0.33333333333333337,0.7,0.7,0.0,-0.21999999999999997,0.3,0,0,field,0.36363636363636365,0.35555555555555557,156.15555555555557,0.6444444444444445,44,0.4666666666666667,0.8,36,0,94.42599483383044,91.56760973785309,2.8583850959773542,59.267169014706234,61.494291344504084,-2.227122329797851,0,0,0.4745762711864407,0.6133333333333333,-0.1387570621468926,0.0,0.6133333333333333,-0.6133333333333333,0,0,0.3555555555555555,4,0,0.6111111111111112,0.38888888888888884,0.2,0.5
1082628,38.0,2017,2017-05-01,"Wankhede Stadium, Mumbai",Mumbai,Mumbai Indians,Royal Challengers Bengaluru,Mumbai Indians,1,1600.66071049473,1477.5448861149923,123.11582437973766,0.8,0.2,0.6000000000000001,0.6666666666666666,0.0,0.6666666666666666,0.7,0.2,0.49999999999999994,0.63,0.7,0,1,bat,0.5,0.5,162.7962962962963,0.5,54,0.66,0.42857142857142855,37,0,91.85275660439518,86.29676700521995,5.555989599175234,50.85746761590834,50.47040462905608,0.38706298685226415,1,0,0.6056338028169014,0.5375,0.0681338028169014,0.6056338028169014,0.0,0.6056338028169014,0,0,0.5,5,0,0.4482758620689655,0.4482758620689655,0.5,0.5
1082629,39.0,2017,2017-05-01,Maharashtra Cricket Association Stadium,Pune,Rising Pune Supergiant,Gujarat Lions,Rising Pune Supergiant,1,1496.3653618016062,1488.8384523866457,7.526909414960528,0.8,0.4,0.4,0.6666666666666666,0.3333333333333333,0.3333333333333333,0.6,0.3,0.3,0.51,0.0,1,0,field,0.5714285714285714,0.42857142857142855,170.28571428571428,0.5714285714285714,14,0.3333333333333333,1.0,38,0,95.31541638325089,89.26218260847415,6.053233774776743,49.02707264236935,55.38485412787089,-6.35778148550154,1,1,0.7,0.7333333333333333,-0.033333333333333326,0.7,0.0,0.7,0,0,0.5714285714285714,5,0,0.5,0.5,0.5714285714285714,0.5833333333333334
1082630,40.0,2017,2017-05-02,"Arun Jaitley Stadium, Delhi",Delhi,Delhi Capitals,Sunrisers Hyderabad,Delhi Capitals,1,1410.1117938758555,1575.1437716284902,-165.0319777526347,0.0,0.8,-0.8,0.0,0.6666666666666666,-0.6666666666666666,0.3,0.7,-0.39999999999999997,-0.7999999999999999,0.4,1,0,field,0.5,0.4444444444444444,161.25925925925927,0.5555555555555556,54,0.4,0.6666666666666666,39,0,85.14613632786246,93.24965827903644,-8.103521951173974,58.230516888072636,59.42062285973129,-1.190105971658653,1,1,0.4810126582278481,0.4745762711864407,0.006436387041407421,0.4810126582278481,0.0,0.4810126582278481,0,0,0.5555555555555556,5,0,0.75,0.75,0.43478260869565216,0.5483870967741935
1082631,41.0,2017,2017-05-03,"Eden Gardens, Kolkata",Kolkata,Kolkata Knight Riders,Rising Pune Supergiant,Rising Pune Supergiant,0,1569.8805601346141,1508.1054322239609,61.77512791065328,0.6,0.8,-0.20000000000000007,0.6666666666666666,0.6666666666666666,0.0,0.7,0.6,0.09999999999999998,-0.22999999999999987,1.0,0,0,field,0.559322033898305,0.3728813559322034,153.74576271186442,0.6271186440677966,59,0.6607142857142857,0.0,40,0,88.85285678531173,96.1038647342995,-7.251007948987777,59.923261593867814,48.765606279100986,11.157655314766828,0,0,0.6052631578947368,0.7272727272727273,-0.12200956937799046,0.0,0.7272727272727273,-0.7272727272727273,0,0,0.3728813559322034,5,0,0.5384615384615384,0.46153846153846156,0.42857142857142855,0.6774193548387096
1082632,42.0,2017,2017-05-04,"Arun Jaitley Stadium, Delhi",Delhi,Delhi Capitals,Gujarat Lions,Delhi Capitals,1,1427.4185602219152,1477.098381964291,-49.67982174237591,0.2,0.4,-0.2,0.3333333333333333,0.3333333333333333,0.0,0.3,0.3,0.0,-0.47000000000000003,0.5,1,0,field,0.509090909090909,0.43636363636363634,161.6909090909091,0.5636363636363636,55,0.4117647058823529,0.5,41,0,81.85815453026251,89.04357922700225,-7.185424696739744,54.435193471967175,51.80399346747604,2.6312000044911343,1,1,0.4875,0.7333333333333333,-0.2458333333333333,0.4875,0.0,0.4875,0,0,0.5636363636363636,5,0,0.7619047619047619,0.7619047619047619,0.43478260869565216,0.5625
1082633,43.0,2017,2017-05-05,"M Chinnaswamy Stadium, Bengaluru",Bangalore,Royal Challengers Bengaluru,Kings XI Punjab,Kings XI Punjab,0,1469.6276801985698,1441.091286976811,28.53639322175877,0.2,0.4,-0.2,0.0,0.6666666666666666,-0.6666666666666666,0.2,0.4,-0.2,0.06999999999999995,0.3,1,0,field,0.5423728813559322,0.43333333333333335,169.38333333333333,0.5666666666666667,59,0.5172413793103449,0.4444444444444444,42,0,86.15467105373527,90.82965453459227,-4.674983480856994,61.678874753273845,50.18172374977021,11.497151003503639,1,1,0.5375,0.5352112676056338,0.002288732394366222,0.5375,0.0,0.5375,0,0,0.5666666666666667,5,0,0.6428571428571429,0.6428571428571429,0.5423728813559322,0.56
1082634,44.0,2017,2017-05-06,"Rajiv Gandhi Intl Stadium, Hyderabad",Hyderabad,Sunrisers Hyderabad,Rising Pune Supergiant,Rising Pune Supergiant,0,1557.8370052824305,1522.2168660555762,35.620139226854235,0.6,0.8,-0.20000000000000007,0.6666666666666666,1.0,-0.33333333333333337,0.6,0.6,0.0,-0.07999999999999996,0.3333333333333333,1,0,field,0.35555555555555557,0.3695652173913043,157.30434782608697,0.6304347826086957,45,0.4782608695652174,1.0,43,0,95.61541779775101,95.75342381719193,-0.1380060194409225,60.17045685721732,52.130936243348,8.039520613869314,1,1,0.4745762711864407,0.75,-0.2754237288135593,0.4745762711864407,0.0,0.4745762711864407,0,0,0.6304347826086957,5,0,0.6666666666666666,0.6666666666666666,0.2,0.48
1082635,45.0,2017,2017-05-06,"Arun Jaitley Stadium, Delhi",Delhi,Delhi Capitals,Mumbai Indians,Mumbai Indians,0,1441.122840953904,1608.5779164111525,-167.45507545724854,0.4,0.8,-0.4,0.6666666666666666,0.6666666666666666,0.0,0.4,0.8,-0.4,-0.5999999999999999,0.5,1,0,field,0.5178571428571429,0.42857142857142855,162.51785714285714,0.5714285714285714,56,0.4230769230769231,0.25,44,0,82.59571494297545,86.359905139577,-3.7641901966015467,50.39491044771509,48.150531477073685,2.2443789706414066,1,1,0.49382716049382713,0.6111111111111112,-0.11728395061728403,0.49382716049382713,0.0,0.49382716049382713,0,0,0.5714285714285714,5,0,0.7727272727272727,0.7727272727272727,0.43478260869565216,0.5757575757575758
1082637,47.0,2017,2017-05-07,"PCA Stadium, Mohali",Chandigarh,Kings XI Punjab,Gujarat Lions,Gujarat Lions,0,1454.074688716157,1463.3941012323023,-9.319412516145348,0.6,0.2,0.39999999999999997,0.6666666666666666,0.0,0.6666666666666666,0.5,0.3,0.2,0.2,0.6666666666666666,0,0,field,0.4318181818181818,0.4318181818181818,162.8181818181818,0.5681818181818182,44,0.4772727272727273,1.0,45,0,90.78879909722954,88.37333314251119,2.415465954718357,59.564994938087864,44.597377356265724,14.96761758182214,0,0,0.5352112676056338,0.7333333333333333,-0.19812206572769953,0.0,0.7333333333333333,-0.7333333333333333,0,0,0.43181818181818177,5,0,0.5,0.5,0.3125,0.5
1082636,46.0,2017,2017-05-07,"M Chinnaswamy Stadium, Bengaluru",Bangalore,Royal Challengers Bengaluru,Kolkata Knight Riders,Kolkata Knight Riders,0,1456.6442784592239,1555.7691263029988,-99.12484784377489,0.0,0.6,-0.6,0.0,0.3333333333333333,-0.3333333333333333,0.2,0.6,-0.39999999999999997,-0.8,0.4,0,0,field,0.5333333333333333,0.4426229508196721,168.86885245901638,0.5573770491803278,60,0.5084745762711864,0.5,46,0,87.53277155417037,90.57661393240627,-3.043842378235908,60.45720638338662,54.87563117582122,5.5815752075654,0,0,0.5308641975308642,0.6052631578947368,-0.07439896036387261,0.0,0.6052631578947368,-0.6052631578947368,0,0,0.4426229508196722,5,0,0.6206896551724138,0.3793103448275862,0.5333333333333333,0.5490196078431373
1082638,48.0,2017,2017-05-08,"Rajiv Gandhi Intl Stadium, Hyderabad",Hyderabad,Sunrisers Hyderabad,Mumbai Indians,Sunrisers Hyderabad,1,1544.6110216755687,1615.2040345573084,-70.5930128817397,0.4,0.8,-0.4,0.3333333333333333,1.0,-0.6666666666666667,0.5,0.9,-0.4,-0.3,0.4,0,1,bat,0.34782608695652173,0.3829787234042553,157.10638297872342,0.6170212765957447,46,0.46808510638297873,0.6666666666666666,47,0,90.31325015725503,90.91061483319547,-0.5973646759404403,60.676173292202634,50.20979761113106,10.466375681071575,1,1,0.4666666666666667,0.6111111111111112,-0.1444444444444445,0.4666666666666667,0.0,0.4666666666666667,0,0,0.6170212765957447,5,0,0.6428571428571429,0.6428571428571429,0.2,0.46153846153846156
1082639,49.0,2017,2017-05-09,"PCA Stadium, Mohali",Chandigarh,Kings XI Punjab,Kolkata Knight Riders,Kings XI Punjab,1,1442.3964926459894,1564.4354406289185,-122.03894798292913,0.6,0.6,0.0,0.6666666666666666,0.3333333333333333,0.3333333333333333,0.4,0.7,-0.29999999999999993,-0.009999999999999898,0.1,0,0,field,0.4444444444444444,0.4222222222222222,163.4,0.5777777777777777,45,0.4666666666666667,0.6,48,0,89.93623598283538,91.28206515690161,-1.3458291740662247,50.45485208592373,52.75779428405476,-2.302942198131028,0,0,0.5352112676056338,0.6103896103896104,-0.07517834278397661,0.0,0.6103896103896104,-0.6103896103896104,0,0,0.4222222222222223,5,0,0.5238095238095238,0.47619047619047616,0.3125,0.5172413793103449
1082640,50.0,2017,2017-05-10,Green Park,Kanpur,Gujarat Lions,Delhi Capitals,Delhi Capitals,0,1475.07229730247,1434.496722807748,40.57557449472188,0.4,0.4,0.0,0.3333333333333333,0.6666666666666666,-0.3333333333333333,0.4,0.4,0.0,0.10999999999999999,0.3333333333333333,0,0,field,1.0,0.0,148.0,1.0,2,1.0,0.5,49,0,89.72910426149707,87.04525844127872,2.6838458202183517,41.9202103077781,45.37115000543597,-3.450939697657873,0,0,0.75,0.4878048780487805,0.2621951219512195,0.0,0.4878048780487805,-0.4878048780487805,0,0,0.0,5,0,1.0,0.0,1.0,1.0
1082641,51.0,2017,2017-05-11,"Wankhede Stadium, Mumbai",Mumbai,Mumbai Indians,Kings XI Punjab,Kings XI Punjab,0,1600.7988456123683,1458.446363639421,142.35248197294732,0.6,0.6,0.0,0.6666666666666666,0.6666666666666666,0.0,0.8,0.4,0.4,0.040000000000000036,0.7,1,0,field,0.4909090909090909,0.4909090909090909,162.78181818181818,0.509090909090909,55,0.6666666666666666,0.5,50,0,89.18576871346346,88.55149634181734,0.6342723716461194,49.71862084469737,65.71577680315545,-15.99715595845808,1,1,0.6111111111111112,0.5352112676056338,0.0758998435054774,0.6111111111111112,0.0,0.6111111111111112,0,0,0.509090909090909,5,0,0.4666666666666667,0.4666666666666667,0.47619047619047616,0.5
1082642,52.0,2017,2017-05-12,"Arun Jaitley Stadium, Delhi",Delhi,Delhi Capitals,Rising Pune Supergiant,Delhi Capitals,1,1447.891816725748,1535.442849662438,-87.55103293669004,0.6,0.8,-0.20000000000000007,0.6666666666666666,1.0,-0.33333333333333337,0.4,0.7,-0.29999999999999993,-0.12,0.3333333333333333,1,1,bat,0.5087719298245614,0.43859649122807015,163.3859649122807,0.5614035087719298,57,0.41509433962264153,1.0,51,0,85.43174182981954,95.38197544699597,-9.950233617176423,45.74080321121693,49.473180076628346,-3.7323768654114176,0,0,0.4939759036144578,0.75,-0.2560240963855422,0.0,0.75,-0.75,0,0,0.4385964912280702,5,0,0.7391304347826086,0.26086956521739135,0.43478260869565216,0.5588235294117647
1082643,53.0,2017,2017-05-13,Green Park,Kanpur,Gujarat Lions,Sunrisers Hyderabad,Sunrisers Hyderabad,0,1461.67720338447,1559.016210620509,-97.33900723603892,0.2,0.6,-0.39999999999999997,0.3333333333333333,0.3333333333333333,0.0,0.3,0.5,-0.2,-0.5599999999999999,0.0,0,0,field,1.0,0.0,163.66666666666666,1.0,3,0.6666666666666666,0.5,52,0,89.86509790435869,90.04879970040126,-0.18370179604256975,39.77771063354778,65.2274797941274,-25.449769160579628,0,0,0.75,0.47540983606557374,0.27459016393442626,0.0,0.47540983606557374,-0.47540983606557374,0,0,0.0,5,0,1.0,0.0,1.0,1.0
1082644,54.0,2017,2017-05-13,"Eden Gardens, Kolkata",Kolkata,Kolkata Knight Riders,Mumbai Indians,Mumbai Indians,0,1548.385569635487,1584.139992266006,-35.754422630519,0.4,0.6,-0.19999999999999996,0.3333333333333333,0.3333333333333333,0.0,0.6,0.7,-0.09999999999999998,-0.33000000000000007,0.4,1,0,field,0.5666666666666667,0.36666666666666664,153.76666666666668,0.6333333333333333,60,0.6491228070175439,0.8,53,0,91.3052661873617,94.25446179669113,-2.9491956093294363,51.01837494000157,55.466336092734444,-4.447961152732873,1,1,0.6025641025641025,0.6027397260273972,-0.00017562346329469403,0.6025641025641025,0.0,0.6025641025641025,0,0,0.6333333333333333,5,0,0.5555555555555556,0.5555555555555556,0.42857142857142855,0.6875
1082645,55.0,2017,2017-05-14,Maharashtra Cricket Association Stadium,Pune,Rising Pune Supergiant,Kings XI Punjab,Rising Pune Supergiant,1,1520.481365130312,1475.1052169857833,45.37614814452877,0.8,0.8,0.0,0.6666666666666666,0.6666666666666666,0.0,0.7,0.5,0.19999999999999996,0.1200000000000001,0.3333333333333333,1,0,field,0.6,0.4,169.66666666666666,0.6,15,0.4,0.0,54,0,94.53372302294424,89.2563333325907,5.277389690353544,51.40021148777339,61.272315761651555,-9.872104273878165,1,1,0.6923076923076923,0.5352112676056338,0.15709642470205853,0.6923076923076923,0.0,0.6923076923076923,0,0,0.6,5,0,0.6666666666666666,0.6666666666666666,0.6,0.6153846153846154
1082646,56.0,2017,2017-05-14,"Arun Jaitley Stadium, Delhi",Delhi,Delhi Capitals,Royal Challengers Bengaluru,Royal Challengers Bengaluru,0,1462.853301257874,1447.977964133304,14.875337124569796,0.8,0.0,0.8,0.6666666666666666,0.0,0.6666666666666666,0.4,0.1,0.30000000000000004,0.7999999999999999,0.1,0,1,bat,0.5172413793103449,0.4482758620689655,163.4655172413793,0.5517241379310345,58,0.42592592592592593,0.6666666666666666,55,0,85.71655067173637,89.38019078285444,-3.6636401111180703,46.37311552050843,54.84718787910277,-8.474072358594341,1,1,0.4939759036144578,0.5308641975308642,-0.03688829391640641,0.4939759036144578,0.0,0.4939759036144578,0,0,0.5517241379310345,5,0,0.7083333333333334,0.7083333333333334,0.4583333333333333,0.5588235294117647
1082647,,2017,2017-05-16,"Wankhede Stadium, Mumbai",Mumbai,Mumbai Indians,Rising Pune Supergiant,Rising Pune Supergiant,0,1594.9094192662562,1530.9229789824583,63.98644028379795,0.6,0.8,-0.20000000000000007,0.3333333333333333,0.6666666666666666,-0.3333333333333333,0.7,0.8,-0.10000000000000009,-0.20000000000000007,0.25,1,0,field,0.48214285714285715,0.5,163.98214285714286,0.5,56,0.6538461538461539,1.0,56,0,93.6571575938381,91.43925700106874,2.217900592769354,51.30855930869702,60.35259239142734,-9.044033082730323,1,0,0.6027397260273972,0.7142857142857143,-0.11154598825831707,0.6027397260273972,0.0,0.6027397260273972,0,0,0.5,5,0,0.45161290322580644,0.45161290322580644,0.47619047619047616,0.4857142857142857
1082648,,2017,2017-05-17,"M Chinnaswamy Stadium, Bengaluru",Bangalore,Sunrisers Hyderabad,Kolkata Knight Riders,Kolkata Knight Riders,0,1567.7395262653895,1537.6161426352367,30.12338363015283,0.6,0.2,0.39999999999999997,0.6666666666666666,0.3333333333333333,0.3333333333333333,0.6,0.5,0.09999999999999998,0.3499999999999999,0.4,0,0,field,0.5409836065573771,0.43548387096774194,168.69354838709677,0.5645161290322581,61,0.375,0.5555555555555556,57,1,93.26418494497878,89.87088041722514,3.393304527753642,62.94948025155648,50.75750015646475,12.19198009509173,0,0,0.4838709677419355,0.5949367088607594,-0.11106574111882395,0.0,0.5949367088607594,-0.5949367088607594,0,0,0.4354838709677419,5,0,0.6333333333333333,0.3666666666666667,0.5409836065573771,0.5576923076923077
1082649,,2017,2017-05-19,"M Chinnaswamy Stadium, Bengaluru",Bangalore,Mumbai Indians,Kolkata Knight Riders,Mumbai Indians,1,1580.724057754975,1550.6539682180744,30.070089536900696,0.4,0.4,0.0,0.3333333333333333,0.3333333333333333,0.0,0.6,0.5,0.09999999999999998,0.13999999999999996,0.7,1,0,field,0.5483870967741935,0.42857142857142855,168.04761904761904,0.5714285714285714,62,0.7777777777777778,0.6,58,1,87.63884713480785,91.55982975953629,-3.9209826247284383,48.81367716493755,52.23232983167619,-3.4186526667386374,1,1,0.5945945945945946,0.6,-0.00540540540540535,0.5945945945945946,0.0,0.5945945945945946,0,0,0.5714285714285714,5,0,0.6451612903225806,0.6451612903225806,0.5483870967741935,0.5660377358490566
1082650,,2017,2017-05-21,"Rajiv Gandhi Intl Stadium, Hyderabad",Hyderabad,Mumbai Indians,Rising Pune Supergiant,Mumbai Indians,1,1591.688059141085,1545.1083404937394,46.579718647345544,0.4,0.8,-0.4,0.6666666666666666,0.6666666666666666,0.0,0.6,0.8,-0.20000000000000007,-0.5199999999999999,0.2,1,1,bat,0.3404255319148936,0.375,156.70833333333334,0.625,47,0.5714285714285714,1.0,59,1,85.85976632345225,90.90972217819316,-5.049955854740915,50.665337916373346,61.750427191976485,-11.085089275603139,0,0,0.6,0.7142857142857143,-0.11428571428571432,0.0,0.7142857142857143,-0.7142857142857143,0,0,0.375,5,0,0.6551724137931034,0.3448275862068966,0.19047619047619047,0.46153846153846156
1136561,1.0,2018,2018-04-07,"Wankhede Stadium, Mumbai",Mumbai,Mumbai Indians,Chennai Super Kings,Chennai Super Kings,0,1602.0888227593246,1579.1998882238488,22.888934535475755,0.6,0.4,0.19999999999999996,0.6666666666666666,0.3333333333333333,0.3333333333333333,0.6,0.4,0.19999999999999996,0.08000000000000002,0.5,0,0,field,0.47368421052631576,0.5087719298245614,163.94736842105263,0.49122807017543857,57,0.6415094339622641,0.4,1,0,87.66931053283008,85.1958569782038,2.473453554626275,51.453584934896405,44.59698196540302,6.856602969493387,0,1,0.6,0.6296296296296297,-0.029629629629629672,0.0,0.6296296296296297,-0.6296296296296297,1,0,0.5087719298245614,4,0,0.56,0.43999999999999995,0.47619047619047616,0.4722222222222222
1136563,3.0,2018,2018-04-08,"Eden Gardens, Kolkata",Kolkata,Royal Challengers Bengaluru,Kolkata Knight Riders,Kolkata Knight Riders,0,1460.4914263726484,1539.6899668319645,-79.19854045931606,0.2,0.4,-0.2,0.3333333333333333,0.3333333333333333,0.0,0.2,0.5,-0.3,-0.38999999999999996,0.4,0,0,field,0.5573770491803278,0.3770491803278688,154.08196721311475,0.6229508196721312,61,0.375,0.6379310344827587,2,0,79.02663903442931,93.98907987140112,-14.962440836971808,54.04962757825856,56.62780847145488,-2.5781808931963184,0,0,0.5308641975308642,0.6,-0.06913580246913575,0.0,0.6,-0.6,1,0,0.3770491803278688,4,0,0.7096774193548387,0.29032258064516125,0.42857142857142855,0.6666666666666666
1136562,2.0,2018,2018-04-08,"PCA Stadium, Mohali",Chandigarh,Delhi Capitals,Kings XI Punjab,Kings XI Punjab,0,1450.3398390185296,1464.663603133637,-14.323764115107451,0.6,0.6,0.0,0.6666666666666666,0.6666666666666666,0.0,0.4,0.5,-0.09999999999999998,0.0,0.4,0,0,field,0.43478260869565216,0.43478260869565216,163.47826086956522,0.5652173913043478,46,0.2,0.4782608695652174,3,0,98.09906291834002,85.4290702638791,12.669992654460927,61.70791873603119,59.33425453514739,2.373664200883802,0,0,0.4880952380952381,0.5352112676056338,-0.047116029510395674,0.0,0.5352112676056338,-0.5352112676056338,1,0,0.4347826086956522,4,0,0.6666666666666666,0.33333333333333337,0.3125,0.5
1136564,4.0,2018,2018-04-09,"Rajiv Gandhi Intl Stadium, Hyderabad",Hyderabad,Rajasthan Royals,Sunrisers Hyderabad,Sunrisers Hyderabad,0,1515.815260978057,1554.7017006825517,-38.886439704494705,0.4,0.4,0.0,0.3333333333333333,0.6666666666666666,-0.3333333333333333,0.4,0.6,-0.19999999999999996,0.14999999999999997,0.6,0,0,field,0.3541666666666667,0.3877551020408163,156.14285714285714,0.6122448979591837,48,0.5,0.4791666666666667,4,0,91.47226727923632,89.14239038500098,2.3298768942353405,51.264923018663445,64.15229562049267,-12.88737260182922,0,0,0.6031746031746031,0.4838709677419355,0.11930363543266764,0.0,0.4838709677419355,-0.4838709677419355,1,0,0.3877551020408163,4,0,0.5789473684210527,0.42105263157894735,0.22727272727272727,0.46153846153846156
1136565,5.0,2018,2018-04-10,"MA Chidambaram Stadium, Chennai",Chennai,Kolkata Knight Riders,Chennai Super Kings,Chennai Super Kings,0,1549.0009609669657,1591.9893022932413,-42.98834132627553,0.4,0.6,-0.19999999999999996,0.6666666666666666,0.6666666666666666,0.0,0.5,0.5,0.0,-0.35,0.5,0,0,field,0.5319148936170213,0.6458333333333334,166.02083333333334,0.3541666666666667,47,0.2857142857142857,0.7021276595744681,5,0,92.41970602263451,89.22678838171447,3.1929176409200437,46.384128853062826,50.38066861079414,-3.9965397577313126,0,1,0.6049382716049383,0.6363636363636364,-0.03142536475869806,0.0,0.6363636363636364,-0.6363636363636364,1,0,0.6458333333333333,4,0,0.4,0.6,0.6176470588235294,0.3076923076923077
1136566,6.0,2018,2018-04-11,"Sawai Mansingh Stadium, Jaipur",Jaipur,Rajasthan Royals,Delhi Capitals,Rajasthan Royals,1,1505.152770678914,1438.8342842042362,66.31848647467791,0.2,0.4,-0.2,0.3333333333333333,0.3333333333333333,0.0,0.3,0.4,-0.10000000000000003,-0.25,0.7,0,0,field,0.45454545454545453,0.30303030303030304,155.6969696969697,0.696969696969697,33,0.7272727272727273,0.25,6,0,89.35945543991285,98.09906291834002,-8.739607478427175,37.971073574221684,63.30698287220027,-25.33590929797859,0,0,0.6031746031746031,0.4880952380952381,0.11507936507936506,0.0,0.4880952380952381,-0.4880952380952381,1,0,0.303030303030303,4,0,0.6470588235294118,0.3529411764705882,0.21428571428571427,0.631578947368421
1136567,7.0,2018,2018-04-12,"Rajiv Gandhi Intl Stadium, Hyderabad",Hyderabad,Mumbai Indians,Sunrisers Hyderabad,Sunrisers Hyderabad,0,1589.299408689932,1565.3641909816947,23.93521770823736,0.6,0.6,0.0,0.6666666666666666,0.6666666666666666,0.0,0.6,0.6,0.0,0.14,0.5,0,0,field,0.3673469387755102,0.38,155.52,0.62,49,0.625,0.4897959183673469,7,0,92.70017601546398,85.94201106789822,6.75816494756576,59.33340758065115,63.69548614943162,-4.3620785687804755,0,0,0.6,0.49206349206349204,0.10793650793650794,0.0,0.49206349206349204,-0.49206349206349204,1,0,0.38,4,0,0.6,0.4,0.22727272727272727,0.48148148148148145
1136568,8.0,2018,2018-04-13,"M Chinnaswamy Stadium, Bengaluru",Bengaluru,Kings XI Punjab,Royal Challengers Bengaluru,Royal Challengers Bengaluru,0,1476.1691579479304,1451.1804322376472,24.988725710283234,0.6,0.2,0.39999999999999997,0.6666666666666666,0.3333333333333333,0.3333333333333333,0.6,0.2,0.39999999999999997,0.41000000000000003,0.7,0,0,field,0.5555555555555556,0.421875,167.09375,0.578125,63,0.5,0.5,8,0,89.57753432586803,79.40503256521296,10.172501760655067,63.00541516245486,54.13357189320839,8.871843269246469,0,0,0.5416666666666666,0.5308641975308642,0.010802469135802406,0.0,0.5308641975308642,-0.5308641975308642,1,0,0.421875,4,0,0.48148148148148145,0.5185185185185186,0.5555555555555556,0.5740740740740741
1136569,9.0,2018,2018-04-14,"Wankhede Stadium, Mumbai",Mumbai,Mumbai Indians,Delhi Capitals,Delhi Capitals,0,1576.4740209033587,1429.0974241609201,147.37659674243855,0.4,0.4,0.0,0.3333333333333333,0.0,0.3333333333333333,0.5,0.4,0.09999999999999998,-0.14999999999999997,0.6,0,0,field,0.4827586206896552,0.5,163.9655172413793,0.5,58,0.6296296296296297,0.14285714285714285,9,0,88.8674882462991,99.1869918699187,-10.319503623619596,68.15332827702365,60.97419718399289,7.179131093030755,0,1,0.6,0.4823529411764706,0.11764705882352938,0.0,0.4823529411764706,-0.4823529411764706,1,0,0.5,4,0,0.5769230769230769,0.42307692307692313,0.47619047619047616,0.4864864864864865
1136570,10.0,2018,2018-04-14,"Eden Gardens, Kolkata",Kolkata,Kolkata Knight Riders,Sunrisers Hyderabad,Sunrisers Hyderabad,0,1538.4781949299274,1578.1895787682681,-39.71138383834068,0.4,0.8,-0.4,0.3333333333333333,0.6666666666666666,-0.3333333333333333,0.4,0.6,-0.19999999999999996,-0.42999999999999994,0.7,0,0,field,0.5645161290322581,0.3709677419354839,154.43548387096774,0.6290322580645161,62,0.6440677966101694,0.0,10,0,92.75385680409772,84.55434762309642,8.199509181001304,46.333890757824726,70.5693082708728,-24.23541751304807,0,0,0.6049382716049383,0.5,0.1049382716049383,0.0,0.5,-0.5,1,0,0.3709677419354839,4,0,0.71875,0.28125,0.42857142857142855,0.6764705882352942
1136571,11.0,2018,2018-04-15,"M Chinnaswamy Stadium, Bengaluru",Bengaluru,Rajasthan Royals,Royal Challengers Bengaluru,Rajasthan Royals,1,1514.88963072223,1464.0420270924883,50.8476036297418,0.4,0.4,0.0,0.3333333333333333,0.6666666666666666,-0.3333333333333333,0.3,0.3,0.0,0.04999999999999999,0.4,0,0,field,0.5625,0.4153846153846154,166.90769230769232,0.5846153846153846,64,0.6,0.5081967213114754,11,0,84.01226873505634,89.89625505047064,-5.883986315414305,45.62586159360353,69.29134269383633,-23.665481100232796,0,0,0.6031746031746031,0.5365853658536586,0.06658923732094457,0.0,0.5365853658536586,-0.5365853658536586,1,0,0.41538461538461535,4,0,0.5,0.5,0.5625,0.5818181818181818
1136572,12.0,2018,2018-04-15,"PCA Stadium, Mohali",Chandigarh,Kings XI Punjab,Chennai Super Kings,Kings XI Punjab,1,1463.3075630930894,1602.5120683302796,-139.20450523719023,0.6,0.6,0.0,0.3333333333333333,0.6666666666666666,-0.3333333333333333,0.6,0.6,0.0,0.26999999999999996,0.6,0,0,field,0.44680851063829785,0.425531914893617,163.53191489361703,0.574468085106383,47,0.48936170212765956,0.75,12,0,97.07772925764192,88.42609681709952,8.6516324405424,63.052095838335326,48.53323723060566,14.518858607729669,0,0,0.5416666666666666,0.6428571428571429,-0.10119047619047628,0.0,0.6428571428571429,-0.6428571428571429,1,0,0.42553191489361697,4,0,0.6818181818181818,0.31818181818181823,0.3125,0.5161290322580645
1136573,13.0,2018,2018-04-16,"Eden Gardens, Kolkata",Kolkata,Kolkata Knight Riders,Delhi Capitals,Kolkata Knight Riders,1,1527.8438357270227,1445.9028159395982,81.94101978742447,0.4,0.4,0.0,0.3333333333333333,0.3333333333333333,0.0,0.3,0.5,-0.2,0.12000000000000005,0.7,0,0,field,0.5714285714285714,0.36507936507936506,154.17460317460316,0.6349206349206349,63,0.6333333333333333,0.14285714285714285,13,0,92.16790034611259,99.67479674796748,-7.506896401854888,50.206807696289616,52.75393242212465,-2.547124725835033,0,0,0.6049382716049383,0.4883720930232558,0.1165661785816825,0.0,0.4883720930232558,-0.4883720930232558,1,0,0.3650793650793651,4,0,0.7272727272727273,0.2727272727272727,0.42857142857142855,0.6857142857142857
1136574,14.0,2018,2018-04-17,"Wankhede Stadium, Mumbai",Mumbai,Mumbai Indians,Royal Challengers Bengaluru,Mumbai Indians,1,1559.6686291246806,1453.7858090189789,105.88282010570174,0.4,0.4,0.0,0.0,0.3333333333333333,-0.3333333333333333,0.4,0.2,0.2,0.22999999999999998,0.7,0,0,field,0.4915254237288136,0.4915254237288136,164.47457627118644,0.5084745762711864,59,0.6181818181818182,0.375,14,0,91.24648499156012,91.1559769319229,0.09050805963723008,59.17323748218056,50.83051939015589,8.342718092024668,0,0,0.6,0.5301204819277109,0.06987951807228909,0.0,0.5301204819277109,-0.5301204819277109,1,0,0.4915254237288136,4,0,0.5925925925925926,0.40740740740740744,0.47619047619047616,0.5
1136575,15.0,2018,2018-04-18,"Sawai Mansingh Stadium, Jaipur",Jaipur,Rajasthan Royals,Kolkata Knight Riders,Kolkata Knight Riders,0,1525.1458487957395,1537.0650250167687,-11.919176221029147,0.6,0.4,0.19999999999999996,0.6666666666666666,0.3333333333333333,0.3333333333333333,0.4,0.4,0.0,0.21999999999999992,0.5,0,0,field,0.4411764705882353,0.3235294117647059,155.61764705882354,0.6764705882352942,34,0.7352941176470589,0.25,15,0,90.28816631301102,94.60393541770763,-4.315769104696614,50.24016775168849,54.97545943194239,-4.735291680253901,0,0,0.6031746031746031,0.6049382716049383,-0.0017636684303351524,0.0,0.6049382716049383,-0.6049382716049383,1,0,0.32352941176470584,4,0,0.6111111111111112,0.38888888888888884,0.21428571428571427,0.6
1136576,16.0,2018,2018-04-19,"PCA Stadium, Mohali",Chandigarh,Kings XI Punjab,Sunrisers Hyderabad,Kings XI Punjab,1,1479.8737540603793,1588.8239379711729,-108.95018391079361,0.6,0.8,-0.20000000000000007,0.6666666666666666,1.0,-0.33333333333333337,0.6,0.7,-0.09999999999999998,-0.12,0.2,1,1,bat,0.4375,0.4375,164.22916666666666,0.5625,48,0.5,0.6666666666666666,16,0,97.78488372093022,85.02635975628247,12.75852396464775,56.89587697477524,66.76278128983783,-9.866904315062591,0,0,0.5416666666666666,0.5076923076923077,0.033974358974358965,0.0,0.5076923076923077,-0.5076923076923077,1,0,0.4375,4,0,0.6521739130434783,0.34782608695652173,0.3125,0.5
1136577,17.0,2018,2018-04-20,Maharashtra Cricket Association Stadium,Pune,Chennai Super Kings,Rajasthan Royals,Chennai Super Kings,1,1585.9458773629897,1513.557361132818,72.38851623017172,0.6,0.4,0.19999999999999996,0.6666666666666666,0.6666666666666666,0.0,0.5,0.4,0.09999999999999998,0.35000000000000003,0.8,0,0,field,0.625,0.375,163.625,0.625,16,0.5,0.5,17,0,91.42096467814241,90.7638135178325,0.6571511603099083,55.954366621033294,60.81081081081081,-4.856444189777513,0,0,0.631578947368421,0.6031746031746031,0.028404344193817876,0.0,0.6031746031746031,-0.6031746031746031,1,0,0.375,4,0,0.5833333333333334,0.41666666666666663,0.625,0.6428571428571429
1136578,18.0,2018,2018-04-21,"Eden Gardens, Kolkata",Kolkata,Kolkata Knight Riders,Kings XI Punjab,Kings XI Punjab,0,1548.6535126796903,1495.5180811883447,53.13543149134557,0.6,0.6,0.0,0.6666666666666666,0.6666666666666666,0.0,0.5,0.7,-0.19999999999999996,0.09999999999999992,0.8,0,0,field,0.5625,0.375,154.890625,0.625,64,0.639344262295082,0.2222222222222222,18,0,93.96407032245365,97.78488372093022,-3.8208133984765738,59.65060809067535,53.747041062801934,5.9035670278734145,0,0,0.6097560975609756,0.5416666666666666,0.06808943089430897,0.0,0.5416666666666666,-0.5416666666666666,1,0,0.375,4,0,0.7058823529411765,0.2941176470588235,0.42857142857142855,0.6666666666666666
1136579,19.0,2018,2018-04-21,"M Chinnaswamy Stadium, Bengaluru",Bengaluru,Delhi Capitals,Royal Challengers Bengaluru,Royal Challengers Bengaluru,0,1436.6816266498522,1445.3337082407872,-8.65208159093504,0.2,0.4,-0.2,0.3333333333333333,0.3333333333333333,0.0,0.5,0.2,0.3,-0.43000000000000005,0.1,0,0,field,0.5538461538461539,0.42424242424242425,167.66666666666666,0.5757575757575758,65,0.42857142857142855,0.5,19,0,96.24775524863682,92.07706722238889,4.17068802624793,55.5254012778557,47.92544953544561,7.5999517424100915,0,0,0.4827586206896552,0.5238095238095238,-0.04105090311986864,0.0,0.5238095238095238,-0.5238095238095238,1,0,0.4242424242424242,4,0,0.4827586206896552,0.5172413793103448,0.5538461538461539,0.5714285714285714
1136580,20.0,2018,2018-04-22,"Rajiv Gandhi Intl Stadium, Hyderabad",Hyderabad,Chennai Super Kings,Sunrisers Hyderabad,Chennai Super Kings,1,1595.4812273665088,1573.1796108432075,22.30161652330139,0.6,0.6,0.0,0.6666666666666666,0.6666666666666666,0.0,0.6,0.6,0.0,-0.040000000000000036,0.8,0,0,field,0.38,0.37254901960784315,155.35294117647058,0.6274509803921569,50,0.6666666666666666,0.5,20,0,90.5762297844472,84.22955950850937,6.346670275937825,59.351620244483456,63.66945757590016,-4.317837331416705,0,0,0.631578947368421,0.5,0.13157894736842102,0.0,0.5,-0.5,1,0,0.37254901960784315,4,0,0.6190476190476191,0.38095238095238093,0.22727272727272727,0.5
1136581,21.0,2018,2018-04-22,"Sawai Mansingh Stadium, Jaipur",Jaipur,Mumbai Indians,Rajasthan Royals,Rajasthan Royals,0,1568.1207299028722,1504.0220111292988,64.09871877357341,0.4,0.4,0.0,0.3333333333333333,0.3333333333333333,0.0,0.4,0.4,0.0,-0.020000000000000018,0.7,1,1,bat,0.45714285714285713,0.3142857142857143,155.74285714285713,0.6857142857142857,35,0.4,0.7142857142857143,21,0,94.11756617468093,89.49058724194629,4.6269789327346444,63.53249188774939,51.451404383093184,12.081087504656203,0,0,0.6,0.59375,0.006249999999999978,0.0,0.59375,-0.59375,1,0,0.3142857142857143,4,0,0.631578947368421,0.368421052631579,0.21428571428571427,0.6190476190476191
1136582,22.0,2018,2018-04-23,"Arun Jaitley Stadium, Delhi",Delhi,Kings XI Punjab,Delhi Capitals,Kings XI Punjab,1,1509.3391382298023,1424.98039720356,84.35874102624234,0.8,0.2,0.6000000000000001,1.0,0.3333333333333333,0.6666666666666667,0.7,0.4,0.29999999999999993,0.55,0.6,0,0,field,0.5254237288135594,0.4576271186440678,163.42372881355934,0.5423728813559322,59,0.4444444444444444,0.41818181818181815,22,0,97.36005248996514,93.66153045570896,3.698522034256186,52.36683455433456,58.32658102766798,-5.959746473333418,0,0,0.547945205479452,0.4827586206896552,0.06518658478979683,0.0,0.4827586206896552,-0.4827586206896552,1,0,0.4576271186440678,4,0,0.4666666666666667,0.5333333333333333,0.48,0.5588235294117647
1136583,23.0,2018,2018-04-24,"Wankhede Stadium, Mumbai",Mumbai,Sunrisers Hyderabad,Mumbai Indians,Sunrisers Hyderabad,1,1561.9488252265007,1553.9316192645229,8.01720596197788,0.6,0.2,0.39999999999999997,0.3333333333333333,0.3333333333333333,0.0,0.5,0.4,0.09999999999999998,0.68,0.5,0,0,field,0.48333333333333334,0.5,165.28333333333333,0.5,60,0.2,0.625,23,0,86.64735172391902,93.5142027574972,-6.866851033578186,61.85832182324291,61.77152570509022,0.08679611815269084,0,1,0.4925373134328358,0.6,-0.10746268656716418,0.0,0.6,-0.6,1,0,0.5,4,0,0.5714285714285714,0.4285714285714286,0.47619047619047616,0.48717948717948717
1136584,24.0,2018,2018-04-25,"M Chinnaswamy Stadium, Bengaluru",Bengaluru,Royal Challengers Bengaluru,Chennai Super Kings,Chennai Super Kings,0,1457.0349376870795,1606.7120129832156,-149.67707529613608,0.4,0.8,-0.4,0.3333333333333333,0.6666666666666666,-0.3333333333333333,0.3,0.6,-0.3,-0.4699999999999999,0.2,0,0,field,0.5606060606060606,0.417910447761194,167.76119402985074,0.582089552238806,66,0.5079365079365079,0.5714285714285714,24,0,92.02236956406686,92.08985350094041,-0.06748393687354337,59.214818688060184,47.53214944522594,11.682669242834244,0,0,0.5294117647058824,0.631578947368421,-0.10216718266253866,0.0,0.631578947368421,-0.631578947368421,1,0,0.417910447761194,4,0,0.5,0.5,0.5606060606060606,0.5789473684210527
1136585,25.0,2018,2018-04-26,"Rajiv Gandhi Intl Stadium, Hyderabad",Hyderabad,Sunrisers Hyderabad,Kings XI Punjab,Sunrisers Hyderabad,1,1573.6719698800441,1518.4814286397202,55.19054124032391,0.6,0.8,-0.20000000000000007,0.3333333333333333,1.0,-0.6666666666666667,0.6,0.7,-0.09999999999999998,0.029999999999999916,0.7,0,0,field,0.37254901960784315,0.38461538461538464,155.8653846153846,0.6153846153846154,51,0.49019607843137253,0.5,25,0,84.27299163090485,93.28856241474196,-9.015570783837106,62.10439787771556,57.33028030357721,4.7741175741383515,0,0,0.4925373134328358,0.547945205479452,-0.055407892046616225,0.0,0.547945205479452,-0.547945205479452,1,0,0.3846153846153846,4,0,0.5909090909090909,0.40909090909090906,0.22727272727272727,0.4827586206896552
1136586,26.0,2018,2018-04-27,"Arun Jaitley Stadium, Delhi",Delhi,Delhi Capitals,Kolkata Knight Riders,Delhi Capitals,1,1415.838106793642,1534.8324556382327,-118.9943488445906,0.2,0.4,-0.2,0.0,0.6666666666666666,-0.6666666666666666,0.3,0.4,-0.10000000000000003,-0.07,0.3,0,0,field,0.5166666666666667,0.4666666666666667,163.08333333333334,0.5333333333333333,60,0.4107142857142857,0.625,26,0,86.70333942751044,95.815571599925,-9.11223217241455,71.40595611285266,61.42403392579454,9.981922187058125,0,0,0.4772727272727273,0.6097560975609756,-0.1324833702882483,0.0,0.6097560975609756,-0.6097560975609756,0,0,0.4666666666666667,4,0,0.45161290322580644,0.5483870967741935,0.48,0.5428571428571428
1136587,27.0,2018,2018-04-28,Maharashtra Cricket Association Stadium,Pune,Chennai Super Kings,Mumbai Indians,Mumbai Indians,0,1613.8400843757047,1542.2084746109795,71.63160976472523,0.8,0.2,0.6000000000000001,1.0,0.3333333333333333,0.6666666666666667,0.7,0.4,0.29999999999999993,0.55,0.6,0,0,field,0.5882352941176471,0.4117647058823529,166.0,0.5882352941176471,17,1.0,0.5,27,0,92.49481581648676,91.54398672598293,0.9508290905038308,46.8115997728946,62.78547074089405,-15.973870967999446,0,0,0.6379310344827587,0.5921052631578947,0.045825771324863984,0.0,0.5921052631578947,-0.5921052631578947,0,0,0.4117647058823529,4,0,0.5384615384615384,0.46153846153846156,0.5882352941176471,0.6
1136588,28.0,2018,2018-04-29,"Sawai Mansingh Stadium, Jaipur",Jaipur,Sunrisers Hyderabad,Rajasthan Royals,Sunrisers Hyderabad,1,1583.7816295188854,1518.2111217676481,65.5705077512373,0.6,0.6,0.0,0.6666666666666666,0.3333333333333333,0.3333333333333333,0.7,0.4,0.29999999999999993,-0.13,0.5,1,1,bat,0.4444444444444444,0.3055555555555556,156.05555555555554,0.6944444444444444,36,0.0,0.7222222222222222,28,0,82.43826229306673,91.89003891118709,-9.451776618120363,70.04762508626179,55.617412731806134,14.430212354455655,0,0,0.4925373134328358,0.6,-0.10746268656716418,0.0,0.6,-0.6,0,0,0.3055555555555556,4,0,0.65,0.35,0.2,0.6190476190476191
1136589,29.0,2018,2018-04-29,"M Chinnaswamy Stadium, Bengaluru",Bengaluru,Royal Challengers Bengaluru,Kolkata Knight Riders,Kolkata Knight Riders,0,1449.9068662945904,1518.8760381188824,-68.96917182429206,0.4,0.4,0.0,0.3333333333333333,0.3333333333333333,0.0,0.3,0.4,-0.10000000000000003,0.019999999999999962,0.3,0,0,field,0.5671641791044776,0.4117647058823529,168.30882352941177,0.5882352941176471,67,0.5,0.5454545454545454,29,0,90.7640283950629,95.23892788861008,-4.474899493547184,46.77606696174585,56.25196323654623,-9.475896274800384,0,0,0.5294117647058824,0.6024096385542169,-0.07299787384833456,0.0,0.6024096385542169,-0.6024096385542169,0,0,0.4117647058823529,4,0,0.5161290322580645,0.4838709677419355,0.5671641791044776,0.5862068965517241
1136590,30.0,2018,2018-04-30,Maharashtra Cricket Association Stadium,Pune,Chennai Super Kings,Delhi Capitals,Chennai Super Kings,1,1599.4004853706838,1431.7945243129923,167.6059610576915,0.6,0.4,0.19999999999999996,0.6666666666666666,0.3333333333333333,0.3333333333333333,0.6,0.4,0.19999999999999996,0.14000000000000007,0.8,0,0,field,0.6111111111111112,0.3888888888888889,166.16666666666666,0.6111111111111112,18,0.5,1.0,30,0,90.96207339213149,99.23962516733602,-8.277551775204529,48.407792751676816,66.91487725524992,-18.507084503573104,0,0,0.6379310344827587,0.4772727272727273,0.16065830721003138,0.0,0.4772727272727273,-0.4772727272727273,0,0,0.38888888888888884,4,0,0.5714285714285714,0.4285714285714286,0.6111111111111112,0.625
1136591,31.0,2018,2018-05-01,"M Chinnaswamy Stadium, Bengaluru",Bengaluru,Royal Challengers Bengaluru,Mumbai Indians,Royal Challengers Bengaluru,1,1440.2581728033801,1556.6480736160004,-116.38990081262023,0.2,0.4,-0.2,0.3333333333333333,0.3333333333333333,0.0,0.3,0.4,-0.10000000000000003,-0.13,0.2,0,0,field,0.5735294117647058,0.4057971014492754,168.40579710144928,0.5942028985507246,68,0.49230769230769234,0.8,31,0,92.45165207481875,89.82536701929368,2.6262850555250736,44.66105579732775,59.00518156534429,-14.34412576801654,0,0,0.5294117647058824,0.5974025974025974,-0.06799083269671502,0.0,0.5974025974025974,-0.5974025974025974,0,0,0.4057971014492754,5,0,0.65625,0.34375,0.5735294117647058,0.5932203389830508
1136592,32.0,2018,2018-05-02,"Arun Jaitley Stadium, Delhi",Delhi,Delhi Capitals,Rajasthan Royals,Delhi Capitals,1,1425.1725716348944,1508.4493362479634,-83.27676461306896,0.2,0.4,-0.2,0.3333333333333333,0.3333333333333333,0.0,0.3,0.4,-0.10000000000000003,-0.35,0.2,0,0,field,0.5081967213114754,0.47540983606557374,164.0,0.5245901639344263,61,0.42105263157894735,0.5714285714285714,32,0,99.23962516733602,90.91563478889007,8.323990378445941,56.90624348233044,64.18367346938776,-7.277429987057317,0,0,0.47191011235955055,0.5909090909090909,-0.11899897854954039,0.0,0.5909090909090909,-0.5909090909090909,0,0,0.47540983606557374,5,0,0.68,0.31999999999999995,0.48,0.5277777777777778
1136593,33.0,2018,2018-05-03,"Eden Gardens, Kolkata",Kolkata,Chennai Super Kings,Kolkata Knight Riders,Kolkata Knight Riders,0,1606.0224380487816,1528.5247316100927,77.49770643868897,0.8,0.6,0.20000000000000007,0.6666666666666666,0.3333333333333333,0.3333333333333333,0.7,0.5,0.19999999999999996,0.20000000000000007,0.6,0,0,field,0.5692307692307692,0.36923076923076925,155.44615384615383,0.6307692307692307,65,0.4444444444444444,0.6290322580645161,33,0,91.04918124956075,95.48376322536151,-4.434581975800768,54.52923619590286,43.17241337451808,11.356822821384782,0,0,0.6379310344827587,0.6071428571428571,0.03078817733990158,0.0,0.6071428571428571,-0.6071428571428571,0,0,0.36923076923076925,5,0,0.5357142857142857,0.4642857142857143,0.42857142857142855,0.6756756756756757
1136594,34.0,2018,2018-05-04,"Holkar Stadium, Indore",Indore,Kings XI Punjab,Mumbai Indians,Mumbai Indians,0,1508.3717690008789,1540.7720293595428,-32.4002603586639,0.8,0.4,0.4,0.6666666666666666,0.3333333333333333,0.3333333333333333,0.7,0.4,0.29999999999999993,0.45000000000000007,0.4,0,0,field,0.8,0.0,156.8,1.0,5,0.75,1.0,34,0,88.6025413272971,90.29464788226713,-1.6921065549700245,63.969148612662316,57.114872135590765,6.854276477071551,0,0,0.5405405405405406,0.5897435897435898,-0.04920304920304919,0.0,0.5897435897435898,-0.5897435897435898,0,0,0.0,5,0,1.0,0.0,0.8,0.8
1136595,35.0,2018,2018-05-05,Maharashtra Cricket Association Stadium,Pune,Royal Challengers Bengaluru,Chennai Super Kings,Chennai Super Kings,0,1456.1342170598377,1591.3892879543175,-135.2550708944798,0.4,0.6,-0.19999999999999996,0.3333333333333333,0.3333333333333333,0.0,0.4,0.6,-0.19999999999999996,-0.38999999999999996,0.2,0,0,field,0.5789473684210527,0.42105263157894735,168.52631578947367,0.5789473684210527,19,0.6666666666666666,0.6666666666666666,35,0,91.94910921095766,90.75804718779355,1.1910620231641076,50.66049878015641,42.13078390549666,8.529714874659746,0,0,0.5294117647058824,0.6379310344827587,-0.10851926977687631,0.0,0.6379310344827587,-0.6379310344827587,0,0,0.42105263157894735,5,0,0.75,0.25,0.5789473684210527,0.5882352941176471
1136596,36.0,2018,2018-05-05,"Rajiv Gandhi Intl Stadium, Hyderabad",Hyderabad,Delhi Capitals,Sunrisers Hyderabad,Sunrisers Hyderabad,0,1439.9950043649146,1593.5434150385702,-153.54841067365555,0.4,0.6,-0.19999999999999996,0.6666666666666666,1.0,-0.33333333333333337,0.3,0.7,-0.39999999999999997,-0.12,0.4,1,1,bat,0.36538461538461536,0.39622641509433965,155.41509433962264,0.6037735849056604,52,0.6666666666666666,0.5,36,0,97.907427310548,82.54889158877452,15.358535721773478,55.20475717082754,70.10744621210308,-14.902689041275544,0,0,0.47191011235955055,0.4925373134328358,-0.02062720107328525,0.0,0.4925373134328358,-0.4925373134328358,0,0,0.39622641509433965,5,0,0.6333333333333333,0.3666666666666667,0.22727272727272727,0.4666666666666667
1136597,37.0,2018,2018-05-06,"Wankhede Stadium, Mumbai",Mumbai,Mumbai Indians,Kolkata Knight Riders,Mumbai Indians,1,1551.6561967798164,1543.1578817045568,8.498315075259598,0.4,0.6,-0.19999999999999996,0.6666666666666666,0.6666666666666666,0.0,0.4,0.5,-0.09999999999999998,-0.2699999999999999,0.7,0,0,field,0.47540983606557374,0.5081967213114754,164.50819672131146,0.4918032786885246,61,0.6140350877192983,0.14285714285714285,37,0,91.06076751243802,96.04634694547566,-4.985579433037643,56.99072163975362,56.0122761149967,0.9784455247569213,0,1,0.5949367088607594,0.611764705882353,-0.016827997021593544,0.0,0.611764705882353,-0.611764705882353,0,0,0.5081967213114754,5,0,0.4375,0.5625,0.47619047619047616,0.475
1136598,38.0,2018,2018-05-06,"Holkar Stadium, Indore",Indore,Rajasthan Royals,Kings XI Punjab,Kings XI Punjab,0,1493.6269035179432,1497.4876015806053,-3.8606980626620953,0.2,0.6,-0.39999999999999997,0.3333333333333333,0.3333333333333333,0.0,0.4,0.6,-0.19999999999999996,-0.6000000000000001,0.6,0,0,field,0.8333333333333334,0.0,159.66666666666666,1.0,6,0.0,0.6,38,0,92.51159692991506,90.52522147215693,1.986375457758129,59.588525057681075,61.29644582885492,-1.7079207711738462,0,0,0.582089552238806,0.5405405405405406,0.041549011698265415,0.0,0.5405405405405406,-0.5405405405405406,0,0,0.0,5,0,1.0,0.0,0.8333333333333334,0.8333333333333334
1136599,39.0,2018,2018-05-07,"Rajiv Gandhi Intl Stadium, Hyderabad",Hyderabad,Sunrisers Hyderabad,Royal Challengers Bengaluru,Sunrisers Hyderabad,1,1600.5603225025416,1448.583248601577,151.97707390096457,0.8,0.4,0.4,1.0,0.3333333333333333,0.6666666666666667,0.7,0.4,0.29999999999999993,0.18000000000000005,0.6,0,0,field,0.3584905660377358,0.3888888888888889,155.55555555555554,0.6111111111111112,53,0.5094339622641509,0.25,39,0,84.14748577096398,90.06472109778232,-5.917235326818343,64.7787712950661,48.529831751108816,16.248939543957277,0,0,0.5,0.5294117647058824,-0.02941176470588236,0.0,0.5294117647058824,-0.5294117647058824,0,0,0.38888888888888884,5,0,0.6451612903225806,0.3548387096774194,0.21739130434782608,0.4666666666666667
1136600,40.0,2018,2018-05-08,"Sawai Mansingh Stadium, Jaipur",Jaipur,Rajasthan Royals,Kings XI Punjab,Rajasthan Royals,1,1481.7602418170698,1509.3542632814788,-27.594021464409025,0.2,0.6,-0.39999999999999997,0.0,0.3333333333333333,-0.3333333333333333,0.3,0.6,-0.3,-0.42999999999999994,0.5,1,1,bat,0.4594594594594595,0.32432432432432434,155.9189189189189,0.6756756756756757,37,0.7027027027027027,0.0,40,0,90.97230349816805,88.73706507691031,2.2352384212577334,52.71969740245749,59.00901045603427,-6.289313053576777,0,0,0.582089552238806,0.5466666666666666,0.03542288557213935,0.0,0.5466666666666666,-0.5466666666666666,0,0,0.32432432432432434,5,0,0.75,0.25,0.25,0.6190476190476191
1136601,41.0,2018,2018-05-09,"Eden Gardens, Kolkata",Kolkata,Mumbai Indians,Kolkata Knight Riders,Mumbai Indians,1,1563.3627338993829,1531.4513445849902,31.911389314392636,0.6,0.4,0.19999999999999996,0.6666666666666666,0.6666666666666666,0.0,0.4,0.5,-0.09999999999999998,0.13,0.7,0,0,field,0.5757575757575758,0.36363636363636365,155.77272727272728,0.6363636363636364,66,0.8181818181818182,0.6349206349206349,41,0,91.28178386172608,96.2125683705627,-4.930784508836624,55.47402129780311,57.317975655647224,-1.8439543578441118,0,0,0.5949367088607594,0.6046511627906976,-0.009714453929938194,0.0,0.6046511627906976,-0.6046511627906976,0,0,0.36363636363636365,5,0,0.5517241379310345,0.4482758620689655,0.42857142857142855,0.6842105263157895
1136602,42.0,2018,2018-05-10,"Arun Jaitley Stadium, Delhi",Delhi,Delhi Capitals,Sunrisers Hyderabad,Sunrisers Hyderabad,0,1432.9780969009432,1607.6222276018982,-174.64413070095497,0.4,1.0,-0.6,0.3333333333333333,1.0,-0.6666666666666667,0.3,0.8,-0.5,-0.63,0.4,1,1,bat,0.5,0.4838709677419355,164.51612903225808,0.5161290322580645,62,0.43103448275862066,0.6,42,0,97.93529616300701,84.7874618094653,13.147834353541711,52.216594653627254,63.87966743882814,-11.663072785200889,0,0,0.47191011235955055,0.5,-0.02808988764044945,0.0,0.5,-0.5,0,0,0.4838709677419355,5,0,0.6538461538461539,0.34615384615384615,0.48,0.5135135135135135
1136603,43.0,2018,2018-05-11,"Sawai Mansingh Stadium, Jaipur",Jaipur,Chennai Super Kings,Rajasthan Royals,Rajasthan Royals,0,1598.9402564125783,1494.7113066696895,104.22894974288874,0.6,0.4,0.19999999999999996,0.6666666666666666,0.3333333333333333,0.3333333333333333,0.7,0.4,0.29999999999999993,0.2,0.8,1,1,bat,0.47368421052631576,0.34210526315789475,155.97368421052633,0.6578947368421053,38,0.5,0.7105263157894737,43,0,92.65439880880166,90.7329854301197,1.9214133786819616,54.054211318246395,59.83152681362401,-5.777315495377614,0,0,0.6440677966101694,0.582089552238806,0.061978244371363456,0.0,0.582089552238806,-0.582089552238806,0,0,0.3421052631578947,5,0,0.7058823529411765,0.2941176470588235,0.29411764705882354,0.6190476190476191
1136604,44.0,2018,2018-05-12,"Holkar Stadium, Indore",Indore,Kolkata Knight Riders,Kings XI Punjab,Kolkata Knight Riders,1,1520.5504359722952,1496.403198428859,24.147237543436177,0.4,0.4,0.0,0.3333333333333333,0.3333333333333333,0.0,0.4,0.6,-0.19999999999999996,-0.019999999999999962,0.8,0,0,field,0.8571428571428571,0.0,158.57142857142858,1.0,7,0.5,0.6666666666666666,44,0,96.11734138781199,90.53702041292865,5.580320974883335,53.63564340449157,60.2029119880884,-6.567268583596835,0,0,0.5977011494252874,0.5394736842105263,0.058227465214761076,0.0,0.5394736842105263,-0.5394736842105263,0,0,0.0,5,0,1.0,0.0,0.8571428571428571,0.8571428571428571
1136605,45.0,2018,2018-05-12,"Arun Jaitley Stadium, Delhi",Delhi,Delhi Capitals,Royal Challengers Bengaluru,Royal Challengers Bengaluru,0,1426.54863382856,1441.5213435022204,-14.972709673660347,0.4,0.2,0.2,0.3333333333333333,0.3333333333333333,0.0,0.3,0.3,0.0,0.35000000000000003,0.1,0,0,field,0.49206349206349204,0.47619047619047616,164.87301587301587,0.5238095238095238,63,0.423728813559322,0.7142857142857143,45,0,95.14762956786599,89.57886269475759,5.568766873108402,40.22490883423336,50.486787178816684,-10.261878344583323,0,0,0.47191011235955055,0.5232558139534884,-0.051345701593937865,0.0,0.5232558139534884,-0.5232558139534884,0,0,0.47619047619047616,5,0,0.6666666666666666,0.33333333333333337,0.46153846153846156,0.5135135135135135
1136606,46.0,2018,2018-05-13,Maharashtra Cricket Association Stadium,Pune,Sunrisers Hyderabad,Chennai Super Kings,Chennai Super Kings,0,1614.0516906742814,1583.4445596154255,30.607131058855884,1.0,0.4,0.6,1.0,0.3333333333333333,0.6666666666666667,0.8,0.6,0.20000000000000007,0.63,0.2,0,0,field,0.6,0.4,166.45,0.6,20,0.5,0.75,46,0,84.95762401085547,92.46815142442077,-7.510527413565299,60.47075977345879,42.49184168516205,17.978918088296737,0,0,0.5072463768115942,0.6440677966101694,-0.1368214197985752,0.0,0.6440677966101694,-0.6440677966101694,0,0,0.4,5,0,0.8,0.19999999999999996,0.6,0.6111111111111112
1136607,47.0,2018,2018-05-13,"Wankhede Stadium, Mumbai",Mumbai,Mumbai Indians,Rajasthan Royals,Rajasthan Royals,0,1574.263642512078,1510.2070034668423,64.05663904523567,0.8,0.4,0.4,1.0,0.6666666666666666,0.33333333333333337,0.5,0.5,0.0,0.55,0.7,0,0,field,0.46774193548387094,0.5161290322580645,164.7741935483871,0.4838709677419355,62,0.6206896551724138,0.3333333333333333,47,0,92.54007420220123,90.96799566124486,1.572078540956369,57.492898966667504,53.107498777207134,4.38540018946037,0,1,0.5949367088607594,0.5882352941176471,0.006701414743112366,0.0,0.5882352941176471,-0.5882352941176471,0,0,0.5161290322580645,5,0,0.42424242424242425,0.5757575757575757,0.47619047619047616,0.4634146341463415
1136608,48.0,2018,2018-05-14,"Holkar Stadium, Indore",Indore,Kings XI Punjab,Royal Challengers Bengaluru,Royal Challengers Bengaluru,0,1485.2358741695857,1453.0045243319291,32.23134983765658,0.2,0.4,-0.2,0.3333333333333333,0.3333333333333333,0.0,0.5,0.4,0.09999999999999998,-0.13,0.6,0,0,field,0.75,0.125,169.375,0.875,8,0.5714285714285714,0.0,48,0,93.42419891377824,88.80741563628943,4.616783277488807,54.12144384927348,47.101939216912996,7.019504632360487,0,0,0.5324675324675324,0.5287356321839081,0.0037319002836243564,0.0,0.5287356321839081,-0.5287356321839081,0,0,0.125,5,0,0.8,0.19999999999999996,0.75,0.75
1136609,49.0,2018,2018-05-15,"Eden Gardens, Kolkata",Kolkata,Rajasthan Royals,Kolkata Knight Riders,Kolkata Knight Riders,0,1524.394709059234,1531.7177602315685,-7.323051172334544,0.6,0.6,0.0,1.0,0.3333333333333333,0.6666666666666667,0.5,0.5,0.0,-0.2799999999999999,0.5,0,0,field,0.5671641791044776,0.373134328358209,156.5820895522388,0.6268656716417911,67,0.16666666666666666,0.625,49,0,92.26031446599083,96.74919001064298,-4.488875544652146,56.92716710646192,52.61771165065102,4.309455455810905,0,0,0.5942028985507246,0.5977011494252874,-0.0034982508745627916,0.0,0.5977011494252874,-0.5977011494252874,0,0,0.3731343283582089,5,0,0.5333333333333333,0.4666666666666667,0.42857142857142855,0.6666666666666666
1136610,50.0,2018,2018-05-16,"Wankhede Stadium, Mumbai",Mumbai,Mumbai Indians,Kings XI Punjab,Mumbai Indians,1,1560.0759369196862,1472.125825370778,87.95011154890813,0.6,0.2,0.39999999999999997,0.6666666666666666,0.0,0.6666666666666666,0.5,0.5,0.0,0.32000000000000006,0.6,0,0,field,0.47619047619047616,0.5079365079365079,164.82539682539684,0.49206349206349204,63,0.6101694915254238,0.5555555555555556,50,0,92.46696945142001,92.73788445866488,-0.2709150072448665,55.306945543836754,52.193958865020655,3.1129866788160996,0,1,0.5949367088607594,0.5324675324675324,0.06246917639322702,0.0,0.5324675324675324,-0.5324675324675324,0,0,0.5079365079365079,5,0,0.4411764705882353,0.5588235294117647,0.47619047619047616,0.47619047619047616
1136611,51.0,2018,2018-05-17,"M Chinnaswamy Stadium, Bengaluru",Bengaluru,Royal Challengers Bengaluru,Sunrisers Hyderabad,Royal Challengers Bengaluru,1,1466.1145731307367,1600.9972840262826,-134.88271089554587,0.6,0.8,-0.20000000000000007,0.6666666666666666,0.6666666666666666,0.0,0.4,0.7,-0.29999999999999993,-0.3700000000000001,0.4,0,0,field,0.5652173913043478,0.4142857142857143,168.38571428571427,0.5857142857142857,69,0.5,0.3333333333333333,51,0,90.11771591194542,84.56869897907886,5.549016932866564,61.185978005361214,58.613318833875546,2.572659171485668,0,0,0.5340909090909091,0.5072463768115942,0.026844532279314826,0.0,0.5072463768115942,-0.5072463768115942,0,0,0.41428571428571426,5,0,0.6363636363636364,0.36363636363636365,0.5652173913043478,0.5833333333333334
1136612,52.0,2018,2018-05-18,"Arun Jaitley Stadium, Delhi",Delhi,Delhi Capitals,Chennai Super Kings,Delhi Capitals,1,1415.0654529988512,1596.4989662634243,-181.4335132645731,0.2,0.6,-0.39999999999999997,0.0,0.6666666666666666,-0.6666666666666666,0.3,0.6,-0.3,-0.38,0.2,0,0,field,0.5,0.46875,165.125,0.53125,64,0.4166666666666667,0.8333333333333334,52,0,98.27271466868332,92.60530877793161,5.667405890751709,50.19024018824437,47.8910546804733,2.299185507771064,0,0,0.47191011235955055,0.65,-0.17808988764044947,0.0,0.65,-0.65,0,0,0.46875,5,0,0.6785714285714286,0.3214285714285714,0.46153846153846156,0.5263157894736842
1136613,53.0,2018,2018-05-19,"Sawai Mansingh Stadium, Jaipur",Jaipur,Rajasthan Royals,Royal Challengers Bengaluru,Rajasthan Royals,1,1512.6476008375564,1482.5525072300559,30.09509360750053,0.6,0.6,0.0,0.6666666666666666,1.0,-0.33333333333333337,0.4,0.5,-0.09999999999999998,0.17000000000000004,0.5,1,1,bat,0.46153846153846156,0.3333333333333333,156.48717948717947,0.6666666666666666,39,0.717948717948718,0.6,53,0,88.91561963069023,93.37329613405818,-4.457676503367949,54.4710687451794,58.26857221206554,-3.797503466886141,0,0,0.5942028985507246,0.5340909090909091,0.06011198945981555,0.0,0.5340909090909091,-0.5340909090909091,0,0,0.33333333333333337,5,0,0.7222222222222222,0.2777777777777778,0.2777777777777778,0.6190476190476191
1136614,54.0,2018,2018-05-19,"Rajiv Gandhi Intl Stadium, Hyderabad",Hyderabad,Sunrisers Hyderabad,Kolkata Knight Riders,Kolkata Knight Riders,0,1584.5593499269635,1543.464868453246,41.09448147371745,0.6,0.6,0.0,0.3333333333333333,0.6666666666666666,-0.3333333333333333,0.6,0.6,0.0,0.2500000000000001,0.4,1,1,bat,0.35185185185185186,0.4,155.38181818181818,0.6,54,0.5185185185185185,0.6666666666666666,54,0,86.00501304149277,96.1343584578326,-10.12934541633983,57.730429640087486,54.971984441943015,2.7584451981444715,0,0,0.5,0.6022727272727273,-0.10227272727272729,0.0,0.6022727272727273,-0.6022727272727273,0,0,0.4,5,0,0.625,0.375,0.21739130434782608,0.45161290322580644
1136615,55.0,2018,2018-05-20,"Arun Jaitley Stadium, Delhi",Delhi,Delhi Capitals,Mumbai Indians,Delhi Capitals,1,1432.8182778182131,1569.101511876806,-136.28323405859283,0.4,0.8,-0.4,0.3333333333333333,0.6666666666666666,-0.3333333333333333,0.3,0.6,-0.3,-0.45,0.5,1,1,bat,0.49230769230769234,0.47692307692307695,165.07692307692307,0.5230769230769231,65,0.4262295081967213,0.3333333333333333,55,0,99.20516150310226,92.1693368029299,7.0358247001723555,53.14124456275862,54.38809400945795,-1.2468494466993292,0,0,0.47191011235955055,0.5949367088607594,-0.1230265965012089,0.0,0.5949367088607594,-0.5949367088607594,0,0,0.4769230769230769,5,0,0.6551724137931034,0.3448275862068966,0.46153846153846156,0.5128205128205128
1136616,56.0,2018,2018-05-20,Maharashtra Cricket Association Stadium,Pune,Kings XI Punjab,Chennai Super Kings,Chennai Super Kings,0,1463.1002504136584,1578.7461414440625,-115.64589103040407,0.2,0.4,-0.2,0.0,0.3333333333333333,-0.3333333333333333,0.4,0.6,-0.19999999999999996,-0.020000000000000018,0.6,0,0,field,0.6190476190476191,0.38095238095238093,167.04761904761904,0.6190476190476191,21,0.0,0.8,56,0,92.63129713552549,91.39521732437859,1.2360798111468938,51.99605262430026,50.98694000429981,1.009112620000451,0,0,0.5256410256410257,0.639344262295082,-0.11370323665405635,0.0,0.639344262295082,-0.639344262295082,0,0,0.38095238095238093,5,0,0.8333333333333334,0.16666666666666663,0.6190476190476191,0.631578947368421
1136617,,2018,2018-05-22,"Wankhede Stadium, Mumbai",Mumbai,Sunrisers Hyderabad,Chennai Super Kings,Chennai Super Kings,0,1571.1465789165643,1586.893129247862,-15.746550331297613,0.4,0.6,-0.19999999999999996,0.0,0.6666666666666666,-0.6666666666666666,0.6,0.6,0.0,-0.030000000000000027,0.2,0,0,field,0.46875,0.515625,165.15625,0.484375,64,0.3333333333333333,0.45454545454545453,57,1,85.82155727639879,93.31019738150044,-7.488640105101652,55.479104948952774,56.91565708224035,-1.4365521332875772,0,1,0.5,0.6451612903225806,-0.14516129032258063,0.0,0.6451612903225806,-0.6451612903225806,0,0,0.515625,5,0,0.42857142857142855,0.5714285714285714,0.47619047619047616,0.46511627906976744
1136618,,2018,2018-05-23,"Eden Gardens, Kolkata",Kolkata,Kolkata Knight Riders,Rajasthan Royals,Kolkata Knight Riders,1,1556.8776394636452,1523.610745055842,33.26689440780319,0.6,0.8,-0.20000000000000007,1.0,0.6666666666666666,0.33333333333333337,0.6,0.5,0.09999999999999998,-0.48,0.5,0,0,field,0.5735294117647058,0.36764705882352944,156.36764705882354,0.6323529411764706,68,0.6307692307692307,0.14285714285714285,58,1,95.8557306204166,90.79436140239734,5.0613692180192515,61.45634223279393,56.29223727936255,5.1641049534313765,0,0,0.6067415730337079,0.5942028985507246,0.012538674482983292,0.0,0.5942028985507246,-0.5942028985507246,0,0,0.36764705882352944,5,0,0.5483870967741935,0.4516129032258065,0.42857142857142855,0.675
1136619,,2018,2018-05-25,"Eden Gardens, Kolkata",Kolkata,Sunrisers Hyderabad,Kolkata Knight Riders,Sunrisers Hyderabad,1,1559.6900734171375,1567.7321401551121,-8.042066737974665,0.2,0.8,-0.6000000000000001,0.0,1.0,-1.0,0.6,0.6,0.0,-0.30000000000000004,0.4,0,0,field,0.5652173913043478,0.37681159420289856,156.55072463768116,0.6231884057971014,69,0.1111111111111111,0.6363636363636364,59,1,85.2742332403748,96.01599545720184,-10.741762216827041,56.98631700274021,60.24875993913219,-3.2624429363919845,0,0,0.5,0.6067415730337079,-0.1067415730337079,0.0,0.6067415730337079,-0.6067415730337079,0,0,0.37681159420289856,5,0,0.53125,0.46875,0.42857142857142855,0.6585365853658537
1136620,,2018,2018-05-27,"Wankhede Stadium, Mumbai",Mumbai,Sunrisers Hyderabad,Chennai Super Kings,Chennai Super Kings,0,1571.9677869659076,1598.3496347472887,-26.38184778138111,0.2,0.6,-0.39999999999999997,0.3333333333333333,0.6666666666666666,-0.3333333333333333,0.6,0.6,0.0,-0.37,0.2,0,0,field,0.47692307692307695,0.5076923076923077,164.75384615384615,0.49230769230769234,65,0.2857142857142857,0.5,60,1,90.79606382415642,92.93834856388283,-2.1422847397264064,57.285572972967806,61.083058014436766,-3.79748504146896,0,1,0.5,0.6507936507936508,-0.1507936507936508,0.0,0.6507936507936508,-0.6507936507936508,0,0,0.5076923076923077,5,0,0.4444444444444444,0.5555555555555556,0.47619047619047616,0.4772727272727273
1175356,1.0,2019,2019-03-23,"MA Chidambaram Stadium, Chennai",Chennai,Royal Challengers Bengaluru,Chennai Super Kings,Chennai Super Kings,0,1471.5893630117703,1609.4401852447445,-137.85082223297422,0.6,0.8,-0.20000000000000007,0.6666666666666666,1.0,-0.33333333333333337,0.5,0.6,-0.09999999999999998,-0.17999999999999994,0.2,0,0,field,0.5416666666666666,0.6326530612244898,166.75510204081633,0.3673469387755102,48,0.25,0.7083333333333334,1,0,97.07057468525359,98.4765088772383,-1.4059341919847128,56.471613764302624,48.50892108620375,7.962692678098875,0,1,0.5280898876404494,0.65625,-0.1281601123595506,0.0,0.65625,-0.65625,1,0,0.6326530612244898,3,1,0.3333333333333333,0.6666666666666667,0.6176470588235294,0.35714285714285715
1175357,2.0,2019,2019-03-24,"Eden Gardens, Kolkata",Kolkata,Sunrisers Hyderabad,Kolkata Knight Riders,Kolkata Knight Riders,0,1560.8772364684519,1555.454426606342,5.422809862109943,0.2,0.8,-0.6000000000000001,0.3333333333333333,0.6666666666666666,-0.3333333333333333,0.5,0.6,-0.09999999999999998,-0.8,0.4,0,0,field,0.5571428571428572,0.38571428571428573,156.8,0.6142857142857143,70,0.2,0.6268656716417911,2,0,84.98133485816807,95.22469168461416,-10.243356826446089,54.383127010864236,58.62711292573022,-4.243985914865988,0,0,0.5,0.6,-0.09999999999999998,0.0,0.6,-0.6,1,0,0.3857142857142857,3,1,0.5,0.5,0.42857142857142855,0.6428571428571429
1175358,3.0,2019,2019-03-24,"Wankhede Stadium, Mumbai",Mumbai,Delhi Capitals,Mumbai Indians,Delhi Capitals,1,1449.2979058767362,1552.6218838182829,-103.32397794154667,0.4,0.6,-0.19999999999999996,0.6666666666666666,0.3333333333333333,0.3333333333333333,0.4,0.5,-0.09999999999999998,-0.52,0.5,0,0,field,0.48484848484848486,0.5,164.95454545454547,0.5,66,0.25,0.6166666666666667,3,0,89.59312884161359,90.14752243531377,-0.5543935937001834,39.10345593289313,56.377626406894706,-17.27417047400158,0,1,0.47191011235955055,0.5875,-0.11558988764044947,0.0,0.5875,-0.5875,1,0,0.5,3,1,0.5,0.5,0.47619047619047616,0.4888888888888889
1175359,4.0,2019,2019-03-25,"Sawai Mansingh Stadium, Jaipur",Jaipur,Kings XI Punjab,Rajasthan Royals,Kings XI Punjab,1,1454.953262609859,1512.756244364375,-57.80298175451617,0.0,0.6,-0.6,0.0,0.3333333333333333,-0.3333333333333333,0.3,0.5,-0.2,-0.72,0.4,0,0,field,0.475,0.35,156.675,0.65,40,0.0,0.725,4,0,91.12482900703714,92.7034019018199,-1.5785728947827664,51.33597734133283,52.84795734501779,-1.511980003684961,0,0,0.5256410256410257,0.5857142857142857,-0.06007326007326008,0.0,0.5857142857142857,-0.5857142857142857,1,0,0.35,3,1,0.5,0.5,0.3157894736842105,0.6190476190476191
1175360,5.0,2019,2019-03-26,"Arun Jaitley Stadium, Delhi",Delhi,Delhi Capitals,Chennai Super Kings,Chennai Super Kings,0,1464.764976848202,1616.9140382951819,-152.14906144697989,0.6,0.8,-0.20000000000000007,1.0,1.0,0.0,0.5,0.7,-0.19999999999999996,-0.25,0.2,1,1,bat,0.5,0.48484848484848486,165.21212121212122,0.5151515151515151,66,0.43548387096774194,0.7142857142857143,5,0,93.21777838059477,93.73260643821392,-0.5148280576191553,67.65609636184858,76.4963464648957,-8.840250103047111,0,0,0.47191011235955055,0.6615384615384615,-0.18962834917891097,0.0,0.6615384615384615,-0.6615384615384615,1,0,0.48484848484848486,3,1,0.25,0.75,0.48148148148148145,0.5128205128205128
1175361,6.0,2019,2019-03-27,"Eden Gardens, Kolkata",Kolkata,Kolkata Knight Riders,Kings XI Punjab,Kolkata Knight Riders,1,1567.6417086157483,1468.9314886273808,98.7102199883675,0.8,0.2,0.6000000000000001,0.6666666666666666,0.3333333333333333,0.3333333333333333,0.7,0.3,0.39999999999999997,0.8,0.8,0,0,field,0.5633802816901409,0.38028169014084506,157.14084507042253,0.6197183098591549,71,0.6323529411764706,0.3,6,0,96.00118657576434,93.14944032005126,2.8517462557130813,54.91378021932965,56.23148598257922,-1.3177057632495703,0,0,0.6043956043956044,0.5256410256410257,0.0787545787545787,0.0,0.5256410256410257,-0.5256410256410257,1,0,0.3802816901408451,3,1,0.6666666666666666,0.33333333333333337,0.42857142857142855,0.6511627906976745
1175362,7.0,2019,2019-03-28,"M Chinnaswamy Stadium, Bengaluru",Bengaluru,Mumbai Indians,Royal Challengers Bengaluru,Mumbai Indians,1,1537.154812846817,1464.115509961333,73.03930288548418,0.4,0.6,-0.19999999999999996,0.3333333333333333,0.3333333333333333,0.0,0.5,0.4,0.09999999999999998,-0.25,0.7,0,0,field,0.5571428571428572,0.4225352112676056,169.08450704225353,0.5774647887323944,70,0.7272727272727273,0.5074626865671642,7,0,87.05809154100483,92.84773197816676,-5.789640437161935,45.28069502338159,70.95367800594993,-25.672982982568335,0,0,0.5802469135802469,0.5280898876404494,0.05215702593979754,0.0,0.5280898876404494,-0.5280898876404494,1,0,0.4225352112676056,3,1,0.5,0.5,0.5571428571428572,0.5737704918032787
1175363,8.0,2019,2019-03-29,"Rajiv Gandhi Intl Stadium, Hyderabad",Hyderabad,Rajasthan Royals,Sunrisers Hyderabad,Sunrisers Hyderabad,0,1498.7780183468533,1548.6899544590456,-49.91193611219228,0.4,0.2,0.2,0.3333333333333333,0.3333333333333333,0.0,0.4,0.4,0.0,0.35000000000000003,0.4,1,1,bat,0.34545454545454546,0.39285714285714285,155.67857142857142,0.6071428571428571,55,0.4,0.509090909090909,8,0,91.55855007659424,94.45150945003863,-2.892959373444384,50.342555106707096,48.82936291777124,1.5131921889358537,0,0,0.5774647887323944,0.5,0.07746478873239437,0.0,0.5,-0.5,1,0,0.3928571428571429,3,1,0.5,0.5,0.20833333333333334,0.45161290322580644
1175364,9.0,2019,2019-03-30,"PCA Stadium, Mohali",Chandigarh,Mumbai Indians,Kings XI Punjab,Kings XI Punjab,0,1546.668641966269,1460.2519544150048,86.4166875512642,0.4,0.2,0.2,0.3333333333333333,0.3333333333333333,0.0,0.6,0.2,0.39999999999999997,0.21000000000000002,0.7,0,0,field,0.4489795918367347,0.4489795918367347,164.81632653061226,0.5510204081632653,49,0.5714285714285714,0.5102040816326531,9,0,88.33384601141594,92.31585202645162,-3.9820060150356795,53.829955523601576,49.227976741300076,4.601978782301501,0,0,0.5802469135802469,0.5189873417721519,0.06125957180809505,0.0,0.5189873417721519,-0.5189873417721519,1,0,0.44897959183673475,3,1,0.3333333333333333,0.6666666666666667,0.35294117647058826,0.5
1175365,10.0,2019,2019-03-30,"Arun Jaitley Stadium, Delhi",Delhi,Kolkata Knight Riders,Delhi Capitals,Delhi Capitals,0,1576.3212428281242,1457.7080050701313,118.61323775799292,0.8,0.6,0.20000000000000007,0.6666666666666666,0.6666666666666666,0.0,0.7,0.5,0.19999999999999996,0.22999999999999987,0.7,0,0,field,0.4925373134328358,0.47761194029850745,164.9402985074627,0.5223880597014925,67,0.5555555555555556,0.42857142857142855,10,0,94.19280100929743,97.46821152703505,-3.275410517737626,57.41378021932965,64.6200162790295,-7.206236059699847,0,0,0.6043956043956044,0.47191011235955055,0.1324854920360538,0.0,0.47191011235955055,-0.47191011235955055,1,0,0.4776119402985075,3,1,0.4,0.6,0.4642857142857143,0.5128205128205128
1175367,12.0,2019,2019-03-31,"MA Chidambaram Stadium, Chennai",Chennai,Chennai Super Kings,Rajasthan Royals,Chennai Super Kings,1,1623.9710100732525,1488.4901535717597,135.48085650149278,1.0,0.2,0.8,1.0,0.0,1.0,0.7,0.4,0.29999999999999993,0.75,0.7,0,0,field,0.5510204081632653,0.62,164.82,0.38,49,0.7142857142857143,0.16666666666666666,11,0,89.6457728915356,93.43348289358657,-3.7877100020509715,65.04235434081589,49.12352437384657,15.91882996696932,0,1,0.6666666666666666,0.5774647887323944,0.08920187793427226,0.0,0.5774647887323944,-0.5774647887323944,1,0,0.62,3,1,0.5,0.5,0.6176470588235294,0.4
1175366,11.0,2019,2019-03-31,"Rajiv Gandhi Intl Stadium, Hyderabad",Hyderabad,Sunrisers Hyderabad,Royal Challengers Bengaluru,Sunrisers Hyderabad,1,1558.9778192341391,1454.601680841881,104.3761383922581,0.4,0.4,0.0,0.3333333333333333,0.0,0.3333333333333333,0.4,0.4,0.0,-0.26999999999999996,0.6,0,0,field,0.3392857142857143,0.38596491228070173,156.42105263157896,0.6140350877192983,56,0.5178571428571429,0.2222222222222222,12,0,93.45534086766314,92.49372695012482,0.9616139175383154,48.03769625110457,63.60381600501853,-15.56611975391396,0,0,0.5070422535211268,0.5222222222222223,-0.015179968701095503,0.0,0.5222222222222223,-0.5222222222222223,1,0,0.38596491228070173,3,1,1.0,0.0,0.2,0.45161290322580644
1175368,13.0,2019,2019-04-01,"PCA Stadium, Mohali",Chandigarh,Kings XI Punjab,Delhi Capitals,Kings XI Punjab,1,1475.176616717129,1473.6526861092998,1.523930607829243,0.4,0.8,-0.4,0.6666666666666666,0.6666666666666666,0.0,0.3,0.5,-0.2,-0.6,0.6,0,0,field,0.46,0.44,165.04,0.56,50,0.52,0.16666666666666666,13,0,88.0659969405759,99.10618378911062,-11.040186848534717,62.315923009623795,60.54096588201779,1.774957127606008,0,0,0.525,0.4777777777777778,0.04722222222222222,0.0,0.4777777777777778,-0.4777777777777778,1,0,0.43999999999999995,4,0,0.625,0.375,0.35294117647058826,0.5151515151515151
1175369,14.0,2019,2019-04-02,"Sawai Mansingh Stadium, Jaipur",Jaipur,Royal Challengers Bengaluru,Rajasthan Royals,Rajasthan Royals,0,1446.1020293744232,1480.9459099079181,-34.84388053349494,0.2,0.2,0.0,0.0,0.0,0.0,0.4,0.4,0.0,0.0,0.4,0,0,field,0.4634146341463415,0.36585365853658536,157.34146341463415,0.6341463414634146,41,0.5,0.7073170731707317,14,0,84.68944627444827,91.8555910820249,-7.166144807576629,51.88827038521444,50.2238782992005,1.6643920860139403,0,0,0.5164835164835165,0.5694444444444444,-0.052960927960927884,0.0,0.5694444444444444,-0.5694444444444444,1,0,0.36585365853658536,4,0,0.6190476190476191,0.38095238095238093,0.3157894736842105,0.5909090909090909
1175370,15.0,2019,2019-04-03,"Wankhede Stadium, Mumbai",Mumbai,Mumbai Indians,Chennai Super Kings,Mumbai Indians,1,1531.7439796641447,1631.515253737094,-99.77127407294938,0.4,1.0,-0.6,0.3333333333333333,1.0,-0.6666666666666667,0.5,0.8,-0.30000000000000004,-0.53,0.5,0,0,field,0.47761194029850745,0.5074626865671642,165.67164179104478,0.4925373134328358,67,0.6065573770491803,0.5384615384615384,15,0,93.04966952210313,91.16891464162622,1.880754880476914,42.848757034333744,62.46601160733377,-19.617254573000025,0,1,0.5802469135802469,0.6666666666666666,-0.08641975308641969,0.0,0.6666666666666666,-0.6666666666666666,1,0,0.5074626865671642,4,0,0.5517241379310345,0.4482758620689655,0.47619047619047616,0.4782608695652174
1175371,16.0,2019,2019-04-04,"Arun Jaitley Stadium, Delhi",Delhi,Delhi Capitals,Sunrisers Hyderabad,Sunrisers Hyderabad,0,1461.7053204702618,1567.477470701597,-105.77215023133522,0.6,0.6,0.0,0.3333333333333333,0.6666666666666666,-0.3333333333333333,0.5,0.4,0.09999999999999998,0.17000000000000004,0.4,0,0,field,0.4925373134328358,0.47058823529411764,165.23529411764707,0.5294117647058824,67,0.4375,0.6363636363636364,16,0,94.88075126678052,93.98197479131332,0.8987764754672014,64.57143245426023,61.27189616203216,3.299536292228076,0,0,0.4725274725274725,0.5070422535211268,-0.03451478099365424,0.0,0.5070422535211268,-0.5070422535211268,1,0,0.47058823529411764,4,0,0.4375,0.5625,0.4642857142857143,0.5128205128205128
1175372,17.0,2019,2019-04-05,"M Chinnaswamy Stadium, Bengaluru",Bengaluru,Royal Challengers Bengaluru,Kolkata Knight Riders,Kolkata Knight Riders,0,1435.3014757892913,1560.3765617889558,-125.07508599966445,0.0,0.6,-0.6,0.0,0.6666666666666666,-0.6666666666666666,0.3,0.6,-0.3,-0.67,0.3,0,0,field,0.5492957746478874,0.4305555555555556,169.33333333333334,0.5694444444444444,71,0.5,0.5833333333333334,17,0,86.90969407574612,95.57891107530627,-8.669216999560149,51.98894932377939,45.36242561279678,6.62652371098261,0,0,0.5164835164835165,0.6043956043956044,-0.08791208791208782,0.0,0.6043956043956044,-0.6043956043956044,1,0,0.4305555555555556,4,0,0.53125,0.46875,0.5492957746478874,0.5645161290322581
1178393,18.0,2019,2019-04-06,"MA Chidambaram Stadium, Chennai",Chennai,Chennai Super Kings,Kings XI Punjab,Chennai Super Kings,1,1616.1609750687471,1487.123982356167,129.03699271258006,0.8,0.6,0.20000000000000007,0.6666666666666666,0.6666666666666666,0.0,0.7,0.4,0.29999999999999993,0.47000000000000003,0.5,1,1,bat,0.54,0.6274509803921569,165.01960784313727,0.37254901960784315,50,0.72,0.4,18,0,86.0291132634654,91.49883044566667,-5.469717182201265,62.98591635736881,51.49372049102928,11.492195866339529,0,1,0.6567164179104478,0.525,0.13171641791044775,0.0,0.525,-0.525,1,0,0.6274509803921569,4,0,0.4230769230769231,0.5769230769230769,0.6176470588235294,0.375
1178394,19.0,2019,2019-04-06,"Rajiv Gandhi Intl Stadium, Hyderabad",Hyderabad,Mumbai Indians,Sunrisers Hyderabad,Mumbai Indians,1,1547.0982583324917,1575.9330600795283,-28.834801747036636,0.4,0.6,-0.19999999999999996,0.6666666666666666,1.0,-0.33333333333333337,0.6,0.4,0.19999999999999996,-0.12,0.4,0,0,field,0.3333333333333333,0.39655172413793105,157.70689655172413,0.603448275862069,57,0.5555555555555556,0.5263157894736842,19,0,93.42904372777744,93.34915494937799,0.07988877839945019,60.79301898051898,60.246592728744325,0.5464262517746548,0,0,0.5802469135802469,0.5138888888888888,0.0663580246913581,0.0,0.5138888888888888,-0.5138888888888888,1,0,0.39655172413793105,4,0,0.5652173913043478,0.4347826086956522,0.2,0.4375
1178395,20.0,2019,2019-04-07,"M Chinnaswamy Stadium, Bengaluru",Bengaluru,Royal Challengers Bengaluru,Delhi Capitals,Delhi Capitals,0,1427.443991726112,1453.2497310923304,-25.805739366218404,0.0,0.4,-0.4,0.0,0.3333333333333333,-0.3333333333333333,0.3,0.4,-0.10000000000000003,-0.55,0.9,0,0,field,0.5555555555555556,0.4246575342465753,169.82191780821918,0.5753424657534246,72,0.4927536231884058,0.375,20,0,90.63308500779662,95.14377146397115,-4.5106864561745255,53.70073687991882,62.52536402688929,-8.824627146970471,0,0,0.5164835164835165,0.4725274725274725,0.04395604395604402,0.0,0.4725274725274725,-0.4725274725274725,1,0,0.4246575342465754,4,0,0.5454545454545454,0.4545454545454546,0.5555555555555556,0.5714285714285714
1178396,21.0,2019,2019-04-07,"Sawai Mansingh Stadium, Jaipur",Jaipur,Rajasthan Royals,Kolkata Knight Riders,Kolkata Knight Riders,0,1491.74646349305,1568.234045852135,-76.48758235908508,0.2,0.6,-0.39999999999999997,0.3333333333333333,0.6666666666666666,-0.3333333333333333,0.5,0.7,-0.19999999999999996,-0.45,0.5,0,0,field,0.47619047619047616,0.35714285714285715,157.35714285714286,0.6428571428571429,42,0.7142857142857143,0.4,21,0,91.41498606567804,95.5889361379629,-4.1739500722848675,51.76264731147149,46.626699663583246,5.135947647888244,0,0,0.5753424657534246,0.6086956521739131,-0.033353186420488456,0.0,0.6086956521739131,-0.6086956521739131,1,0,0.3571428571428571,4,0,0.6363636363636364,0.36363636363636365,0.3157894736842105,0.6086956521739131
1178397,22.0,2019,2019-04-08,"PCA Stadium, Mohali",Chandigarh,Sunrisers Hyderabad,Kings XI Punjab,Kings XI Punjab,0,1562.939421615667,1479.3865527890835,83.55286882658356,0.6,0.6,0.0,0.6666666666666666,0.6666666666666666,0.0,0.4,0.3,0.10000000000000003,-0.09999999999999998,0.7,0,0,field,0.45098039215686275,0.45098039215686275,165.05882352941177,0.5490196078431373,51,0.5714285714285714,0.5294117647058824,22,0,94.67974730583425,90.91713734444166,3.7626099613925987,62.0319389396169,55.653510661952076,6.378428277664824,0,0,0.5068493150684932,0.5185185185185185,-0.011669203450025312,0.0,0.5185185185185185,-0.5185185185185185,1,0,0.4509803921568627,4,0,0.6,0.4,0.35294117647058826,0.5
1178398,23.0,2019,2019-04-09,"MA Chidambaram Stadium, Chennai",Chennai,Kolkata Knight Riders,Chennai Super Kings,Chennai Super Kings,0,1577.6341254634085,1623.8984046358307,-46.26427917242222,0.8,0.8,0.0,0.6666666666666666,0.6666666666666666,0.0,0.8,0.8,0.0,-0.08000000000000007,0.4,0,0,field,0.5490196078431373,0.6346153846153846,164.92307692307693,0.36538461538461536,51,0.25,0.7254901960784313,23,0,94.36802006243431,86.95545100090219,7.412569061532125,58.987761082784196,61.041381499930715,-2.0536204171465187,0,1,0.6129032258064516,0.6567164179104478,-0.043813192103996146,0.0,0.6567164179104478,-0.6567164179104478,1,0,0.6346153846153846,4,0,0.4074074074074074,0.5925925925925926,0.6285714285714286,0.375
1178399,24.0,2019,2019-04-10,"Wankhede Stadium, Mumbai",Mumbai,Kings XI Punjab,Mumbai Indians,Mumbai Indians,0,1494.217992584066,1560.091896796353,-65.87390421228702,0.6,0.6,0.0,0.6666666666666666,0.6666666666666666,0.0,0.4,0.6,-0.19999999999999996,0.08000000000000002,0.4,0,0,field,0.47058823529411764,0.5147058823529411,165.73529411764707,0.4852941176470588,68,0.5,0.6129032258064516,24,0,91.2955427238998,89.83248946425043,1.4630532596493708,51.34593359482444,81.2283685403986,-29.88243494557417,0,1,0.524390243902439,0.5802469135802469,-0.05585666967780789,0.0,0.5802469135802469,-0.5802469135802469,1,0,0.5147058823529411,4,0,0.5333333333333333,0.4666666666666667,0.47619047619047616,0.46808510638297873
1178400,25.0,2019,2019-04-11,"Sawai Mansingh Stadium, Jaipur",Jaipur,Rajasthan Royals,Chennai Super Kings,Chennai Super Kings,0,1482.3463838817765,1634.3098709374474,-151.96348705567084,0.2,0.8,-0.6000000000000001,0.3333333333333333,0.6666666666666666,-0.3333333333333333,0.4,0.8,-0.4,-0.6799999999999999,0.3,0,0,field,0.4883720930232558,0.3488372093023256,156.93023255813952,0.6511627906976745,43,0.6976744186046512,0.4,25,0,89.61811415067879,85.55475781805764,4.063356332621154,49.489376864268024,59.99069035899251,-10.501313494724485,0,0,0.5753424657534246,0.6617647058823529,-0.0864222401289283,0.0,0.6617647058823529,-0.6617647058823529,1,0,0.34883720930232553,4,0,0.6521739130434783,0.34782608695652173,0.3157894736842105,0.625
1178401,26.0,2019,2019-04-12,"Eden Gardens, Kolkata",Kolkata,Kolkata Knight Riders,Delhi Capitals,Delhi Capitals,0,1567.2226591617919,1464.3600678485225,102.86259131326938,0.6,0.4,0.19999999999999996,0.6666666666666666,0.3333333333333333,0.3333333333333333,0.7,0.5,0.19999999999999996,0.34,0.7,0,0,field,0.5555555555555556,0.3888888888888889,157.98611111111111,0.6111111111111112,72,0.6376811594202898,0.125,26,0,91.9965836606313,90.42052026243604,1.5760633981952594,51.32109441611754,60.02970823866345,-8.708613822545914,0,0,0.6129032258064516,0.4782608695652174,0.13464235624123422,0.0,0.4782608695652174,-0.4782608695652174,0,0,0.38888888888888884,4,0,0.7142857142857143,0.2857142857142857,0.42857142857142855,0.6363636363636364
1178403,28.0,2019,2019-04-13,"PCA Stadium, Mohali",Chandigarh,Kings XI Punjab,Royal Challengers Bengaluru,Royal Challengers Bengaluru,0,1484.466319806154,1416.33365496992,68.13266483623397,0.6,0.0,0.6,0.3333333333333333,0.0,0.3333333333333333,0.4,0.3,0.10000000000000003,0.72,0.5,0,0,field,0.46153846153846156,0.4423076923076923,164.76923076923077,0.5576923076923077,52,0.5384615384615384,0.5,27,0,91.98471392500662,90.48937559029532,1.4953383347112918,49.26218910698932,51.603448995194604,-2.341259888205286,0,0,0.524390243902439,0.5164835164835165,0.00790672741892251,0.0,0.5164835164835165,-0.5164835164835165,0,0,0.4423076923076923,4,0,0.6153846153846154,0.3846153846153846,0.35294117647058826,0.5142857142857142
1178402,27.0,2019,2019-04-13,"Wankhede Stadium, Mumbai",Mumbai,Mumbai Indians,Rajasthan Royals,Rajasthan Royals,0,1569.843569574265,1475.2840889692447,94.55948060502033,0.8,0.2,0.6000000000000001,1.0,0.3333333333333333,0.6666666666666667,0.6,0.3,0.3,0.55,0.6,0,0,field,0.4782608695652174,0.5072463768115942,166.18840579710144,0.4927536231884058,69,0.6190476190476191,0.42857142857142855,28,0,89.53178268810795,91.72981106946995,-2.1980283813619934,65.48123564581631,46.81648790254612,18.66474774327019,0,1,0.5853658536585366,0.5753424657534246,0.010023387905111925,0.0,0.5753424657534246,-0.5753424657534246,0,0,0.5072463768115942,4,0,0.5483870967741935,0.4516129032258065,0.47619047619047616,0.4791666666666667
1178404,29.0,2019,2019-04-14,"Eden Gardens, Kolkata",Kolkata,Kolkata Knight Riders,Chennai Super Kings,Chennai Super Kings,0,1551.770199262267,1641.3721658499792,-89.60196658771224,0.4,0.8,-0.4,0.3333333333333333,1.0,-0.6666666666666667,0.6,0.9,-0.30000000000000004,-0.3,0.4,0,0,field,0.5616438356164384,0.3835616438356164,158.26027397260273,0.6164383561643836,73,0.6285714285714286,0.4,29,0,93.36047958960413,85.03553221508102,8.324947374523106,53.088300893850324,59.15632530278034,-6.068024408930015,0,0,0.6129032258064516,0.6666666666666666,-0.053763440860215006,0.0,0.6666666666666666,-0.6666666666666666,0,0,0.3835616438356164,4,0,0.7222222222222222,0.2777777777777778,0.42857142857142855,0.6444444444444445
1178405,30.0,2019,2019-04-14,"Rajiv Gandhi Intl Stadium, Hyderabad",Hyderabad,Delhi Capitals,Sunrisers Hyderabad,Delhi Capitals,1,1479.8125277480474,1548.1079818206845,-68.29545407263709,0.6,0.6,0.0,0.6666666666666666,0.3333333333333333,0.3333333333333333,0.6,0.4,0.19999999999999996,-0.2500000000000001,0.4,0,0,field,0.3275862068965517,0.4067796610169492,157.33898305084745,0.5932203389830508,58,0.5714285714285714,0.5172413793103449,30,0,95.03410016512628,97.92346625041388,-2.8893660852876053,58.95767663997753,51.987144361768664,6.970532278208864,0,0,0.4838709677419355,0.5068493150684932,-0.02297834732655768,0.0,0.5068493150684932,-0.5068493150684932,0,0,0.4067796610169492,4,0,0.5416666666666666,0.45833333333333337,0.2,0.42424242424242425
1178406,31.0,2019,2019-04-15,"Wankhede Stadium, Mumbai",Mumbai,Royal Challengers Bengaluru,Mumbai Indians,Mumbai Indians,0,1430.6571657495033,1554.655921385397,-123.99875563589376,0.2,0.6,-0.39999999999999997,0.3333333333333333,0.6666666666666666,-0.3333333333333333,0.3,0.5,-0.2,-0.49000000000000005,0.2,0,0,field,0.4857142857142857,0.5,166.4857142857143,0.5,70,0.3333333333333333,0.609375,31,0,91.7280343506801,90.32279065778353,1.4052436928965761,53.157337824811584,51.36184737238974,1.795490452421845,0,1,0.5217391304347826,0.5853658536585366,-0.06362672322375396,0.0,0.5853658536585366,-0.5853658536585366,0,0,0.5,4,0,0.5625,0.4375,0.47619047619047616,0.4897959183673469
1178407,32.0,2019,2019-04-16,"PCA Stadium, Mohali",Chandigarh,Kings XI Punjab,Rajasthan Royals,Kings XI Punjab,1,1470.1428090265706,1490.4717371581128,-20.32892813154217,0.4,0.4,0.0,0.3333333333333333,0.3333333333333333,0.0,0.4,0.3,0.10000000000000003,0.22000000000000003,0.5,0,0,field,0.4716981132075472,0.4339622641509434,164.9245283018868,0.5660377358490566,53,0.5283018867924528,0.5,32,0,92.05357788995067,88.99543791017275,3.05813997977792,49.35953706455222,55.40983468254765,-6.050297617995426,0,0,0.524390243902439,0.581081081081081,-0.056690837178641984,0.0,0.581081081081081,-0.581081081081081,0,0,0.4339622641509434,4,0,0.6296296296296297,0.37037037037037035,0.35294117647058826,0.5277777777777778
1178408,33.0,2019,2019-04-17,"Rajiv Gandhi Intl Stadium, Hyderabad",Hyderabad,Chennai Super Kings,Sunrisers Hyderabad,Sunrisers Hyderabad,0,1650.3442564659217,1533.779059786005,116.56519667991665,0.8,0.4,0.4,1.0,0.0,1.0,0.9,0.4,0.5,0.050000000000000044,0.8,1,1,bat,0.3220338983050847,0.4166666666666667,157.3,0.5833333333333334,59,0.75,0.5084745762711864,33,0,87.18469562653944,94.5664603595638,-7.381764733024369,56.802438380470655,55.60980450705324,1.1926338734174138,0,0,0.6714285714285714,0.5,0.17142857142857137,0.0,0.5,-0.5,0,0,0.41666666666666663,4,0,0.52,0.48,0.2,0.4117647058823529
1178409,34.0,2019,2019-04-18,"Arun Jaitley Stadium, Delhi",Delhi,Mumbai Indians,Delhi Capitals,Mumbai Indians,1,1562.5461853835484,1494.1414497827268,68.4047356008216,0.8,0.6,0.20000000000000007,0.6666666666666666,1.0,-0.33333333333333337,0.6,0.7,-0.09999999999999998,0.48,0.5,1,1,bat,0.5,0.463768115942029,164.71014492753622,0.5362318840579711,68,0.3,0.4307692307692308,34,0,92.82549895216516,94.4613604893533,-1.6358615371881342,53.9978207971126,63.081771170006476,-9.083950372893874,0,0,0.5903614457831325,0.4838709677419355,0.10649047804119705,0.0,0.4838709677419355,-0.4838709677419355,0,0,0.46376811594202894,4,0,0.45454545454545453,0.5454545454545454,0.4642857142857143,0.525
1178410,35.0,2019,2019-04-19,"Eden Gardens, Kolkata",Kolkata,Royal Challengers Bengaluru,Kolkata Knight Riders,Royal Challengers Bengaluru,1,1422.766901751352,1542.7981086463244,-120.03120689497246,0.2,0.4,-0.2,0.3333333333333333,0.0,0.3333333333333333,0.2,0.5,-0.3,-0.48,0.3,0,0,field,0.5675675675675675,0.3783783783783784,158.2972972972973,0.6216216216216216,74,0.3333333333333333,0.6197183098591549,35,0,87.80575898399393,92.49766506997064,-4.691906085976711,51.87798631361617,50.31133193112368,1.5666543824924872,0,0,0.5217391304347826,0.6129032258064516,-0.09116409537166903,0.0,0.6129032258064516,-0.6129032258064516,0,0,0.3783783783783784,4,0,0.7297297297297297,0.2702702702702703,0.42857142857142855,0.6521739130434783
1178411,36.0,2019,2019-04-20,"Sawai Mansingh Stadium, Jaipur",Jaipur,Mumbai Indians,Rajasthan Royals,Rajasthan Royals,0,1572.213631288198,1477.7704010323127,94.44323025588528,0.8,0.4,0.4,0.6666666666666666,0.3333333333333333,0.3333333333333333,0.6,0.3,0.3,0.32999999999999996,0.5,0,0,field,0.5,0.3409090909090909,156.79545454545453,0.6590909090909091,44,0.3333333333333333,0.6818181818181818,36,0,92.28109067912615,84.12449013115594,8.156600547970214,56.54689751880998,49.28164676204966,7.265250756760317,0,0,0.5903614457831325,0.5733333333333334,0.017028112449799182,0.0,0.5733333333333334,-0.5733333333333334,0,0,0.34090909090909094,4,0,0.6666666666666666,0.33333333333333337,0.3157894736842105,0.64
1178412,37.0,2019,2019-04-20,"Arun Jaitley Stadium, Delhi",Delhi,Kings XI Punjab,Delhi Capitals,Delhi Capitals,0,1482.8441451523706,1484.4740038780772,-1.6298587257065265,0.4,0.6,-0.19999999999999996,0.3333333333333333,0.6666666666666666,-0.3333333333333333,0.5,0.6,-0.09999999999999998,-0.24000000000000005,0.6,0,0,field,0.5072463768115942,0.4714285714285714,164.75714285714287,0.5285714285714286,69,0.5,0.42424242424242425,37,0,94.03663892000853,89.90599660708376,4.130642312924763,47.44511998970597,60.122107476650264,-12.676987486944292,0,0,0.524390243902439,0.4787234042553192,0.04566683964711987,0.0,0.4787234042553192,-0.4787234042553192,0,0,0.4714285714285714,4,0,0.4411764705882353,0.5588235294117647,0.4827586206896552,0.525
1178413,38.0,2019,2019-04-21,"Rajiv Gandhi Intl Stadium, Hyderabad",Hyderabad,Kolkata Knight Riders,Sunrisers Hyderabad,Sunrisers Hyderabad,0,1526.809803641349,1549.660525988305,-22.85072234695599,0.2,0.4,-0.2,0.0,0.3333333333333333,-0.3333333333333333,0.4,0.5,-0.09999999999999998,-0.08000000000000002,0.6,0,0,field,0.31666666666666665,0.4098360655737705,156.88524590163934,0.5901639344262295,60,0.7142857142857143,0.5166666666666667,38,0,92.54934375590666,90.23481609882947,2.3145276570771927,49.53518038661451,55.48671434954458,-5.951533962930064,0,0,0.6063829787234043,0.5066666666666667,0.09971631205673759,0.0,0.5066666666666667,-0.5066666666666667,0,0,0.4098360655737705,4,0,0.5384615384615384,0.46153846153846156,0.19230769230769232,0.4117647058823529
1178414,39.0,2019,2019-04-21,"M Chinnaswamy Stadium, Bengaluru",Bengaluru,Royal Challengers Bengaluru,Chennai Super Kings,Royal Challengers Bengaluru,1,1438.7552067563274,1634.4627902636219,-195.70758350729443,0.4,0.8,-0.4,0.6666666666666666,0.6666666666666666,0.0,0.2,0.8,-0.6000000000000001,-0.64,0.2,0,0,field,0.5616438356164384,0.4189189189189189,169.54054054054055,0.581081081081081,73,0.4857142857142857,0.625,39,0,93.38764451087226,88.82625323525679,4.5613912756154775,54.06926511921506,56.18685011945541,-2.1175850002403465,0,0,0.5217391304347826,0.6714285714285714,-0.14968944099378878,0.0,0.6714285714285714,-0.6714285714285714,0,0,0.41891891891891897,4,0,0.5588235294117647,0.4411764705882353,0.5616438356164384,0.578125
1178415,40.0,2019,2019-04-22,"Sawai Mansingh Stadium, Jaipur",Jaipur,Rajasthan Royals,Delhi Capitals,Delhi Capitals,0,1492.9543170662591,1496.417710964931,-3.4633938986719386,0.4,0.8,-0.4,0.6666666666666666,0.6666666666666666,0.0,0.3,0.6,-0.3,-0.6,0.7,0,0,field,0.5111111111111111,0.3333333333333333,156.88888888888889,0.6666666666666666,45,0.6888888888888889,0.2,40,0,87.1608102784204,90.16826801451704,-3.00745773609664,50.26352508503354,54.78193974750891,-4.518414662475365,0,0,0.5789473684210527,0.4842105263157895,0.09473684210526317,0.0,0.4842105263157895,-0.4842105263157895,0,0,0.33333333333333337,4,0,0.68,0.31999999999999995,0.3157894736842105,0.6538461538461539
1178416,41.0,2019,2019-04-23,"MA Chidambaram Stadium, Chennai",Chennai,Sunrisers Hyderabad,Chennai Super Kings,Chennai Super Kings,0,1560.872426019072,1616.3378023752787,-55.46537635620666,0.4,0.6,-0.19999999999999996,0.6666666666666666,0.3333333333333333,0.3333333333333333,0.5,0.7,-0.19999999999999996,-0.6000000000000001,0.3,0,0,field,0.5576923076923077,0.6226415094339622,163.8490566037736,0.37735849056603776,52,0.3333333333333333,0.7307692307692307,41,0,92.03313419387916,89.20741452053656,2.825719673342604,54.88531953581427,61.548564042403505,-6.663244506589237,0,1,0.5131578947368421,0.6619718309859155,-0.14881393624907335,0.0,0.6619718309859155,-0.6619718309859155,0,0,0.6226415094339622,4,0,0.42857142857142855,0.5714285714285714,0.6285714285714286,0.4117647058823529
1178417,42.0,2019,2019-04-24,"M Chinnaswamy Stadium, Bengaluru",Bengaluru,Royal Challengers Bengaluru,Kings XI Punjab,Royal Challengers Bengaluru,1,1456.8801946446706,1470.9004380655167,-14.0202434208461,0.6,0.4,0.19999999999999996,0.6666666666666666,0.3333333333333333,0.3333333333333333,0.3,0.5,-0.2,-0.019999999999999962,0.6,0,0,field,0.5540540540540541,0.4266666666666667,169.42666666666668,0.5733333333333334,74,0.49295774647887325,0.45454545454545453,42,0,95.6429962198496,92.198392283717,3.4446039361326086,50.671865133579786,48.46077175197894,2.211093381600847,0,0,0.5217391304347826,0.524390243902439,-0.002651113467656452,0.0,0.524390243902439,-0.524390243902439,0,0,0.42666666666666664,4,0,0.5428571428571428,0.4571428571428572,0.5540540540540541,0.5692307692307692
1178418,43.0,2019,2019-04-25,"Eden Gardens, Kolkata",Kolkata,Kolkata Knight Riders,Rajasthan Royals,Rajasthan Royals,0,1515.5979036105819,1481.0739344915924,34.5239691189895,0.0,0.4,-0.4,0.0,0.3333333333333333,-0.3333333333333333,0.4,0.3,0.10000000000000003,-0.37,0.6,0,0,field,0.56,0.38666666666666666,159.02666666666667,0.6133333333333333,75,0.6111111111111112,0.125,43,0,94.12205415712499,89.4342668368309,4.687787320294092,53.22243752606215,48.97170164351866,4.250735882543495,0,0,0.6063829787234043,0.5789473684210527,0.027435610302351643,0.0,0.5789473684210527,-0.5789473684210527,0,0,0.3866666666666667,4,0,0.7105263157894737,0.2894736842105263,0.42857142857142855,0.6382978723404256
1178419,44.0,2019,2019-04-26,"MA Chidambaram Stadium, Chennai",Chennai,Mumbai Indians,Chennai Super Kings,Mumbai Indians,1,1557.0297152542516,1626.438206258175,-69.40849100392325,0.6,0.6,0.0,0.6666666666666666,0.3333333333333333,0.3333333333333333,0.6,0.7,-0.09999999999999998,-0.009999999999999898,0.5,0,0,field,0.5660377358490566,0.6111111111111112,164.05555555555554,0.3888888888888889,53,0.5,0.7358490566037735,44,0,89.64949286314251,87.98832538515916,1.661167477983355,56.55861112276525,58.444127660355186,-1.885516537589936,0,1,0.5903614457831325,0.6666666666666666,-0.07630522088353409,0.0,0.6666666666666666,-0.6666666666666666,0,0,0.6111111111111112,4,0,0.4482758620689655,0.5517241379310345,0.6285714285714286,0.4444444444444444
1178420,45.0,2019,2019-04-27,"Sawai Mansingh Stadium, Jaipur",Jaipur,Sunrisers Hyderabad,Rajasthan Royals,Rajasthan Royals,0,1550.7720221361758,1494.2624409454422,56.50958119073357,0.4,0.6,-0.19999999999999996,0.6666666666666666,0.6666666666666666,0.0,0.5,0.4,0.09999999999999998,-0.31,0.6,0,0,field,0.5217391304347826,0.32608695652173914,157.6304347826087,0.6739130434782609,46,0.25,0.6739130434782609,45,0,87.71033948785062,90.16360026786673,-2.453260780016109,48.70750700847663,50.83451536643025,-2.1270083579536205,0,0,0.5131578947368421,0.5844155844155844,-0.07125768967874224,0.0,0.5844155844155844,-0.5844155844155844,0,0,0.32608695652173914,4,0,0.6923076923076923,0.3076923076923077,0.3157894736842105,0.6666666666666666
1178421,46.0,2019,2019-04-28,"Arun Jaitley Stadium, Delhi",Delhi,Delhi Capitals,Royal Challengers Bengaluru,Delhi Capitals,1,1508.2980935395979,1469.3641740208375,38.933919518760376,0.8,0.8,0.0,0.6666666666666666,1.0,-0.33333333333333337,0.6,0.4,0.19999999999999996,0.04999999999999993,0.2,1,1,bat,0.5142857142857142,0.4647887323943662,164.73239436619718,0.5352112676056338,70,0.43283582089552236,0.75,46,0,90.10547741040367,93.68413176260961,-3.5786543522059446,58.39445759553909,44.70674085995953,13.687716735579556,0,0,0.4895833333333333,0.5217391304347826,-0.03215579710144928,0.0,0.5217391304347826,-0.5217391304347826,0,0,0.46478873239436624,4,0,0.45714285714285713,0.5428571428571429,0.4827586206896552,0.5365853658536586
1178422,47.0,2019,2019-04-28,"Eden Gardens, Kolkata",Kolkata,Kolkata Knight Riders,Mumbai Indians,Kolkata Knight Riders,1,1502.409397156732,1571.3956091247048,-68.98621196797285,0.0,0.6,-0.6,0.0,0.6666666666666666,-0.6666666666666666,0.3,0.7,-0.39999999999999997,-0.53,0.2,0,0,field,0.5657894736842105,0.3815789473684211,159.23684210526315,0.618421052631579,76,0.6027397260273972,0.8333333333333334,47,0,93.52577258894215,89.17235268325553,4.353419905686621,46.71375762293169,58.82141470467386,-12.107657081742175,0,0,0.6063829787234043,0.5903614457831325,0.016021532940271754,0.0,0.5903614457831325,-0.5903614457831325,0,0,0.381578947368421,4,0,0.717948717948718,0.28205128205128205,0.42857142857142855,0.6458333333333334
1178423,48.0,2019,2019-04-29,"Rajiv Gandhi Intl Stadium, Hyderabad",Hyderabad,Sunrisers Hyderabad,Kings XI Punjab,Sunrisers Hyderabad,1,1536.837281047446,1458.4164586893498,78.42082235809607,0.4,0.2,0.2,0.3333333333333333,0.3333333333333333,0.0,0.5,0.4,0.09999999999999998,0.25,0.7,0,0,field,0.32786885245901637,0.4032258064516129,156.91935483870967,0.5967741935483871,61,0.5245901639344263,0.4444444444444444,48,0,93.32352967485129,91.91645107658061,1.4070785982706724,54.64305900686035,49.34680788080166,5.296251126058685,0,0,0.5131578947368421,0.5180722891566265,-0.0049143944197843625,0.0,0.5180722891566265,-0.5180722891566265,0,0,0.4032258064516129,4,0,0.5555555555555556,0.4444444444444444,0.19230769230769232,0.42857142857142855
1178425,50.0,2019,2019-05-01,"MA Chidambaram Stadium, Chennai",Chennai,Chennai Super Kings,Delhi Capitals,Chennai Super Kings,1,1612.0723123877217,1518.9589643413722,93.11334804634953,0.4,0.8,-0.4,0.3333333333333333,1.0,-0.6666666666666667,0.6,0.7,-0.09999999999999998,-0.28,0.8,0,0,field,0.5555555555555556,0.6181818181818182,163.8909090909091,0.38181818181818183,54,0.7222222222222222,0.2857142857142857,49,0,90.82502531122377,94.0242698919104,-3.1992445806866243,56.109182091804314,42.75552236599081,13.353659725813507,0,1,0.6575342465753424,0.4895833333333333,0.16795091324200911,0.0,0.4895833333333333,-0.4895833333333333,0,0,0.6181818181818182,5,0,0.3,0.7,0.6285714285714286,0.42105263157894735
1178426,51.0,2019,2019-05-02,"Wankhede Stadium, Mumbai",Mumbai,Mumbai Indians,Sunrisers Hyderabad,Mumbai Indians,1,1557.043736671883,1546.1738005668806,10.869936105002353,0.6,0.6,0.0,0.3333333333333333,0.3333333333333333,0.0,0.6,0.5,0.09999999999999998,0.040000000000000036,0.5,1,1,bat,0.49295774647887325,0.49295774647887325,166.54929577464787,0.5070422535211268,71,0.6153846153846154,0.25,50,0,89.362427086074,91.9006141336829,-2.5381870476088864,53.82905694234321,53.599995181098826,0.22906176124438105,0,0,0.5833333333333334,0.5131578947368421,0.07017543859649122,0.0,0.5131578947368421,-0.5131578947368421,0,0,0.49295774647887325,5,0,0.4594594594594595,0.5405405405405406,0.47619047619047616,0.5
1178427,52.0,2019,2019-05-03,"PCA Stadium, Mohali",Chandigarh,Kings XI Punjab,Kolkata Knight Riders,Kolkata Knight Riders,0,1449.0799391699152,1516.761269609554,-67.68133043963871,0.2,0.2,0.0,0.0,0.3333333333333333,-0.3333333333333333,0.4,0.3,0.10000000000000003,0.16999999999999998,0.2,0,0,field,0.46296296296296297,0.4444444444444444,165.24074074074073,0.5555555555555556,54,0.5370370370370371,0.5,51,0,94.84665983388561,94.86702338943353,-0.02036355554791669,46.43595890347451,47.871098892772956,-1.4351399892984489,0,0,0.5119047619047619,0.6063829787234043,-0.09447821681864244,0.0,0.6063829787234043,-0.6063829787234043,0,0,0.4444444444444444,5,0,0.5,0.5,0.35294117647058826,0.5135135135135135
1178428,53.0,2019,2019-05-04,"Arun Jaitley Stadium, Delhi",Delhi,Rajasthan Royals,Delhi Capitals,Delhi Capitals,0,1508.197182034172,1510.1001382306235,-1.9029561964514414,0.6,0.6,0.0,0.6666666666666666,0.6666666666666666,0.0,0.5,0.6,-0.09999999999999998,-0.12000000000000005,0.7,1,1,bat,0.5211267605633803,0.4722222222222222,165.04166666666666,0.5277777777777778,71,0.5,0.4411764705882353,52,0,95.36027619154257,93.39950278917229,1.960773402370279,56.65139947199816,47.992763243460246,8.658636228537915,0,0,0.5897435897435898,0.4845360824742268,0.10520750726936295,0.0,0.4845360824742268,-0.4845360824742268,0,0,0.4722222222222222,5,0,0.6333333333333333,0.3666666666666667,0.5,0.5365853658536586
1178429,54.0,2019,2019-05-04,"M Chinnaswamy Stadium, Bengaluru",Bengaluru,Sunrisers Hyderabad,Royal Challengers Bengaluru,Royal Challengers Bengaluru,0,1534.549112412462,1458.7033032190632,75.84580919339874,0.4,0.6,-0.19999999999999996,0.3333333333333333,0.6666666666666666,-0.3333333333333333,0.4,0.4,0.0,-0.10000000000000009,0.7,0,0,field,0.5466666666666666,0.4342105263157895,169.85526315789474,0.5657894736842105,75,0.3,0.5,53,0,90.345563773848,96.07929376737643,-5.733729993528428,53.41353231980411,43.33573681359362,10.077795506210492,0,0,0.5064935064935064,0.5161290322580645,-0.009635525764558062,0.0,0.5161290322580645,-0.5161290322580645,0,0,0.4342105263157895,5,0,0.6176470588235294,0.38235294117647056,0.5466666666666666,0.5606060606060606
1178430,55.0,2019,2019-05-05,"PCA Stadium, Mohali",Chandigarh,Chennai Super Kings,Kings XI Punjab,Kings XI Punjab,0,1620.9311384984703,1439.3884420749173,181.54269642355302,0.4,0.2,0.2,0.6666666666666666,0.0,0.6666666666666666,0.6,0.3,0.3,-0.06999999999999995,0.6,0,0,field,0.4727272727272727,0.43636363636363634,165.56363636363636,0.5636363636363636,55,0.6,0.5272727272727272,54,0,91.27213917817144,96.83827433617463,-5.566135158003192,57.21784881875098,45.52105207776637,11.69679674098461,0,0,0.6575342465753424,0.5119047619047619,0.14562948467058057,0.0,0.5119047619047619,-0.5119047619047619,0,0,0.4363636363636364,5,0,0.5217391304347826,0.4782608695652174,0.35294117647058826,0.5263157894736842
1178431,56.0,2019,2019-05-05,"Wankhede Stadium, Mumbai",Mumbai,Kolkata Knight Riders,Mumbai Indians,Mumbai Indians,0,1526.4527667045518,1568.6684248263016,-42.21565812174981,0.4,0.6,-0.19999999999999996,0.6666666666666666,0.6666666666666666,0.0,0.4,0.7,-0.29999999999999993,-0.43,0.2,0,0,field,0.49295774647887325,0.5,166.48611111111111,0.5,71,0.125,0.6212121212121212,55,0,95.24771328193353,89.07599872139556,6.171714560537964,49.61905180124179,54.511677546926556,-4.892625745684768,0,1,0.6105263157894737,0.5833333333333334,0.027192982456140324,0.0,0.5833333333333334,-0.5833333333333334,0,0,0.5,5,0,0.4473684210526316,0.5526315789473684,0.47619047619047616,0.5
1181764,,2019,2019-05-07,"MA Chidambaram Stadium, Chennai",Chennai,Chennai Super Kings,Mumbai Indians,Mumbai Indians,0,1603.1754097512337,1579.2174811190052,23.95792863222846,0.4,0.6,-0.19999999999999996,0.3333333333333333,0.6666666666666666,-0.3333333333333333,0.6,0.7,-0.09999999999999998,-0.08000000000000002,0.4,1,1,bat,0.5454545454545454,0.625,164.16071428571428,0.375,55,0.7272727272727273,0.5714285714285714,56,0,90.90531642529456,89.15138579820366,1.7539306270908952,55.29774833405457,54.190894326667795,1.1068540073867723,0,1,0.6575342465753424,0.5882352941176471,0.06929895245769535,0.0,0.5882352941176471,-0.5882352941176471,0,0,0.625,5,0,0.2857142857142857,0.7142857142857143,0.6285714285714286,0.4
1181766,,2019,2019-05-08,Dr. Y.S. Rajasekhara Reddy ACA-VDCA Cricket Stadium,Visakhapatnam,Sunrisers Hyderabad,Delhi Capitals,Delhi Capitals,0,1519.970326007917,1522.0344131092963,-2.0640871013793003,0.2,0.8,-0.6000000000000001,0.3333333333333333,0.6666666666666666,-0.3333333333333333,0.3,0.7,-0.39999999999999997,-0.6799999999999999,0.5,0,0,field,0.36363636363636365,0.5454545454545454,158.0,0.45454545454545453,11,0.42857142857142855,0.3333333333333333,57,1,91.00562886991554,94.01694311830259,-3.011314248387052,48.749157510075385,51.00255538991957,-2.2533978798441865,0,1,0.5064935064935064,0.4897959183673469,0.016697588126159513,0.0,0.4897959183673469,-0.4897959183673469,0,0,0.5454545454545454,5,0,0.5,0.5,0.36363636363636365,0.36363636363636365
1181767,,2019,2019-05-10,Dr. Y.S. Rajasekhara Reddy ACA-VDCA Cricket Stadium,Visakhapatnam,Delhi Capitals,Chennai Super Kings,Chennai Super Kings,0,1533.9631229051583,1590.3492412716837,-56.38611836652535,0.8,0.4,0.4,0.6666666666666666,0.3333333333333333,0.3333333333333333,0.8,0.5,0.30000000000000004,0.2499999999999999,0.2,0,0,field,0.4166666666666667,0.5,158.33333333333334,0.5,12,0.5,1.0,58,1,93.20721047164034,90.53149613383631,2.675714337804024,55.500168167371044,54.73835883985604,0.7618093275150031,0,1,0.494949494949495,0.6575342465753424,-0.16258475162584746,0.0,0.6575342465753424,-0.6575342465753424,0,0,0.5,5,0,0.5714285714285714,0.4285714285714286,0.4166666666666667,0.4166666666666667
1181768,,2019,2019-05-12,"Rajiv Gandhi Intl Stadium, Hyderabad",Hyderabad,Mumbai Indians,Chennai Super Kings,Mumbai Indians,1,1592.0436495985555,1600.4186538280132,-8.375004229457772,0.8,0.4,0.4,1.0,0.3333333333333333,0.6666666666666667,0.7,0.5,0.19999999999999996,0.42,0.7,1,1,bat,0.3225806451612903,0.4126984126984127,157.79365079365078,0.5873015873015873,62,0.6,0.6,59,1,88.992229042831,90.42012343972638,-1.4278943968953826,55.549143719627864,54.70606790712731,0.8430758125005511,0,0,0.5930232558139535,0.6621621621621622,-0.06913890634820863,0.0,0.6621621621621622,-0.6621621621621622,0,0,0.4126984126984127,5,0,0.6363636363636364,0.36363636363636365,0.19230769230769232,0.4166666666666667
1216492,1.0,2021,2020-09-19,"Sheikh Zayed Stadium, Abu Dhabi",Abu Dhabi,Mumbai Indians,Chennai Super Kings,Chennai Super Kings,0,1604.3328559836286,1588.12944744294,16.203408540688542,0.8,0.4,0.4,1.0,0.3333333333333333,0.6666666666666667,0.7,0.4,0.29999999999999993,0.18000000000000005,0.8,0,0,field,0.6666666666666666,0.5714285714285714,147.42857142857142,0.42857142857142855,6,0.0,0.5,1,0,91.67512670279999,85.2608230583103,6.414303644489692,55.355758555896934,50.00604852652064,5.349710029376297,0,1,0.5930232558139535,0.6533333333333333,-0.06031007751937978,0.0,0.6533333333333333,-0.6533333333333333,1,0,0.5714285714285714,9,0,0.5,0.5,0.6666666666666666,0.6666666666666666
1216493,2.0,2021,2020-09-20,Dubai International Cricket Stadium,,Delhi Capitals,Kings XI Punjab,Delhi Capitals,1,1523.8937103488288,1457.144170822154,66.74953952667488,0.6,0.2,0.39999999999999997,0.6666666666666666,0.3333333333333333,0.3333333333333333,0.7,0.3,0.39999999999999997,0.5900000000000001,0.5,0,0,field,0.42857142857142855,0.42857142857142855,148.85714285714286,0.5714285714285714,7,0.5,1.0,2,0,92.89243001305283,90.75990992130065,2.132520091752184,56.88353859402968,34.663752827167215,22.219785766862465,0,0,0.494949494949495,0.5176470588235295,-0.022697563874034488,0.0,0.5176470588235295,-0.5176470588235295,1,0,0.4285714285714286,9,0,0.5,0.5,0.42857142857142855,0.42857142857142855
1216534,3.0,2021,2020-09-21,Dubai International Cricket Stadium,,Royal Challengers Bengaluru,Sunrisers Hyderabad,Royal Challengers Bengaluru,1,1473.282089623608,1508.041616212055,-34.75952658844699,0.8,0.2,0.6000000000000001,0.6666666666666666,0.0,0.6666666666666666,0.5,0.3,0.2,0.63,0.4,0,0,field,0.42857142857142855,0.5,149.875,0.5,7,0.5,1.0,3,0,84.52083391842427,89.81521427076235,-5.294380352338081,56.34018759018759,50.004238602382664,6.335948987804926,0,1,0.5212765957446809,0.5064935064935064,0.014783089251174442,0.0,0.5064935064935064,-0.5064935064935064,1,0,0.5,9,0,0.0,1.0,0.42857142857142855,0.42857142857142855
1216496,4.0,2021,2020-09-22,Sharjah Cricket Stadium,,Rajasthan Royals,Chennai Super Kings,Rajasthan Royals,1,1496.2629071554993,1600.688687952192,-104.4257807966926,0.6,0.4,0.19999999999999996,0.6666666666666666,0.6666666666666666,0.0,0.5,0.4,0.09999999999999998,0.39,0.3,0,0,field,0.3333333333333333,0.3333333333333333,158.16666666666666,0.6666666666666666,6,0.0,1.0,4,0,89.78247276184995,85.85414275837846,3.928330003471487,59.07003895758222,58.6592260500236,0.410812907558622,0,0,0.5897435897435898,0.6578947368421053,-0.06815114709851555,0.0,0.6578947368421053,-0.6578947368421053,1,0,0.33333333333333337,9,0,0.5,0.5,0.3333333333333333,0.3333333333333333
1216508,5.0,2021,2020-09-23,"Sheikh Zayed Stadium, Abu Dhabi",Abu Dhabi,Mumbai Indians,Kolkata Knight Riders,Mumbai Indians,1,1591.7736154743768,1515.9037104118481,75.86990506252869,0.8,0.4,0.4,0.6666666666666666,0.6666666666666666,0.0,0.7,0.3,0.39999999999999997,0.6000000000000001,0.9,0,0,field,0.7142857142857143,0.5,149.25,0.5,7,0.0,0.3333333333333333,5,0,94.33649562055939,94.26508867240202,0.07140694815737447,48.40974803800082,43.35268536638399,5.057062671616833,0,1,0.5930232558139535,0.6105263157894737,-0.017503059975520152,0.0,0.6105263157894737,-0.6105263157894737,1,0,0.5,9,0,1.0,0.0,0.7142857142857143,0.7142857142857143
1216510,6.0,2021,2020-09-24,Dubai International Cricket Stadium,,Kings XI Punjab,Royal Challengers Bengaluru,Kings XI Punjab,1,1447.4216659185079,1486.4786515944334,-39.05698567592549,0.2,0.8,-0.6000000000000001,0.3333333333333333,0.6666666666666666,-0.3333333333333333,0.3,0.6,-0.3,-0.6799999999999999,0.3,0,0,field,0.375,0.5555555555555556,151.33333333333334,0.4444444444444444,8,0.5,0.6666666666666666,6,0,91.57414024576836,86.08683893824457,5.4873013075237935,76.22279030134014,74.90889802628932,1.3138922750508186,0,1,0.5116279069767442,0.5212765957446809,-0.009648688767936675,0.0,0.5212765957446809,-0.5212765957446809,1,0,0.5555555555555556,9,0,0.0,1.0,0.375,0.375
1216539,7.0,2021,2020-09-25,Dubai International Cricket Stadium,,Delhi Capitals,Chennai Super Kings,Delhi Capitals,1,1533.6162152524748,1585.1867707852234,-51.570555532748585,0.6,0.4,0.19999999999999996,0.6666666666666666,0.3333333333333333,0.3333333333333333,0.7,0.4,0.29999999999999993,0.16000000000000003,0.2,0,0,field,0.3333333333333333,0.6,156.8,0.4,9,0.6666666666666666,1.0,7,0,86.3618477923018,88.58699149496553,-2.225143702663729,64.2071371905539,49.830990839179684,14.37614635137421,0,1,0.494949494949495,0.6493506493506493,-0.15440115440115437,0.0,0.6493506493506493,-0.6493506493506493,1,0,0.6,9,0,0.0,1.0,0.3333333333333333,0.3333333333333333
1216545,8.0,2021,2020-09-26,"Sheikh Zayed Stadium, Abu Dhabi",Abu Dhabi,Sunrisers Hyderabad,Kolkata Knight Riders,Kolkata Knight Riders,0,1494.8450542412297,1506.4832906122012,-11.638236370971526,0.2,0.4,-0.2,0.0,0.3333333333333333,-0.3333333333333333,0.3,0.2,0.09999999999999998,-0.10000000000000003,0.5,1,1,bat,0.625,0.5555555555555556,154.33333333333334,0.4444444444444444,8,0.0,0.25,8,0,94.0560263261277,93.39260871126528,0.6634176148624107,62.264817405961814,60.88095238095237,1.3838650250094418,0,1,0.5,0.6041666666666666,-0.10416666666666663,0.0,0.6041666666666666,-0.6041666666666666,1,0,0.5555555555555556,9,0,0.5,0.5,0.625,0.625
1216527,9.0,2021,2020-09-27,Sharjah Cricket Stadium,,Kings XI Punjab,Rajasthan Royals,Rajasthan Royals,0,1460.7649925719363,1511.7648243224678,-50.999831750531484,0.4,0.6,-0.19999999999999996,0.6666666666666666,0.6666666666666666,0.0,0.3,0.5,-0.2,-0.25,0.6,0,0,field,0.2857142857142857,0.42857142857142855,166.42857142857142,0.5714285714285714,7,1.0,0.5,9,0,85.30045148598825,94.2279617090641,-8.927510223075856,81.51854574415441,51.77801558303289,29.74053016112152,0,0,0.5116279069767442,0.5897435897435898,-0.07811568276684555,0.0,0.5897435897435898,-0.5897435897435898,1,0,0.4285714285714286,9,0,0.0,1.0,0.2857142857142857,0.2857142857142857
1216547,10.0,2021,2020-09-28,Dubai International Cricket Stadium,,Royal Challengers Bengaluru,Mumbai Indians,Royal Challengers Bengaluru,1,1473.135324941005,1601.1940352740237,-128.05871033301878,0.6,0.8,-0.20000000000000007,0.6666666666666666,0.6666666666666666,0.0,0.6,0.7,-0.09999999999999998,-0.20999999999999996,0.2,0,0,field,0.3,0.6363636363636364,158.45454545454547,0.36363636363636365,10,0.5,0.0,10,0,87.34153494775494,91.30586974128687,-3.9643347935319326,59.04119650123486,59.42023897511702,-0.3790424738821656,0,1,0.5157894736842106,0.5930232558139535,-0.07723378212974297,0.0,0.5930232558139535,-0.5930232558139535,1,0,0.6363636363636364,9,0,0.0,1.0,0.3,0.3
1216532,11.0,2021,2020-09-29,"Sheikh Zayed Stadium, Abu Dhabi",Abu Dhabi,Sunrisers Hyderabad,Delhi Capitals,Sunrisers Hyderabad,1,1483.246874403996,1547.3844323529886,-64.13755794899271,0.0,0.8,-0.8,0.0,0.6666666666666666,-0.6666666666666666,0.3,0.7,-0.39999999999999997,-0.7999999999999999,0.5,0,0,field,0.5555555555555556,0.5,153.1,0.5,9,0.0,0.0,11,0,83.60992599786913,86.90284539976076,-3.2929194018916377,45.60158971773413,64.86772899929386,-19.26613928155973,0,1,0.5,0.494949494949495,0.0050505050505050275,0.0,0.494949494949495,-0.494949494949495,1,0,0.5,9,0,0.6666666666666666,0.33333333333333337,0.5555555555555556,0.5555555555555556
1216504,12.0,2021,2020-09-30,Dubai International Cricket Stadium,,Kolkata Knight Riders,Rajasthan Royals,Kolkata Knight Riders,1,1518.081470449435,1522.015895976694,-3.934425527259009,0.6,0.8,-0.20000000000000007,0.3333333333333333,0.6666666666666666,-0.3333333333333333,0.3,0.6,-0.3,-0.12,0.5,0,0,field,0.3,0.6666666666666666,162.0,0.3333333333333333,10,0.0,0.0,12,0,91.57678741457907,95.6956840373144,-4.1188966227353205,51.97222222222223,40.74366184153629,11.228560380685941,0,1,0.6082474226804123,0.5949367088607594,0.013310713819652875,0.0,0.5949367088607594,-0.5949367088607594,1,0,0.6666666666666667,9,0,0.0,1.0,0.3,0.3
1216503,13.0,2021,2020-10-01,"Sheikh Zayed Stadium, Abu Dhabi",Abu Dhabi,Mumbai Indians,Kings XI Punjab,Mumbai Indians,1,1584.9610196414183,1450.51392091771,134.44709872370822,0.6,0.4,0.19999999999999996,0.3333333333333333,0.3333333333333333,0.0,0.6,0.3,0.3,0.35,0.6,0,0,field,0.5,0.5454545454545454,153.9090909090909,0.45454545454545453,10,0.3333333333333333,1.0,13,0,89.97715062188331,86.84087232424149,3.136278297641823,51.05048164517573,59.87804808703272,-8.827566441856987,0,1,0.5862068965517241,0.5116279069767442,0.07457898957497988,0.0,0.5116279069767442,-0.5116279069767442,1,0,0.5454545454545454,10,0,0.5,0.5,0.5,0.5
1216516,14.0,2021,2020-10-02,Dubai International Cricket Stadium,,Sunrisers Hyderabad,Chennai Super Kings,Sunrisers Hyderabad,1,1497.4372818308484,1571.4185536847097,-73.98127185386124,0.2,0.4,-0.2,0.3333333333333333,0.3333333333333333,0.0,0.3,0.4,-0.10000000000000003,-0.47000000000000003,0.3,1,1,bat,0.2727272727272727,0.6923076923076923,162.92307692307693,0.3076923076923077,11,0.6666666666666666,0.6666666666666666,14,0,86.20443428956929,89.0544672656988,-2.850032976129512,53.84959683644397,49.03773525550679,4.811861580937183,0,1,0.5,0.6410256410256411,-0.14102564102564108,0.0,0.6410256410256411,-0.6410256410256411,1,0,0.6923076923076923,10,0,0.5,0.5,0.2727272727272727,0.2727272727272727
1216514,15.0,2021,2020-10-03,"Sheikh Zayed Stadium, Abu Dhabi",Abu Dhabi,Rajasthan Royals,Royal Challengers Bengaluru,Royal Challengers Bengaluru,0,1509.8800115415963,1489.3683405736103,20.511670967985992,0.6,0.6,0.0,0.6666666666666666,0.6666666666666666,0.0,0.6,0.7,-0.09999999999999998,0.14,0.6,1,1,bat,0.45454545454545453,0.5833333333333334,157.0,0.4166666666666667,11,1.0,0.0,15,0,95.93791034200243,88.84128639050587,7.096623951496554,44.641220568840616,60.0426887926888,-15.401468223848184,0,1,0.5875,0.5157894736842106,0.07171052631578945,0.0,0.5157894736842106,-0.5157894736842106,1,0,0.5833333333333333,10,0,0.0,1.0,0.45454545454545453,0.45454545454545453
1216515,16.0,2021,2020-10-03,Sharjah Cricket Stadium,,Delhi Capitals,Kolkata Knight Riders,Delhi Capitals,1,1533.194024926136,1530.2173548845328,2.9766700416032563,0.6,0.6,0.0,0.6666666666666666,0.6666666666666666,0.0,0.7,0.4,0.29999999999999993,0.1200000000000001,0.4,0,0,field,0.375,0.375,173.5,0.625,8,0.5,1.0,16,0,89.08030801163652,89.88300984813159,-0.8027018364950749,60.16800503005075,63.48363095238096,-3.315625922330213,0,0,0.49,0.6082474226804123,-0.11824742268041233,0.0,0.6082474226804123,-0.6082474226804123,1,0,0.375,10,0,0.5,0.5,0.375,0.375
1216513,18.0,2021,2020-10-04,Dubai International Cricket Stadium,,Kings XI Punjab,Chennai Super Kings,Chennai Super Kings,0,1442.9388613016179,1556.9012624121053,-113.96240111048746,0.4,0.2,0.2,0.3333333333333333,0.0,0.3333333333333333,0.3,0.3,0.0,0.30000000000000004,0.5,1,1,bat,0.3333333333333333,0.7142857142857143,163.0,0.2857142857142857,12,0.6666666666666666,0.5,17,0,89.80116131209464,87.95078931586825,1.8503719962263858,58.2816516326473,45.67813571764865,12.603515914998653,0,1,0.5057471264367817,0.6329113924050633,-0.12716426596828168,0.0,0.6329113924050633,-0.6329113924050633,1,0,0.7142857142857143,10,0,0.0,1.0,0.3333333333333333,0.3333333333333333
1216538,17.0,2021,2020-10-04,Sharjah Cricket Stadium,,Mumbai Indians,Sunrisers Hyderabad,Mumbai Indians,1,1592.5360792575104,1511.9545731034527,80.5815061540577,0.6,0.4,0.19999999999999996,0.6666666666666666,0.6666666666666666,0.0,0.7,0.3,0.39999999999999997,0.43,0.5,1,1,bat,0.3333333333333333,0.4444444444444444,179.55555555555554,0.5555555555555556,9,0.0,0.0,18,0,91.26306847452709,87.28959787871679,3.973470595810298,51.45413003996047,48.4128508484898,3.0412791914706645,0,0,0.5862068965517241,0.5,0.08620689655172409,0.0,0.5,-0.5,1,0,0.4444444444444444,10,0,0.0,1.0,0.3333333333333333,0.3333333333333333
1216519,19.0,2021,2020-10-05,Dubai International Cricket Stadium,,Delhi Capitals,Royal Challengers Bengaluru,Delhi Capitals,1,1545.091216900622,1502.0759666600113,43.01525024061061,0.6,0.8,-0.20000000000000007,0.6666666666666666,0.6666666666666666,0.0,0.7,0.7,0.0,-0.2699999999999999,0.3,0,0,field,0.3076923076923077,0.6666666666666666,164.0,0.3333333333333333,13,0.75,0.6,19,0,93.27475965899886,92.01238236638957,1.2623772926092869,62.87207443087838,62.83671626386859,0.035358167009789554,0,1,0.49,0.5208333333333334,-0.03083333333333338,0.0,0.5208333333333334,-0.5208333333333334,1,0,0.6666666666666667,10,0,0.5,0.5,0.3076923076923077,0.3076923076923077
1216511,20.0,2021,2020-10-06,"Sheikh Zayed Stadium, Abu Dhabi",Abu Dhabi,Mumbai Indians,Rajasthan Royals,Mumbai Indians,1,1601.8017466168956,1497.1723854551954,104.62936116170022,0.6,0.4,0.19999999999999996,0.6666666666666666,0.3333333333333333,0.3333333333333333,0.7,0.5,0.19999999999999996,0.0,0.5,1,1,bat,0.4166666666666667,0.5384615384615384,156.76923076923077,0.46153846153846156,12,0.5,0.75,20,0,93.10288491707624,95.93791034200243,-2.8350254249261866,52.32014783525947,47.20764949845472,5.112498336804748,0,1,0.5862068965517241,0.5875,-0.001293103448275934,0.0,0.5875,-0.5875,1,0,0.5384615384615384,10,0,0.5,0.5,0.4166666666666667,0.4166666666666667
1216501,21.0,2021,2020-10-07,"Sheikh Zayed Stadium, Abu Dhabi",Abu Dhabi,Kolkata Knight Riders,Chennai Super Kings,Kolkata Knight Riders,1,1518.320162910047,1565.1004822135171,-46.78031930347015,0.4,0.4,0.0,0.6666666666666666,0.3333333333333333,0.3333333333333333,0.4,0.4,0.0,-0.10999999999999999,0.3,1,1,bat,0.46153846153846156,0.5714285714285714,159.35714285714286,0.42857142857142855,13,0.4,0.6666666666666666,21,0,93.17750064213013,89.28771510423611,3.8897855378940136,51.11337868480725,43.88241651433528,7.230962170471969,0,1,0.6020408163265306,0.6375,-0.03545918367346934,0.0,0.6375,-0.6375,1,0,0.5714285714285714,10,0,0.3333333333333333,0.6666666666666667,0.46153846153846156,0.46153846153846156
1216542,22.0,2021,2020-10-08,Dubai International Cricket Stadium,,Sunrisers Hyderabad,Kings XI Punjab,Sunrisers Hyderabad,1,1502.6889057440676,1434.739641500206,67.94926424386153,0.4,0.2,0.2,0.6666666666666666,0.0,0.6666666666666666,0.3,0.2,0.09999999999999998,0.07,0.8,1,1,bat,0.2857142857142857,0.6875,166.0,0.3125,14,0.75,0.5,22,0,91.61656717476072,87.52451156108937,4.092055613671349,49.128159021207146,51.67264596259287,-2.5444869413857205,0,1,0.4936708860759494,0.5057471264367817,-0.012076240360832269,0.0,0.5057471264367817,-0.5057471264367817,1,0,0.6875,10,0,0.3333333333333333,0.6666666666666667,0.2857142857142857,0.2857142857142857
1216500,23.0,2021,2020-10-09,Sharjah Cricket Stadium,,Delhi Capitals,Rajasthan Royals,Delhi Capitals,1,1555.6130676298412,1488.680734124182,66.93233350565924,0.8,0.4,0.4,0.6666666666666666,0.0,0.6666666666666666,0.7,0.5,0.19999999999999996,0.19999999999999996,0.3,0,0,field,0.4,0.5,182.4,0.5,10,0.6666666666666666,0.6666666666666666,23,0,93.67565005891973,95.57048841916102,-1.8948383602412946,65.5539458493331,47.924220425246595,17.62972542408651,0,1,0.49,0.5802469135802469,-0.09024691358024695,0.0,0.5802469135802469,-0.5802469135802469,1,0,0.5,10,0,0.0,1.0,0.4,0.4
1216523,24.0,2021,2020-10-10,"Sheikh Zayed Stadium, Abu Dhabi",Abu Dhabi,Kolkata Knight Riders,Kings XI Punjab,Kolkata Knight Riders,1,1531.9262042128312,1425.0570547091966,106.86914950363462,0.6,0.2,0.39999999999999997,0.6666666666666666,0.0,0.6666666666666666,0.5,0.2,0.3,0.18000000000000005,0.8,1,1,bat,0.5,0.6,159.86666666666667,0.4,14,0.5,0.6666666666666666,24,0,93.57234898113529,86.75441821870189,6.817930762433406,51.525631017434286,52.65828327107969,-1.1326522536454036,0,1,0.6020408163265306,0.5,0.10204081632653061,0.0,0.5,-0.5,1,0,0.6,10,0,0.25,0.75,0.5,0.5
1216525,25.0,2021,2020-10-10,Dubai International Cricket Stadium,,Royal Challengers Bengaluru,Chennai Super Kings,Royal Challengers Bengaluru,1,1491.554115930792,1551.494440910733,-59.9403249799409,0.6,0.2,0.39999999999999997,0.6666666666666666,0.3333333333333333,0.3333333333333333,0.7,0.3,0.39999999999999997,0.55,0.3,1,1,bat,0.3333333333333333,0.7058823529411765,168.05882352941177,0.29411764705882354,15,0.5,0.6,25,0,88.24208972154176,89.97262190625096,-1.7305321847092046,60.06949191159716,51.85979742468635,8.209694486910813,0,1,0.5154639175257731,0.6296296296296297,-0.11416571210385651,0.0,0.6296296296296297,-0.6296296296296297,1,0,0.7058823529411764,10,0,0.25,0.75,0.3333333333333333,0.3333333333333333
1216507,26.0,2021,2020-10-11,Dubai International Cricket Stadium,,Sunrisers Hyderabad,Rajasthan Royals,Rajasthan Royals,0,1512.371492535077,1478.9643146765673,33.40717785850984,0.6,0.2,0.39999999999999997,0.6666666666666666,0.0,0.6666666666666666,0.4,0.4,0.0,0.18000000000000005,0.6,1,1,bat,0.375,0.7222222222222222,168.11111111111111,0.2777777777777778,16,0.8,0.0,26,0,89.82462211374103,95.33668975839606,-5.512067644655033,58.90073014407161,51.470299964926596,7.430430179145013,0,1,0.4936708860759494,0.573170731707317,-0.07949984563136764,0.0,0.573170731707317,-0.573170731707317,0,0,0.7222222222222222,10,0,0.2,0.8,0.375,0.375
1216529,27.0,2021,2020-10-11,"Sheikh Zayed Stadium, Abu Dhabi",Abu Dhabi,Delhi Capitals,Mumbai Indians,Mumbai Indians,0,1565.329487077456,1610.293397947909,-44.96391087045299,0.8,0.8,0.0,1.0,1.0,0.0,0.7,0.8,-0.10000000000000009,0.0,0.5,1,1,bat,0.5333333333333333,0.625,160.125,0.375,15,0.0,0.6,27,0,93.37485170997982,94.11737160192212,-0.742519891942294,67.49364423655874,57.067814329602946,10.42582990695579,0,1,0.49,0.5862068965517241,-0.0962068965517241,0.0,0.5862068965517241,-0.5862068965517241,0,0,0.625,10,0,0.2,0.8,0.5333333333333333,0.5333333333333333
1216540,28.0,2021,2020-10-12,Sharjah Cricket Stadium,,Royal Challengers Bengaluru,Kolkata Knight Riders,Royal Challengers Bengaluru,1,1505.60408332482,1540.3472424282602,-34.74315910344012,0.6,0.8,-0.20000000000000007,0.6666666666666666,0.6666666666666666,0.0,0.7,0.6,0.09999999999999998,-0.2699999999999999,0.4,1,1,bat,0.36363636363636365,0.5454545454545454,182.54545454545453,0.45454545454545453,11,0.5,0.5,28,0,86.17798214242201,94.33262020866103,-8.154638066239016,65.69266487609066,50.940860363766,14.75180451232466,0,1,0.5154639175257731,0.6020408163265306,-0.08657689880075747,0.0,0.6020408163265306,-0.6020408163265306,0,0,0.5454545454545454,10,0,0.0,1.0,0.36363636363636365,0.36363636363636365
1216528,29.0,2021,2020-10-13,Dubai International Cricket Stadium,,Chennai Super Kings,Sunrisers Hyderabad,Chennai Super Kings,1,1537.4444735167049,1499.221192344111,38.22328117259394,0.2,0.6,-0.39999999999999997,0.3333333333333333,0.3333333333333333,0.0,0.3,0.3,0.0,-0.52,0.6,1,1,bat,0.35294117647058826,0.6842105263157895,167.57894736842104,0.3157894736842105,17,0.5,0.6666666666666666,29,0,89.36601863181687,90.34948213426154,-0.9834635024446641,46.216927181515324,58.74462938330263,-12.527702201787307,0,1,0.6219512195121951,0.4936708860759494,0.12828033343624573,0.0,0.4936708860759494,-0.4936708860759494,0,0,0.6842105263157895,10,0,0.3333333333333333,0.6666666666666667,0.35294117647058826,0.35294117647058826
1216543,30.0,2021,2020-10-14,Dubai International Cricket Stadium,,Delhi Capitals,Rajasthan Royals,Delhi Capitals,1,1554.8738730310813,1492.1146148675334,62.759258163547884,0.6,0.2,0.39999999999999997,0.6666666666666666,0.3333333333333333,0.3333333333333333,0.7,0.5,0.19999999999999996,0.49000000000000005,0.4,1,1,bat,0.3888888888888889,0.7,167.55,0.3,18,0.8,0.3333333333333333,30,0,93.2464079046164,95.37142506678595,-2.1250171621695415,64.97228941076354,49.49933481425942,15.472954596504117,0,1,0.49,0.5783132530120482,-0.08831325301204818,0.0,0.5783132530120482,-0.5783132530120482,0,0,0.7,10,0,0.2857142857142857,0.7142857142857143,0.3888888888888889,0.3888888888888889
1216531,31.0,2021,2020-10-15,Sharjah Cricket Stadium,,Royal Challengers Bengaluru,Kings XI Punjab,Kings XI Punjab,0,1518.8000856008946,1416.6360164937676,102.16406910712703,0.8,0.0,0.8,0.6666666666666666,0.0,0.6666666666666666,0.7,0.2,0.49999999999999994,0.7999999999999999,0.6,1,1,bat,0.4166666666666667,0.5833333333333334,183.5,0.4166666666666667,12,0.6666666666666666,0.6666666666666666,31,0,86.34194922808429,88.97675175661024,-2.6348025285259524,68.12111605454184,54.97189020455443,13.149225849987417,0,1,0.5154639175257731,0.4943820224719101,0.021081895053863042,0.0,0.4943820224719101,-0.4943820224719101,0,0,0.5833333333333333,10,0,0.0,1.0,0.4166666666666667,0.4166666666666667
1216526,32.0,2021,2020-10-16,"Sheikh Zayed Stadium, Abu Dhabi",Abu Dhabi,Kolkata Knight Riders,Mumbai Indians,Mumbai Indians,0,1527.1512401521857,1620.7490119942836,-93.59777184209793,0.6,0.8,-0.20000000000000007,0.6666666666666666,1.0,-0.33333333333333337,0.6,0.8,-0.20000000000000007,0.020000000000000018,0.1,1,1,bat,0.5,0.5882352941176471,160.23529411764707,0.4117647058823529,16,0.5714285714285714,0.6666666666666666,32,0,92.55522264787903,94.44268741156003,-1.8874647636809954,46.280096308186195,53.628978979003115,-7.34888267081692,0,1,0.5959595959595959,0.5909090909090909,0.005050505050504972,0.0,0.5909090909090909,-0.5909090909090909,0,0,0.5882352941176471,10,0,0.3333333333333333,0.6666666666666667,0.5,0.5
1216509,34.0,2021,2020-10-17,Sharjah Cricket Stadium,,Chennai Super Kings,Delhi Capitals,Delhi Capitals,0,1548.1295887378465,1564.7295173709658,-16.59992863311936,0.4,0.8,-0.4,0.3333333333333333,0.6666666666666666,-0.3333333333333333,0.4,0.7,-0.29999999999999993,-0.55,0.7,1,1,bat,0.38461538461538464,0.5384615384615384,182.53846153846155,0.46153846153846156,13,0.5,0.75,33,0,89.62075671318614,92.59363730070996,-2.972880587523818,47.9414413873648,65.12013126479549,-17.178689877430692,0,1,0.6219512195121951,0.49,0.13195121951219513,0.0,0.49,-0.49,0,0,0.5384615384615384,10,0,0.2,0.8,0.38461538461538464,0.38461538461538464
1216522,33.0,2021,2020-10-17,Dubai International Cricket Stadium,,Rajasthan Royals,Royal Challengers Bengaluru,Royal Challengers Bengaluru,0,1482.258970527649,1503.3697675635083,-21.110797035859378,0.2,0.6,-0.39999999999999997,0.3333333333333333,0.6666666666666666,-0.3333333333333333,0.4,0.6,-0.19999999999999996,-0.55,0.6,1,1,bat,0.42105263157894735,0.7142857142857143,167.23809523809524,0.2857142857142857,19,0.25,0.5714285714285714,34,0,95.13822053483834,86.08064934863873,9.05757118619961,50.86404212479713,61.538679443533816,-10.674637318736686,0,1,0.5714285714285714,0.5154639175257731,0.055964653902798256,0.0,0.5154639175257731,-0.5154639175257731,0,0,0.7142857142857143,10,0,0.25,0.75,0.6,0.42105263157894735
1216517,36.0,2021,2020-10-18,Dubai International Cricket Stadium,,Mumbai Indians,Kings XI Punjab,Kings XI Punjab,0,1629.5922588427254,1432.0663345311539,197.52592431157154,1.0,0.2,0.8,1.0,0.3333333333333333,0.6666666666666667,0.8,0.3,0.5,0.92,0.7,1,1,bat,0.4,0.6818181818181818,167.6818181818182,0.3181818181818182,20,0.0,0.4,35,0,94.9762176494381,86.07776635547161,8.898451293966488,54.670898222894095,55.28767888923065,-0.6167806663365525,0,1,0.5955056179775281,0.5,0.0955056179775281,0.0,0.5,-0.5,0,0,0.6818181818181819,10,0,0.3333333333333333,0.6666666666666667,0.5454545454545454,0.4
1216512,35.0,2021,2020-10-18,"Sheikh Zayed Stadium, Abu Dhabi",Abu Dhabi,Kolkata Knight Riders,Sunrisers Hyderabad,Kolkata Knight Riders,1,1518.3079933037438,1488.5360771229693,29.771916180774497,0.4,0.4,0.0,0.3333333333333333,0.3333333333333333,0.0,0.5,0.3,0.2,-0.10000000000000003,0.5,0,0,field,0.47058823529411764,0.5555555555555556,159.55555555555554,0.4444444444444444,17,0.5,0.3333333333333333,36,0,91.25769393485996,90.11835929083786,1.1393346440220995,45.81348740200897,53.25037690331461,-7.436889501305643,0,1,0.5959595959595959,0.4875,0.10845959595959592,0.0,0.4875,-0.4875,0,0,0.5555555555555556,10,0,0.42857142857142855,0.5714285714285714,0.5,0.47058823529411764
1216533,37.0,2021,2020-10-19,"Sheikh Zayed Stadium, Abu Dhabi",Abu Dhabi,Chennai Super Kings,Rajasthan Royals,Rajasthan Royals,0,1536.7024940886618,1470.987215621661,65.71527846700064,0.4,0.2,0.2,0.3333333333333333,0.3333333333333333,0.0,0.3,0.3,0.0,0.26999999999999996,0.6,1,1,bat,0.47058823529411764,0.5789473684210527,159.73684210526315,0.42105263157894735,17,0.5,0.6,37,0,89.13645974732192,94.45746955704219,-5.321009809720266,46.33839113291365,50.207563804529144,-3.8691726716154946,0,1,0.6219512195121951,0.5714285714285714,0.05052264808362372,0.0,0.5714285714285714,-0.5714285714285714,0,0,0.5789473684210527,10,0,0.375,0.625,0.5,0.47058823529411764
1216546,38.0,2021,2020-10-20,Dubai International Cricket Stadium,,Delhi Capitals,Kings XI Punjab,Kings XI Punjab,0,1576.1566120201505,1450.2376397676821,125.9189722524684,0.8,0.4,0.4,0.6666666666666666,0.6666666666666666,0.0,0.7,0.4,0.29999999999999993,0.5999999999999999,0.5,1,1,bat,0.4,0.6521739130434783,168.04347826086956,0.34782608695652173,20,0.8333333333333334,0.5,38,0,94.60438545127587,86.06633579034158,8.538049660934291,62.1725474530629,53.28271947723719,8.88982797582571,0,1,0.49504950495049505,0.5054945054945055,-0.01044500054401043,0.0,0.5054945054945055,-0.5054945054945055,0,0,0.6521739130434783,10,0,0.4,0.6,0.5454545454545454,0.4
1216494,39.0,2021,2020-10-21,"Sheikh Zayed Stadium, Abu Dhabi",Abu Dhabi,Kolkata Knight Riders,Royal Challengers Bengaluru,Royal Challengers Bengaluru,0,1529.2822172282167,1514.641522469496,14.640694758720656,0.6,0.6,0.0,0.3333333333333333,0.6666666666666666,-0.3333333333333333,0.5,0.7,-0.19999999999999996,0.1499999999999999,0.6,1,1,bat,0.4444444444444444,0.55,158.0,0.45,18,0.5555555555555556,0.5,39,0,90.22791146024608,85.2911338278148,4.936777632431273,49.07518821391485,62.289291036581936,-13.214102822667087,0,1,0.5959595959595959,0.5204081632653061,0.07555143269428977,0.0,0.5204081632653061,-0.5204081632653061,0,0,0.55,10,0,0.4444444444444444,0.5555555555555556,0.45454545454545453,0.4444444444444444
1216518,40.0,2021,2020-10-22,Dubai International Cricket Stadium,,Rajasthan Royals,Sunrisers Hyderabad,Sunrisers Hyderabad,0,1485.2302559783545,1477.5618531984965,7.66840277985807,0.4,0.2,0.2,0.3333333333333333,0.0,0.3333333333333333,0.4,0.3,0.10000000000000003,0.08000000000000002,0.5,0,0,field,0.38095238095238093,0.625,167.875,0.375,21,0.2,0.5714285714285714,40,0,94.53559092416613,88.44285556307132,6.09273536109481,52.067717290883415,54.597815038175135,-2.5300977472917197,0,1,0.5764705882352941,0.48148148148148145,0.09498910675381261,0.0,0.48148148148148145,-0.48148148148148145,0,0,0.625,10,0,0.45454545454545453,0.5454545454545454,0.5,0.38095238095238093
1216521,41.0,2021,2020-10-23,Sharjah Cricket Stadium,,Chennai Super Kings,Mumbai Indians,Mumbai Indians,0,1522.4594537319683,1611.4209536061971,-88.96149987422882,0.2,0.8,-0.6000000000000001,0.3333333333333333,0.6666666666666666,-0.3333333333333333,0.3,0.7,-0.39999999999999997,-0.72,0.2,0,0,field,0.35714285714285715,0.5,182.28571428571428,0.5,14,0.3333333333333333,0.5,41,0,86.99724347931453,95.46674614155575,-8.469502662241212,54.27511978372848,54.97998170152641,-0.7048619177979347,0,1,0.6219512195121951,0.5955056179775281,0.026445601534667018,0.0,0.5955056179775281,-0.5955056179775281,0,0,0.5,10,0,0.3333333333333333,0.6666666666666667,0.35714285714285715,0.35714285714285715
1216498,43.0,2021,2020-10-24,Dubai International Cricket Stadium,,Kings XI Punjab,Sunrisers Hyderabad,Kings XI Punjab,1,1466.405807528568,1489.8266674475378,-23.42085991896988,0.6,0.4,0.19999999999999996,1.0,0.3333333333333333,0.6666666666666667,0.4,0.4,0.0,-0.02999999999999997,0.2,0,0,field,0.4090909090909091,0.6,167.32,0.4,22,0.5714285714285714,0.625,42,0,86.70933484413065,89.09078112762506,-2.3814462834944123,51.45620179065666,62.519026444213786,-11.06282465355713,0,1,0.5108695652173914,0.4878048780487805,0.023064687168610876,0.0,0.4878048780487805,-0.4878048780487805,0,0,0.6,10,0,0.5,0.5,0.5,0.3
1216497,42.0,2021,2020-10-24,"Sheikh Zayed Stadium, Abu Dhabi",Abu Dhabi,Kolkata Knight Riders,Delhi Capitals,Kolkata Knight Riders,1,1516.7768446438745,1559.9884442592647,-43.21159961539024,0.4,0.6,-0.19999999999999996,0.3333333333333333,0.6666666666666666,-0.3333333333333333,0.5,0.7,-0.19999999999999996,-0.20000000000000007,0.5,0,0,field,0.42105263157894735,0.5238095238095238,154.47619047619048,0.47619047619047616,19,0.5,0.0,43,0,85.4342019397499,94.53054604740342,-9.096344107653522,50.83164408573725,62.48333522370812,-11.651691137970865,0,1,0.5959595959595959,0.49504950495049505,0.10091009100910087,0.0,0.49504950495049505,-0.49504950495049505,0,0,0.5238095238095238,10,0,0.5,0.5,0.4166666666666667,0.42105263157894735
1216544,44.0,2021,2020-10-25,Dubai International Cricket Stadium,,Royal Challengers Bengaluru,Chennai Super Kings,Chennai Super Kings,0,1527.1468950538383,1513.4666409666215,13.680254087216781,0.8,0.2,0.6000000000000001,0.6666666666666666,0.0,0.6666666666666666,0.7,0.2,0.49999999999999994,0.5499999999999999,0.3,1,1,bat,0.391304347826087,0.6153846153846154,165.73076923076923,0.38461538461538464,23,0.625,0.5714285714285714,44,0,87.58324944988432,87.42783897718371,0.15541047270060915,63.41069293761009,49.979001502741504,13.431691434868583,0,1,0.5252525252525253,0.6219512195121951,-0.09669869425966982,0.0,0.6219512195121951,-0.6219512195121951,0,0,0.6153846153846154,10,0,0.46153846153846156,0.5384615384615384,0.5,0.2727272727272727
1216541,45.0,2021,2020-10-25,"Sheikh Zayed Stadium, Abu Dhabi",Abu Dhabi,Mumbai Indians,Rajasthan Royals,Rajasthan Royals,0,1620.413766371544,1472.9654417293132,147.44832464223077,0.8,0.4,0.4,0.6666666666666666,0.3333333333333333,0.3333333333333333,0.7,0.3,0.39999999999999997,0.41000000000000003,0.5,1,1,bat,0.4,0.5454545454545454,156.27272727272728,0.45454545454545453,20,0.7142857142857143,0.6666666666666666,45,0,95.26243240287006,94.1094052254145,1.1530271774555558,57.75597362820006,51.9077232280772,5.848250400122858,0,1,0.6,0.5764705882352941,0.02352941176470591,0.0,0.5764705882352941,-0.5764705882352941,0,0,0.5454545454545454,10,0,0.45454545454545453,0.5454545454545454,0.4166666666666667,0.4
1216520,46.0,2021,2020-10-26,Sharjah Cricket Stadium,,Kolkata Knight Riders,Kings XI Punjab,Kings XI Punjab,0,1530.2616722173357,1479.2135122864634,51.048159930872316,0.4,0.8,-0.4,0.6666666666666666,1.0,-0.33333333333333337,0.6,0.5,0.09999999999999998,-0.37,0.8,0,0,field,0.4,0.4666666666666667,177.73333333333332,0.5333333333333333,15,0.3333333333333333,0.75,46,0,88.54382109254105,85.41048748576642,3.1333336067746274,49.07168007147183,52.28277376046623,-3.2110936889943957,0,0,0.5959595959595959,0.5108695652173914,0.08509003074220456,0.0,0.5108695652173914,-0.5108695652173914,0,0,0.4666666666666667,10,0,0.42857142857142855,0.5714285714285714,0.4,0.4
1216524,47.0,2021,2020-10-27,Dubai International Cricket Stadium,,Sunrisers Hyderabad,Delhi Capitals,Sunrisers Hyderabad,1,1477.0189626896424,1546.5036166858035,-69.48465399616111,0.2,0.4,-0.2,0.3333333333333333,0.3333333333333333,0.0,0.4,0.6,-0.19999999999999996,-0.33,0.5,0,0,field,0.375,0.5925925925925926,164.96296296296296,0.4074074074074074,24,0.5555555555555556,0.7142857142857143,47,0,86.62158419629918,91.76424394254494,-5.142659746245755,64.12769245917347,60.61537013440965,3.5123223247638222,0,1,0.4819277108433735,0.49019607843137253,-0.008268367587999037,0.0,0.49019607843137253,-0.49019607843137253,0,0,0.5925925925925926,10,0,0.5,0.5,0.46153846153846156,0.2727272727272727
1216499,48.0,2021,2020-10-28,"Sheikh Zayed Stadium, Abu Dhabi",Abu Dhabi,Royal Challengers Bengaluru,Mumbai Indians,Mumbai Indians,0,1514.6746398508972,1603.6062946449847,-88.93165479408754,0.6,0.6,0.0,0.6666666666666666,0.3333333333333333,0.3333333333333333,0.6,0.7,-0.09999999999999998,-0.04999999999999993,0.3,0,0,field,0.38095238095238093,0.5217391304347826,157.95652173913044,0.4782608695652174,21,0.6666666666666666,0.625,48,0,84.80767031565901,95.01541722640906,-10.207746910750046,63.643578920782886,54.7145338350349,8.929045085747987,0,1,0.5252525252525253,0.6,-0.07474747474747467,0.0,0.6,-0.6,0,0,0.5217391304347826,10,0,0.5,0.5,0.38461538461538464,0.38095238095238093
1216536,49.0,2021,2020-10-29,Dubai International Cricket Stadium,,Kolkata Knight Riders,Chennai Super Kings,Chennai Super Kings,0,1516.5111101644122,1525.9388961695627,-9.427786005150438,0.4,0.4,0.0,0.3333333333333333,0.3333333333333333,0.0,0.5,0.3,0.2,-0.06,0.4,0,0,field,0.36,0.6071428571428571,166.89285714285714,0.39285714285714285,25,0.5,0.625,49,0,91.16968657652009,86.26942295885434,4.9002636176657575,46.19076033023463,53.541759702286015,-7.350999372051383,0,1,0.5959595959595959,0.6265060240963856,-0.03054642813678965,0.0,0.6265060240963856,-0.6265060240963856,0,0,0.6071428571428572,10,0,0.4666666666666667,0.5333333333333333,0.46153846153846156,0.25
1216537,50.0,2021,2020-10-30,"Sheikh Zayed Stadium, Abu Dhabi",Abu Dhabi,Kings XI Punjab,Rajasthan Royals,Rajasthan Royals,0,1492.9640743393868,1489.7729134558724,3.191160883514385,1.0,0.4,0.6,1.0,0.6666666666666666,0.33333333333333337,0.5,0.3,0.2,0.72,0.6,0,0,field,0.4090909090909091,0.5,158.20833333333334,0.5,22,0.5,0.7142857142857143,50,0,85.54628221782121,94.1094052254145,-8.56312300759329,53.30970667312528,52.37887069499911,0.9308359781261686,0,1,0.5161290322580645,0.5813953488372093,-0.06526631657914483,0.0,0.5813953488372093,-0.5813953488372093,0,0,0.5,10,0,0.5384615384615384,0.46153846153846156,0.38461538461538464,0.4090909090909091
1216535,51.0,2021,2020-10-31,Dubai International Cricket Stadium,,Delhi Capitals,Mumbai Indians,Mumbai Indians,0,1532.1351946017874,1612.6000735088257,-80.46487890703838,0.4,0.6,-0.19999999999999996,0.0,0.6666666666666666,-0.6666666666666666,0.5,0.7,-0.19999999999999996,-0.030000000000000027,0.4,0,0,field,0.38461538461538464,0.5862068965517241,167.06896551724137,0.41379310344827586,26,0.625,0.0,51,0,90.20423930096986,90.48898757842679,-0.2847482774569272,55.3081298629098,54.44427980285733,0.8638500600524708,0,1,0.4854368932038835,0.6043956043956044,-0.11895871119172086,0.0,0.6043956043956044,-0.6043956043956044,0,0,0.5862068965517242,10,0,0.5,0.5,0.46153846153846156,0.3076923076923077
1216502,52.0,2021,2020-10-31,Sharjah Cricket Stadium,,Royal Challengers Bengaluru,Sunrisers Hyderabad,Sunrisers Hyderabad,0,1505.6808609870561,1491.3873847736586,14.293476213397525,0.4,0.4,0.0,0.3333333333333333,0.6666666666666666,-0.3333333333333333,0.6,0.5,0.09999999999999998,0.16999999999999998,0.5,0,0,field,0.4375,0.4375,175.9375,0.5625,16,0.5,0.0,52,0,84.50189099293064,91.83654969985602,-7.3346587069253815,59.25637627033816,59.505083271340276,-0.24870700100211707,0,0,0.5252525252525253,0.4819277108433735,0.04332481440915181,0.0,0.4819277108433735,-0.4819277108433735,0,0,0.4375,10,0,0.5,0.5,0.4375,0.5
1216506,53.0,2021,2020-11-01,"Sheikh Zayed Stadium, Abu Dhabi",Abu Dhabi,Kings XI Punjab,Chennai Super Kings,Chennai Super Kings,0,1480.853858646526,1537.613351875281,-56.75949322875499,0.8,0.4,0.4,0.6666666666666666,0.6666666666666666,0.0,0.5,0.4,0.09999999999999998,0.72,0.5,0,0,field,0.43478260869565216,0.48,159.28,0.52,23,0.4,0.4,53,0,92.0353335461821,85.20110514357827,6.834228402603827,51.17759415310632,48.82253752251027,2.355056630596053,0,0,0.5161290322580645,0.6309523809523809,-0.11482334869431643,0.0,0.6309523809523809,-0.6309523809523809,0,0,0.48,11,0,0.5,0.5,0.38461538461538464,0.5
1216530,54.0,2021,2020-11-01,Dubai International Cricket Stadium,,Kolkata Knight Riders,Rajasthan Royals,Kolkata Knight Riders,1,1504.8366544586938,1501.8831291487331,2.953525309960696,0.4,0.6,-0.19999999999999996,0.3333333333333333,0.6666666666666666,-0.3333333333333333,0.4,0.4,0.0,0.10000000000000003,0.6,0,0,field,0.4074074074074074,0.5666666666666667,165.16666666666666,0.43333333333333335,27,0.3333333333333333,0.16666666666666666,54,0,90.17472390143283,94.33475345375783,-4.160029552325,42.17286221472235,52.155899594320054,-9.983037379597704,0,1,0.5959595959595959,0.5862068965517241,0.009752699407871823,0.0,0.5862068965517241,-0.5862068965517241,0,0,0.5666666666666667,11,0,0.5,0.5,0.46153846153846156,0.35714285714285715
1216505,55.0,2021,2020-11-02,"Sheikh Zayed Stadium, Abu Dhabi",Abu Dhabi,Royal Challengers Bengaluru,Delhi Capitals,Delhi Capitals,0,1493.1874601361342,1522.8657079328557,-29.678247796721507,0.4,0.2,0.2,0.0,0.0,0.0,0.5,0.5,0.0,0.25,0.6,0,0,field,0.4583333333333333,0.46153846153846156,159.03846153846155,0.5384615384615384,24,0.5,0.0,55,0,84.8207866625393,89.36946483422847,-4.548678171689161,61.7713325047583,56.14197877238602,5.62935373237228,0,0,0.5252525252525253,0.4854368932038835,0.0398156320486418,0.0,0.4854368932038835,-0.4854368932038835,0,0,0.46153846153846156,11,0,1.0,0.0,0.38461538461538464,0.5454545454545454
1216495,56.0,2021,2020-11-03,Sharjah Cricket Stadium,,Mumbai Indians,Sunrisers Hyderabad,Sunrisers Hyderabad,0,1621.8695601777574,1503.8807856245805,117.98877455317688,0.6,0.6,0.0,0.6666666666666666,0.6666666666666666,0.0,0.8,0.5,0.30000000000000004,0.0,0.5,0,0,field,0.47058823529411764,0.4117647058823529,172.64705882352942,0.5882352941176471,17,0.6666666666666666,0.25,56,0,90.34697481816403,90.45360647957536,-0.10663166141132763,46.50707848766981,61.429886669676854,-14.922808182007046,0,0,0.6086956521739131,0.4880952380952381,0.120600414078675,0.0,0.4880952380952381,-0.4880952380952381,0,0,0.4117647058823529,11,0,0.5,0.5,0.47058823529411764,0.5454545454545454
1237177,,2021,2020-11-05,Dubai International Cricket Stadium,,Mumbai Indians,Delhi Capitals,Mumbai Indians,1,1605.9441280462531,1533.8431434829013,72.10098456335186,0.6,0.2,0.39999999999999997,0.6666666666666666,0.3333333333333333,0.3333333333333333,0.7,0.5,0.19999999999999996,0.5900000000000001,0.6,0,0,field,0.39285714285714285,0.5806451612903226,166.0,0.41935483870967744,28,0.16666666666666666,0.5555555555555556,57,1,92.73917684417549,89.36497583845744,3.3742010057180494,56.09211940280297,57.12015825531163,-1.028038852508658,0,1,0.6086956521739131,0.49038461538461536,0.11831103678929772,0.0,0.49038461538461536,-0.49038461538461536,0,0,0.5806451612903225,11,0,0.0,1.0,0.46153846153846156,0.3333333333333333
1237178,,2021,2020-11-06,"Sheikh Zayed Stadium, Abu Dhabi",Abu Dhabi,Royal Challengers Bengaluru,Sunrisers Hyderabad,Sunrisers Hyderabad,0,1482.2100245860886,1519.8062177560848,-37.59619316999624,0.2,0.8,-0.6000000000000001,0.0,1.0,-1.0,0.4,0.5,-0.09999999999999998,-0.4,0.4,0,0,field,0.48,0.4444444444444444,158.77777777777777,0.5555555555555556,25,0.4,0.25,58,1,89.52622486308702,87.84107060075134,1.6851542623356863,59.50838683661224,61.93843474234787,-2.430047905735634,0,0,0.5252525252525253,0.49411764705882355,0.031134878193701754,0.0,0.49411764705882355,-0.49411764705882355,0,0,0.4444444444444444,11,0,1.0,0.0,0.38461538461538464,0.5833333333333334
1237180,,2021,2020-11-08,"Sheikh Zayed Stadium, Abu Dhabi",Abu Dhabi,Delhi Capitals,Sunrisers Hyderabad,Delhi Capitals,1,1524.2982798017315,1530.5127359942621,-6.214456192530633,0.2,0.8,-0.6000000000000001,0.3333333333333333,1.0,-0.6666666666666667,0.4,0.6,-0.19999999999999996,-0.53,0.4,1,1,bat,0.5,0.42857142857142855,157.78571428571428,0.5714285714285714,26,0.2,0.4,59,1,88.23993379882754,89.67857719492278,-1.4386433960952445,55.42622276198043,62.24183179874361,-6.815609036763178,0,0,0.4857142857142857,0.5,-0.01428571428571429,0.0,0.5,-0.5,0,0,0.4285714285714286,11,0,1.0,0.0,0.38461538461538464,0.6153846153846154
1237181,,2021,2020-11-10,Dubai International Cricket Stadium,,Delhi Capitals,Mumbai Indians,Mumbai Indians,0,1536.5128966274735,1615.488991727423,-78.97609509994936,0.4,0.6,-0.19999999999999996,0.6666666666666666,0.6666666666666666,0.0,0.4,0.7,-0.29999999999999993,-0.25,0.3,1,1,bat,0.3793103448275862,0.59375,167.0625,0.40625,29,0.5,0.2857142857142857,60,1,88.9892194328889,92.84779923742788,-3.8585798045389765,54.98519084407951,55.6155651962896,-0.6303743522100902,0,1,0.4857142857142857,0.6086956521739131,-0.12298136645962737,0.0,0.6086956521739131,-0.6086956521739131,0,0,0.59375,11,0,0.0,1.0,0.46153846153846156,0.3125
1254058,1.0,2021,2021-04-09,"MA Chidambaram Stadium, Chennai",Chennai,Mumbai Indians,Royal Challengers Bengaluru,Royal Challengers Bengaluru,0,1624.8072841087294,1471.5035063479113,153.3037777608181,0.8,0.0,0.8,0.6666666666666666,0.0,0.6666666666666666,0.7,0.4,0.29999999999999993,0.7999999999999999,0.8,0,0,field,0.5357142857142857,0.6140350877192983,163.57894736842104,0.38596491228070173,56,0.625,0.2222222222222222,61,1,93.06714357355752,75.93299893451356,17.134144639043953,56.90617704318665,56.01976596610075,0.8864110770859028,0,1,0.6129032258064516,0.5252525252525253,0.08765070055392632,0.0,0.5252525252525253,-0.5252525252525253,0,0,0.6140350877192983,4,0,0.43333333333333335,0.5666666666666667,0.6111111111111112,0.4
1254059,2.0,2021,2021-04-10,"Wankhede Stadium, Mumbai",Mumbai,Chennai Super Kings,Delhi Capitals,Delhi Capitals,0,1547.670204483386,1527.194604246167,20.47560023721894,0.6,0.4,0.19999999999999996,1.0,0.3333333333333333,0.6666666666666667,0.5,0.4,0.09999999999999998,0.030000000000000027,0.6,0,0,field,0.5,0.4931506849315068,166.02739726027397,0.5068493150684932,72,0.5,0.3333333333333333,62,1,89.81451971888772,90.10386797364833,-0.2893482547606112,46.9138675734882,47.88993480547945,-0.9760672319912516,0,0,0.6352941176470588,0.4857142857142857,0.14957983193277308,0.0,0.4857142857142857,-0.4857142857142857,0,0,0.4931506849315068,4,0,0.5757575757575758,0.4242424242424242,0.47619047619047616,0.5098039215686274
1254060,3.0,2021,2021-04-11,"MA Chidambaram Stadium, Chennai",Chennai,Kolkata Knight Riders,Sunrisers Hyderabad,Kolkata Knight Riders,1,1516.734645765671,1518.29811916852,-1.563473402849013,0.4,0.8,-0.4,0.3333333333333333,0.6666666666666666,-0.3333333333333333,0.5,0.5,0.0,-0.5900000000000001,0.6,0,0,field,0.543859649122807,0.603448275862069,163.5,0.39655172413793105,57,0.2222222222222222,0.2857142857142857,63,1,89.52830776839497,93.72437396453196,-4.1960661961369965,50.57364789616156,57.623418411074454,-7.049770514912893,0,1,0.5959595959595959,0.4942528735632184,0.10170672239637751,0.0,0.4942528735632184,-0.4942528735632184,0,0,0.603448275862069,4,0,0.45161290322580644,0.5483870967741935,0.6111111111111112,0.42857142857142855
1254061,4.0,2021,2021-04-12,"Wankhede Stadium, Mumbai",Mumbai,Kings XI Punjab,Rajasthan Royals,Kings XI Punjab,1,1470.7970060384212,1489.9851378417559,-19.188131803334727,0.6,0.6,0.0,0.3333333333333333,0.6666666666666666,-0.3333333333333333,0.5,0.4,0.09999999999999998,0.13,0.6,0,0,field,0.5068493150684932,0.4864864864864865,166.32432432432432,0.5135135135135135,73,0.45454545454545453,0.5,64,1,90.76956603645695,89.9906776063849,0.778888430072044,47.30481317573335,58.93102043587481,-11.626207260141456,0,0,0.5161290322580645,0.5795454545454546,-0.06341642228739008,0.0,0.5795454545454546,-0.5795454545454546,0,0,0.4864864864864865,4,0,0.5882352941176471,0.4117647058823529,0.47619047619047616,0.5192307692307693
1254062,5.0,2021,2021-04-13,"MA Chidambaram Stadium, Chennai",Chennai,Mumbai Indians,Kolkata Knight Riders,Mumbai Indians,1,1607.8311859458197,1528.788645859425,79.04254008639464,0.6,0.6,0.0,0.6666666666666666,0.6666666666666666,0.0,0.6,0.5,0.09999999999999998,0.1200000000000001,0.9,0,0,field,0.5344827586206896,0.6101694915254238,163.89830508474577,0.3898305084745763,58,0.5555555555555556,0.3,65,1,92.787315687704,90.22011323929753,2.567202448406462,66.97952507172366,49.46835648720859,17.51116858451507,0,1,0.6129032258064516,0.5959595959595959,0.016943629846855712,0.0,0.5959595959595959,-0.5959595959595959,0,0,0.6101694915254237,4,0,0.4375,0.5625,0.6111111111111112,0.4090909090909091
1254063,6.0,2021,2021-04-14,"MA Chidambaram Stadium, Chennai",Chennai,Royal Challengers Bengaluru,Sunrisers Hyderabad,Royal Challengers Bengaluru,1,1488.479604510821,1506.244119074766,-17.764514563945113,0.2,0.6,-0.39999999999999997,0.3333333333333333,0.3333333333333333,0.0,0.4,0.5,-0.09999999999999998,-0.7200000000000001,0.3,0,0,field,0.5254237288135594,0.6166666666666667,163.7,0.38333333333333336,59,0.3,0.25,66,1,80.43687512246399,91.0391759714958,-10.602300849031806,55.61727545991905,60.50612049762535,-4.888845037706304,0,1,0.53,0.48863636363636365,0.04136363636363638,0.0,0.48863636363636365,-0.48863636363636365,0,0,0.6166666666666667,4,0,0.42424242424242425,0.5757575757575757,0.6111111111111112,0.391304347826087
1254064,7.0,2021,2021-04-15,"Wankhede Stadium, Mumbai",Mumbai,Delhi Capitals,Rajasthan Royals,Rajasthan Royals,0,1539.9009888182532,1477.3230762333699,62.57791258488328,0.6,0.4,0.19999999999999996,0.6666666666666666,0.3333333333333333,0.3333333333333333,0.4,0.4,0.0,0.18,0.5,0,0,field,0.5,0.49333333333333335,167.05333333333334,0.5066666666666667,74,0.4,0.4444444444444444,67,1,89.7535820882343,88.53500858647882,1.218573501755472,64.34188043532043,60.945432801851354,3.39644763346908,0,0,0.49056603773584906,0.5730337078651685,-0.08246767012931944,0.0,0.5730337078651685,-0.5730337078651685,0,0,0.4933333333333333,4,0,0.5714285714285714,0.4285714285714286,0.47619047619047616,0.5094339622641509
1254065,8.0,2021,2021-04-16,"Wankhede Stadium, Mumbai",Mumbai,Kings XI Punjab,Chennai Super Kings,Chennai Super Kings,0,1483.4590676468072,1534.9638199113,-51.504752264492936,0.6,0.6,0.0,0.3333333333333333,0.6666666666666666,-0.3333333333333333,0.6,0.4,0.19999999999999996,0.10999999999999988,0.4,0,0,field,0.5066666666666667,0.4868421052631579,166.78947368421052,0.5131578947368421,75,0.5,0.4666666666666667,68,1,92.09671408460773,90.2071136913016,1.8896003933061252,47.00581049279642,45.968454623295145,1.0373558695012761,0,0,0.5161290322580645,0.6352941176470588,-0.11916508538899429,0.0,0.6352941176470588,-0.6352941176470588,0,0,0.48684210526315785,4,0,0.5833333333333334,0.41666666666666663,0.47619047619047616,0.5185185185185185
1254066,9.0,2021,2021-04-17,"MA Chidambaram Stadium, Chennai",Chennai,Mumbai Indians,Sunrisers Hyderabad,Mumbai Indians,1,1617.147298103653,1493.6310886038634,123.51620949978951,0.6,0.4,0.19999999999999996,0.6666666666666666,0.0,0.6666666666666666,0.6,0.5,0.09999999999999998,-0.06999999999999995,0.4,1,1,bat,0.5166666666666667,0.6229508196721312,163.45901639344262,0.3770491803278688,60,0.6,0.2222222222222222,69,1,92.75213699294102,89.18573017542288,3.5664068175181427,56.75767069227393,56.72846909749844,0.029201594775493334,0,1,0.6129032258064516,0.48314606741573035,0.12975715839072127,0.0,0.48314606741573035,-0.48314606741573035,0,0,0.6229508196721312,4,0,0.4117647058823529,0.5882352941176471,0.6111111111111112,0.375
1254068,11.0,2021,2021-04-18,"Wankhede Stadium, Mumbai",Mumbai,Kings XI Punjab,Delhi Capitals,Delhi Capitals,0,1473.2250612681921,1525.7626971706377,-52.53763590244557,0.4,0.4,0.0,0.3333333333333333,0.3333333333333333,0.0,0.6,0.3,0.3,0.09999999999999998,0.6,0,0,field,0.5131578947368421,0.4805194805194805,166.0,0.5194805194805194,76,0.46153846153846156,0.36363636363636365,70,1,91.83138422630546,89.02789633179837,2.803487894507086,43.21981169727409,65.38371716412951,-22.163905466855418,0,0,0.5161290322580645,0.49056603773584906,0.025562994522215443,0.0,0.49056603773584906,-0.49056603773584906,0,0,0.48051948051948057,4,0,0.5945945945945946,0.4054054054054054,0.47619047619047616,0.5272727272727272
1254067,10.0,2021,2021-04-18,"MA Chidambaram Stadium, Chennai",Chennai,Royal Challengers Bengaluru,Kolkata Knight Riders,Royal Challengers Bengaluru,1,1501.0926349817237,1519.4725337015918,-18.37989871986815,0.4,0.4,0.0,0.6666666666666666,0.6666666666666666,0.0,0.4,0.4,0.0,-0.12,0.4,1,1,bat,0.5245901639344263,0.6290322580645161,163.24193548387098,0.3709677419354839,61,0.36363636363636365,0.2727272727272727,71,1,80.6905015465839,88.62757884418036,-7.93707729759646,62.765575140179976,45.27990193767431,17.485673202505666,0,1,0.53,0.59,-0.05999999999999994,0.0,0.59,-0.59,0,0,0.6290322580645161,4,0,0.4,0.6,0.6216216216216216,0.375
1254069,12.0,2021,2021-04-19,"Wankhede Stadium, Mumbai",Mumbai,Chennai Super Kings,Rajasthan Royals,Chennai Super Kings,1,1545.1978262899152,1491.4613678809853,53.73645840892982,0.8,0.6,0.20000000000000007,0.6666666666666666,0.3333333333333333,0.3333333333333333,0.5,0.5,0.0,0.20000000000000007,0.6,0,0,field,0.5194805194805194,0.47435897435897434,166.37179487179486,0.5256410256410257,77,0.5,0.5,72,1,89.62244059972322,90.04849287865112,-0.426052278927898,48.891898287581206,55.1011556065388,-6.209257318957597,0,0,0.6395348837209303,0.5777777777777777,0.061757105943152535,0.0,0.5777777777777777,-0.5777777777777777,0,0,0.47435897435897434,4,0,0.6052631578947368,0.39473684210526316,0.47619047619047616,0.5357142857142857
1254070,13.0,2021,2021-04-20,"MA Chidambaram Stadium, Chennai",Chennai,Mumbai Indians,Delhi Capitals,Delhi Capitals,0,1625.0522808068552,1535.9618170126507,89.09046379420442,0.8,0.6,0.20000000000000007,0.6666666666666666,0.6666666666666666,0.0,0.7,0.4,0.29999999999999993,0.16999999999999993,0.7,1,1,bat,0.532258064516129,0.6349206349206349,163.88888888888889,0.36507936507936506,62,0.6363636363636364,0.25,73,1,92.49810739829128,90.79453662850196,1.703570769789323,58.41779934506587,52.81524994149999,5.602549403565881,0,1,0.6129032258064516,0.4953271028037383,0.1175761230027133,0.0,0.4953271028037383,-0.4953271028037383,0,0,0.6349206349206349,4,0,0.3888888888888889,0.6111111111111112,0.631578947368421,0.375
1254071,14.0,2021,2021-04-21,"MA Chidambaram Stadium, Chennai",Chennai,Kings XI Punjab,Sunrisers Hyderabad,Sunrisers Hyderabad,0,1463.025941426179,1485.7261059006612,-22.700164474482108,0.2,0.2,0.0,0.3333333333333333,0.0,0.3333333333333333,0.6,0.5,0.09999999999999998,-0.14999999999999997,0.3,1,1,bat,0.5238095238095238,0.625,163.46875,0.375,63,0.3333333333333333,0.2,74,1,94.16649774917641,84.84059583762897,9.325901911547447,46.677624179633064,57.96332964811226,-11.285705468479193,0,1,0.5161290322580645,0.4777777777777778,0.0383512544802867,0.0,0.4777777777777778,-0.4777777777777778,0,0,0.625,4,0,0.40540540540540543,0.5945945945945945,0.6153846153846154,0.375
1254072,15.0,2021,2021-04-21,"Wankhede Stadium, Mumbai",Mumbai,Chennai Super Kings,Kolkata Knight Riders,Chennai Super Kings,1,1555.3564939204218,1506.8383060246915,48.51818789573031,0.8,0.4,0.4,0.6666666666666666,0.3333333333333333,0.3333333333333333,0.6,0.4,0.19999999999999996,0.3499999999999999,0.6,0,0,field,0.5128205128205128,0.4810126582278481,166.64556962025316,0.5189873417721519,78,0.5294117647058824,0.1111111111111111,75,1,89.21032614365491,90.53180349967162,-1.3214773560167146,53.69396963148688,43.94106582138301,9.752903810103867,0,0,0.6395348837209303,0.5841584158415841,0.055376467879346136,0.0,0.5841584158415841,-0.5841584158415841,0,0,0.4810126582278481,4,0,0.5897435897435898,0.41025641025641024,0.47619047619047616,0.5263157894736842
1254073,16.0,2021,2021-04-22,"Wankhede Stadium, Mumbai",Mumbai,Rajasthan Royals,Royal Challengers Bengaluru,Royal Challengers Bengaluru,0,1481.3027002504787,1513.726862658624,-32.42416240814532,0.4,0.6,-0.19999999999999996,0.3333333333333333,1.0,-0.6666666666666667,0.4,0.5,-0.09999999999999998,0.06999999999999995,0.6,0,0,field,0.5063291139240507,0.4875,167.3125,0.5125,79,0.45454545454545453,0.3,76,1,89.14852911531874,81.60813220701198,7.540396908306761,59.16323096709929,63.63170376687601,-4.46847279977672,0,0,0.5714285714285714,0.53,0.04142857142857137,0.0,0.53,-0.53,0,0,0.48750000000000004,4,0,0.575,0.42500000000000004,0.47619047619047616,0.5172413793103449
1254074,17.0,2021,2021-04-23,"MA Chidambaram Stadium, Chennai",Chennai,Mumbai Indians,Kings XI Punjab,Kings XI Punjab,0,1610.0409194311794,1451.8088635927186,158.23205583846084,0.6,0.2,0.39999999999999997,0.6666666666666666,0.0,0.6666666666666666,0.6,0.5,0.09999999999999998,0.42000000000000004,0.6,0,0,field,0.515625,0.6153846153846154,162.8,0.38461538461538464,64,0.5833333333333334,0.2857142857142857,77,1,92.63466058994963,92.98582181758877,-0.35116122763913893,57.75477985321655,54.443518243082735,3.311261610133812,0,1,0.6129032258064516,0.5161290322580645,0.09677419354838712,0.0,0.5161290322580645,-0.5161290322580645,0,0,0.6153846153846154,4,0,0.42105263157894735,0.5789473684210527,0.6,0.375
1254075,18.0,2021,2021-04-24,"Wankhede Stadium, Mumbai",Mumbai,Kolkata Knight Riders,Rajasthan Royals,Rajasthan Royals,0,1496.503256090188,1470.4193512344923,26.083904855695664,0.4,0.2,0.2,0.0,0.3333333333333333,-0.3333333333333333,0.4,0.4,0.0,0.39999999999999997,0.6,0,0,field,0.5125,0.48148148148148145,167.4320987654321,0.5185185185185185,80,0.1,0.4166666666666667,78,1,92.61207450216898,88.79094282566324,3.8211316765057433,46.18233333673667,52.44822315222755,-6.26588981549088,0,0,0.5784313725490197,0.5714285714285714,0.007002801120448265,0.0,0.5714285714285714,-0.5714285714285714,0,0,0.4814814814814815,4,0,0.5853658536585366,0.41463414634146345,0.47619047619047616,0.5254237288135594
1254076,19.0,2021,2021-04-25,"Wankhede Stadium, Mumbai",Mumbai,Chennai Super Kings,Royal Challengers Bengaluru,Chennai Super Kings,1,1565.6915438549254,1524.6102116746104,41.08133218031503,0.8,0.8,0.0,1.0,1.0,0.0,0.6,0.5,0.09999999999999998,0.09999999999999998,0.8,1,1,bat,0.5185185185185185,0.47560975609756095,167.0121951219512,0.524390243902439,81,0.5555555555555556,0.36363636363636365,79,1,87.38425211584119,82.92844751986169,4.455804595979501,50.0388498723516,56.382250545153774,-6.343400672802176,0,0,0.6395348837209303,0.5346534653465347,0.10488141837439557,0.0,0.5346534653465347,-0.5346534653465347,0,0,0.47560975609756095,4,0,0.5952380952380952,0.40476190476190477,0.47619047619047616,0.5333333333333333
1254077,20.0,2021,2021-04-25,"MA Chidambaram Stadium, Chennai",Chennai,Delhi Capitals,Sunrisers Hyderabad,Delhi Capitals,1,1550.9731783883265,1496.9431837341217,54.029994654204756,0.6,0.2,0.39999999999999997,0.6666666666666666,0.3333333333333333,0.3333333333333333,0.5,0.5,0.0,0.37,0.4,1,1,bat,0.5230769230769231,0.6060606060606061,162.3181818181818,0.3939393939393939,65,0.3333333333333333,0.2727272727272727,80,1,90.61453380057307,84.16252369496644,6.452010105606632,57.190282798987006,66.60301479745924,-9.412731998472232,0,1,0.5,0.4835164835164835,0.01648351648351648,0.0,0.4835164835164835,-0.4835164835164835,0,0,0.6060606060606061,4,0,0.4358974358974359,0.5641025641025641,0.6,0.4
1254078,21.0,2021,2021-04-26,"Narendra Modi Stadium, Ahmedabad",Ahmedabad,Kings XI Punjab,Kolkata Knight Riders,Kolkata Knight Riders,0,1468.9250752480602,1483.6040387277978,-14.678963479737604,0.4,0.2,0.2,0.3333333333333333,0.0,0.3333333333333333,0.5,0.3,0.2,0.08000000000000002,0.3,0,0,field,0.45454545454545453,0.5,163.16666666666666,0.5,11,1.0,0.0,81,1,92.67645379486255,91.71568988942786,0.960763905434689,49.42888364883004,47.07948671167062,2.349396937159419,0,1,0.5212765957446809,0.5784313725490197,-0.05715477680433878,0.0,0.5784313725490197,-0.5784313725490197,0,0,0.5,4,0,1.0,0.0,0.45454545454545453,0.45454545454545453
1254079,22.0,2021,2021-04-27,"Narendra Modi Stadium, Ahmedabad",Ahmedabad,Royal Challengers Bengaluru,Delhi Capitals,Royal Challengers Bengaluru,1,1514.0225348174326,1561.1219476316483,-47.09941281421561,0.8,0.8,0.0,0.6666666666666666,1.0,-0.33333333333333337,0.4,0.6,-0.19999999999999996,0.17000000000000004,0.5,0,0,field,0.5,0.46153846153846156,160.07692307692307,0.5384615384615384,12,1.0,0.5,82,1,88.92185792832407,90.18893440103797,-1.267076472713896,55.38357385726054,56.42364187160481,-1.0400680143442713,0,0,0.5294117647058824,0.5,0.02941176470588236,0.0,0.5,-0.5,0,0,0.46153846153846156,4,0,1.0,0.0,0.5,0.5
1254080,23.0,2021,2021-04-28,"Arun Jaitley Stadium, Delhi",Delhi,Sunrisers Hyderabad,Chennai Super Kings,Chennai Super Kings,0,1486.7944144908,1576.279220712103,-89.48480622130319,0.2,0.8,-0.6000000000000001,0.3333333333333333,1.0,-0.6666666666666667,0.5,0.7,-0.19999999999999996,-0.53,0.3,1,1,bat,0.5138888888888888,0.4657534246575342,164.35616438356163,0.5342465753424658,72,0.6666666666666666,0.75,83,1,84.9863057348497,89.99455935302113,-5.008253618171437,63.05590239058798,55.2592357452044,7.796666645383581,0,0,0.4782608695652174,0.6395348837209303,-0.16127401415571285,0.0,0.6395348837209303,-0.6395348837209303,0,0,0.4657534246575342,4,0,0.4444444444444444,0.5555555555555556,0.4838709677419355,0.5365853658536586
1254081,24.0,2021,2021-04-29,"Arun Jaitley Stadium, Delhi",Delhi,Rajasthan Royals,Mumbai Indians,Mumbai Indians,0,1483.3185685968824,1592.9247077758378,-109.60613917895535,0.4,0.4,0.0,0.3333333333333333,0.3333333333333333,0.0,0.5,0.6,-0.09999999999999998,-0.12,0.6,0,0,field,0.5068493150684932,0.4594594594594595,164.44594594594594,0.5405405405405406,73,0.4444444444444444,0.36363636363636365,84,1,87.49809084983892,92.40330074617334,-4.905209896334426,55.18818618819562,57.119818153274274,-1.931631965078651,0,0,0.5760869565217391,0.6129032258064516,-0.03681626928471249,0.0,0.6129032258064516,-0.6129032258064516,0,0,0.45945945945945943,4,0,0.4594594594594595,0.5405405405405406,0.46875,0.5365853658536586
1254082,25.0,2021,2021-04-29,"Narendra Modi Stadium, Ahmedabad",Ahmedabad,Kolkata Knight Riders,Delhi Capitals,Delhi Capitals,0,1495.0973467390756,1547.5050839758085,-52.40773723673283,0.2,0.6,-0.39999999999999997,0.3333333333333333,0.6666666666666666,-0.3333333333333333,0.4,0.6,-0.19999999999999996,-0.49000000000000005,0.5,0,0,field,0.46153846153846156,0.5,160.85714285714286,0.5,13,0.3333333333333333,0.3333333333333333,85,1,91.23808994901765,90.38800509729779,0.8500848517198563,48.26288937174039,55.49655491744562,-7.233665545705229,0,1,0.5825242718446602,0.4954128440366973,0.08711142780796288,0.0,0.4954128440366973,-0.4954128440366973,0,0,0.5,4,0,0.8333333333333334,0.16666666666666663,0.46153846153846156,0.46153846153846156
1254083,26.0,2021,2021-04-30,"Narendra Modi Stadium, Ahmedabad",Ahmedabad,Kings XI Punjab,Royal Challengers Bengaluru,Kings XI Punjab,1,1457.4317672367824,1527.6393984732724,-70.20763123648999,0.2,0.8,-0.6000000000000001,0.3333333333333333,0.6666666666666666,-0.3333333333333333,0.4,0.5,-0.09999999999999998,-0.76,0.4,0,0,field,0.5,0.4666666666666667,160.4,0.5333333333333333,14,0.5,1.0,86,1,88.9398555011779,88.91322181762442,0.02663368355348439,47.127114729382754,61.791843214257,-14.664728484874246,0,0,0.5212765957446809,0.5294117647058824,-0.008135168961201478,0.0,0.5294117647058824,-0.5294117647058824,0,0,0.4666666666666667,4,0,0.8571428571428571,0.1428571428571429,0.5,0.5
1254084,27.0,2021,2021-05-01,"Arun Jaitley Stadium, Delhi",Delhi,Chennai Super Kings,Mumbai Indians,Mumbai Indians,0,1585.2551005874234,1601.2598261183257,-16.004725530902306,1.0,0.6,0.4,1.0,0.3333333333333333,0.6666666666666667,0.8,0.6,0.20000000000000007,0.32000000000000006,0.2,0,0,field,0.5135135135135135,0.4533333333333333,164.53333333333333,0.5466666666666666,74,0.7777777777777778,0.4166666666666667,87,1,90.06466905635543,92.3834458524245,-2.3187767960690735,54.50749117809172,57.023886490971385,-2.5163953128796663,0,0,0.6436781609195402,0.6170212765957447,0.026656884323795538,0.0,0.6170212765957447,-0.6170212765957447,0,0,0.45333333333333337,5,0,0.6451612903225806,0.3548387096774194,0.46875,0.5476190476190477
1254085,28.0,2021,2021-05-02,"Arun Jaitley Stadium, Delhi",Delhi,Rajasthan Royals,Sunrisers Hyderabad,Rajasthan Royals,1,1474.9834502543945,1477.8185346154796,-2.835084361085137,0.4,0.2,0.2,0.3333333333333333,0.3333333333333333,0.0,0.4,0.4,0.0,0.26999999999999996,0.4,0,0,field,0.52,0.4473684210526316,165.23684210526315,0.5526315789473685,75,0.4,0.6153846153846154,88,1,87.63983573649655,88.79683911727628,-1.1570033807797273,51.57737811718574,57.29398663077499,-5.71660851358925,0,0,0.5760869565217391,0.4782608695652174,0.09782608695652173,0.0,0.4782608695652174,-0.4782608695652174,0,0,0.4473684210526315,5,0,0.65625,0.34375,0.46875,0.5581395348837209
1254086,29.0,2021,2021-05-02,"Narendra Modi Stadium, Ahmedabad",Ahmedabad,Kings XI Punjab,Delhi Capitals,Delhi Capitals,0,1471.824177464662,1557.708589558749,-85.88441209408711,0.4,0.8,-0.4,0.6666666666666666,0.6666666666666666,0.0,0.4,0.6,-0.19999999999999996,-0.6,0.6,0,0,field,0.4666666666666667,0.5,161.5625,0.5,15,0.6666666666666666,0.5,89,1,85.07439688335982,90.77982007117683,-5.705423187817004,48.032176507898804,62.5364219472601,-14.504245439361299,0,1,0.5212765957446809,0.5,0.021276595744680882,0.0,0.5,-0.5,0,0,0.5,5,0,0.0,1.0,0.4666666666666667,0.4666666666666667
1254104,30.0,2021,2021-09-19,Dubai International Cricket Stadium,Dubai,Chennai Super Kings,Mumbai Indians,Chennai Super Kings,1,1573.8074935508691,1612.70743315488,-38.8999396040108,0.8,0.6,0.20000000000000007,0.6666666666666666,0.6666666666666666,0.0,0.8,0.6,0.20000000000000007,0.3700000000000001,0.2,1,1,bat,0.36666666666666664,0.5757575757575758,166.72727272727272,0.42424242424242425,30,0.6666666666666666,0.375,90,1,87.55478033660366,88.69816818572397,-1.143387849120316,53.15413194230782,55.63596194994497,-2.48183000763715,0,1,0.6436781609195402,0.6210526315789474,0.02262552934059281,0.0,0.6210526315789474,-0.6210526315789474,0,0,0.5757575757575757,9,0,0.0,1.0,0.42857142857142855,0.3125
1254087,31.0,2021,2021-09-20,"Sheikh Zayed Stadium, Abu Dhabi",Abu Dhabi,Royal Challengers Bengaluru,Kolkata Knight Riders,Kolkata Knight Riders,0,1513.246988245393,1484.893841156135,28.353147089257845,0.6,0.2,0.39999999999999997,0.3333333333333333,0.3333333333333333,0.0,0.5,0.3,0.2,0.6,0.5,1,1,bat,0.5185185185185185,0.4482758620689655,158.86206896551724,0.5517241379310345,27,0.3333333333333333,0.5454545454545454,91,1,88.84346613015134,92.9215007101622,-4.078034580010865,51.07359920064956,41.97131089037209,9.102288310277473,0,0,0.5242718446601942,0.5825242718446602,-0.058252427184465994,0.0,0.5825242718446602,-0.5825242718446602,0,0,0.4482758620689655,9,0,0.5,0.5,0.42857142857142855,0.6153846153846154
1254111,32.0,2021,2021-09-21,Dubai International Cricket Stadium,Dubai,Rajasthan Royals,Kings XI Punjab,Rajasthan Royals,1,1487.0813684258837,1462.7315412027272,24.34982722315658,0.4,0.4,0.0,0.6666666666666666,0.3333333333333333,0.3333333333333333,0.5,0.3,0.2,-0.08999999999999997,0.4,0,0,field,0.3870967741935484,0.5882352941176471,166.41176470588235,0.4117647058823529,31,0.14285714285714285,0.625,92,1,88.26748840314971,90.9986030899926,-2.7311146868428864,54.835963644041406,43.53974138111613,11.296222262925276,0,1,0.5760869565217391,0.5212765957446809,0.054810360777058253,0.0,0.5212765957446809,-0.5212765957446809,0,0,0.5882352941176471,9,0,0.0,1.0,0.4666666666666667,0.3125
1254105,33.0,2021,2021-09-22,Dubai International Cricket Stadium,Dubai,Sunrisers Hyderabad,Delhi Capitals,Delhi Capitals,0,1465.7206164439904,1566.8012258206838,-101.08060937669347,0.2,0.8,-0.6000000000000001,0.0,0.6666666666666666,-0.6666666666666666,0.3,0.7,-0.39999999999999997,-0.5499999999999999,0.5,1,1,bat,0.375,0.6,166.94285714285715,0.4,32,0.6,0.45454545454545453,93,1,88.42073530069948,90.97866949997072,-2.5579341992712443,61.105757976677744,53.73018250189701,7.375575474780732,0,1,0.4731182795698925,0.5045045045045045,-0.03138622493461196,0.0,0.5045045045045045,-0.5045045045045045,0,0,0.6,9,0,0.0,1.0,0.4666666666666667,0.29411764705882354
1254096,34.0,2021,2021-09-23,"Sheikh Zayed Stadium, Abu Dhabi",Abu Dhabi,Mumbai Indians,Kolkata Knight Riders,Kolkata Knight Riders,0,1599.3694629785443,1497.8709560322511,101.49850694629322,0.4,0.4,0.0,0.6666666666666666,0.6666666666666666,0.0,0.6,0.4,0.19999999999999996,0.03999999999999998,0.9,0,0,field,0.5,0.43333333333333335,156.63333333333333,0.5666666666666667,28,0.6666666666666666,0.5833333333333334,94,1,89.03121725916546,94.74160653026802,-5.710389271102557,58.22560716775456,45.46649310242401,12.75911406533055,0,0,0.6145833333333334,0.5865384615384616,0.028044871794871806,0.0,0.5865384615384616,-0.5865384615384616,0,0,0.43333333333333335,9,0,0.6,0.4,0.4,0.6153846153846154
1254113,35.0,2021,2021-09-24,Sharjah Cricket Stadium,Sharjah,Royal Challengers Bengaluru,Chennai Super Kings,Chennai Super Kings,0,1500.2698733692769,1587.1454637272047,-86.87559035792788,0.4,0.8,-0.4,0.3333333333333333,0.6666666666666666,-0.3333333333333333,0.5,0.8,-0.30000000000000004,-0.32999999999999996,0.2,0,0,field,0.5,0.3888888888888889,171.33333333333334,0.6111111111111112,18,0.4,0.25,95,1,84.19876825130996,89.55217260712827,-5.353404355818313,49.644288621092784,55.11898699168386,-5.474698370591078,0,0,0.5242718446601942,0.6436781609195402,-0.11940631625934606,0.0,0.6436781609195402,-0.6436781609195402,0,0,0.38888888888888884,9,0,0.5,0.5,0.5,0.5833333333333334
1254097,36.0,2021,2021-09-25,"Sheikh Zayed Stadium, Abu Dhabi",Abu Dhabi,Delhi Capitals,Rajasthan Royals,Delhi Capitals,1,1575.4053017861377,1498.2417294590146,77.16357232712312,0.8,0.6,0.20000000000000007,1.0,0.6666666666666666,0.33333333333333337,0.7,0.5,0.19999999999999996,0.3,0.5,0,0,field,0.5172413793103449,0.41935483870967744,156.58064516129033,0.5806451612903226,29,0.3333333333333333,0.75,96,1,89.66435414171922,90.91461589092292,-1.2502617492037018,57.990264995661626,47.61180101849116,10.378463977170469,0,0,0.5089285714285714,0.5760869565217391,-0.06715838509316774,0.0,0.5760869565217391,-0.5760869565217391,0,0,0.4193548387096774,9,0,0.6666666666666666,0.33333333333333337,0.4,0.6428571428571429
1254107,37.0,2021,2021-09-25,Sharjah Cricket Stadium,Sharjah,Kings XI Punjab,Sunrisers Hyderabad,Kings XI Punjab,1,1451.5711801695963,1457.1165404785365,-5.5453603089401895,0.4,0.2,0.2,0.3333333333333333,0.0,0.3333333333333333,0.3,0.2,0.09999999999999998,0.20000000000000007,0.3,0,0,field,0.5263157894736842,0.3684210526315789,170.52631578947367,0.631578947368421,19,0.8,0.4,97,1,92.93325561917308,87.82829377530682,5.104961843866263,50.68998263360686,60.08210055009795,-9.392117916491088,0,0,0.5157894736842106,0.4731182795698925,0.04267119411431808,0.0,0.4731182795698925,-0.4731182795698925,0,0,0.368421052631579,9,0,0.6666666666666666,0.33333333333333337,0.5263157894736842,0.6153846153846154
1254098,38.0,2021,2021-09-26,"Sheikh Zayed Stadium, Abu Dhabi",Abu Dhabi,Kolkata Knight Riders,Chennai Super Kings,Chennai Super Kings,0,1513.2801532865467,1596.2058977820018,-82.92574449545509,0.6,0.8,-0.20000000000000007,0.6666666666666666,0.6666666666666666,0.0,0.5,0.8,-0.30000000000000004,-0.3499999999999999,0.4,1,1,bat,0.5,0.4375,156.5,0.5625,30,0.6153846153846154,0.5,98,1,95.26274375716484,90.33883229269011,4.9239114644747275,45.46442060260807,51.928506881393254,-6.464086278785182,0,0,0.5904761904761905,0.6477272727272727,-0.05725108225108222,0.0,0.6477272727272727,-0.6477272727272727,0,0,0.4375,9,0,0.5714285714285714,0.4285714285714286,0.4,0.6
1254108,39.0,2021,2021-09-26,Dubai International Cricket Stadium,Dubai,Royal Challengers Bengaluru,Mumbai Indians,Royal Challengers Bengaluru,1,1491.2094393144798,1583.9602657242488,-92.75082640976893,0.2,0.4,-0.2,0.0,0.3333333333333333,-0.3333333333333333,0.5,0.5,0.0,-0.2,0.3,0,0,field,0.36363636363636365,0.5833333333333334,166.02777777777777,0.4166666666666667,33,0.5555555555555556,0.3333333333333333,99,1,85.14687048677735,92.01003668305819,-6.863166196280844,61.28491635062638,54.831381443357635,6.453534907268747,0,1,0.5242718446601942,0.6145833333333334,-0.0903114886731392,0.0,0.6145833333333334,-0.6145833333333334,0,0,0.5833333333333333,9,0,0.1111111111111111,0.8888888888888888,0.4375,0.29411764705882354
1254100,40.0,2021,2021-09-27,Dubai International Cricket Stadium,Dubai,Rajasthan Royals,Sunrisers Hyderabad,Sunrisers Hyderabad,0,1488.8638923243088,1444.9250267811037,43.93886554320511,0.6,0.0,0.6,0.6666666666666666,0.0,0.6666666666666666,0.4,0.1,0.30000000000000004,0.67,0.4,1,1,bat,0.35294117647058826,0.5945945945945946,166.0,0.40540540540540543,34,0.25,0.5454545454545454,100,1,86.42914337954046,86.5842700039028,-0.15512662436233882,53.754082563722825,59.711545056618974,-5.957462492896148,0,1,0.5698924731182796,0.46808510638297873,0.10180736673530089,0.0,0.46808510638297873,-0.46808510638297873,0,0,0.5945945945945945,9,0,0.1,0.9,0.4375,0.2777777777777778
1254092,41.0,2021,2021-09-28,Sharjah Cricket Stadium,Sharjah,Delhi Capitals,Kolkata Knight Riders,Kolkata Knight Riders,0,1584.7831389208434,1504.091130185699,80.69200873514433,0.8,0.6,0.20000000000000007,1.0,0.6666666666666666,0.33333333333333337,0.8,0.4,0.4,-0.020000000000000018,0.6,0,0,field,0.5,0.4,168.25,0.6,20,0.8,0.25,101,1,87.34619757799756,93.29853944177464,-5.952341863777079,58.670571808346004,42.823491881787895,15.84707992655811,0,0,0.5089285714285714,0.5904761904761905,-0.08154761904761909,0.0,0.5904761904761905,-0.5904761904761905,0,0,0.4,9,0,0.5,0.5,0.5,0.5714285714285714
1254099,42.0,2021,2021-09-28,"Sheikh Zayed Stadium, Abu Dhabi",Abu Dhabi,Kings XI Punjab,Mumbai Indians,Mumbai Indians,0,1463.7626938670292,1568.8307581202032,-105.06806425317404,0.4,0.4,0.0,0.3333333333333333,0.0,0.3333333333333333,0.4,0.4,0.0,-0.26999999999999996,0.5,0,0,field,0.4838709677419355,0.42424242424242425,156.93939393939394,0.5757575757575758,31,0.3333333333333333,0.6,102,1,87.82881517978304,92.26890955358297,-4.440094373799937,52.48733760973047,55.03010432628174,-2.54276671655127,0,0,0.5157894736842106,0.6082474226804123,-0.09245794899620174,0.0,0.6082474226804123,-0.6082474226804123,0,0,0.4242424242424242,9,0,0.625,0.375,0.375,0.6
1254103,43.0,2021,2021-09-29,Dubai International Cricket Stadium,Dubai,Rajasthan Royals,Royal Challengers Bengaluru,Royal Challengers Bengaluru,0,1475.3543368991236,1506.3389469185254,-30.98461001940177,0.4,0.4,0.0,0.3333333333333333,0.3333333333333333,0.0,0.4,0.6,-0.19999999999999996,0.020000000000000018,0.5,0,0,field,0.34285714285714286,0.5789473684210527,165.94736842105263,0.42105263157894735,35,0.2222222222222222,0.6,103,1,85.30986188680605,84.14426310605623,1.1655987807498178,52.41025986648898,63.11005168724767,-10.69979182075869,0,1,0.5698924731182796,0.5242718446601942,0.045620628458085455,0.0,0.5242718446601942,-0.5242718446601942,0,0,0.5789473684210527,9,0,0.18181818181818182,0.8181818181818181,0.4117647058823529,0.2777777777777778
1254091,44.0,2021,2021-09-30,Sharjah Cricket Stadium,Sharjah,Sunrisers Hyderabad,Chennai Super Kings,Chennai Super Kings,0,1458.434582206289,1605.3949208828494,-146.96033867656047,0.2,0.8,-0.6000000000000001,0.3333333333333333,1.0,-0.6666666666666667,0.2,0.8,-0.6000000000000001,-0.67,0.3,0,0,field,0.5238095238095238,0.38095238095238093,166.28571428571428,0.6190476190476191,21,0.3333333333333333,0.4,104,1,88.94038511066456,89.6100089710151,-0.6696238603505407,58.22922013671655,55.922947141267656,2.306272995448893,0,0,0.47368421052631576,0.651685393258427,-0.17800118273211124,0.0,0.651685393258427,-0.651685393258427,0,0,0.38095238095238093,9,0,0.6,0.4,0.5238095238095238,0.6
1254102,45.0,2021,2021-10-01,Dubai International Cricket Stadium,Dubai,Kolkata Knight Riders,Kings XI Punjab,Kings XI Punjab,0,1518.8290810262818,1455.2848945312726,63.54418649500917,0.6,0.4,0.19999999999999996,0.6666666666666666,0.3333333333333333,0.3333333333333333,0.4,0.3,0.10000000000000003,0.06000000000000005,0.7,0,0,field,0.3611111111111111,0.5641025641025641,165.51282051282053,0.4358974358974359,36,0.5,0.5555555555555556,105,1,89.48018066725962,88.31946007677547,1.1607205904841464,55.56346695619008,52.109672709329914,3.453794246860163,0,1,0.5943396226415094,0.5157894736842106,0.07855014895729884,0.0,0.5157894736842106,-0.5157894736842106,0,0,0.5641025641025641,10,0,0.5294117647058824,0.47058823529411764,0.4117647058823529,0.3157894736842105
1254112,46.0,2021,2021-10-02,Sharjah Cricket Stadium,Sharjah,Mumbai Indians,Delhi Capitals,Delhi Capitals,0,1577.3085574559598,1570.0451880802607,7.263369375699085,0.4,0.8,-0.4,0.3333333333333333,0.6666666666666666,-0.3333333333333333,0.5,0.7,-0.19999999999999996,-0.49000000000000005,0.6,0,0,field,0.5454545454545454,0.36363636363636365,164.8181818181818,0.6363636363636364,22,0.5,0.6666666666666666,106,1,91.90924977847592,89.19755862561537,2.7116911528605527,53.444537312033866,56.12303643729741,-2.678499125263542,0,0,0.6122448979591837,0.5089285714285714,0.10331632653061229,0.0,0.5089285714285714,-0.5089285714285714,0,0,0.36363636363636365,10,0,0.5555555555555556,0.4444444444444444,0.5454545454545454,0.625
1254089,47.0,2021,2021-10-02,"Sheikh Zayed Stadium, Abu Dhabi",Abu Dhabi,Chennai Super Kings,Rajasthan Royals,Rajasthan Royals,0,1612.6016064391931,1464.4216793093283,148.17992712986484,0.8,0.4,0.4,1.0,0.0,1.0,0.9,0.4,0.5,0.050000000000000044,0.6,0,0,field,0.5,0.4117647058823529,156.2941176470588,0.5882352941176471,32,0.5714285714285714,0.6666666666666666,107,1,89.93530225447608,85.14649807783712,4.788804176638962,49.72500438732732,51.6811583074926,-1.9561539201652849,0,0,0.6555555555555556,0.5698924731182796,0.08566308243727594,0.0,0.5698924731182796,-0.5698924731182796,0,0,0.4117647058823529,10,0,0.5714285714285714,0.4285714285714286,0.375,0.625
1254109,49.0,2021,2021-10-03,Dubai International Cricket Stadium,Dubai,Sunrisers Hyderabad,Kolkata Knight Riders,Kolkata Knight Riders,0,1451.2278966499453,1504.6584912390513,-53.43059458910602,0.2,0.6,-0.39999999999999997,0.3333333333333333,0.3333333333333333,0.0,0.2,0.4,-0.2,-0.6,0.4,1,1,bat,0.3783783783783784,0.55,165.5,0.45,37,0.5833333333333334,0.4,108,1,86.2946690591646,89.25827074165271,-2.963601682488104,57.599031981390375,49.490414644715656,8.108617336674719,0,1,0.47368421052631576,0.5943396226415094,-0.12065541211519365,0.0,0.5943396226415094,-0.5943396226415094,0,0,0.55,10,0,0.5555555555555556,0.4444444444444444,0.4117647058823529,0.35
1254090,48.0,2021,2021-10-03,Sharjah Cricket Stadium,Sharjah,Royal Challengers Bengaluru,Kings XI Punjab,Royal Challengers Bengaluru,1,1517.2716045083207,1469.455484318503,47.81612018981764,0.4,0.4,0.0,0.6666666666666666,0.6666666666666666,0.0,0.6,0.4,0.19999999999999996,-0.08000000000000002,0.5,1,1,bat,0.5652173913043478,0.34782608695652173,163.2608695652174,0.6521739130434783,23,0.3333333333333333,0.8333333333333334,109,1,85.50054932822357,89.57056298852635,-4.070013660302777,64.20354841254708,58.05946025043482,6.144088162112261,0,0,0.5288461538461539,0.5208333333333334,0.008012820512820484,0.0,0.5208333333333334,-0.5208333333333334,0,0,0.34782608695652173,10,0,0.6,0.4,0.5652173913043478,0.6470588235294118
1254110,50.0,2021,2021-10-04,Dubai International Cricket Stadium,Dubai,Chennai Super Kings,Delhi Capitals,Delhi Capitals,0,1595.7729395507122,1582.29601943041,13.476920120302111,0.8,0.8,0.0,0.6666666666666666,0.6666666666666666,0.0,0.8,0.8,0.0,0.040000000000000036,0.5,0,0,field,0.3684210526315789,0.5365853658536586,164.26829268292684,0.4634146341463415,38,0.7,0.5,110,1,89.67130312493904,88.73638625770623,0.9349168672328148,54.920670683490194,56.655312063470944,-1.7346413799807507,0,1,0.6555555555555556,0.5132743362831859,0.1422812192723697,0.0,0.5132743362831859,-0.5132743362831859,0,0,0.5365853658536586,10,0,0.5789473684210527,0.42105263157894735,0.3888888888888889,0.35
1254093,51.0,2021,2021-10-05,Sharjah Cricket Stadium,Sharjah,Rajasthan Royals,Mumbai Indians,Mumbai Indians,0,1481.2503461978092,1565.0577261058104,-83.80737990800117,0.4,0.2,0.2,0.3333333333333333,0.3333333333333333,0.0,0.4,0.4,0.0,0.31,0.6,0,0,field,0.5833333333333334,0.375,163.29166666666666,0.625,24,0.5,0.4,111,1,86.62109841680861,91.6512471399598,-5.0301487231512,49.841399921100326,53.092894333632294,-3.2514944125319687,0,0,0.574468085106383,0.6122448979591837,-0.037776812852800656,0.0,0.6122448979591837,-0.6122448979591837,0,0,0.375,10,0,0.5454545454545454,0.4545454545454546,0.5833333333333334,0.6470588235294118
1254095,52.0,2021,2021-10-06,"Sheikh Zayed Stadium, Abu Dhabi",Abu Dhabi,Sunrisers Hyderabad,Royal Challengers Bengaluru,Sunrisers Hyderabad,1,1441.0589122014064,1527.6304428447445,-86.57153064333806,0.2,0.6,-0.39999999999999997,0.3333333333333333,1.0,-0.6666666666666667,0.2,0.6,-0.39999999999999997,-0.2,0.6,0,0,field,0.5151515151515151,0.4,157.22857142857143,0.6,33,0.3333333333333333,0.2857142857142857,112,1,84.75077650291082,85.70491499363101,-0.9541384907201831,57.56249925858998,63.077301089947525,-5.514801831357545,0,0,0.47368421052631576,0.5288461538461539,-0.05516194331983809,0.0,0.5288461538461539,-0.5288461538461539,0,0,0.4,10,0,0.6,0.4,0.375,0.6470588235294118
1254106,54.0,2021,2021-10-07,Sharjah Cricket Stadium,Sharjah,Kolkata Knight Riders,Rajasthan Royals,Kolkata Knight Riders,1,1514.82747568759,1472.0900856559927,42.73739003159744,0.6,0.2,0.39999999999999997,0.6666666666666666,0.3333333333333333,0.3333333333333333,0.5,0.4,0.09999999999999998,0.51,0.6,0,0,field,0.6,0.36,160.36,0.64,25,0.4,0.4,113,1,90.93687274391445,84.7767311188422,6.160141625072242,50.32802381092133,50.49986356915547,-0.17183975823414244,0,0,0.5981308411214953,0.574468085106383,0.023662756015112252,0.0,0.574468085106383,-0.574468085106383,0,0,0.36,10,0,0.5833333333333334,0.41666666666666663,0.6,0.6666666666666666
1254094,53.0,2021,2021-10-07,Dubai International Cricket Stadium,Dubai,Chennai Super Kings,Kings XI Punjab,Kings XI Punjab,0,1583.3076965379228,1459.0966459820793,124.21105055584349,0.6,0.4,0.19999999999999996,0.3333333333333333,0.3333333333333333,0.0,0.7,0.4,0.29999999999999993,0.43000000000000005,0.7,0,0,field,0.38461538461538464,0.5238095238095238,163.5952380952381,0.47619047619047616,39,0.6363636363636364,0.6,114,1,89.22260096761218,84.5130407826808,4.709560184931377,54.30158289162449,67.19772245068218,-12.896139559057687,0,1,0.6555555555555556,0.5154639175257731,0.14009163802978242,0.0,0.5154639175257731,-0.5154639175257731,0,0,0.5238095238095238,10,0,0.6,0.4,0.3888888888888889,0.38095238095238093
1254088,55.0,2021,2021-10-08,"Sheikh Zayed Stadium, Abu Dhabi",Abu Dhabi,Mumbai Indians,Sunrisers Hyderabad,Mumbai Indians,1,1574.217986647627,1455.9886043693414,118.22938227828558,0.4,0.4,0.0,0.6666666666666666,0.3333333333333333,0.3333333333333333,0.4,0.3,0.10000000000000003,-0.04999999999999999,0.5,1,1,bat,0.5,0.4166666666666667,156.77777777777777,0.5833333333333334,34,0.6363636363636364,0.42857142857142855,115,1,89.93405449847123,88.5157450027093,1.4183094957619318,55.04470997187702,59.525336974168425,-4.480627002291406,0,0,0.6161616161616161,0.47368421052631576,0.14247740563530037,0.0,0.47368421052631576,-0.47368421052631576,0,0,0.41666666666666663,10,0,0.5625,0.4375,0.375,0.6111111111111112
1254101,56.0,2021,2021-10-08,Dubai International Cricket Stadium,Dubai,Delhi Capitals,Royal Challengers Bengaluru,Royal Challengers Bengaluru,0,1594.7612624431995,1512.7007506768095,82.06051176638994,0.8,0.6,0.20000000000000007,0.6666666666666666,0.6666666666666666,0.0,0.8,0.5,0.30000000000000004,0.22999999999999987,0.4,0,0,field,0.4,0.5116279069767442,162.90697674418604,0.4883720930232558,40,0.5384615384615384,0.6363636363636364,116,1,88.47901688762377,85.5278869773478,2.9511299102759665,56.391097378287874,62.289872611629505,-5.898775233341631,0,1,0.5175438596491229,0.5238095238095238,-0.006265664160400974,0.0,0.5238095238095238,-0.5238095238095238,0,0,0.5116279069767442,10,0,0.6190476190476191,0.38095238095238093,0.3888888888888889,0.4090909090909091
1254114,,2021,2021-10-10,Dubai International Cricket Stadium,Dubai,Delhi Capitals,Chennai Super Kings,Chennai Super Kings,0,1579.9785462474483,1567.1914895109196,12.787056736528712,0.6,0.4,0.19999999999999996,0.6666666666666666,0.0,0.6666666666666666,0.7,0.6,0.09999999999999998,0.07000000000000006,0.6,0,0,field,0.4146341463414634,0.5,162.9318181818182,0.5,41,0.5,0.5833333333333334,117,1,89.58611259894383,88.52951730590182,1.0565952930420082,56.21217381176169,53.1853709481231,3.0268028636385864,0,1,0.5175438596491229,0.6555555555555556,-0.1380116959064327,0.0,0.6555555555555556,-0.6555555555555556,0,0,0.5,10,0,0.6363636363636364,0.36363636363636365,0.3888888888888889,0.43478260869565216
1254115,,2021,2021-10-11,Sharjah Cricket Stadium,Sharjah,Royal Challengers Bengaluru,Kolkata Knight Riders,Kolkata Knight Riders,0,1527.4834668725607,1525.3587786821527,2.124688190408051,0.8,0.6,0.20000000000000007,0.6666666666666666,0.6666666666666666,0.0,0.5,0.6,-0.09999999999999998,0.43,0.4,1,1,bat,0.5769230769230769,0.38461538461538464,160.76923076923077,0.6153846153846154,26,0.42857142857142855,0.5,118,1,86.80994785562527,90.73589979820026,-3.925951942574997,62.12030184805502,53.53173392669307,8.58856792136195,0,0,0.5283018867924528,0.5981308411214953,-0.06982895432904246,0.0,0.5981308411214953,-0.5981308411214953,0,0,0.3846153846153846,10,0,0.5384615384615384,0.46153846153846156,0.5769230769230769,0.631578947368421
1254116,,2021,2021-10-13,Sharjah Cricket Stadium,Sharjah,Delhi Capitals,Kolkata Knight Riders,Kolkata Knight Riders,0,1567.5370962569818,1537.432161897691,30.104934359290837,0.4,0.8,-0.4,0.3333333333333333,1.0,-0.6666666666666667,0.6,0.7,-0.09999999999999998,-0.3,0.5,0,0,field,0.5555555555555556,0.37037037037037035,159.92592592592592,0.6296296296296297,27,0.7142857142857143,0.5714285714285714,119,1,90.63712370507999,90.67918885289328,-0.04206514781328963,55.78244989182942,52.647336458677444,3.1351134331519788,0,0,0.5175438596491229,0.6018518518518519,-0.084307992202729,0.0,0.6018518518518519,-0.6018518518518519,0,0,0.37037037037037035,10,0,0.5714285714285714,0.4285714285714286,0.5555555555555556,0.631578947368421
1254117,,2021,2021-10-15,Dubai International Cricket Stadium,Dubai,Chennai Super Kings,Kolkata Knight Riders,Chennai Super Kings,1,1579.632939501386,1550.4693550285856,29.163584472800494,0.4,0.8,-0.4,0.3333333333333333,1.0,-0.6666666666666667,0.6,0.7,-0.09999999999999998,-0.22000000000000003,0.7,0,0,field,0.42857142857142855,0.4888888888888889,163.13333333333333,0.5111111111111111,42,0.6153846153846154,0.5,120,1,88.65839171772711,90.4251131703937,-1.7667214526665873,52.68971498433359,52.25166581735223,0.438049166981358,0,0,0.6593406593406593,0.6055045871559633,0.05383607218469599,0.0,0.6055045871559633,-0.6055045871559633,0,0,0.48888888888888893,10,0,0.6521739130434783,0.34782608695652173,0.3888888888888889,0.4583333333333333
1304047,1.0,2022,2022-03-26,"Wankhede Stadium, Mumbai",Mumbai,Chennai Super Kings,Kolkata Knight Riders,Kolkata Knight Riders,0,1590.6280240307378,1539.4742704992339,51.15375353150398,0.4,0.8,-0.4,0.6666666666666666,0.6666666666666666,0.0,0.6,0.7,-0.09999999999999998,-0.72,0.7,0,0,field,0.524390243902439,0.4819277108433735,167.3012048192771,0.5180722891566265,82,0.5789473684210527,0.09090909090909091,1,0,90.80450737915729,84.5238478437891,6.280659535368187,50.220135959618595,54.94366004731538,-4.723524087696788,0,0,0.6593406593406593,0.6,0.05934065934065935,0.0,0.6,-0.6,1,0,0.4819277108433735,3,1,0.0,1.0,0.5,0.5333333333333333
1304049,3.0,2022,2022-03-27,"DY Patil Stadium, Mumbai",Mumbai,Royal Challengers Bengaluru,Kings XI Punjab,Kings XI Punjab,0,1515.4100836570224,1475.2128530090824,40.19723064793993,0.6,0.6,0.0,0.3333333333333333,0.6666666666666666,-0.3333333333333333,0.5,0.5,0.0,0.08999999999999997,0.5,0,0,field,0.5294117647058824,0.4117647058823529,146.64705882352942,0.5882352941176471,17,0.5,0.0,2,0,79.5025235890758,80.93730870364811,-1.434785114572307,62.55823545761465,51.42061347266527,11.137621984949376,0,0,0.5283018867924528,0.5204081632653061,0.007893723527146679,0.0,0.5204081632653061,-0.5204081632653061,1,0,0.4117647058823529,3,1,0.0,1.0,0.5294117647058824,0.6
1304048,2.0,2022,2022-03-27,"Brabourne Stadium, Mumbai",Mumbai,Mumbai Indians,Delhi Capitals,Delhi Capitals,0,1582.285135162092,1554.4999031260872,27.7852320360048,0.6,0.4,0.19999999999999996,0.6666666666666666,0.0,0.6666666666666666,0.5,0.6,-0.09999999999999998,-0.14999999999999997,0.5,0,0,field,0.6363636363636364,0.5454545454545454,180.36363636363637,0.45454545454545453,11,0.75,0.0,3,0,78.05482331483535,77.52984994689963,0.5249733679357149,52.16029958274431,51.91692791345591,0.24337166928840048,0,1,0.6161616161616161,0.5175438596491229,0.09861775651249327,0.0,0.5175438596491229,-0.5175438596491229,1,0,0.5454545454545454,3,1,0.8,0.19999999999999996,0.6363636363636364,0.6363636363636364
1304050,4.0,2022,2022-03-28,"Wankhede Stadium, Mumbai",Mumbai,Lucknow Super Giants,Gujarat Titans,Gujarat Titans,0,1500.0,1500.0,0.0,0.5,0.5,0.0,0.5,0.5,0.0,0.5,0.5,0.0,0.0,0.5,0,0,field,0.5301204819277109,0.47619047619047616,166.86904761904762,0.5238095238095238,83,0.5,0.5,4,0,88.10997510755213,85.62181949630384,2.4881556112482883,50.04482139819992,61.169161275215195,-11.124339877015274,0,0,0.5,0.5,0.0,0.0,0.5,-0.5,1,0,0.47619047619047616,3,1,0.5,0.5,0.5,0.5409836065573771
1304051,5.0,2022,2022-03-29,"MCA Stadium, Pune",Pune,Rajasthan Royals,Sunrisers Hyderabad,Rajasthan Royals,1,1461.55878266143,1447.9214558548763,13.637326806553801,0.2,0.4,-0.2,0.3333333333333333,0.3333333333333333,0.0,0.4,0.2,0.2,-0.26999999999999996,0.4,0,0,field,0.5,0.5,161.86529680365297,0.5,0,0.5,0.5,5,0,95.27637180558074,89.22289372109651,6.053478084484226,55.5893023911064,47.48366583388444,8.105636557221963,0,1,0.5684210526315789,0.46875,0.09967105263157894,0.0,0.46875,-0.46875,1,0,0.5,3,1,0.5,0.5,0.5,0.5
1304052,6.0,2022,2022-03-30,"DY Patil Stadium, Mumbai",Mumbai,Kolkata Knight Riders,Royal Challengers Bengaluru,Royal Challengers Bengaluru,0,1553.2284018540934,1502.0278822804057,51.20051957368764,0.8,0.4,0.4,0.6666666666666666,0.3333333333333333,0.3333333333333333,0.7,0.4,0.29999999999999993,0.32999999999999996,0.6,0,0,field,0.5555555555555556,0.3888888888888889,149.88888888888889,0.6111111111111112,18,1.0,0.3333333333333333,6,0,85.09583104514354,81.47617377593286,3.619657269210677,61.90796253086226,55.68407123253764,6.223891298324617,0,0,0.6036036036036037,0.5283018867924528,0.07530171681115083,0.0,0.5283018867924528,-0.5283018867924528,1,0,0.38888888888888884,3,1,0.3333333333333333,0.6666666666666667,0.5555555555555556,0.6363636363636364
1304053,7.0,2022,2022-03-31,"Brabourne Stadium, Mumbai",Mumbai,Chennai Super Kings,Lucknow Super Giants,Lucknow Super Giants,0,1576.8738926758783,1488.0,88.87389267587832,0.4,0.0,0.4,0.6666666666666666,0.0,0.6666666666666666,0.6,0.0,0.6,0.32,0.5,0,0,field,0.6666666666666666,0.5,180.08333333333334,0.5,12,0.5,0.5,7,0,88.57579694485476,89.39881656565207,-0.8230196207973108,58.68389381989692,55.10144806460596,3.582445755290962,0,1,0.6593406593406593,0.5,0.15934065934065933,0.0,0.5,-0.5,1,0,0.5,3,1,0.8333333333333334,0.16666666666666663,0.6666666666666666,0.6666666666666666
1304054,8.0,2022,2022-04-01,"Wankhede Stadium, Mumbai",Mumbai,Kings XI Punjab,Kolkata Knight Riders,Kolkata Knight Riders,0,1488.595054385699,1539.4726898027893,-50.87763541709023,0.6,0.6,0.0,0.6666666666666666,0.3333333333333333,0.3333333333333333,0.5,0.6,-0.09999999999999998,-0.26999999999999996,0.4,0,0,field,0.5357142857142857,0.47058823529411764,166.76470588235293,0.5294117647058824,84,0.42857142857142855,0.16666666666666666,8,0,86.52489990238102,84.23293460052676,2.291965301854262,50.561167495811,69.54151693964401,-18.980349443833013,0,0,0.5252525252525253,0.6036036036036037,-0.07835107835107835,0.0,0.6036036036036037,-0.6036036036036037,1,0,0.47058823529411764,4,0,0.5813953488372093,0.41860465116279066,0.5,0.5483870967741935
1304055,9.0,2022,2022-04-02,"DY Patil Stadium, Mumbai",Mumbai,Rajasthan Royals,Mumbai Indians,Rajasthan Royals,1,1473.0880078251134,1569.3275079008151,-96.2395000757017,0.4,0.6,-0.19999999999999996,0.3333333333333333,0.6666666666666666,-0.3333333333333333,0.4,0.5,-0.09999999999999998,-0.34,0.6,0,0,field,0.5789473684210527,0.3684210526315789,148.73684210526315,0.631578947368421,19,0.5,0.7142857142857143,9,0,92.58738027076197,78.9898946938995,13.597485576862468,73.433042664814,57.653318347615404,15.779724317198593,0,0,0.5684210526315789,0.6161616161616161,-0.047740563530037194,0.0,0.6161616161616161,-0.6161616161616161,1,0,0.368421052631579,4,0,0.6666666666666666,0.33333333333333337,0.5789473684210527,0.6666666666666666
1304056,10.0,2022,2022-04-02,"MCA Stadium, Pune",Pune,Gujarat Titans,Delhi Capitals,Gujarat Titans,1,1512.0,1567.4575303873642,-55.45753038736416,1.0,0.4,0.6,1.0,0.3333333333333333,0.6666666666666667,1.0,0.6,0.4,0.5700000000000001,0.5,0,0,field,0.0,1.0,210.0,0.0,1,0.5,0.5,10,0,87.5801651296074,79.58673777315985,7.99342735644754,61.21618677198362,59.45041650250463,1.7657702694789918,0,1,0.5,0.5217391304347826,-0.021739130434782594,0.0,0.5217391304347826,-0.5217391304347826,1,0,1.0,4,0,0.5,0.5,0.0,0.0
1304057,11.0,2022,2022-04-03,"Brabourne Stadium, Mumbai",Mumbai,Kings XI Punjab,Chennai Super Kings,Kings XI Punjab,1,1478.3398516573,1561.8695414432354,-83.52968978593549,0.6,0.4,0.19999999999999996,0.6666666666666666,0.3333333333333333,0.3333333333333333,0.5,0.5,0.0,0.22000000000000003,0.3,0,0,field,0.6923076923076923,0.46153846153846156,182.3846153846154,0.5384615384615384,13,0.0,0.3333333333333333,11,0,88.18269495517076,92.50582007508204,-4.323125119911282,51.22825770328554,63.688622670955006,-12.460364967669463,0,0,0.5252525252525253,0.6593406593406593,-0.13408813408813403,0.0,0.6593406593406593,-0.6593406593406593,1,0,0.46153846153846156,4,0,0.0,1.0,0.6923076923076923,0.6923076923076923
1304058,12.0,2022,2022-04-04,"DY Patil Stadium, Mumbai",Mumbai,Lucknow Super Giants,Sunrisers Hyderabad,Lucknow Super Giants,1,1503.0043512326429,1436.392230691193,66.61212054144994,0.5,0.2,0.3,0.5,0.3333333333333333,0.16666666666666669,0.5,0.2,0.3,0.19999999999999996,0.5,0,0,field,0.55,0.4,150.95,0.6,20,0.5,0.3333333333333333,12,0,90.7065873587241,90.48169813583857,0.2248892228855226,55.293679828010475,46.67900145320156,8.614678374808918,0,0,0.5,0.4639175257731959,0.03608247422680411,0.0,0.4639175257731959,-0.4639175257731959,1,0,0.4,4,0,0.6,0.4,0.55,0.6153846153846154
1304059,13.0,2022,2022-04-05,"Wankhede Stadium, Mumbai",Mumbai,Rajasthan Royals,Royal Challengers Bengaluru,Royal Challengers Bengaluru,0,1488.3295177390362,1515.7835943317098,-27.454076592673573,0.6,0.4,0.19999999999999996,0.6666666666666666,0.3333333333333333,0.3333333333333333,0.5,0.5,0.0,0.21999999999999992,0.4,0,0,field,0.5411764705882353,0.46511627906976744,166.41860465116278,0.5348837209302325,85,0.46153846153846156,0.3333333333333333,13,0,92.94151622489792,85.4578955920118,7.483620632886129,65.60540733717866,54.757335498839645,10.848071838339017,0,0,0.5684210526315789,0.5327102803738317,0.035710772257747214,0.0,0.5327102803738317,-0.5327102803738317,1,0,0.4651162790697675,4,0,0.5909090909090909,0.40909090909090906,0.5,0.5555555555555556
1304060,14.0,2022,2022-04-06,"MCA Stadium, Pune",Pune,Mumbai Indians,Kolkata Knight Riders,Kolkata Knight Riders,0,1554.0859979868924,1549.7278925311884,4.358105455703935,0.4,0.6,-0.19999999999999996,0.3333333333333333,0.6666666666666666,-0.3333333333333333,0.4,0.7,-0.29999999999999993,-0.18,0.8,0,0,field,0.0,1.0,190.5,0.0,2,0.5,0.5,14,0,88.97858004961512,88.21183410502802,0.7667459445871003,60.6049360671875,59.57170968763001,1.0332263795574903,0,1,0.61,0.6071428571428571,0.0028571428571428914,0.0,0.6071428571428571,-0.6071428571428571,1,0,1.0,4,0,0.0,1.0,0.0,0.0
1304061,15.0,2022,2022-04-07,"DY Patil Stadium, Mumbai",Mumbai,Delhi Capitals,Lucknow Super Giants,Lucknow Super Giants,0,1553.5581984706832,1512.731431798574,40.826766672109216,0.2,0.6666666666666666,-0.4666666666666666,0.3333333333333333,0.6666666666666666,-0.3333333333333333,0.5,0.6666666666666666,-0.16666666666666663,-0.38,0.5,0,0,field,0.5238095238095238,0.42857142857142855,151.8095238095238,0.5714285714285714,21,0.5,1.0,15,0,84.8573771372298,94.62043430823918,-9.763057171009379,61.32080352632522,58.646413200619435,2.6743903257057866,0,0,0.5172413793103449,0.5,0.017241379310344862,0.0,0.5,-0.5,1,0,0.4285714285714286,4,0,0.5454545454545454,0.4545454545454546,0.5238095238095238,0.5714285714285714
1304062,16.0,2022,2022-04-08,"Brabourne Stadium, Mumbai",Mumbai,Kings XI Punjab,Gujarat Titans,Gujarat Titans,0,1493.1705354359065,1525.899331916681,-32.72879648077446,0.6,1.0,-0.4,0.6666666666666666,1.0,-0.33333333333333337,0.5,1.0,-0.5,-0.47,0.5,0,0,field,0.6428571428571429,0.5,182.21428571428572,0.5,14,0.5,0.5,16,0,84.20445766955602,89.92866971299279,-5.724212043436765,70.57071535275874,65.18968837278938,5.381026979969363,0,1,0.5252525252525253,0.5,0.025252525252525304,0.0,0.5,-0.5,1,0,0.5,4,0,0.0,1.0,0.6428571428571429,0.6428571428571429
1304063,17.0,2022,2022-04-09,"DY Patil Stadium, Mumbai",Mumbai,Chennai Super Kings,Sunrisers Hyderabad,Sunrisers Hyderabad,0,1547.038857664629,1426.6651501252618,120.37370753936716,0.4,0.2,0.2,0.0,0.0,0.0,0.4,0.2,0.2,0.35,0.8,0,0,field,0.5454545454545454,0.4090909090909091,151.6818181818182,0.5909090909090909,22,0.75,0.2857142857142857,17,0,92.34909965930348,80.03032401657856,12.318775642724916,54.829558696096704,57.457982462586024,-2.6284237664893197,0,0,0.6521739130434783,0.45918367346938777,0.1929902395740905,0.0,0.45918367346938777,-0.45918367346938777,1,0,0.40909090909090906,4,0,0.5833333333333334,0.41666666666666663,0.5454545454545454,0.6
1304064,18.0,2022,2022-04-09,"MCA Stadium, Pune",Pune,Mumbai Indians,Royal Challengers Bengaluru,Royal Challengers Bengaluru,0,1541.9354822511586,1526.8373327954077,15.0981494557509,0.4,0.6,-0.19999999999999996,0.0,0.6666666666666666,-0.6666666666666666,0.3,0.6,-0.3,0.050000000000000044,0.6,0,0,field,0.3333333333333333,0.6666666666666666,180.66666666666666,0.3333333333333333,3,0.0,0.5,18,0,89.25844154998795,88.8113350530838,0.44710649690415494,49.133049952037624,49.333129956877066,-0.20008000483944244,0,1,0.61,0.5370370370370371,0.0729629629629629,0.0,0.5370370370370371,-0.5370370370370371,1,0,0.6666666666666667,4,0,0.5,0.5,0.3333333333333333,0.3333333333333333
1304065,19.0,2022,2022-04-10,"Brabourne Stadium, Mumbai",Mumbai,Delhi Capitals,Kolkata Knight Riders,Delhi Capitals,1,1540.154546665088,1561.8784082669222,-21.723861601834187,0.2,0.6,-0.39999999999999997,0.3333333333333333,0.6666666666666666,-0.3333333333333333,0.4,0.7,-0.29999999999999993,-0.25,0.5,0,0,field,0.6666666666666666,0.4666666666666667,182.66666666666666,0.5333333333333333,15,0.3333333333333333,0.0,19,0,84.82337427171578,88.25574417345419,-3.4323699017384115,57.87820091902355,56.18519126802889,1.6930096509946608,0,0,0.5172413793103449,0.6106194690265486,-0.09337808971620376,0.0,0.6106194690265486,-0.6106194690265486,1,0,0.4666666666666667,4,0,0.25,0.75,0.6666666666666666,0.6666666666666666
1304066,20.0,2022,2022-04-10,"Wankhede Stadium, Mumbai",Mumbai,Rajasthan Royals,Lucknow Super Giants,Rajasthan Royals,1,1477.2757792753382,1526.1350836041693,-48.85930432883106,0.4,0.75,-0.35,0.6666666666666666,1.0,-0.33333333333333337,0.4,0.75,-0.35,-0.2953846153846154,0.5,0,0,field,0.5465116279069767,0.45977011494252873,166.44827586206895,0.5402298850574713,86,0.42857142857142855,0.0,20,0,89.17292758556864,93.05081384500708,-3.8778862594384407,61.91299540053458,57.1586762533064,4.754319147228173,0,0,0.5684210526315789,0.5,0.06842105263157894,0.0,0.5,-0.5,1,0,0.45977011494252873,4,0,0.6,0.4,0.5,0.5625
1304067,21.0,2022,2022-04-11,"DY Patil Stadium, Mumbai",Mumbai,Gujarat Titans,Sunrisers Hyderabad,Sunrisers Hyderabad,0,1536.7722512064693,1442.66397451334,94.10827669312926,1.0,0.4,0.6,1.0,0.3333333333333333,0.6666666666666667,1.0,0.3,0.7,0.5700000000000001,0.5,0,0,field,0.5652173913043478,0.391304347826087,151.7826086956522,0.6086956521739131,23,0.5,0.375,21,0,90.40789970080947,84.40324147717521,6.004658223634252,67.27442030209079,53.441315795919365,13.833104506171424,0,0,0.5,0.46464646464646464,0.03535353535353536,0.0,0.46464646464646464,-0.46464646464646464,1,0,0.3913043478260869,4,0,0.6153846153846154,0.3846153846153846,0.5652173913043478,0.625
1304068,22.0,2022,2022-04-12,"DY Patil Stadium, Mumbai",Mumbai,Chennai Super Kings,Royal Challengers Bengaluru,Chennai Super Kings,1,1531.0400332765507,1539.358476398537,-8.31844312198632,0.2,0.6,-0.39999999999999997,0.0,1.0,-1.0,0.3,0.7,-0.39999999999999997,-0.050000000000000044,0.8,0,0,field,0.5833333333333334,0.375,152.20833333333334,0.625,24,0.6,0.5,22,0,91.28527154575006,87.4198912028164,3.865380342933662,48.00648986786356,42.12284279294588,5.8836470749176755,0,0,0.6521739130434783,0.5412844036697247,0.11088950937375353,0.0,0.5412844036697247,-0.5412844036697247,1,0,0.375,4,0,0.6428571428571429,0.3571428571428571,0.5833333333333334,0.6470588235294118
1304069,23.0,2022,2022-04-13,"MCA Stadium, Pune",Pune,Kings XI Punjab,Mumbai Indians,Kings XI Punjab,1,1482.2976161461181,1529.4143386480293,-47.11672250191123,0.6,0.2,0.39999999999999997,0.3333333333333333,0.0,0.3333333333333333,0.5,0.3,0.2,0.37,0.4,0,0,field,0.5,0.5,173.25,0.5,4,0.5,0.0,23,0,90.09382156542765,90.2711515308865,-0.1773299654588527,55.65353138646764,52.92402423969278,2.729507146774864,0,1,0.5252525252525253,0.61,-0.08474747474747468,0.0,0.61,-0.61,1,0,0.5,4,0,0.6666666666666666,0.33333333333333337,0.5,0.5
1304070,24.0,2022,2022-04-14,"DY Patil Stadium, Mumbai",Mumbai,Gujarat Titans,Rajasthan Royals,Gujarat Titans,1,1521.5990923798288,1490.9522827041235,30.6468096757053,0.75,0.6,0.15000000000000002,0.6666666666666666,0.6666666666666666,0.0,0.75,0.4,0.35,0.3469230769230769,0.5,0,0,field,0.56,0.4,154.76,0.6,25,0.0,0.6666666666666666,24,0,93.31706508900791,88.12353405408555,5.1935310349223585,59.22026151610203,51.97678060580754,7.243480910294487,0,0,0.5,0.5684210526315789,-0.06842105263157894,0.0,0.5684210526315789,-0.5684210526315789,1,0,0.4,4,0,0.6,0.4,0.56,0.6111111111111112
1304071,25.0,2022,2022-04-15,"Brabourne Stadium, Mumbai",Mumbai,Kolkata Knight Riders,Sunrisers Hyderabad,Sunrisers Hyderabad,0,1549.1290689377709,1457.8371333399805,91.29193559779037,0.6,0.4,0.19999999999999996,0.6666666666666666,0.6666666666666666,0.0,0.7,0.4,0.29999999999999993,0.47000000000000003,0.7,0,0,field,0.625,0.5,184.6875,0.5,16,0.0,0.5,25,0,89.48089837409228,84.02642003370318,5.454478340389102,52.937540251338056,54.707982462586024,-1.7704422112479676,0,1,0.6052631578947368,0.47,0.13526315789473686,0.0,0.47,-0.47,1,0,0.5,4,0,0.2,0.8,0.625,0.6
1304072,26.0,2022,2022-04-16,"Brabourne Stadium, Mumbai",Mumbai,Lucknow Super Giants,Mumbai Indians,Lucknow Super Giants,1,1512.458580175384,1515.7968879944644,-3.3383078190804554,0.6,0.0,0.6,0.6666666666666666,0.0,0.6666666666666666,0.6,0.3,0.3,0.5700000000000001,0.5,0,0,field,0.6470588235294118,0.47058823529411764,184.11764705882354,0.5294117647058824,17,1.0,0.6666666666666666,26,0,88.88316091312072,93.42022939278543,-4.537068479664711,55.1758992864844,48.29154610285414,6.88435318363026,0,0,0.6666666666666666,0.6039603960396039,0.06270627062706269,0.0,0.6039603960396039,-0.6039603960396039,0,0,0.47058823529411764,4,0,0.3333333333333333,0.6666666666666667,0.6470588235294118,0.6363636363636364
1304073,27.0,2022,2022-04-16,"Wankhede Stadium, Mumbai",Mumbai,Royal Challengers Bengaluru,Delhi Capitals,Royal Challengers Bengaluru,1,1527.0712224378583,1552.9038859942393,-25.83266355638102,0.6,0.4,0.19999999999999996,0.6666666666666666,0.3333333333333333,0.3333333333333333,0.6,0.4,0.19999999999999996,0.24000000000000005,0.6,0,0,field,0.5402298850574713,0.4659090909090909,166.4318181818182,0.5340909090909091,87,0.38461538461538464,0.4166666666666667,27,0,86.59984256278835,85.31966550529808,1.2801770574902775,50.59549706924147,56.55286298568507,-5.9573659164435995,0,0,0.5363636363636364,0.5172413793103449,0.019122257053291514,0.0,0.5172413793103449,-0.5172413793103449,0,0,0.46590909090909094,4,0,0.5869565217391305,0.4130434782608695,0.5,0.5538461538461539
1304074,28.0,2022,2022-04-17,"DY Patil Stadium, Mumbai",Mumbai,Kings XI Punjab,Sunrisers Hyderabad,Sunrisers Hyderabad,0,1495.915066799683,1472.9196284754225,22.995438324260476,0.6,0.6,0.0,0.6666666666666666,1.0,-0.33333333333333337,0.6,0.5,0.09999999999999998,0.22999999999999998,0.4,0,0,field,0.5384615384615384,0.4230769230769231,156.19230769230768,0.5769230769230769,26,0.5,0.4444444444444444,28,0,89.40655335990593,84.4525039530732,4.954049406832723,53.017047238115026,54.53701472065055,-1.5199674825355203,0,0,0.5252525252525253,0.4752475247524752,0.05000500050005008,0.0,0.4752475247524752,-0.4752475247524752,0,0,0.42307692307692313,4,0,0.5625,0.4375,0.5384615384615384,0.5789473684210527
1304075,29.0,2022,2022-04-17,"MCA Stadium, Pune",Pune,Chennai Super Kings,Gujarat Titans,Gujarat Titans,0,1543.3272872372295,1532.5433258753762,10.783961361853244,0.2,0.8,-0.6000000000000001,0.3333333333333333,0.6666666666666666,-0.3333333333333333,0.3,0.8,-0.5,-0.8,0.5,0,0,field,0.4,0.6,178.2,0.4,5,0.5,1.0,29,0,90.37276065388173,92.62881999848663,-2.256059344604907,55.28335084775774,60.953521683215975,-5.6701708354582365,0,1,0.6521739130434783,0.5,0.15217391304347827,0.0,0.5,-0.5,0,0,0.6,4,0,0.5,0.5,0.4,0.4
1304076,30.0,2022,2022-04-18,"Brabourne Stadium, Mumbai",Mumbai,Rajasthan Royals,Kolkata Knight Riders,Rajasthan Royals,1,1480.008049208576,1534.0465738023288,-54.038524593752754,0.6,0.4,0.19999999999999996,0.3333333333333333,0.3333333333333333,0.0,0.4,0.6,-0.19999999999999996,0.26999999999999996,0.3,0,0,field,0.6111111111111112,0.5,184.94444444444446,0.5,18,0.5,0.0,30,0,90.18968983067609,90.66775440482006,-0.4780645741439713,58.66550693561931,50.59425196712501,8.071254968494301,0,1,0.5625,0.6052631578947368,-0.042763157894736836,0.0,0.6052631578947368,-0.6052631578947368,0,0,0.5,4,0,0.2857142857142857,0.7142857142857143,0.6111111111111112,0.5833333333333334
1304077,31.0,2022,2022-04-19,"DY Patil Stadium, Mumbai",Mumbai,Royal Challengers Bengaluru,Lucknow Super Giants,Royal Challengers Bengaluru,1,1539.961810493552,1524.573877694549,15.38793279900301,0.8,0.8,0.0,0.6666666666666666,0.6666666666666666,0.0,0.6,0.6666666666666666,-0.06666666666666665,0.0,0.5,0,0,field,0.5555555555555556,0.4074074074074074,156.0,0.5925925925925926,27,0.4,1.0,31,0,91.1249004757551,91.19057187190029,-0.06567139614519135,53.066742854549226,55.1053521701506,-2.038609315601377,0,0,0.5363636363636364,0.6666666666666666,-0.13030303030303025,0.0,0.6666666666666666,-0.6666666666666666,0,0,0.40740740740740744,4,0,0.5882352941176471,0.4117647058823529,0.5555555555555556,0.6
1304078,32.0,2022,2022-04-20,"Brabourne Stadium, Mumbai",Mumbai,Kings XI Punjab,Delhi Capitals,Delhi Capitals,0,1483.1219902128432,1540.0132979385455,-56.89130772570229,0.4,0.4,0.0,0.3333333333333333,0.3333333333333333,0.0,0.5,0.4,0.09999999999999998,-0.09999999999999998,0.5,0,0,field,0.5789473684210527,0.5263157894736842,186.6315789473684,0.47368421052631576,19,0.3333333333333333,0.5,32,0,89.1469642128718,87.94215866968267,1.2048055431891243,50.84310014705742,54.70157572281244,-3.8584755757550226,0,1,0.5252525252525253,0.5128205128205128,0.01243201243201253,0.0,0.5128205128205128,-0.5128205128205128,0,0,0.5263157894736843,4,0,0.25,0.75,0.5789473684210527,0.5384615384615384
1304079,33.0,2022,2022-04-21,"DY Patil Stadium, Mumbai",Navi Mumbai,Mumbai Indians,Chennai Super Kings,Chennai Super Kings,0,1503.6815904752993,1530.9549419722857,-27.27335149698638,0.0,0.2,-0.2,0.0,0.3333333333333333,-0.3333333333333333,0.3,0.3,0.0,-0.12,0.7,0,0,field,0.5357142857142857,0.42857142857142855,156.89285714285714,0.5714285714285714,28,0.625,0.6666666666666666,33,0,94.00363144865327,90.11494063239215,3.888690816261118,41.27385271228291,66.51160057242971,-25.237747860146804,0,0,0.5980392156862745,0.6521739130434783,-0.054134697357203776,0.0,0.6521739130434783,-0.6521739130434783,0,0,0.4285714285714286,4,0,0.5555555555555556,0.4444444444444444,0.5357142857142857,0.5714285714285714
1304080,34.0,2022,2022-04-22,"Wankhede Stadium, Mumbai",Mumbai,Rajasthan Royals,Delhi Capitals,Rajasthan Royals,1,1493.8595675663303,1550.0657174843477,-56.206149918017445,0.6,0.4,0.19999999999999996,0.6666666666666666,0.6666666666666666,0.0,0.5,0.4,0.09999999999999998,0.35,0.4,0,0,field,0.5340909090909091,0.47191011235955055,166.68539325842696,0.5280898876404494,88,0.4666666666666667,0.38461538461538464,34,0,90.9981154761246,88.8918811121886,2.1062343639359966,58.15266243601562,59.59818166412063,-1.445519228105013,0,0,0.5625,0.5169491525423728,0.045550847457627164,0.0,0.5169491525423728,-0.5169491525423728,0,0,0.4719101123595506,4,0,0.574468085106383,0.42553191489361697,0.5,0.5454545454545454
1304081,35.0,2022,2022-04-23,"DY Patil Stadium, Mumbai",Navi Mumbai,Gujarat Titans,Kolkata Knight Riders,Gujarat Titans,1,1544.91567114032,1520.1950554445746,24.720615695745437,0.8,0.4,0.4,0.6666666666666666,0.0,0.6666666666666666,0.8333333333333334,0.5,0.33333333333333337,0.19999999999999996,0.5,1,1,bat,0.5517241379310345,0.41379310344827586,156.82758620689654,0.5862068965517241,29,0.5,0.6666666666666666,35,0,93.44992891444937,92.10101831662185,1.3489105978275262,60.50421429576801,59.6581550420247,0.8460592537433058,0,0,1.0,0.6,0.4,0.0,0.6,-0.6,0,0,0.4137931034482759,4,0,0.5789473684210527,0.42105263157894735,0.5517241379310345,0.5909090909090909
1304082,36.0,2022,2022-04-23,"Brabourne Stadium, Mumbai",Mumbai,Royal Challengers Bengaluru,Sunrisers Hyderabad,Sunrisers Hyderabad,0,1551.4306773694743,1485.7127050622623,65.717972307212,0.8,0.8,0.0,0.6666666666666666,1.0,-0.33333333333333337,0.6,0.5,0.09999999999999998,0.1499999999999999,0.4,0,0,field,0.6,0.5,183.05,0.5,20,1.0,0.6666666666666666,36,0,91.37520696468094,84.06250949364119,7.312697471039755,55.22818224909398,52.69219298890183,2.535989260192153,0,1,0.5363636363636364,0.4803921568627451,0.055971479500891264,0.0,0.4803921568627451,-0.4803921568627451,0,0,0.5,4,0,0.3333333333333333,0.6666666666666667,0.6,0.5714285714285714
1304083,37.0,2022,2022-04-24,"Wankhede Stadium, Mumbai",Mumbai,Lucknow Super Giants,Mumbai Indians,Lucknow Super Giants,1,1513.1050108186269,1492.6216485477607,20.48336227086611,0.6,0.0,0.6,0.3333333333333333,0.0,0.3333333333333333,0.5714285714285714,0.2,0.3714285714285714,0.72,1.0,0,0,field,0.5280898876404494,0.4777777777777778,167.3,0.5222222222222223,89,0.0,0.6268656716417911,37,0,89.86355878179748,93.63503272711337,-3.77147394531589,49.101440117089076,45.43129609029893,3.6701440267901475,0,0,0.5,0.5980392156862745,-0.0980392156862745,0.0,0.5980392156862745,-0.5980392156862745,0,0,0.47777777777777775,4,0,0.5625,0.4375,0.5,0.5373134328358209
1304084,38.0,2022,2022-04-25,"Wankhede Stadium, Mumbai",Mumbai,Kings XI Punjab,Chennai Super Kings,Kings XI Punjab,1,1473.069570667041,1542.0148838998243,-68.94531323278329,0.4,0.4,0.0,0.3333333333333333,0.6666666666666666,-0.3333333333333333,0.5,0.4,0.09999999999999998,0.27,0.4,0,0,field,0.5222222222222223,0.4835164835164835,167.30769230769232,0.5164835164835165,90,0.4,0.55,38,0,91.90998358667773,88.81823739659615,3.0917461900815795,48.30221395148667,60.09262558928206,-11.790411637795387,0,0,0.5252525252525253,0.6559139784946236,-0.13066145324209832,0.0,0.6559139784946236,-0.6559139784946236,0,0,0.48351648351648346,4,0,0.5510204081632653,0.44897959183673475,0.5,0.5294117647058824
1304085,39.0,2022,2022-04-26,"MCA Stadium, Pune",Pune,Rajasthan Royals,Royal Challengers Bengaluru,Rajasthan Royals,1,1507.7840995024685,1537.187547221768,-29.403447719299493,0.6,0.6,0.0,0.6666666666666666,0.6666666666666666,0.0,0.6,0.6,0.0,-0.22000000000000003,0.3,0,0,field,0.5,0.5,176.66666666666666,0.5,6,1.0,1.0,39,0,91.68139895900927,86.49383929975978,5.187559659249487,55.683972002405085,54.011641736217335,1.6723302661877497,0,1,0.5625,0.5363636363636364,0.026136363636363624,0.0,0.5363636363636364,-0.5363636363636364,0,0,0.5,4,0,0.6,0.4,0.5,0.5
1304086,40.0,2022,2022-04-27,"Wankhede Stadium, Mumbai",Mumbai,Sunrisers Hyderabad,Gujarat Titans,Gujarat Titans,0,1499.9558352099687,1556.0632892480082,-56.10745403803958,1.0,0.8,0.19999999999999996,1.0,1.0,0.0,0.6,0.8571428571428571,-0.2571428571428571,0.25,1.0,0,0,field,0.5164835164835165,0.4891304347826087,167.52173913043478,0.5108695652173914,91,0.2222222222222222,1.0,40,0,88.12892033262878,92.26959068928346,-4.140670356654681,56.528796610523976,59.09293703269177,-2.564140422167796,0,0,0.4854368932038835,1.0,-0.5145631067961165,0.0,1.0,-1.0,0,0,0.48913043478260865,4,0,0.54,0.45999999999999996,0.5,0.5217391304347826
1304087,41.0,2022,2022-04-28,"Wankhede Stadium, Mumbai",Mumbai,Kolkata Knight Riders,Delhi Capitals,Delhi Capitals,0,1509.0474373368863,1536.1411855482095,-27.093748211323145,0.2,0.4,-0.2,0.0,0.3333333333333333,-0.3333333333333333,0.4,0.3,0.10000000000000003,-0.020000000000000018,0.4,0,0,field,0.5217391304347826,0.4838709677419355,167.81720430107526,0.5161290322580645,92,0.23076923076923078,0.35714285714285715,41,0,90.54159833252831,93.24298481850717,-2.7013864859788583,59.15483532090158,48.28410687880125,10.87072844210033,0,0,0.5948275862068966,0.5126050420168067,0.0822225441900899,0.0,0.5126050420168067,-0.5126050420168067,0,0,0.4838709677419355,4,0,0.5490196078431373,0.4509803921568627,0.5,0.5285714285714286
1304088,42.0,2022,2022-04-29,"MCA Stadium, Pune",Pune,Lucknow Super Giants,Kings XI Punjab,Lucknow Super Giants,1,1524.3983590847192,1487.4200847565198,36.978274328199404,0.6,0.4,0.19999999999999996,0.6666666666666666,0.3333333333333333,0.3333333333333333,0.625,0.5,0.125,0.3,0.5,0,0,field,0.42857142857142855,0.5714285714285714,172.0,0.42857142857142855,7,0.5,1.0,42,0,89.86193682010024,91.43279674355354,-1.5708599234532983,56.04986702388999,50.05066463915964,5.999202384730346,0,1,0.5,0.5252525252525253,-0.025252525252525304,0.0,0.5252525252525253,-0.5252525252525253,0,0,0.5714285714285714,4,0,0.5,0.5,0.42857142857142855,0.42857142857142855
1304089,43.0,2022,2022-04-30,"Brabourne Stadium, Mumbai",Mumbai,Royal Challengers Bengaluru,Gujarat Titans,Gujarat Titans,0,1524.1744057437827,1566.1420786194003,-41.96767287561761,0.4,0.8,-0.4,0.3333333333333333,1.0,-0.6666666666666667,0.5,0.875,-0.375,-0.2,0.5,1,1,bat,0.6190476190476191,0.47619047619047616,177.57142857142858,0.5238095238095238,21,0.5,1.0,43,0,86.00081087224859,91.67013607206249,-5.669325199813898,54.861504575687036,56.9760862157683,-2.114581640081262,0,0,0.5315315315315315,1.0,-0.46846846846846846,0.0,1.0,-1.0,0,0,0.47619047619047616,4,0,0.4,0.6,0.6190476190476191,0.6
1304090,44.0,2022,2022-04-30,"DY Patil Stadium, Mumbai",Navi Mumbai,Rajasthan Royals,Mumbai Indians,Mumbai Indians,0,1520.7972409804538,1481.3283002816684,39.468940698785445,0.8,0.0,0.8,1.0,0.0,1.0,0.6,0.2,0.39999999999999997,0.75,0.6,0,0,field,0.5666666666666667,0.43333333333333335,156.8,0.5666666666666667,30,0.5,0.5555555555555556,44,0,93.15200365212036,86.97859763945155,6.173406012668806,58.70683466703446,45.44164378476779,13.265190882266666,0,0,0.5625,0.5922330097087378,-0.029733009708737823,0.0,0.5922330097087378,-0.5922330097087378,0,0,0.43333333333333335,4,0,0.55,0.44999999999999996,0.5666666666666667,0.5909090909090909
1304091,45.0,2022,2022-05-01,"Wankhede Stadium, Mumbai",Mumbai,Lucknow Super Giants,Delhi Capitals,Lucknow Super Giants,1,1535.1259755375183,1547.2072929338947,-12.081317396376335,0.6,0.6,0.0,0.6666666666666666,0.6666666666666666,0.0,0.6666666666666666,0.4,0.2666666666666666,-0.18,1.0,1,1,bat,0.5268817204301075,0.4787234042553192,167.58510638297872,0.5212765957446809,93,0.3333333333333333,0.4,45,0,91.91645470717245,93.91446404849702,-1.9980093413245754,58.74516522610693,50.75361241236839,7.9915528137385365,0,0,0.5,0.5166666666666667,-0.01666666666666672,0.0,0.5166666666666667,-0.5166666666666667,0,0,0.4787234042553191,5,0,0.46153846153846156,0.5384615384615384,0.5,0.5352112676056338
1304092,46.0,2022,2022-05-01,"MCA Stadium, Pune",Pune,Chennai Super Kings,Sunrisers Hyderabad,Chennai Super Kings,1,1527.6643698103455,1489.8770458385766,37.787323971768956,0.4,0.8,-0.4,0.3333333333333333,0.6666666666666666,-0.3333333333333333,0.4,0.6,-0.19999999999999996,-0.55,0.7,0,0,field,0.375,0.625,169.625,0.375,8,0.0,0.0,46,0,87.60193367058018,87.96739700036687,-0.36546332978669227,49.502334925391516,54.47301551392974,-4.970680588538222,0,1,0.648936170212766,0.4854368932038835,0.16349927700888245,0.0,0.4854368932038835,-0.4854368932038835,0,0,0.625,5,0,0.5,0.5,0.375,0.375
1304093,47.0,2022,2022-05-02,"Wankhede Stadium, Mumbai",Mumbai,Rajasthan Royals,Kolkata Knight Riders,Kolkata Knight Riders,0,1507.4398660783793,1497.9813299512011,9.45853612717815,0.6,0.0,0.6,0.6666666666666666,0.0,0.6666666666666666,0.6,0.3,0.3,0.5700000000000001,0.3,0,0,field,0.5319148936170213,0.4842105263157895,167.8736842105263,0.5157894736842106,94,0.5,0.21428571428571427,47,0,93.50049168800521,90.34424591855343,3.156245769451786,57.55127667898369,58.29709362282375,-0.7458169438400617,0,0,0.5625,0.5948275862068966,-0.032327586206896575,0.0,0.5948275862068966,-0.5948275862068966,0,0,0.4842105263157894,5,0,0.45,0.55,0.5217391304347826,0.5352112676056338
1304094,48.0,2022,2022-05-03,"DY Patil Stadium, Mumbai",Navi Mumbai,Gujarat Titans,Kings XI Punjab,Kings XI Punjab,0,1576.6995755267335,1476.6924683037207,100.00710722301278,1.0,0.4,0.6,1.0,0.3333333333333333,0.6666666666666667,0.8888888888888888,0.5,0.38888888888888884,0.53,1.0,1,1,bat,0.5806451612903226,0.41935483870967744,156.83870967741936,0.5806451612903226,31,0.6666666666666666,0.3333333333333333,48,0,91.59868131744251,91.25252213103587,0.3461591864066378,68.4955323174582,51.43327315938393,17.06225915807427,0,0,1.0,0.52,0.48,0.0,0.52,-0.52,0,0,0.4193548387096774,5,0,0.6,0.4,0.5806451612903226,0.6086956521739131
1304095,49.0,2022,2022-05-04,"MCA Stadium, Pune",Pune,Royal Challengers Bengaluru,Chennai Super Kings,Royal Challengers Bengaluru,1,1513.6169088364495,1538.3643637121015,-24.74745487565201,0.4,0.6,-0.19999999999999996,0.0,0.6666666666666666,-0.6666666666666666,0.5,0.4,0.09999999999999998,-0.030000000000000027,0.2,0,0,field,0.3333333333333333,0.6666666666666666,173.22222222222223,0.3333333333333333,9,0.5,0.5,49,0,87.226563954139,90.33839051498337,-3.111826560844378,52.58324225469689,44.748741916323674,7.834500338373218,0,1,0.5315315315315315,0.648936170212766,-0.11740463868123441,0.0,0.648936170212766,-0.648936170212766,0,0,0.6666666666666667,5,0,0.0,1.0,0.3333333333333333,0.3333333333333333
1304096,50.0,2022,2022-05-05,"Brabourne Stadium, Mumbai",Mumbai,Delhi Capitals,Sunrisers Hyderabad,Delhi Capitals,1,1534.7901871146626,1479.1770519368206,55.61313517784197,0.4,0.6,-0.19999999999999996,0.3333333333333333,0.3333333333333333,0.0,0.4,0.5,-0.09999999999999998,-0.43000000000000005,0.5,0,0,field,0.5909090909090909,0.45454545454545453,177.22727272727272,0.5454545454545454,22,0.6,0.75,50,0,88.3140819728587,92.59906192133258,-4.284979948473875,48.965233521372575,47.9062998236701,1.0589336977024715,0,0,0.512396694214876,0.4807692307692308,0.03162746344564521,0.0,0.4807692307692308,-0.4807692307692308,0,0,0.4545454545454546,5,0,0.25,0.75,0.5909090909090909,0.6
1304097,51.0,2022,2022-05-06,"Brabourne Stadium, Mumbai",Mumbai,Mumbai Indians,Gujarat Titans,Mumbai Indians,1,1494.685675183743,1561.337789321072,-66.65211413732914,0.2,0.8,-0.6000000000000001,0.3333333333333333,0.6666666666666666,-0.3333333333333333,0.2,0.8,-0.6000000000000001,-0.8400000000000001,0.5,0,0,field,0.5652173913043478,0.4782608695652174,178.52173913043478,0.5217391304347826,23,0.6,1.0,51,0,89.71490164504694,90.60926372967863,-0.8943620846316946,55.65068892378178,55.70631588968081,-0.05562696589903027,0,0,0.5961538461538461,1.0,-0.40384615384615385,0.0,1.0,-1.0,0,0,0.4782608695652174,5,0,0.2,0.8,0.5652173913043478,0.5625
1304098,52.0,2022,2022-05-07,"Wankhede Stadium, Mumbai",Mumbai,Kings XI Punjab,Rajasthan Royals,Rajasthan Royals,0,1492.0542545093822,1495.1132604967083,-3.0590059873261453,0.4,0.6,-0.19999999999999996,0.6666666666666666,0.3333333333333333,0.3333333333333333,0.5,0.6,-0.09999999999999998,-0.52,0.5,1,1,bat,0.5368421052631579,0.4791666666666667,167.70833333333334,0.5208333333333334,95,0.4375,0.47058823529411764,52,0,91.15764035911131,93.05636650347526,-1.8987261443639483,52.297449664149546,57.03933895837832,-4.741889294228777,0,0,0.5247524752475248,0.5625,-0.037747524752475226,0.0,0.5625,-0.5625,0,0,0.47916666666666663,5,0,0.4634146341463415,0.5365853658536586,0.5217391304347826,0.5416666666666666
1304099,53.0,2022,2022-05-07,"MCA Stadium, Pune",Pune,Lucknow Super Giants,Kolkata Knight Riders,Lucknow Super Giants,1,1547.5430813567505,1510.307935532872,37.23514582387838,0.8,0.2,0.6000000000000001,1.0,0.3333333333333333,0.6666666666666667,0.7,0.4,0.29999999999999993,0.67,0.5,0,0,field,0.3,0.7,173.2,0.3,10,1.0,1.0,53,0,88.05998090051187,89.39291744002257,-1.3329365395106976,64.38977542304951,56.4986819504625,7.891093472587016,0,1,0.5,0.5982905982905983,-0.09829059829059827,0.0,0.5982905982905983,-0.5982905982905983,0,0,0.7,5,0,0.0,1.0,0.3,0.3
1304100,54.0,2022,2022-05-08,"Wankhede Stadium, Mumbai",Mumbai,Royal Challengers Bengaluru,Sunrisers Hyderabad,Royal Challengers Bengaluru,1,1526.470213038973,1469.0816232423444,57.388589796628594,0.4,0.4,0.0,0.3333333333333333,0.0,0.3333333333333333,0.6,0.5,0.09999999999999998,-0.16999999999999998,0.4,1,1,bat,0.53125,0.4742268041237113,167.9278350515464,0.5257731958762887,96,0.42857142857142855,0.2,54,0,89.81434449280472,93.25187383886889,-3.437529346064167,54.44275352497465,46.8114992260362,7.631254298938451,0,0,0.5315315315315315,0.47619047619047616,0.05534105534105538,0.0,0.47619047619047616,-0.47619047619047616,0,0,0.4742268041237113,5,0,0.47619047619047616,0.5238095238095238,0.5,0.5416666666666666
1304101,55.0,2022,2022-05-08,"DY Patil Stadium, Mumbai",Navi Mumbai,Chennai Super Kings,Delhi Capitals,Chennai Super Kings,1,1525.511059509578,1544.8856158091387,-19.37455629956071,0.4,0.6,-0.19999999999999996,0.3333333333333333,0.6666666666666666,-0.3333333333333333,0.3,0.5,-0.2,-0.26,0.5,0,0,field,0.5625,0.40625,156.40625,0.59375,32,0.7142857142857143,0.3333333333333333,55,0,91.73771133880246,91.13090499413417,0.6068063446682856,54.260623961640164,49.357991338923085,4.9026326227170784,0,0,0.6421052631578947,0.512396694214876,0.12970856894301874,0.0,0.512396694214876,-0.512396694214876,0,0,0.40625,5,0,0.6666666666666666,0.33333333333333337,0.5625,0.6086956521739131
1304102,56.0,2022,2022-05-09,"DY Patil Stadium, Mumbai",Navi Mumbai,Kolkata Knight Riders,Mumbai Indians,Kolkata Knight Riders,1,1499.58909067177,1508.9599263618647,-9.370835690094736,0.2,0.4,-0.2,0.3333333333333333,0.6666666666666666,-0.3333333333333333,0.3,0.2,0.09999999999999998,-0.08000000000000002,0.3,0,0,field,0.5454545454545454,0.42424242424242425,157.96969696969697,0.5757575757575758,33,0.5,0.6,56,0,92.12823973730407,86.66107026494184,5.4671694723622295,57.59353071829867,46.50439927084551,11.089131447453163,0,0,0.5932203389830508,0.5961538461538461,-0.002933507170795324,0.0,0.5961538461538461,-0.5961538461538461,0,0,0.4242424242424242,5,0,0.5714285714285714,0.4285714285714286,0.5454545454545454,0.5833333333333334
1304103,57.0,2022,2022-05-10,"MCA Stadium, Pune",Pune,Gujarat Titans,Lucknow Super Giants,Gujarat Titans,1,1547.0635381429502,1558.2619262178525,-11.198388074902368,0.6,0.8,-0.20000000000000007,0.3333333333333333,1.0,-0.6666666666666667,0.7,0.8,-0.10000000000000009,0.15000000000000002,1.0,1,1,bat,0.2727272727272727,0.7272727272727273,173.45454545454547,0.2727272727272727,11,1.0,1.0,57,1,88.17241210239125,88.94471857920936,-0.772306476818116,53.57460263470026,68.96838335015941,-15.393780715459151,0,1,0.8333333333333334,0.5,0.33333333333333337,0.0,0.5,-0.5,0,0,0.7272727272727273,5,0,0.0,1.0,0.2727272727272727,0.2727272727272727
1304104,58.0,2022,2022-05-11,"DY Patil Stadium, Mumbai",Navi Mumbai,Rajasthan Royals,Delhi Capitals,Delhi Capitals,0,1507.0076089029337,1532.2171351168738,-25.20952621394008,0.6,0.4,0.19999999999999996,0.3333333333333333,0.3333333333333333,0.0,0.6,0.4,0.19999999999999996,0.30999999999999994,0.4,0,0,field,0.5294117647058824,0.4411764705882353,158.1764705882353,0.5588235294117647,34,0.4,0.25,58,1,91.80072297166778,91.29017906201352,0.5105439096542597,54.04313105099157,43.49261323669963,10.550517814291936,0,0,0.5670103092783505,0.5081967213114754,0.05881358796687508,0.0,0.5081967213114754,-0.5081967213114754,0,0,0.4411764705882353,5,0,0.5,0.5,0.5294117647058824,0.56
1304105,59.0,2022,2022-05-12,"Wankhede Stadium, Mumbai",Mumbai,Chennai Super Kings,Mumbai Indians,Mumbai Indians,0,1538.1795402018429,1496.6363476228628,41.5431925789801,0.6,0.4,0.19999999999999996,0.6666666666666666,0.6666666666666666,0.0,0.4,0.2,0.2,0.31,0.3,0,0,field,0.5360824742268041,0.47959183673469385,168.1734693877551,0.5204081632653061,97,0.5238095238095238,0.6176470588235294,59,1,92.41999844879392,85.1514888338069,7.268509614987025,58.657484498364205,46.720881288872995,11.93660320949121,0,0,0.6421052631578947,0.5904761904761905,0.05162907268170425,0.0,0.5904761904761905,-0.5904761904761905,0,0,0.47959183673469385,5,0,0.46511627906976744,0.5348837209302326,0.52,0.5416666666666666
1304106,60.0,2022,2022-05-13,"Brabourne Stadium, Mumbai",Mumbai,Kings XI Punjab,Royal Challengers Bengaluru,Kings XI Punjab,1,1480.1599061031568,1536.5059133818725,-56.34600727871566,0.4,0.4,0.0,0.3333333333333333,0.6666666666666666,-0.3333333333333333,0.4,0.6,-0.19999999999999996,0.16999999999999998,0.5,0,0,field,0.5416666666666666,0.5,178.45833333333334,0.5,24,0.25,0.3333333333333333,60,1,90.8107492928204,89.56500226173128,1.2457470310891239,50.78298657979058,57.2465825247938,-6.46359594500322,0,1,0.5247524752475248,0.5315315315315315,-0.006779056284006768,0.0,0.5315315315315315,-0.5315315315315315,0,0,0.5,5,0,0.16666666666666666,0.8333333333333334,0.5416666666666666,0.5294117647058824
1304107,61.0,2022,2022-05-14,"MCA Stadium, Pune",Pune,Kolkata Knight Riders,Sunrisers Hyderabad,Kolkata Knight Riders,1,1511.912669410772,1459.045922899445,52.86674651132694,0.4,0.2,0.2,0.6666666666666666,0.0,0.6666666666666666,0.4,0.5,-0.09999999999999998,-0.06999999999999995,0.6,1,1,bat,0.3333333333333333,0.75,171.0,0.25,12,0.5,0.0,61,1,91.19911367654986,92.83960606669832,-1.6404923901484665,57.90145837203591,49.114005903464864,8.787452468571047,0,1,0.5932203389830508,0.4716981132075472,0.12152222577550365,0.0,0.4716981132075472,-0.4716981132075472,0,0,0.75,5,0,0.0,1.0,0.3333333333333333,0.2727272727272727
1304108,62.0,2022,2022-05-15,"Wankhede Stadium, Mumbai",Mumbai,Chennai Super Kings,Gujarat Titans,Gujarat Titans,0,1524.7514884009975,1559.4501828823402,-34.69869448134273,0.4,0.6,-0.19999999999999996,0.3333333333333333,0.3333333333333333,0.0,0.4,0.7,-0.29999999999999993,-0.30999999999999994,0.0,1,1,bat,0.5408163265306123,0.47474747474747475,167.45454545454547,0.5252525252525253,98,0.5,1.0,62,1,87.97215121893392,87.24694012427597,0.7252110946579506,51.06832861399514,74.02151201496103,-22.95318340096589,0,0,0.6421052631578947,0.8333333333333334,-0.19122807017543864,0.0,0.8333333333333334,-0.8333333333333334,0,0,0.4747474747474747,5,0,0.4772727272727273,0.5227272727272727,0.52,0.547945205479452
1304109,63.0,2022,2022-05-15,"Brabourne Stadium, Mumbai",Mumbai,Rajasthan Royals,Lucknow Super Giants,Rajasthan Royals,1,1495.8767902754919,1545.8752814784625,-49.99849120297063,0.4,0.8,-0.4,0.3333333333333333,0.6666666666666666,-0.3333333333333333,0.5,0.7,-0.19999999999999996,-0.45000000000000007,1.0,1,1,bat,0.52,0.52,179.68,0.48,25,0.6,1.0,63,1,90.67711807019698,87.98266221017127,2.6944558600257125,53.265125351008976,67.88307844355992,-14.617953092550948,0,1,0.5670103092783505,0.4,0.16701030927835048,0.0,0.4,-0.4,0,0,0.52,5,0,0.14285714285714285,0.8571428571428572,0.52,0.5
1304110,64.0,2022,2022-05-16,"DY Patil Stadium, Mumbai",Navi Mumbai,Delhi Capitals,Kings XI Punjab,Delhi Capitals,1,1543.3479537443156,1494.089143992022,49.2588097522937,0.6,0.6,0.0,0.6666666666666666,0.6666666666666666,0.0,0.5,0.5,0.0,0.0,0.5,0,0,field,0.5428571428571428,0.42857142857142855,158.22857142857143,0.5714285714285714,35,0.4,0.5,64,1,91.86909840975525,92.10310984714849,-0.23401143739323516,50.083202368647655,52.325737329641164,-2.2425349609935097,0,0,0.5121951219512195,0.5247524752475248,-0.012557353296305251,0.0,0.5247524752475248,-0.5247524752475248,0,0,0.4285714285714286,5,0,0.5555555555555556,0.4444444444444444,0.5428571428571428,0.5769230769230769
1304111,65.0,2022,2022-05-17,"Wankhede Stadium, Mumbai",Mumbai,Sunrisers Hyderabad,Mumbai Indians,Sunrisers Hyderabad,1,1448.857912543106,1510.0643994237082,-61.20648688060214,0.0,0.6,-0.6,0.0,0.6666666666666666,-0.6666666666666666,0.5,0.3,0.2,-0.53,0.4,0,0,field,0.5353535353535354,0.47,167.11,0.53,99,0.18181818181818182,0.6231884057971014,65,1,89.25120564047192,83.92042381390232,5.330781826569606,47.348653568871704,45.865511757295884,1.4831418115758197,0,0,0.4672897196261682,0.5943396226415094,-0.1270499030153412,0.0,0.5943396226415094,-0.5943396226415094,0,0,0.47,5,0,0.4888888888888889,0.5111111111111111,0.5,0.547945205479452
1304112,66.0,2022,2022-05-18,"DY Patil Stadium, Mumbai",Navi Mumbai,Lucknow Super Giants,Kolkata Knight Riders,Lucknow Super Giants,1,1532.160217708157,1522.100679767111,10.059537941046074,0.6,0.6,0.0,0.3333333333333333,0.6666666666666666,-0.3333333333333333,0.6,0.4,0.19999999999999996,0.35000000000000003,1.0,1,1,bat,0.5277777777777778,0.4444444444444444,158.25,0.5555555555555556,36,0.6666666666666666,0.6,66,1,92.31569244463067,90.87163445028447,1.4440579943461955,63.49728020167294,59.192964307817626,4.304315893855318,0,0,0.3333333333333333,0.5932203389830508,-0.2598870056497175,0.0,0.5932203389830508,-0.5932203389830508,0,0,0.4444444444444444,5,0,0.5,0.5,0.5277777777777778,0.5555555555555556
1304113,67.0,2022,2022-05-19,"Wankhede Stadium, Mumbai",Mumbai,Gujarat Titans,Royal Challengers Bengaluru,Royal Challengers Bengaluru,0,1570.2557011239105,1522.5766754930073,47.6790256309032,0.6,0.4,0.19999999999999996,0.6666666666666666,0.6666666666666666,0.0,0.7,0.5,0.19999999999999996,0.22999999999999993,1.0,1,1,bat,0.53,0.4752475247524752,167.36633663366337,0.5247524752475248,100,1.0,0.4666666666666667,67,1,89.79105189353406,89.24918738314011,0.5418645103939497,65.2276749872935,55.696878808301754,9.530796178991743,0,0,0.8571428571428571,0.5267857142857143,0.3303571428571428,0.0,0.5267857142857143,-0.5267857142857143,0,0,0.4752475247524752,5,0,0.4782608695652174,0.5217391304347826,0.5,0.5405405405405406
1304114,68.0,2022,2022-05-20,"Brabourne Stadium, Mumbai",Mumbai,Chennai Super Kings,Rajasthan Royals,Rajasthan Royals,0,1513.9459701594271,1509.5918540457974,4.354116113629743,0.4,0.4,0.0,0.3333333333333333,0.6666666666666666,-0.3333333333333333,0.4,0.6,-0.19999999999999996,0.27,0.5,1,1,bat,0.5384615384615384,0.5384615384615384,179.6153846153846,0.46153846153846156,26,0.25,0.6666666666666666,68,1,85.47893534396366,93.75271094217663,-8.273775598212978,59.984972032399526,53.623375042366966,6.3615969900325595,0,1,0.6421052631578947,0.5670103092783505,0.07509495387954424,0.0,0.5670103092783505,-0.5670103092783505,0,0,0.5384615384615384,5,0,0.125,0.875,0.5384615384615384,0.5
1304115,69.0,2022,2022-05-21,"Wankhede Stadium, Mumbai",Mumbai,Delhi Capitals,Mumbai Indians,Mumbai Indians,0,1553.6579233906596,1495.9720031752647,57.685920215394844,0.6,0.6,0.0,0.6666666666666666,0.3333333333333333,0.3333333333333333,0.6,0.3,0.3,-0.26999999999999996,0.5,0,0,field,0.5247524752475248,0.47058823529411764,167.37254901960785,0.5294117647058824,101,0.375,0.6142857142857143,69,1,93.7084107797319,89.86254591655072,3.845864863181191,48.89709398693924,59.86652049535042,-10.969426508411182,0,0,0.5121951219512195,0.5887850467289719,-0.0765899247777524,0.0,0.5887850467289719,-0.5887850467289719,0,0,0.47058823529411764,5,0,0.48936170212765956,0.5106382978723405,0.48148148148148145,0.5405405405405406
1304116,70.0,2022,2022-05-22,"Wankhede Stadium, Mumbai",Mumbai,Sunrisers Hyderabad,Kings XI Punjab,Kings XI Punjab,0,1462.9503087915496,1483.779174345678,-20.82886555412847,0.2,0.4,-0.2,0.3333333333333333,0.3333333333333333,0.0,0.5,0.4,0.09999999999999998,-0.29,0.6,1,1,bat,0.5294117647058824,0.46601941747572817,167.29126213592232,0.5339805825242718,102,0.25,0.4117647058823529,70,1,90.22394029447186,88.74656155173885,1.4773787427330092,50.4577849117175,49.504977237578544,0.9528076741389597,0,0,0.4672897196261682,0.5196078431372549,-0.05231812351108672,0.0,0.5196078431372549,-0.5196078431372549,0,0,0.46601941747572817,5,0,0.5,0.5,0.48148148148148145,0.5466666666666666
1312197,,2022,2022-05-24,"Eden Gardens, Kolkata",Kolkata,Rajasthan Royals,Gujarat Titans,Gujarat Titans,0,1521.742232016195,1556.6191862230976,-34.87695420690261,0.6,0.4,0.19999999999999996,0.6666666666666666,0.6666666666666666,0.0,0.6,0.7,-0.09999999999999998,0.13,0.0,0,0,field,0.5584415584415584,0.38961038961038963,160.1818181818182,0.6103896103896104,77,0.2222222222222222,0.5,71,1,92.59715888625202,86.52315846808861,6.074000418163408,54.483117906806676,59.809320852999484,-5.326202946192808,0,0,0.5714285714285714,0.8571428571428571,-0.2857142857142857,0.0,0.8571428571428571,-0.8571428571428571,0,0,0.38961038961038963,5,0,0.5151515151515151,0.48484848484848486,0.42857142857142855,0.6326530612244898
1312198,,2022,2022-05-25,"Eden Gardens, Kolkata",Kolkata,Royal Challengers Bengaluru,Lucknow Super Giants,Royal Challengers Bengaluru,1,1536.2131903938202,1543.8128706332905,-7.599680239470217,0.6,0.6,0.0,0.6666666666666666,0.3333333333333333,0.3333333333333333,0.5,0.6,-0.09999999999999998,-0.1499999999999999,1.0,0,0,field,0.5641025641025641,0.38461538461538464,160.53846153846155,0.6153846153846154,78,0.4,0.5,72,1,89.14024958198108,90.7706843169052,-1.6304347349241226,55.2713113828738,60.50160952826613,-5.230298145392332,0,0,0.5309734513274337,0.3333333333333333,0.19764011799410036,0.0,0.3333333333333333,-0.3333333333333333,0,0,0.3846153846153846,5,0,0.5294117647058824,0.47058823529411764,0.42857142857142855,0.64
1312199,,2022,2022-05-27,"Narendra Modi Stadium, Ahmedabad",Ahmedabad,Royal Challengers Bengaluru,Rajasthan Royals,Rajasthan Royals,0,1548.4756321959972,1510.9428093318047,37.53282286419244,0.8,0.6,0.20000000000000007,0.6666666666666666,0.6666666666666666,0.0,0.6,0.6,0.0,0.1299999999999999,0.6,0,0,field,0.5,0.47058823529411764,161.8235294117647,0.5294117647058824,16,0.6666666666666666,0.5833333333333334,73,1,90.97235873512174,92.27119920323538,-1.2988404681136387,55.41377422762565,52.448458503006805,2.965315724618847,0,0,0.5309734513274337,0.5714285714285714,-0.04045512010113772,0.0,0.5714285714285714,-0.5714285714285714,0,0,0.47058823529411764,5,0,0.2,0.8,0.5,0.5
1312200,,2022,2022-05-29,"Narendra Modi Stadium, Ahmedabad",Ahmedabad,Rajasthan Royals,Gujarat Titans,Gujarat Titans,0,1524.2341277485618,1567.4186089074879,-43.18448115892602,0.6,0.6,0.0,0.6666666666666666,0.6666666666666666,0.0,0.6,0.7,-0.09999999999999998,0.0,0.0,1,1,bat,0.5294117647058824,0.4444444444444444,161.55555555555554,0.5555555555555556,17,0.6153846153846154,0.5,74,1,92.46553756990859,89.79053396903286,2.6750036008757263,55.10784729117277,55.10922048455014,-0.0013731933773755145,0,0,0.5757575757575758,0.875,-0.2992424242424242,0.0,0.875,-0.875,0,0,0.4444444444444444,5,0,0.3333333333333333,0.6666666666666667,0.5294117647058824,0.5454545454545454
1359475,1.0,2023,2023-03-31,"Narendra Modi Stadium, Ahmedabad",Ahmedabad,Chennai Super Kings,Gujarat Titans,Gujarat Titans,0,1501.7955921890295,1577.9347036408296,-76.13911145180009,0.2,0.8,-0.6000000000000001,0.0,0.6666666666666666,-0.6666666666666666,0.4,0.7,-0.29999999999999993,-0.5499999999999999,0.0,0,0,field,0.5,0.42105263157894735,159.89473684210526,0.5789473684210527,18,0.0,1.0,1,0,89.08061217981529,88.9290797790879,0.15153240072739038,48.64392914264878,53.29585677220371,-4.651927629554933,0,0,0.6421052631578947,0.8888888888888888,-0.2467836257309941,0.0,0.8888888888888888,-0.8888888888888888,1,0,0.42105263157894735,3,1,0.5,0.5,0.5,0.5454545454545454
1359477,3.0,2023,2023-04-01,"Ekana Stadium, Lucknow",Lucknow,Lucknow Super Giants,Delhi Capitals,Lucknow Super Giants,1,1531.5504288311135,1539.6836308758554,-8.133202044741893,0.4,0.6,-0.19999999999999996,0.3333333333333333,0.6666666666666666,-0.3333333333333333,0.6,0.5,0.09999999999999998,-0.20000000000000007,1.0,0,0,field,0.5,0.5,162.58078141499473,0.5,0,0.5,0.5,2,0,90.91317577817064,95.31950210614988,-4.406326327979244,64.00063856960409,53.86982689262453,10.130811676979562,0,1,0.2857142857142857,0.5121951219512195,-0.22648083623693382,0.0,0.5121951219512195,-0.5121951219512195,1,0,0.5,4,0,0.5,0.5,0.5,0.5
1359476,2.0,2023,2023-04-01,"PCA Stadium, Mohali",Chandigarh,Kings XI Punjab,Kolkata Knight Riders,Kings XI Punjab,1,1495.0606314330153,1510.4480268419775,-15.38739540896222,0.6,0.6,0.0,0.6666666666666666,0.6666666666666666,0.0,0.5,0.3,0.2,-0.040000000000000036,0.4,0,0,field,0.48214285714285715,0.42857142857142855,165.64285714285714,0.5714285714285714,56,0.5357142857142857,0.5714285714285714,3,0,83.41443181005506,95.0304774460872,-11.61604563603214,52.04300685791558,57.57487152223995,-5.531864664324374,0,0,0.5242718446601942,0.5882352941176471,-0.06396344945745291,0.0,0.5882352941176471,-0.5882352941176471,1,0,0.4285714285714286,4,0,0.6071428571428571,0.3928571428571429,0.35294117647058826,0.5384615384615384
1359478,4.0,2023,2023-04-02,"Rajiv Gandhi Intl Stadium, Hyderabad",Hyderabad,Rajasthan Royals,Sunrisers Hyderabad,Rajasthan Royals,1,1513.71803301522,1451.6688517042123,62.049181311007715,0.6,0.2,0.39999999999999997,0.3333333333333333,0.3333333333333333,0.0,0.5,0.4,0.09999999999999998,0.6,0.4,0,0,field,0.3333333333333333,0.421875,157.65625,0.578125,63,0.3333333333333333,0.532258064516129,4,0,93.40621711543488,82.06100995896546,11.345207156469428,50.78569940871043,51.36504824603867,-0.57934883732824,0,0,0.5757575757575758,0.4672897196261682,0.10846785613140758,0.0,0.4672897196261682,-0.4672897196261682,1,0,0.421875,4,0,0.5357142857142857,0.4642857142857143,0.2222222222222222,0.4166666666666667
1359479,5.0,2023,2023-04-02,"M Chinnaswamy Stadium, Bengaluru",Bengaluru,Mumbai Indians,Royal Challengers Bengaluru,Royal Challengers Bengaluru,0,1509.9462956900688,1535.18431377924,-25.23801808917119,0.6,0.6,0.0,0.6666666666666666,0.6666666666666666,0.0,0.4,0.5,-0.09999999999999998,-0.040000000000000036,0.5,0,0,field,0.5526315789473685,0.42857142857142855,169.92207792207793,0.5714285714285714,76,0.75,0.5068493150684932,5,0,87.11988911889914,86.23244696287603,0.8874421560231127,28.058510638297868,49.315388255758926,-21.256877617461058,0,0,0.5925925925925926,0.5309734513274337,0.06161914126515888,0.0,0.5309734513274337,-0.5309734513274337,1,0,0.4285714285714286,4,0,0.5277777777777778,0.4722222222222222,0.5526315789473685,0.5671641791044776
1359480,6.0,2023,2023-04-03,"MA Chidambaram Stadium, Chennai",Chennai,Chennai Super Kings,Lucknow Super Giants,Chennai Super Kings,1,1492.3840393070573,1543.8312883768212,-51.447249069763984,0.2,0.4,-0.2,0.0,0.6666666666666666,-0.6666666666666666,0.3,0.6,-0.3,0.06999999999999995,0.0,0,0,field,0.5230769230769231,0.6119402985074627,162.26865671641792,0.3880597014925373,65,0.7142857142857143,0.5,6,0,91.2014175489428,92.17633367290748,-0.9749161239646753,58.38498436691634,84.60897435897435,-26.22398999205801,0,1,0.6421052631578947,0.2857142857142857,0.35639097744360904,0.0,0.2857142857142857,-0.2857142857142857,1,0,0.6119402985074627,4,0,0.425,0.575,0.6,0.4
1359481,7.0,2023,2023-04-04,"Arun Jaitley Stadium, Delhi",Delhi,Delhi Capitals,Gujarat Titans,Gujarat Titans,0,1527.4027713301477,1587.346256522802,-59.94348519265418,0.4,0.8,-0.4,0.3333333333333333,1.0,-0.6666666666666667,0.5,0.7,-0.19999999999999996,-0.3,0.0,0,0,field,0.5131578947368421,0.45454545454545453,165.94805194805195,0.5454545454545454,76,0.4492753623188406,0.5,7,0,94.45675691451535,92.64246695993475,1.8142899545806017,52.365735381046385,62.23695400310254,-9.871218622056155,0,0,0.5080645161290323,0.9,-0.39193548387096777,0.0,0.9,-0.9,1,0,0.4545454545454546,4,0,0.47368421052631576,0.5263157894736843,0.46875,0.5454545454545454
1359482,8.0,2023,2023-04-05,"Barsapara Cricket Stadium, Guwahati",Guwahati,Kings XI Punjab,Rajasthan Royals,Kings XI Punjab,1,1507.5917460326589,1523.597428034446,-16.005682001787136,0.6,0.6,0.0,0.6666666666666666,0.6666666666666666,0.0,0.5,0.5,0.0,-0.18,0.5,0,0,field,0.5,0.5,162.75026232948582,0.5,0,0.5,0.5,8,0,84.76464278051921,94.78473381145497,-10.02009103093576,55.9898413043741,70.59205754126195,-14.602216236887848,0,1,0.5242718446601942,0.5757575757575758,-0.05148573109738164,0.0,0.5757575757575758,-0.5757575757575758,1,0,0.5,4,0,0.5,0.5,0.5,0.5
1359483,9.0,2023,2023-04-06,"Eden Gardens, Kolkata",Kolkata,Kolkata Knight Riders,Royal Challengers Bengaluru,Kolkata Knight Riders,1,1497.9169122423339,1546.3141535008028,-48.397241258468966,0.4,0.6,-0.19999999999999996,0.3333333333333333,0.6666666666666666,-0.3333333333333333,0.3,0.5,-0.2,-0.08000000000000002,0.5,0,0,field,0.5569620253164557,0.3924050632911392,161.126582278481,0.6075949367088608,79,0.6081081081081081,0.45454545454545453,9,0,95.0304774460872,91.38637980037883,3.6440976457083707,53.95454545454546,58.45528626624516,-4.5007408116997,0,0,0.5833333333333334,0.5350877192982456,0.04824561403508776,0.0,0.5350877192982456,-0.5350877192982456,1,0,0.3924050632911392,4,0,0.7,0.30000000000000004,0.42857142857142855,0.6274509803921569
1359484,10.0,2023,2023-04-07,"Ekana Stadium, Lucknow",Lucknow,Sunrisers Hyderabad,Lucknow Super Giants,Lucknow Super Giants,0,1441.7894566849864,1530.0672378782508,-88.27778119326445,0.2,0.4,-0.2,0.3333333333333333,0.3333333333333333,0.0,0.3,0.6,-0.3,-0.16999999999999998,0.0,1,1,bat,0.0,1.0,193.0,0.0,1,0.5,1.0,10,0,84.24742239333652,95.03413460873197,-10.786712215395454,44.47690712404013,64.41670001333867,-19.939792889298538,0,1,0.46296296296296297,0.25,0.21296296296296297,0.0,0.25,-0.25,1,0,1.0,4,0,0.0,1.0,0.0,0.0
1359485,11.0,2023,2023-04-08,"Barsapara Cricket Stadium, Guwahati",Guwahati,Rajasthan Royals,Delhi Capitals,Rajasthan Royals,1,1511.0450021056727,1517.4528446885595,-6.407842582886815,0.4,0.4,0.0,0.3333333333333333,0.0,0.3333333333333333,0.5,0.4,0.09999999999999998,-0.22999999999999998,0.3,0,0,field,0.0,1.0,197.0,0.0,1,0.0,0.5,11,0,95.04147844281262,93.91815042463901,1.1233280181736092,60.70144441639831,48.15610153364164,12.545342882756671,0,1,0.57,0.5080645161290323,0.0619354838709677,0.0,0.5080645161290323,-0.5080645161290323,1,0,1.0,4,0,0.0,1.0,0.0,0.0
1359486,12.0,2023,2023-04-08,"Wankhede Stadium, Mumbai",Mumbai,Mumbai Indians,Chennai Super Kings,Chennai Super Kings,0,1498.816455968506,1506.1480898056277,-7.331633837121672,0.4,0.2,0.2,0.3333333333333333,0.3333333333333333,0.0,0.4,0.4,0.0,0.29,0.7,0,0,field,0.5242718446601942,0.46153846153846156,167.19230769230768,0.5384615384615384,103,0.6197183098591549,0.4782608695652174,12,0,88.97292426266911,94.01132983924637,-5.0384055765772615,38.03418803418804,37.67124050756577,0.36294752662227125,0,0,0.5925925925925926,0.6421052631578947,-0.049512670565302175,0.0,0.6421052631578947,-0.6421052631578947,1,0,0.46153846153846156,4,0,0.5576923076923077,0.4423076923076923,0.4642857142857143,0.5466666666666666
1359487,13.0,2023,2023-04-09,"Narendra Modi Stadium, Ahmedabad",Ahmedabad,Gujarat Titans,Kolkata Knight Riders,Kolkata Knight Riders,0,1597.2961831643902,1511.5777651769167,85.71841798747346,0.8,0.6,0.20000000000000007,1.0,0.3333333333333333,0.6666666666666667,0.7,0.4,0.29999999999999993,-0.029999999999999916,1.0,1,1,bat,0.5263157894736842,0.4,160.8,0.6,19,1.0,0.25,13,0,94.21971758002503,94.67770022930998,-0.4579826492849435,61.30025139753201,64.8358671078236,-3.5356157102915944,0,0,0.9090909090909091,0.5833333333333334,0.3257575757575757,0.0,0.5833333333333334,-0.5833333333333334,1,0,0.4,4,0,0.75,0.25,0.5263157894736842,0.5833333333333334
1359488,14.0,2023,2023-04-09,"Rajiv Gandhi Intl Stadium, Hyderabad",Hyderabad,Kings XI Punjab,Sunrisers Hyderabad,Sunrisers Hyderabad,0,1520.1441719614322,1432.7745012275996,87.36967073383266,0.8,0.2,0.6000000000000001,1.0,0.0,1.0,0.6,0.2,0.39999999999999997,0.5,0.5,0,0,field,0.328125,0.4307692307692308,158.35384615384615,0.5692307692307692,64,0.4,0.5238095238095238,14,0,90.2034798274309,70.47296140511158,19.73051842231932,54.0858009003337,42.57662792603902,11.509172974294678,0,0,0.5242718446601942,0.46296296296296297,0.0613088816972312,0.0,0.46296296296296297,-0.46296296296296297,1,0,0.4307692307692308,4,0,0.5172413793103449,0.48275862068965514,0.2222222222222222,0.40540540540540543
1359489,15.0,2023,2023-04-10,"M Chinnaswamy Stadium, Bengaluru",Bengaluru,Royal Challengers Bengaluru,Lucknow Super Giants,Lucknow Super Giants,0,1532.65330056622,1539.0821933356376,-6.428892769417644,0.6,0.6,0.0,0.3333333333333333,0.6666666666666666,-0.3333333333333333,0.5,0.6,-0.09999999999999998,0.08999999999999997,1.0,0,0,field,0.5584415584415584,0.4230769230769231,169.93589743589743,0.5769230769230769,77,0.5135135135135135,0.5,15,0,95.28078968892615,93.22297181803428,2.057817870891867,66.3648759014162,78.28544061302682,-11.920564711610623,0,0,0.5304347826086957,0.3333333333333333,0.19710144927536238,0.0,0.3333333333333333,-0.3333333333333333,1,0,0.42307692307692313,4,0,0.5405405405405406,0.45945945945945943,0.5584415584415584,0.5735294117647058
1359490,16.0,2023,2023-04-11,"Arun Jaitley Stadium, Delhi",Delhi,Delhi Capitals,Mumbai Indians,Mumbai Indians,0,1505.2315507371577,1487.0696440497595,18.161906687398186,0.2,0.4,-0.2,0.0,0.3333333333333333,-0.3333333333333333,0.4,0.4,0.0,-0.20000000000000007,0.4,0,0,field,0.5194805194805194,0.44871794871794873,165.89743589743588,0.5512820512820513,77,0.44285714285714284,0.46153846153846156,16,0,93.11344499627259,84.592758392958,8.520686603314587,45.5989400435291,37.8165285451197,7.782411498409395,0,0,0.504,0.5925925925925926,-0.08859259259259256,0.0,0.5925925925925926,-0.5925925925925926,1,0,0.4487179487179487,4,0,0.48717948717948717,0.5128205128205128,0.46875,0.5555555555555556
1359491,17.0,2023,2023-04-12,"MA Chidambaram Stadium, Chennai",Chennai,Rajasthan Royals,Chennai Super Kings,Rajasthan Royals,1,1523.2662960570744,1517.8949017243742,5.37139433270022,0.6,0.4,0.19999999999999996,0.6666666666666666,0.6666666666666666,0.0,0.6,0.4,0.19999999999999996,0.43,0.5,0,0,field,0.5151515151515151,0.6176470588235294,163.0735294117647,0.38235294117647056,66,0.14285714285714285,0.7192982456140351,17,0,96.04979692171933,89.45405035799577,6.595746563723566,60.44763557842317,61.69770185677262,-1.2500662783494505,0,1,0.57,0.6458333333333334,-0.07583333333333342,0.0,0.6458333333333334,-0.6458333333333334,1,0,0.6176470588235294,4,0,0.4146341463414634,0.5853658536585367,0.6,0.38461538461538464
1359492,18.0,2023,2023-04-13,"PCA Stadium, Mohali",Chandigarh,Kings XI Punjab,Gujarat Titans,Gujarat Titans,0,1505.1885707015235,1582.394216744648,-77.20564604312449,0.6,0.8,-0.20000000000000007,0.6666666666666666,0.6666666666666666,0.0,0.6,0.6,0.0,-0.35,0.5,0,0,field,0.47368421052631576,0.43859649122807015,166.08771929824562,0.5614035087719298,57,0.543859649122807,0.5,18,0,95.58584852691118,93.11519731655757,2.4706512103536085,53.78075903712101,60.470262627507054,-6.689503590386046,0,0,0.5242718446601942,0.9090909090909091,-0.3848190644307149,0.0,0.9090909090909091,-0.9090909090909091,1,0,0.4385964912280702,4,0,0.5862068965517241,0.4137931034482759,0.35294117647058826,0.525
1359493,19.0,2023,2023-04-14,"Eden Gardens, Kolkata",Kolkata,Sunrisers Hyderabad,Kolkata Knight Riders,Sunrisers Hyderabad,1,1447.7301024875082,1526.479731596659,-78.74962910915065,0.4,0.6,-0.19999999999999996,0.3333333333333333,0.6666666666666666,-0.3333333333333333,0.2,0.5,-0.3,-0.11999999999999994,0.3,0,0,field,0.55,0.4,161.6625,0.6,80,0.18181818181818182,0.6133333333333333,19,0,80.56704944866303,96.94922270169329,-16.38217325303026,63.91330423708351,62.04492462387199,1.8683796132115162,0,0,0.46788990825688076,0.5867768595041323,-0.11888695124725152,0.0,0.5867768595041323,-0.5867768595041323,1,0,0.4,4,0,0.6829268292682927,0.31707317073170727,0.42857142857142855,0.6153846153846154
1359494,20.0,2023,2023-04-15,"M Chinnaswamy Stadium, Bengaluru",Bengaluru,Royal Challengers Bengaluru,Delhi Capitals,Royal Challengers Bengaluru,1,1520.8753213172427,1492.6048314545728,28.27048986266982,0.4,0.0,0.4,0.3333333333333333,0.0,0.3333333333333333,0.5,0.3,0.2,0.55,0.6,0,0,field,0.5641025641025641,0.4177215189873418,170.46835443037975,0.5822784810126582,78,0.5066666666666667,0.4444444444444444,20,0,94.98550071369544,87.27518939139065,7.71031132230479,61.16099140817382,46.47383653519955,14.687154872974268,0,0,0.5304347826086957,0.504,0.026434782608695695,0.0,0.504,-0.504,1,0,0.4177215189873418,4,0,0.5526315789473685,0.4473684210526315,0.5641025641025641,0.5797101449275363
1359495,21.0,2023,2023-04-15,"Ekana Stadium, Lucknow",Lucknow,Lucknow Super Giants,Kings XI Punjab,Kings XI Punjab,0,1550.8601725846152,1495.8121173184165,55.04805526619862,0.6,0.6,0.0,0.6666666666666666,0.3333333333333333,0.3333333333333333,0.6,0.5,0.09999999999999998,-0.35000000000000003,1.0,0,0,field,0.0,0.5,157.0,0.5,2,1.0,0.5,21,0,90.09496194924327,87.01666666666668,3.0782952825765904,66.7472558401351,44.53782886175052,22.209426978384577,0,1,0.4,0.5242718446601942,-0.12427184466019414,0.0,0.5242718446601942,-0.5242718446601942,1,0,0.5,4,0,0.5,0.5,0.0,0.0
1359496,22.0,2023,2023-04-16,"Wankhede Stadium, Mumbai",Mumbai,Kolkata Knight Riders,Mumbai Indians,Mumbai Indians,0,1511.8054562835334,1499.6963633323444,12.10909295118904,0.4,0.4,0.0,0.6666666666666666,0.3333333333333333,0.3333333333333333,0.5,0.5,0.0,-0.010000000000000009,0.4,0,0,field,0.5288461538461539,0.45714285714285713,167.0952380952381,0.5428571428571428,104,0.26666666666666666,0.6111111111111112,22,0,97.11168768768769,87.30084082290645,9.81084686478124,54.04604231910733,47.96477566925561,6.08126664985172,0,0,0.5819672131147541,0.5963302752293578,-0.014363062114603697,0.0,0.5963302752293578,-0.5963302752293578,1,0,0.4571428571428572,4,0,0.5660377358490566,0.4339622641509434,0.4642857142857143,0.5526315789473685
1359497,23.0,2023,2023-04-16,"Narendra Modi Stadium, Ahmedabad",Ahmedabad,Gujarat Titans,Rajasthan Royals,Rajasthan Royals,0,1591.770670127755,1535.0807894486845,56.689880679070484,0.8,0.6,0.20000000000000007,0.6666666666666666,0.6666666666666666,0.0,0.7,0.6,0.09999999999999998,0.43,1.0,0,0,field,0.5,0.38095238095238093,162.85714285714286,0.6190476190476191,20,0.6666666666666666,0.5714285714285714,23,0,92.46618746810648,97.79778226970468,-5.3315948015982,71.58496468885832,62.16704938114376,9.417915307714559,0,0,0.9166666666666666,0.57,0.3466666666666667,0.0,0.57,-0.57,1,0,0.38095238095238093,4,0,0.7777777777777778,0.2222222222222222,0.5,0.5833333333333334
1359498,24.0,2023,2023-04-17,"M Chinnaswamy Stadium, Bengaluru",Bengaluru,Chennai Super Kings,Royal Challengers Bengaluru,Chennai Super Kings,1,1506.0804083327641,1531.9010424469636,-25.820634114199493,0.4,0.4,0.0,0.6666666666666666,0.3333333333333333,0.3333333333333333,0.4,0.6,-0.19999999999999996,-0.010000000000000009,0.7,0,0,field,0.5569620253164557,0.425,170.5125,0.575,79,0.5555555555555556,0.5131578947368421,24,0,88.9343082833112,95.01290423048009,-6.078595947168893,59.694440104454266,71.25749843316322,-11.563058328708955,0,0,0.6391752577319587,0.5304347826086957,0.10874047512326301,0.0,0.5304347826086957,-0.5304347826086957,1,0,0.42500000000000004,4,0,0.5384615384615384,0.46153846153846156,0.5569620253164557,0.5714285714285714
1359499,25.0,2023,2023-04-18,"Rajiv Gandhi Intl Stadium, Hyderabad",Hyderabad,Mumbai Indians,Sunrisers Hyderabad,Mumbai Indians,1,1512.1144273235454,1462.4043778006337,49.71004952291173,0.6,0.4,0.19999999999999996,0.6666666666666666,0.6666666666666666,0.0,0.6,0.3,0.3,0.3499999999999999,0.5,0,0,field,0.3384615384615385,0.42424242424242425,158.12121212121212,0.5757575757575758,65,0.6363636363636364,0.53125,25,0,92.20825414535815,89.89657765351942,2.311676491838739,53.63429463317791,54.45753837491577,-0.823243741737862,0,0,0.6,0.46788990825688076,0.13211009174311922,0.0,0.46788990825688076,-0.46788990825688076,1,0,0.4242424242424242,4,0,0.5333333333333333,0.4666666666666667,0.2222222222222222,0.42105263157894735
1359500,26.0,2023,2023-04-19,"Sawai Mansingh Stadium, Jaipur",Jaipur,Lucknow Super Giants,Rajasthan Royals,Lucknow Super Giants,1,1536.9746317016977,1549.0215954763194,-12.046963774621645,0.6,0.8,-0.20000000000000007,0.6666666666666666,1.0,-0.33333333333333337,0.5,0.7,-0.19999999999999996,-0.07999999999999996,0.0,0,0,field,0.5319148936170213,0.3191489361702128,157.68085106382978,0.6808510638297872,47,0.5,0.6808510638297872,26,0,89.41489862140273,97.07581557660396,-7.66091695520123,78.7037037037037,59.33593228171986,19.367771421983832,0,0,0.4,0.5742574257425742,-0.1742574257425742,0.0,0.5742574257425742,-0.5742574257425742,0,0,0.3191489361702128,4,0,0.7037037037037037,0.2962962962962963,0.3157894736842105,0.6785714285714286
1359501,27.0,2023,2023-04-20,"PCA Stadium, Mohali",Chandigarh,Royal Challengers Bengaluru,Kings XI Punjab,Royal Challengers Bengaluru,1,1519.0108675860834,1509.697658201334,9.31320938474937,0.4,0.6,-0.19999999999999996,0.3333333333333333,0.3333333333333333,0.0,0.5,0.6,-0.09999999999999998,-0.20999999999999996,0.5,0,0,field,0.4827586206896552,0.43103448275862066,165.86206896551724,0.5689655172413793,58,0.5714285714285714,0.5344827586206896,27,0,91.0895648106792,92.6939997907512,-1.604434980072,49.67479867595475,53.90839554117165,-4.233596865216903,0,0,0.5258620689655172,0.5288461538461539,-0.002984084880636617,0.0,0.5288461538461539,-0.5288461538461539,0,0,0.43103448275862066,4,0,0.6,0.4,0.35294117647058826,0.5365853658536586
1359502,28.0,2023,2023-04-20,"Arun Jaitley Stadium, Delhi",Delhi,Kolkata Knight Riders,Delhi Capitals,Delhi Capitals,0,1499.3873922923324,1481.5791103248519,17.808281967480525,0.4,0.0,0.4,0.3333333333333333,0.0,0.3333333333333333,0.5,0.3,0.2,0.45,0.3,0,0,field,0.5256410256410257,0.4430379746835443,165.9746835443038,0.5569620253164557,78,0.5,0.43661971830985913,28,0,96.06465301248919,90.56236035710042,5.502292655388771,48.06216149405003,51.04631564297883,-2.984154148928802,0,0,0.5819672131147541,0.5,0.08196721311475408,0.0,0.5,-0.5,0,0,0.44303797468354433,4,0,0.5,0.5,0.46875,0.5652173913043478
1359503,29.0,2023,2023-04-21,"MA Chidambaram Stadium, Chennai",Chennai,Sunrisers Hyderabad,Chennai Super Kings,Chennai Super Kings,0,1452.1096814917635,1518.9705831936444,-66.86090170188095,0.4,0.6,-0.19999999999999996,0.6666666666666666,0.6666666666666666,0.0,0.3,0.4,-0.10000000000000003,-0.21000000000000002,0.3,0,0,field,0.5074626865671642,0.6231884057971014,163.2463768115942,0.37681159420289856,67,0.25,0.7068965517241379,29,0,92.75560501871551,92.41426565951213,0.3413393592033884,53.149946819231154,54.557614549024066,-1.4076677297929123,0,1,0.4636363636363636,0.6391752577319587,-0.1755388940955951,0.0,0.6391752577319587,-0.6391752577319587,0,0,0.6231884057971014,4,0,0.40476190476190477,0.5952380952380952,0.6,0.37037037037037035
1359505,31.0,2023,2023-04-22,"Wankhede Stadium, Mumbai",Mumbai,Kings XI Punjab,Mumbai Indians,Kings XI Punjab,1,1498.019248036573,1522.4091236324157,-24.389875595842796,0.4,0.6,-0.19999999999999996,0.3333333333333333,1.0,-0.6666666666666667,0.5,0.6,-0.09999999999999998,0.06999999999999995,0.5,0,0,field,0.5333333333333333,0.4528301886792453,167.26415094339623,0.5471698113207547,105,0.4444444444444444,0.6164383561643836,30,0,92.99067776475752,93.59001472186856,-0.599336957111035,49.813985952683005,58.69318181818181,-8.879195865498808,0,0,0.5238095238095238,0.6,-0.07619047619047614,0.0,0.6,-0.6,0,0,0.4528301886792453,4,0,0.5740740740740741,0.42592592592592593,0.4642857142857143,0.5584415584415584
1359504,30.0,2023,2023-04-22,"Ekana Stadium, Lucknow",Lucknow,Gujarat Titans,Lucknow Super Giants,Gujarat Titans,1,1577.8298641001202,1549.3905524183394,28.439311681780737,0.6,0.6,0.0,0.3333333333333333,0.6666666666666666,-0.3333333333333333,0.7,0.5,0.19999999999999996,0.18999999999999995,1.0,1,1,bat,0.3333333333333333,0.3333333333333333,157.66666666666666,0.6666666666666666,3,0.5,0.6666666666666666,31,0,94.1234698578268,89.1096451589806,5.013824698846207,67.54995755783838,69.58333333333333,-2.033375775494946,0,0,0.9166666666666666,0.4,0.5166666666666666,0.0,0.4,-0.4,0,0,0.33333333333333337,4,0,0.6666666666666666,0.33333333333333337,0.3333333333333333,0.3333333333333333
1359506,32.0,2023,2023-04-23,"M Chinnaswamy Stadium, Bengaluru",Bengaluru,Royal Challengers Bengaluru,Rajasthan Royals,Royal Challengers Bengaluru,1,1530.6892777508444,1536.6056747596776,-5.916397008833201,0.4,0.6,-0.19999999999999996,0.6666666666666666,0.6666666666666666,0.0,0.5,0.6,-0.09999999999999998,-0.29000000000000004,0.5,0,0,field,0.55,0.43209876543209874,171.19753086419752,0.5679012345679012,80,0.5064935064935064,0.6666666666666666,32,0,90.04179840518583,96.3187074983222,-6.276909093136368,52.83434684704897,59.13921599270808,-6.3048691456591115,0,0,0.5258620689655172,0.5686274509803921,-0.0427653820148749,0.0,0.5686274509803921,-0.5686274509803921,0,0,0.4320987654320988,4,0,0.525,0.475,0.55,0.5633802816901409
1359507,33.0,2023,2023-04-23,"Eden Gardens, Kolkata",Kolkata,Chennai Super Kings,Kolkata Knight Riders,Chennai Super Kings,1,1528.6893805566697,1486.7728541036886,41.91652645298109,0.8,0.4,0.4,0.6666666666666666,0.0,0.6666666666666666,0.5,0.4,0.09999999999999998,0.19999999999999996,0.7,0,0,field,0.5432098765432098,0.4074074074074074,162.4814814814815,0.5925925925925926,81,0.45454545454545453,0.6052631578947368,33,0,91.4586268635255,94.04442644588387,-2.5857995823583764,59.87251670113552,53.5727169655741,6.299799735561415,0,0,0.6428571428571429,0.5819672131147541,0.060889929742388826,0.0,0.5819672131147541,-0.5819672131147541,0,0,0.40740740740740744,4,0,0.6666666666666666,0.33333333333333337,0.42857142857142855,0.6037735849056604
1359508,34.0,2023,2023-04-24,"Rajiv Gandhi Intl Stadium, Hyderabad",Hyderabad,Delhi Capitals,Sunrisers Hyderabad,Delhi Capitals,1,1494.1936485134956,1442.3908841287382,51.80276438475744,0.2,0.4,-0.2,0.3333333333333333,0.3333333333333333,0.0,0.3,0.3,0.0,-0.37,0.6,1,1,bat,0.3333333333333333,0.43283582089552236,158.62686567164178,0.5671641791044776,66,0.625,0.5230769230769231,34,0,88.89567900629754,92.03729356884787,-3.1416145625503304,65.00169669348276,50.207388487810704,14.794308205672053,0,0,0.5039370078740157,0.4636363636363636,0.04030064423765212,0.0,0.4636363636363636,-0.4636363636363636,0,0,0.4328358208955224,4,0,0.5161290322580645,0.4838709677419355,0.2222222222222222,0.41025641025641024
1359509,35.0,2023,2023-04-25,"Narendra Modi Stadium, Ahmedabad",Ahmedabad,Gujarat Titans,Mumbai Indians,Gujarat Titans,1,1588.8497929958698,1509.5681082268268,79.28168476904307,0.6,0.6,0.0,0.6666666666666666,0.6666666666666666,0.0,0.7,0.5,0.19999999999999996,0.05999999999999994,0.0,0,0,field,0.5238095238095238,0.36363636363636365,163.5,0.6363636363636364,21,0.5,0.5,35,0,91.31821374843442,94.81297541642013,-3.4947616679857134,75.13087145535333,57.584572284282125,17.546299171071205,0,0,0.9166666666666666,0.5945945945945946,0.322072072072072,0.0,0.5945945945945946,-0.5945945945945946,0,0,0.36363636363636365,4,0,0.8,0.19999999999999996,0.5238095238095238,0.6153846153846154
1359510,36.0,2023,2023-04-26,"M Chinnaswamy Stadium, Bengaluru",Bengaluru,Kolkata Knight Riders,Royal Challengers Bengaluru,Kolkata Knight Riders,1,1476.2136161573185,1542.8936031145802,-66.67998695726169,0.2,0.6,-0.39999999999999997,0.0,0.6666666666666666,-0.6666666666666666,0.4,0.6,-0.19999999999999996,-0.10000000000000003,0.5,0,0,field,0.5432098765432098,0.43902439024390244,171.41463414634146,0.5609756097560976,81,0.6153846153846154,0.5128205128205128,36,0,95.83858298149525,90.16422336080346,5.674359620691789,53.3914969365789,51.03309374933867,2.358403187240235,0,0,0.5772357723577236,0.5258620689655172,0.05137370339220637,0.0,0.5258620689655172,-0.5258620689655172,0,0,0.4390243902439024,4,0,0.5121951219512195,0.4878048780487805,0.5432098765432098,0.5555555555555556
1359511,37.0,2023,2023-04-27,"Sawai Mansingh Stadium, Jaipur",Jaipur,Rajasthan Royals,Chennai Super Kings,Rajasthan Royals,1,1524.401349395942,1539.2486185030398,-14.847269107097873,0.6,0.8,-0.20000000000000007,0.3333333333333333,1.0,-0.6666666666666667,0.5,0.5,0.0,0.050000000000000044,0.6,1,1,bat,0.5208333333333334,0.3333333333333333,157.60416666666666,0.6666666666666666,48,0.6666666666666666,0.5,37,0,96.26788760296789,92.90388552155011,3.3640020814177802,56.942264544962235,56.055157617396596,0.8871069275656396,0,0,0.5631067961165048,0.6428571428571429,-0.07975034674063808,0.0,0.6428571428571429,-0.6428571428571429,0,0,0.33333333333333337,4,0,0.6785714285714286,0.3214285714285714,0.3157894736842105,0.6551724137931034
1359512,38.0,2023,2023-04-28,"PCA Stadium, Mohali",Chandigarh,Lucknow Super Giants,Kings XI Punjab,Lucknow Super Giants,1,1538.3706235225898,1510.8602634421618,27.510360080427972,0.6,0.4,0.19999999999999996,0.3333333333333333,0.6666666666666666,-0.3333333333333333,0.5,0.6,-0.09999999999999998,0.43999999999999995,0.5,0,0,field,0.4745762711864407,0.4406779661016949,166.0,0.559322033898305,59,0.5,0.5254237288135594,38,0,88.2684460437207,95.74520910034929,-7.4767630566285845,72.18253968253968,47.33074975050372,24.851789932035963,0,0,0.36363636363636365,0.5238095238095238,-0.1601731601731602,0.0,0.5238095238095238,-0.5238095238095238,0,0,0.44067796610169496,4,0,0.5806451612903226,0.4193548387096774,0.35294117647058826,0.5238095238095238
1359513,39.0,2023,2023-04-29,"Eden Gardens, Kolkata",Kolkata,Kolkata Knight Riders,Gujarat Titans,Gujarat Titans,0,1490.4887954362353,1598.1580597728712,-107.66926433663593,0.2,0.6,-0.39999999999999997,0.3333333333333333,0.6666666666666666,-0.3333333333333333,0.4,0.7,-0.29999999999999993,-0.37,0.5,0,0,field,0.5365853658536586,0.4146341463414634,163.3658536585366,0.5853658536585366,82,0.5974025974025974,1.0,39,0,96.07443979501811,95.4375994064391,0.636840388579003,53.20366934652649,70.5320212315031,-17.328351884976605,0,0,0.5772357723577236,0.9166666666666666,-0.339430894308943,0.0,0.9166666666666666,-0.9166666666666666,0,0,0.41463414634146345,4,0,0.6511627906976745,0.34883720930232553,0.42857142857142855,0.5925925925925926
1359514,40.0,2023,2023-04-29,"Arun Jaitley Stadium, Delhi",Delhi,Sunrisers Hyderabad,Delhi Capitals,Sunrisers Hyderabad,1,1432.1669465267364,1504.4175861154974,-72.25063958876103,0.4,0.4,0.0,0.0,0.6666666666666666,-0.6666666666666666,0.3,0.4,-0.10000000000000003,0.39999999999999997,0.3,1,1,bat,0.5316455696202531,0.4375,165.4875,0.5625,79,0.5714285714285714,0.4444444444444444,40,0,90.02041640267296,88.92035060536611,1.1000657973068542,50.103487422277034,60.4542662799631,-10.350778857686066,0,0,0.4594594594594595,0.5039370078740157,-0.044477548414556256,0.0,0.5039370078740157,-0.5039370078740157,0,0,0.4375,4,0,0.5121951219512195,0.4878048780487805,0.46875,0.574468085106383
1359515,41.0,2023,2023-04-30,"MA Chidambaram Stadium, Chennai",Chennai,Chennai Super Kings,Kings XI Punjab,Kings XI Punjab,0,1526.7361239271204,1499.8084568287513,26.927667098369056,0.6,0.4,0.19999999999999996,0.6666666666666666,0.3333333333333333,0.3333333333333333,0.5,0.5,0.0,0.20000000000000007,0.5,1,1,bat,0.5147058823529411,0.6142857142857143,162.82857142857142,0.38571428571428573,68,0.711864406779661,0.375,41,0,93.4497099950261,94.83284689167041,-1.3831368966443165,53.236062282664534,48.10172792564959,5.134334357014943,0,1,0.6363636363636364,0.5188679245283019,0.11749571183533447,0.0,0.5188679245283019,-0.5188679245283019,0,0,0.6142857142857143,4,0,0.4186046511627907,0.5813953488372092,0.6,0.39285714285714285
1359516,42.0,2023,2023-04-30,"Wankhede Stadium, Mumbai",Mumbai,Rajasthan Royals,Mumbai Indians,Mumbai Indians,0,1536.9138439718613,1500.2598414498254,36.65400252203585,0.6,0.6,0.0,0.3333333333333333,0.3333333333333333,0.0,0.6,0.5,0.09999999999999998,-0.1200000000000001,0.6,1,1,bat,0.5283018867924528,0.45794392523364486,167.70093457943926,0.5420560747663551,106,0.5,0.6081081081081081,42,0,96.33121725097969,93.47336630836828,2.8578509426114067,56.56905283327083,52.37883676722445,4.190216066046382,0,0,0.5631067961165048,0.5892857142857143,-0.026178918169209475,0.0,0.5892857142857143,-0.5892857142857143,0,0,0.4579439252336449,4,0,0.5636363636363636,0.4363636363636364,0.4642857142857143,0.5512820512820513
1359517,43.0,2023,2023-05-01,"Ekana Stadium, Lucknow",Lucknow,Royal Challengers Bengaluru,Lucknow Super Giants,Royal Challengers Bengaluru,1,1528.6184238356634,1549.422430136,-20.804006300336596,0.6,0.6,0.0,0.6666666666666666,0.6666666666666666,0.0,0.5,0.6,-0.09999999999999998,0.040000000000000036,0.6666666666666666,1,1,bat,0.5,0.5,152.0,0.5,4,0.5,0.5,43,0,92.1464240119228,90.79525944173122,1.3511645701915853,54.047796272794294,71.49707602339181,-17.44927975059752,0,1,0.5213675213675214,0.36363636363636365,0.15773115773115776,0.0,0.36363636363636365,-0.36363636363636365,0,0,0.5,5,0,0.5,0.5,0.5,0.5
1359518,44.0,2023,2023-05-02,"Narendra Modi Stadium, Ahmedabad",Ahmedabad,Delhi Capitals,Gujarat Titans,Delhi Capitals,1,1489.9574976969172,1606.5539384902077,-116.59644079329041,0.4,0.8,-0.4,0.6666666666666666,1.0,-0.33333333333333337,0.3,0.8,-0.5,-0.43,0.0,1,1,bat,0.5,0.391304347826087,165.3913043478261,0.6086956521739131,22,0.6,0.6,44,0,94.61755752016118,95.82305129146272,-1.2054937713015335,54.242489817929446,70.03281671236998,-15.790326894440533,0,0,0.5,0.9230769230769231,-0.42307692307692313,0.0,0.9230769230769231,-0.9230769230769231,0,0,0.3913043478260869,5,0,0.42857142857142855,0.5714285714285714,0.5,0.5714285714285714
1359520,46.0,2023,2023-05-03,"PCA Stadium, Mohali",Chandigarh,Kings XI Punjab,Mumbai Indians,Mumbai Indians,0,1512.7366477352655,1513.5211498713695,-0.7845021361040381,0.6,0.6,0.0,0.6666666666666666,0.3333333333333333,0.3333333333333333,0.6,0.5,0.09999999999999998,-0.04999999999999993,0.5,0,0,field,0.4666666666666667,0.45,167.51666666666668,0.55,60,0.5166666666666667,0.5,45,0,94.4604308403299,97.66892088074738,-3.208490040417473,48.61511748820692,49.577893927928244,-0.9627764397213241,0,0,0.5233644859813084,0.5929203539823009,-0.06955586800099256,0.0,0.5929203539823009,-0.5929203539823009,0,0,0.44999999999999996,5,0,0.5416666666666666,0.45833333333333337,0.35294117647058826,0.5116279069767442
1359521,47.0,2023,2023-05-04,"Rajiv Gandhi Intl Stadium, Hyderabad",Hyderabad,Kolkata Knight Riders,Sunrisers Hyderabad,Kolkata Knight Riders,1,1482.0929167188988,1446.6270349453166,35.46588177358217,0.2,0.4,-0.2,0.3333333333333333,0.3333333333333333,0.0,0.3,0.4,-0.10000000000000003,-0.31,0.6,1,1,bat,0.34328358208955223,0.4411764705882353,158.41176470588235,0.5588235294117647,67,0.625,0.5151515151515151,46,0,97.4053558870429,90.6060231924943,6.799332694548596,53.886012960180345,47.62923393997656,6.256779020203787,0,0,0.5772357723577236,0.4594594594594595,0.11777631289826412,0.0,0.4594594594594595,-0.4594594594594595,0,0,0.4411764705882353,5,0,0.6176470588235294,0.38235294117647056,0.25,0.41025641025641024
1359522,48.0,2023,2023-05-05,"Sawai Mansingh Stadium, Jaipur",Jaipur,Rajasthan Royals,Gujarat Titans,Gujarat Titans,0,1523.6525355503172,1590.6715060852566,-67.0189705349394,0.4,0.6,-0.19999999999999996,0.3333333333333333,0.6666666666666666,-0.3333333333333333,0.5,0.7,-0.19999999999999996,-0.10000000000000009,0.25,1,1,bat,0.5306122448979592,0.3469387755102041,158.51020408163265,0.6530612244897959,49,0.673469387755102,0.5,47,0,96.25957615908477,94.21743309901309,2.0421430600716803,56.893022849108355,70.14485116971836,-13.25182832061001,0,0,0.5631067961165048,0.8571428571428571,-0.29403606102635227,0.0,0.8571428571428571,-0.8571428571428571,0,0,0.34693877551020413,5,0,0.6842105263157895,0.3157894736842105,0.35,0.6551724137931034
1359524,50.0,2023,2023-05-06,"Arun Jaitley Stadium, Delhi",Delhi,Royal Challengers Bengaluru,Delhi Capitals,Delhi Capitals,0,1541.3361112149457,1505.8399301018683,35.496181113077455,0.6,0.6,0.0,0.6666666666666666,0.6666666666666666,0.0,0.5,0.3,0.2,0.0,0.6,1,1,bat,0.5375,0.4444444444444444,165.87654320987653,0.5555555555555556,80,0.6666666666666666,0.4383561643835616,48,0,91.65727907729888,91.40537229890211,0.2519067783967728,64.60009745481857,61.85431512292582,2.745782331892748,0,0,0.5213675213675214,0.5,0.021367521367521403,0.0,0.5,-0.5,0,0,0.4444444444444444,5,0,0.6363636363636364,0.36363636363636365,0.48484848484848486,0.574468085106383
1359523,49.0,2023,2023-05-06,"MA Chidambaram Stadium, Chennai",Chennai,Mumbai Indians,Chennai Super Kings,Chennai Super Kings,0,1525.4940541735582,1513.8079330206062,11.686121152951955,0.6,0.6,0.0,0.6666666666666666,0.3333333333333333,0.3333333333333333,0.6,0.5,0.09999999999999998,-0.2500000000000001,0.6,0,0,field,0.5072463768115942,0.6056338028169014,163.35211267605635,0.39436619718309857,69,0.5384615384615384,0.7,49,0,96.6261224265672,93.72068177956722,2.905440646999992,40.294043229957346,56.94974004403726,-16.655696814079917,0,1,0.5964912280701754,0.6363636363636364,-0.03987240829346095,0.0,0.6363636363636364,-0.6363636363636364,0,0,0.6056338028169015,5,0,0.3181818181818182,0.6818181818181819,0.5853658536585366,0.39285714285714285
1359525,51.0,2023,2023-05-07,"Narendra Modi Stadium, Ahmedabad",Ahmedabad,Gujarat Titans,Lucknow Super Giants,Gujarat Titans,1,1600.3850416957114,1536.7047427567177,63.6802989389937,0.8,0.4,0.4,0.6666666666666666,0.3333333333333333,0.3333333333333333,0.7,0.5,0.19999999999999996,0.51,1.0,0,0,field,0.5217391304347826,0.4166666666666667,163.91666666666666,0.5833333333333334,23,0.5,0.5,50,0,93.86919943874054,93.32941180737696,0.5397876313635805,70.4070874498603,72.80474649406688,-2.397659044206577,0,0,0.8666666666666667,0.3333333333333333,0.5333333333333334,0.0,0.3333333333333333,-0.3333333333333333,0,0,0.41666666666666663,5,0,0.375,0.625,0.5217391304347826,0.5714285714285714
1359526,52.0,2023,2023-05-07,"Sawai Mansingh Stadium, Jaipur",Jaipur,Rajasthan Royals,Sunrisers Hyderabad,Sunrisers Hyderabad,0,1513.9389999398625,1435.8477460605795,78.09125387928293,0.2,0.2,0.0,0.3333333333333333,0.3333333333333333,0.0,0.5,0.3,0.2,0.08000000000000002,0.5,1,1,bat,0.52,0.34,157.7,0.66,50,0.66,0.2,51,0,95.57622164515851,88.74206138084396,6.834160264314548,56.21092740543761,48.53150746168402,7.679419943753587,0,0,0.5631067961165048,0.45535714285714285,0.10774965325936198,0.0,0.45535714285714285,-0.45535714285714285,0,0,0.33999999999999997,5,0,0.7,0.30000000000000004,0.3333333333333333,0.6551724137931034
1359527,53.0,2023,2023-05-08,"Eden Gardens, Kolkata",Kolkata,Kings XI Punjab,Kolkata Knight Riders,Kolkata Knight Riders,0,1500.7637434330768,1492.8722056036358,7.891537829440949,0.4,0.4,0.0,0.3333333333333333,0.6666666666666666,-0.3333333333333333,0.5,0.4,0.09999999999999998,0.08999999999999997,0.4,1,1,bat,0.5421686746987951,0.40963855421686746,163.55421686746988,0.5903614457831325,83,0.2727272727272727,0.5897435897435898,52,0,95.56622030482177,96.08404597164353,-0.5178256668217642,45.77926069724177,47.841788892265185,-2.062528195023418,0,0,0.5233644859813084,0.5772357723577236,-0.05387128637641525,0.0,0.5772357723577236,-0.5772357723577236,0,0,0.40963855421686746,5,0,0.5142857142857142,0.48571428571428577,0.42857142857142855,0.6
1359528,54.0,2023,2023-05-09,"Wankhede Stadium, Mumbai",Mumbai,Royal Challengers Bengaluru,Mumbai Indians,Mumbai Indians,0,1528.114364436137,1513.0905819910577,15.023782445079405,0.6,0.4,0.19999999999999996,0.3333333333333333,0.6666666666666666,-0.3333333333333333,0.5,0.5,0.0,0.39999999999999997,0.6,0,0,field,0.5233644859813084,0.4537037037037037,168.11111111111111,0.5462962962962963,107,0.5,0.6133333333333333,53,0,92.48205886672447,95.63162800146793,-3.1495691347434587,55.908682871849514,54.137801599948496,1.7708812719010183,0,0,0.5213675213675214,0.5964912280701754,-0.075123706702654,0.0,0.5964912280701754,-0.5964912280701754,0,0,0.4537037037037037,5,0,0.5102040816326531,0.4897959183673469,0.4482758620689655,0.5512820512820513
1359529,55.0,2023,2023-05-10,"MA Chidambaram Stadium, Chennai",Chennai,Chennai Super Kings,Delhi Capitals,Chennai Super Kings,1,1526.2114052031068,1519.061676880677,7.149728322429837,0.6,0.8,-0.20000000000000007,0.3333333333333333,0.6666666666666666,-0.3333333333333333,0.6,0.4,0.19999999999999996,-0.12,0.5,1,1,bat,0.5142857142857142,0.5972222222222222,163.01388888888889,0.4027777777777778,70,0.7049180327868853,0.4,54,0,93.49534750024614,93.00281513475322,0.4925323654929201,57.72156630774261,57.27549935768874,0.44606695005387564,0,1,0.64,0.5038759689922481,0.13612403100775194,0.0,0.5038759689922481,-0.5038759689922481,0,0,0.5972222222222222,5,0,0.34782608695652173,0.6521739130434783,0.5853658536585366,0.41379310344827586
1359530,56.0,2023,2023-05-11,"Eden Gardens, Kolkata",Kolkata,Kolkata Knight Riders,Rajasthan Royals,Rajasthan Royals,0,1505.144722800888,1499.2863438513748,5.8583789495132805,0.6,0.2,0.39999999999999997,0.6666666666666666,0.0,0.6666666666666666,0.5,0.4,0.09999999999999998,0.2,0.7,0,0,field,0.5357142857142857,0.40476190476190477,163.73809523809524,0.5952380952380952,84,0.5949367088607594,0.2,55,0,96.58262408631578,96.14903102095343,0.433593065362345,51.4638185675052,53.10161410249515,-1.637795534989948,0,0,0.5806451612903226,0.5631067961165048,0.017538365173817794,0.0,0.5631067961165048,-0.5631067961165048,0,0,0.40476190476190477,5,0,0.5277777777777778,0.4722222222222222,0.41379310344827586,0.6
1359531,57.0,2023,2023-05-12,"Wankhede Stadium, Mumbai",Mumbai,Mumbai Indians,Gujarat Titans,Mumbai Indians,1,1525.6091618692374,1610.2099048883465,-84.60074301910913,0.6,0.8,-0.20000000000000007,0.6666666666666666,0.6666666666666666,0.0,0.6,0.7,-0.09999999999999998,-0.2699999999999999,0.5,0,0,field,0.5277777777777778,0.44954128440366975,168.39449541284404,0.5504587155963303,108,0.618421052631579,0.75,56,0,95.84579402940943,94.65017827371443,1.1956157556950018,52.37402443208445,68.62305843609046,-16.249034004006013,0,0,0.6,0.8666666666666667,-0.2666666666666667,0.0,0.8666666666666667,-0.8666666666666667,0,0,0.4495412844036697,5,0,0.52,0.48,0.4482758620689655,0.5569620253164557
1359532,58.0,2023,2023-05-13,"Rajiv Gandhi Intl Stadium, Hyderabad",Hyderabad,Sunrisers Hyderabad,Lucknow Super Giants,Lucknow Super Giants,0,1450.5004021490672,1526.8798795640826,-76.37947741501534,0.4,0.4,0.0,0.6666666666666666,0.3333333333333333,0.3333333333333333,0.4,0.5,-0.09999999999999998,-0.27,0.0,1,1,bat,0.35294117647058826,0.4492753623188406,158.59420289855072,0.5507246376811594,68,0.5074626865671642,0.5,57,1,90.48748105603303,93.40436510537619,-2.916884049343153,45.907332961504004,65.72463768115942,-19.817304719655418,0,0,0.46017699115044247,0.3076923076923077,0.15248468345813476,0.0,0.3076923076923077,-0.3076923076923077,0,0,0.4492753623188406,5,0,0.6,0.4,0.27586206896551724,0.41025641025641024
1359533,59.0,2023,2023-05-13,"Arun Jaitley Stadium, Delhi",Delhi,Kings XI Punjab,Delhi Capitals,Kings XI Punjab,1,1488.4912262358246,1507.3085848961325,-18.817358660307946,0.4,0.6,-0.19999999999999996,0.3333333333333333,0.6666666666666666,-0.3333333333333333,0.4,0.4,0.0,-0.12,0.4,0,0,field,0.5308641975308642,0.43902439024390244,166.0609756097561,0.5609756097560976,81,0.45454545454545453,0.44594594594594594,58,1,95.0605174095107,89.18852512555986,5.871992283950831,45.990454128846864,55.562659904745864,-9.572205775899,0,0,0.5233644859813084,0.5,0.02336448598130836,0.0,0.5,-0.5,0,0,0.4390243902439024,5,0,0.6470588235294118,0.3529411764705882,0.47058823529411764,0.574468085106383
1359534,60.0,2023,2023-05-14,"Sawai Mansingh Stadium, Jaipur",Jaipur,Royal Challengers Bengaluru,Rajasthan Royals,Royal Challengers Bengaluru,1,1515.5957845579574,1511.4886659176234,4.107118640333965,0.4,0.4,0.0,0.3333333333333333,0.3333333333333333,0.0,0.4,0.5,-0.09999999999999998,0.12000000000000005,0.6,1,1,bat,0.5098039215686274,0.3333333333333333,158.80392156862746,0.6666666666666666,51,0.42857142857142855,0.6470588235294118,59,1,92.62073716567109,95.96062835832397,-3.3398911926528854,45.42190900033723,53.29353418469784,-7.87162518436061,0,0,0.5213675213675214,0.5673076923076923,-0.04594017094017089,0.0,0.5673076923076923,-0.5673076923076923,0,0,0.33333333333333337,5,0,0.7142857142857143,0.2857142857142857,0.3181818181818182,0.6551724137931034
1359535,61.0,2023,2023-05-14,"MA Chidambaram Stadium, Chennai",Chennai,Chennai Super Kings,Kolkata Knight Riders,Kolkata Knight Riders,0,1537.9644971876512,1492.9424007346395,45.02209645301173,0.6,0.6,0.0,0.6666666666666666,0.6666666666666666,0.0,0.7,0.4,0.29999999999999993,-0.1200000000000001,0.7,1,1,bat,0.5211267605633803,0.6027397260273972,163.06849315068493,0.3972602739726027,71,0.7096774193548387,0.25,60,1,92.20239625226368,95.95368282595491,-3.7512865736912318,57.58545550285686,46.26935853822892,11.316096964627938,0,1,0.64,0.5806451612903226,0.05935483870967739,0.0,0.5806451612903226,-0.5806451612903226,0,0,0.6027397260273972,5,0,0.3333333333333333,0.6666666666666667,0.5952380952380952,0.41379310344827586
1359536,62.0,2023,2023-05-15,"Narendra Modi Stadium, Ahmedabad",Ahmedabad,Gujarat Titans,Sunrisers Hyderabad,Gujarat Titans,1,1595.3443121776183,1441.0967637565254,154.24754842109292,0.6,0.4,0.19999999999999996,0.6666666666666666,0.3333333333333333,0.3333333333333333,0.6,0.4,0.19999999999999996,0.30000000000000004,0.5,0,0,field,0.5,0.44,166.44,0.56,24,0.5714285714285714,0.5,61,1,93.6806097621836,91.30281006492972,2.3777996972538773,64.99410939677107,43.053654649935396,21.94045474683567,0,0,0.8125,0.46017699115044247,0.35232300884955753,0.0,0.46017699115044247,-0.46017699115044247,0,0,0.43999999999999995,5,0,0.3333333333333333,0.6666666666666667,0.5,0.5333333333333333
1359537,63.0,2023,2023-05-16,"Ekana Stadium, Lucknow",Lucknow,Lucknow Super Giants,Mumbai Indians,Lucknow Super Giants,1,1536.2835179566243,1540.4747545799655,-4.191236623341183,0.4,0.8,-0.4,0.3333333333333333,0.6666666666666666,-0.3333333333333333,0.5,0.7,-0.19999999999999996,-0.4699999999999999,1.0,0,0,field,0.6,0.6,146.8,0.4,5,0.4,0.5,62,1,92.36729508396604,98.79223985890653,-6.424944774940485,70.08490704142878,53.08957004914172,16.995336992287058,0,1,0.35714285714285715,0.6,-0.24285714285714283,0.0,0.6,-0.6,0,0,0.6,5,0,0.0,1.0,0.6,0.6
1359538,64.0,2023,2023-05-17,"HPCA Stadium, Dharamsala",Dharamsala,Delhi Capitals,Kings XI Punjab,Delhi Capitals,1,1494.6592911046291,1501.140520027328,-6.481228922698847,0.4,0.4,0.0,0.3333333333333333,0.3333333333333333,0.0,0.4,0.4,0.0,0.12,0.6,0,0,field,0.5555555555555556,0.5555555555555556,175.66666666666666,0.4444444444444444,9,0.3333333333333333,0.5555555555555556,63,1,89.90425170894255,95.55050744539433,-5.646255736451778,51.04819974447101,49.06412986083125,1.984069883639762,0,1,0.4961832061068702,0.5233644859813084,-0.027181279874438136,0.0,0.5233644859813084,-0.5233644859813084,0,0,0.5555555555555556,5,0,0.2857142857142857,0.7142857142857143,0.5555555555555556,0.5555555555555556
1359539,65.0,2023,2023-05-18,"Rajiv Gandhi Intl Stadium, Hyderabad",Hyderabad,Sunrisers Hyderabad,Royal Challengers Bengaluru,Royal Challengers Bengaluru,0,1434.0998229972452,1527.4539363129197,-93.35411331567457,0.4,0.4,0.0,0.3333333333333333,0.3333333333333333,0.0,0.4,0.5,-0.09999999999999998,0.22000000000000003,0.5,0,0,field,0.34782608695652173,0.44285714285714284,158.92857142857142,0.5571428571428572,69,0.5,0.2,64,1,90.93623620056773,88.72433899957063,2.2118972009971003,53.617254886179204,58.87326169405816,-5.256006807878954,0,0,0.45614035087719296,0.5213675213675214,-0.06522717049032845,0.0,0.5213675213675214,-0.5213675213675214,0,0,0.44285714285714284,5,0,0.6111111111111112,0.38888888888888884,0.26666666666666666,0.41025641025641024
1359540,66.0,2023,2023-05-19,"HPCA Stadium, Dharamsala",Dharamsala,Kings XI Punjab,Rajasthan Royals,Rajasthan Royals,0,1488.9166922734355,1499.630514162661,-10.713821889225528,0.4,0.2,0.2,0.3333333333333333,0.3333333333333333,0.0,0.4,0.4,0.0,0.35,0.5,0,0,field,0.5,0.6,179.4,0.4,10,0.5,0.5,65,1,94.7561336522315,96.22540936322773,-1.4692757109962287,45.35125496803122,54.41485496936745,-9.063600001336226,0,1,0.5185185185185185,0.5619047619047619,-0.04338624338624342,0.0,0.5619047619047619,-0.5619047619047619,0,0,0.6,5,0,0.25,0.75,0.5,0.5
1359541,67.0,2023,2023-05-20,"Arun Jaitley Stadium, Delhi",Delhi,Chennai Super Kings,Delhi Capitals,Chennai Super Kings,1,1524.4181349045757,1506.8831188585216,17.535016046054125,0.4,0.6,-0.19999999999999996,0.6666666666666666,0.3333333333333333,0.3333333333333333,0.6,0.5,0.09999999999999998,-0.35999999999999993,0.6,1,1,bat,0.524390243902439,0.4457831325301205,166.0722891566265,0.5542168674698795,82,0.7,0.44,66,1,91.8553412602399,92.48641737615743,-0.6310761159175371,55.611706590271716,47.82215381533672,7.789552774934997,0,0,0.64,0.4961832061068702,0.1438167938931298,0.0,0.4961832061068702,-0.4961832061068702,0,0,0.4457831325301205,5,0,0.6285714285714286,0.37142857142857144,0.47058823529411764,0.5625
1359542,68.0,2023,2023-05-20,"Eden Gardens, Kolkata",Kolkata,Lucknow Super Giants,Kolkata Knight Riders,Lucknow Super Giants,1,1548.4282711195394,1506.488763017715,41.93950810182446,0.6,0.6,0.0,0.6666666666666666,0.6666666666666666,0.0,0.6,0.4,0.19999999999999996,0.019999999999999907,1.0,0,0,field,0.5411764705882353,0.4,163.56470588235294,0.6,85,0.0,0.5875,67,1,92.92233598597299,94.61797013985334,-1.6956341538803485,65.15116097865045,45.37789951044298,19.773261468207473,0,0,0.35714285714285715,0.584,-0.2268571428571428,0.0,0.584,-0.584,0,0,0.4,5,0,0.5405405405405406,0.45945945945945943,0.41379310344827586,0.6071428571428571
1359544,70.0,2023,2023-05-21,"M Chinnaswamy Stadium, Bengaluru",Bengaluru,Royal Challengers Bengaluru,Gujarat Titans,Gujarat Titans,0,1536.3050178916906,1602.3412529368986,-66.03623504520806,0.6,0.6,0.0,0.6666666666666666,0.6666666666666666,0.0,0.6,0.7,-0.09999999999999998,0.019999999999999907,0.5,0,0,field,0.5365853658536586,0.4457831325301205,171.75903614457832,0.5542168674698795,82,0.5063291139240507,0.5,68,1,92.42426325347157,94.05369033492882,-1.6294270814572513,55.364044567958416,64.18695143288416,-8.822906864925741,0,0,0.5254237288135594,0.8125,-0.28707627118644063,0.0,0.8125,-0.8125,0,0,0.4457831325301205,5,0,0.6285714285714286,0.37142857142857144,0.5365853658536586,0.547945205479452
1359543,69.0,2023,2023-05-21,"Wankhede Stadium, Mumbai",Mumbai,Sunrisers Hyderabad,Mumbai Indians,Mumbai Indians,0,1425.2487414184743,1528.3300014170504,-103.08125999857612,0.2,0.6,-0.39999999999999997,0.0,0.6666666666666666,-0.6666666666666666,0.3,0.6,-0.3,-0.42000000000000004,0.4,0,0,field,0.5229357798165137,0.45454545454545453,168.84545454545454,0.5454545454545454,109,0.23076923076923078,0.6233766233766234,69,1,79.59848045544638,94.67697591403548,-15.078495458589103,48.21260897731727,53.43095999773427,-5.218351020417003,0,0,0.45614035087719296,0.5948275862068966,-0.13868723532970362,0.0,0.5948275862068966,-0.5948275862068966,0,0,0.4545454545454546,5,0,0.5098039215686274,0.4901960784313726,0.4482758620689655,0.55
1370350,,2023,2023-05-23,"MA Chidambaram Stadium, Chennai",Chennai,Chennai Super Kings,Gujarat Titans,Chennai Super Kings,1,1535.8130106107387,1612.087516298265,-76.27450568752624,0.6,0.8,-0.20000000000000007,0.6666666666666666,0.6666666666666666,0.0,0.6,0.7,-0.09999999999999998,-0.2699999999999999,0.0,0,0,field,0.5138888888888888,0.5945945945945946,162.8108108108108,0.40540540540540543,72,0.6984126984126984,0.5,70,1,92.32797355189771,94.20717450569941,-1.8792009538016998,55.295117143864104,61.85322573952732,-6.558108595663214,0,1,0.64,0.8235294117647058,-0.18352941176470583,0.0,0.8235294117647058,-0.8235294117647058,0,0,0.5945945945945945,5,0,0.36,0.64,0.5813953488372093,0.41379310344827586
1370351,,2023,2023-05-24,"MA Chidambaram Stadium, Chennai",Chennai,Mumbai Indians,Lucknow Super Giants,Mumbai Indians,1,1536.8706153796693,1558.9867267563097,-22.116111376640447,0.6,0.6,0.0,0.6666666666666666,1.0,-0.33333333333333337,0.6,0.6,0.0,0.13,0.0,1,1,bat,0.5068493150684932,0.6,162.93333333333334,0.4,73,0.5,0.0,71,1,96.47240475701292,93.14854656119317,3.323858195819753,53.39307072571635,62.08129820909067,-8.68822748337432,0,1,0.5982905982905983,0.35714285714285715,0.24114774114774112,0.0,0.35714285714285715,-0.35714285714285715,0,0,0.6,5,0,0.34615384615384615,0.6538461538461539,0.5813953488372093,0.4
1370352,,2023,2023-05-26,"Narendra Modi Stadium, Ahmedabad",Ahmedabad,Gujarat Titans,Mumbai Indians,Gujarat Titans,1,1597.4946107861283,1549.6334487510226,47.861162035105735,0.6,0.8,-0.20000000000000007,0.6666666666666666,0.6666666666666666,0.0,0.7,0.6,0.09999999999999998,-0.1299999999999999,0.3333333333333333,0,0,field,0.48,0.46153846153846156,167.26923076923077,0.5384615384615384,25,0.625,0.3333333333333333,72,1,93.01100888775028,96.59015985922971,-3.579150971479436,61.64445917120901,58.444943445492164,3.199515725716843,0,0,0.7777777777777778,0.5982905982905983,0.17948717948717952,0.0,0.5982905982905983,-0.5982905982905983,0,0,0.46153846153846156,5,0,0.3,0.7,0.48,0.5
1370353,,2023,2023-05-29,"Narendra Modi Stadium, Ahmedabad",Ahmedabad,Gujarat Titans,Chennai Super Kings,Chennai Super Kings,0,1607.8519225574187,1550.4059161228754,57.44600643454328,0.6,0.8,-0.20000000000000007,0.6666666666666666,0.6666666666666666,0.0,0.7,0.7,0.0,-0.2699999999999999,0.75,0,0,field,0.46153846153846156,0.48148148148148145,169.7037037037037,0.5185185185185185,26,0.6666666666666666,0.0,73,1,93.80411438851323,92.48586161050034,1.3182527780128908,61.942437639177435,56.7098967459112,5.232540893266233,0,0,0.7777777777777778,0.64,0.13777777777777778,0.0,0.64,-0.64,0,0,0.4814814814814815,5,0,0.2727272727272727,0.7272727272727273,0.46153846153846156,0.47058823529411764
1422119,1.0,2024,2024-03-22,"MA Chidambaram Stadium, Chennai",Chennai,Royal Challengers Bengaluru,Chennai Super Kings,Chennai Super Kings,0,1526.5587545303242,1564.3721456910887,-37.81339116076447,0.4,0.8,-0.4,0.6666666666666666,1.0,-0.33333333333333337,0.5,0.7,-0.19999999999999996,-0.43,0.3,1,1,bat,0.5135135135135135,0.6052631578947368,163.18421052631578,0.39473684210526316,74,0.4166666666666667,0.703125,1,0,95.62274788251094,97.49779611410841,-1.875048231597475,49.00556188787572,49.59546389595899,-0.5899020080832713,0,1,0.5254237288135594,0.6435643564356436,-0.11814062762208422,0.0,0.6435643564356436,-0.6435643564356436,1,0,0.6052631578947368,3,1,0.4,0.6,0.5909090909090909,0.4
1422120,2.0,2024,2024-03-23,"Maharaja Yadavindra Singh International Cricket Stadium, Mullanpur",Mohali,Delhi Capitals,Kings XI Punjab,Kings XI Punjab,0,1495.4882431523586,1477.2866173240668,18.201625828291753,0.4,0.2,0.2,0.3333333333333333,0.3333333333333333,0.0,0.5,0.4,0.09999999999999998,0.26999999999999996,0.7,0,0,field,0.5,0.5,164.07450980392156,0.5,0,0.5,0.5,2,0,76.95568688770373,94.84483698729173,-17.889150099587994,57.617577044328634,41.83998277469292,15.777594269635713,0,1,0.49242424242424243,0.5185185185185185,-0.02609427609427606,0.0,0.5185185185185185,-0.5185185185185185,1,0,0.5,3,1,0.5,0.5,0.5,0.5
1422121,3.0,2024,2024-03-23,"Eden Gardens, Kolkata",Kolkata,Kolkata Knight Riders,Sunrisers Hyderabad,Kolkata Knight Riders,1,1495.9303073809447,1416.7081274558554,79.22217992508922,0.6,0.2,0.39999999999999997,0.3333333333333333,0.0,0.3333333333333333,0.4,0.2,0.2,0.37,0.7,0,0,field,0.5348837209302325,0.4069767441860465,163.7093023255814,0.5930232558139535,86,0.5802469135802469,0.25,3,0,94.53962763643732,88.66115513519233,5.878472501244985,48.218380919619314,47.044835600585806,1.173545319033508,0,0,0.5793650793650794,0.45614035087719296,0.12322472848788646,0.0,0.45614035087719296,-0.45614035087719296,1,0,0.40697674418604646,3,1,0.5,0.5,0.41379310344827586,0.5964912280701754
1422122,4.0,2024,2024-03-24,"Sawai Mansingh Stadium, Jaipur",Jaipur,Rajasthan Royals,Lucknow Super Giants,Rajasthan Royals,1,1511.2605891120297,1546.2238933849565,-34.963304272926734,0.4,0.6,-0.19999999999999996,0.6666666666666666,0.6666666666666666,0.0,0.4,0.5,-0.09999999999999998,-0.29000000000000004,0.6666666666666666,1,1,bat,0.5192307692307693,0.34615384615384615,159.03846153846155,0.6538461538461539,52,0.6346153846153846,1.0,4,0,96.98630435968789,91.82489324896036,5.161411110727528,53.04649686900982,54.96204278812974,-1.9155459191199213,0,0,0.5660377358490566,0.3333333333333333,0.23270440251572327,0.0,0.3333333333333333,-0.3333333333333333,1,0,0.34615384615384615,3,1,0.0,1.0,0.34782608695652173,0.6551724137931034
1422123,5.0,2024,2024-03-24,"Narendra Modi Stadium, Ahmedabad",Ahmedabad,Gujarat Titans,Mumbai Indians,Gujarat Titans,1,1593.8856929892054,1539.2761369797322,54.60955600947318,0.6,0.6,0.0,0.3333333333333333,0.6666666666666666,-0.3333333333333333,0.6,0.6,0.0,0.04999999999999993,0.5,0,0,field,0.48148148148148145,0.4642857142857143,171.28571428571428,0.5357142857142857,27,0.6,0.25,5,0,97.78450938465194,93.81696116538726,3.9675482192646854,50.58046028195282,37.376891975948574,13.203568306004243,0,0,0.7777777777777778,0.5932203389830508,0.18455743879472697,0.0,0.5932203389830508,-0.5932203389830508,1,0,0.4642857142857143,3,1,0.6,0.4,0.48148148148148145,0.5
1422124,6.0,2024,2024-03-25,"M Chinnaswamy Stadium, Bengaluru",Bengaluru,Kings XI Punjab,Royal Challengers Bengaluru,Royal Challengers Bengaluru,0,1489.9147047071185,1515.8596503836884,-25.944945676569887,0.4,0.4,0.0,0.3333333333333333,0.3333333333333333,0.0,0.4,0.5,-0.09999999999999998,-0.12,0.5,0,0,field,0.5421686746987951,0.44047619047619047,172.0595238095238,0.5595238095238095,83,0.4166666666666667,0.5,6,0,94.97863980419314,92.77321474285793,2.2054250613352053,55.75308712697119,45.383738762399844,10.369348364571344,0,0,0.5229357798165137,0.5254237288135594,-0.0024879489970456303,0.0,0.5254237288135594,-0.5254237288135594,1,0,0.44047619047619047,3,1,0.4,0.6,0.5421686746987951,0.5540540540540541
1422125,7.0,2024,2024-03-26,"MA Chidambaram Stadium, Chennai",Chennai,Chennai Super Kings,Gujarat Titans,Chennai Super Kings,1,1575.0712498377245,1604.0149263305073,-28.943676492782743,0.8,0.6,0.20000000000000007,1.0,0.6666666666666666,0.33333333333333337,0.7,0.6,0.09999999999999998,0.020000000000000018,0.4,0,0,field,0.5066666666666667,0.5974025974025974,163.3116883116883,0.4025974025974026,75,0.7076923076923077,0.0,7,0,92.79779611410841,96.56711808030411,-3.7693219661957045,53.829716507692034,63.628358208955206,-9.798641701263172,0,1,0.6470588235294118,0.7777777777777778,-0.130718954248366,0.0,0.7777777777777778,-0.7777777777777778,1,0,0.5974025974025974,3,1,0.5,0.5,0.5777777777777777,0.4
1422126,8.0,2024,2024-03-27,"Rajiv Gandhi Intl Stadium, Hyderabad",Hyderabad,Sunrisers Hyderabad,Mumbai Indians,Sunrisers Hyderabad,1,1407.3979087889745,1529.1469036384303,-121.74899484945581,0.0,0.4,-0.4,0.0,0.3333333333333333,-0.3333333333333333,0.2,0.6,-0.39999999999999997,-0.45,0.3,0,0,field,0.35714285714285715,0.43661971830985913,159.30985915492957,0.5633802816901409,70,0.4927536231884058,0.6666666666666666,8,0,90.0986676889223,95.38445648749364,-5.285788798571332,40.572346891070595,70.78813385665421,-30.215786965583618,0,0,0.45217391304347826,0.5882352941176471,-0.13606138107416882,0.0,0.5882352941176471,-0.5882352941176471,1,0,0.43661971830985913,3,1,0.5,0.5,0.26666666666666666,0.425
1422127,9.0,2024,2024-03-28,"Sawai Mansingh Stadium, Jaipur",Jaipur,Rajasthan Royals,Delhi Capitals,Rajasthan Royals,1,1524.4641189268254,1482.8601557693069,41.60396315751859,0.6,0.2,0.39999999999999997,0.6666666666666666,0.3333333333333333,0.3333333333333333,0.4,0.5,-0.09999999999999998,0.25,0.3,0,0,field,0.5283018867924528,0.3584905660377358,159.67924528301887,0.6415094339622641,53,0.6415094339622641,0.3333333333333333,9,0,96.98630435968789,83.59245982925978,13.393844530428112,50.459858142604105,55.39549266247379,-4.935634519869687,0,0,0.5660377358490566,0.49242424242424243,0.07361349342481416,0.0,0.49242424242424243,-0.49242424242424243,1,0,0.3584905660377359,3,1,0.0,1.0,0.375,0.6551724137931034
1422128,10.0,2024,2024-03-29,"M Chinnaswamy Stadium, Bengaluru",Bengaluru,Royal Challengers Bengaluru,Kolkata Knight Riders,Kolkata Knight Riders,0,1526.9652056939574,1505.2405260478256,21.72467964613179,0.6,0.6,0.0,0.3333333333333333,0.6666666666666666,-0.3333333333333333,0.5,0.5,0.0,0.04999999999999993,0.5,0,0,field,0.5476190476190477,0.43529411764705883,172.10588235294117,0.5647058823529412,84,0.5061728395061729,0.6428571428571429,10,0,93.3360175340456,85.44164799720355,7.894369536842049,47.49849437410899,56.40125419537185,-8.902759821262862,0,0,0.5294117647058824,0.5793650793650794,-0.04995331465919706,0.0,0.5793650793650794,-0.5793650793650794,1,0,0.43529411764705883,3,1,0.5,0.5,0.5476190476190477,0.56
1422129,11.0,2024,2024-03-30,"Ekana Stadium, Lucknow",Lucknow,Lucknow Super Giants,Kings XI Punjab,Lucknow Super Giants,1,1533.0203635701605,1478.8091493968495,54.211214173310964,0.6,0.4,0.19999999999999996,0.3333333333333333,0.3333333333333333,0.0,0.5,0.4,0.09999999999999998,0.33000000000000007,0.6666666666666666,1,1,bat,0.5,0.6666666666666666,151.83333333333334,0.3333333333333333,6,0.5,1.0,11,0,91.73186999314642,91.43302665791494,0.29884333523148143,49.81984440680093,53.23081128406042,-3.41096687725949,0,1,0.3125,0.5229357798165137,-0.21043577981651373,0.0,0.5229357798165137,-0.5229357798165137,1,0,0.6666666666666667,3,1,0.5,0.5,0.5,0.5
1422131,13.0,2024,2024-03-31,"Dr. Y.S. Rajasekhara Reddy ACA-VDCA Cricket Stadium, Visakhapatnam",Visakhapatnam,Delhi Capitals,Chennai Super Kings,Delhi Capitals,1,1472.2902767432183,1588.0686228223592,-115.77834607914087,0.2,1.0,-0.8,0.0,1.0,-1.0,0.4,0.7,-0.29999999999999993,-0.75,0.4,1,1,bat,0.5,0.5,164.39223300970875,0.5,0,0.5,0.5,12,0,88.92126516770927,97.02281973048564,-8.101554562776371,55.59050327818505,53.49113426155281,2.099369016632238,0,1,0.48872180451127817,0.6470588235294118,-0.15833701901813363,0.0,0.6470588235294118,-0.6470588235294118,1,0,0.5,3,1,0.5,0.5,0.5,0.5
1422130,12.0,2024,2024-03-31,"Narendra Modi Stadium, Ahmedabad",Ahmedabad,Sunrisers Hyderabad,Gujarat Titans,Gujarat Titans,0,1423.4389033138182,1591.0175533458726,-167.57865003205438,0.2,0.4,-0.2,0.3333333333333333,0.3333333333333333,0.0,0.3,0.6,-0.3,-0.29,0.3333333333333333,1,1,bat,0.4642857142857143,0.4827586206896552,171.17241379310346,0.5172413793103449,28,0.3333333333333333,0.6363636363636364,13,0,93.51017793044065,93.04837191793713,0.4618060125035157,39.39216284061005,53.174372359317196,-13.782209518707148,0,0,0.45217391304347826,0.7368421052631579,-0.2846681922196796,0.0,0.7368421052631579,-0.7368421052631579,1,0,0.48275862068965514,3,1,0.5,0.5,0.4642857142857143,0.47368421052631576
1422132,14.0,2024,2024-04-01,"Wankhede Stadium, Mumbai",Mumbai,Mumbai Indians,Rajasthan Royals,Rajasthan Royals,0,1513.1059091135867,1535.033997952914,-21.9280888393273,0.4,0.8,-0.4,0.0,1.0,-1.0,0.5,0.5,0.0,-0.15000000000000002,0.5,0,0,field,0.5272727272727272,0.45045045045045046,169.12612612612614,0.5495495495495496,110,0.6282051282051282,0.47368421052631576,14,0,97.74319472256516,96.97656623625059,0.7666284863145734,58.943081036431614,52.52076082646504,6.422320209966571,0,0,0.5833333333333334,0.5660377358490566,0.01729559748427678,0.0,0.5660377358490566,-0.5660377358490566,1,0,0.4504504504504504,4,0,0.5714285714285714,0.4285714285714286,0.4482758620689655,0.5555555555555556
1422133,15.0,2024,2024-04-02,"M Chinnaswamy Stadium, Bengaluru",Bengaluru,Lucknow Super Giants,Royal Challengers Bengaluru,Lucknow Super Giants,1,1543.1630231655056,1514.2158382207351,28.94718494477047,0.6,0.4,0.19999999999999996,0.3333333333333333,0.3333333333333333,0.0,0.5,0.4,0.09999999999999998,0.20999999999999996,0.25,0,0,field,0.5529411764705883,0.43023255813953487,172.22093023255815,0.5697674418604651,85,1.0,0.5,15,0,92.07077290069147,90.91793436432174,1.1528385363697282,55.5236923317317,46.18343212459322,9.340260207138485,0,0,0.3125,0.5294117647058824,-0.21691176470588236,0.0,0.5294117647058824,-0.5294117647058824,1,0,0.43023255813953487,4,0,0.5,0.5,0.5529411764705883,0.5657894736842105
1422134,16.0,2024,2024-04-03,"Dr. Y.S. Rajasekhara Reddy ACA-VDCA Cricket Stadium, Visakhapatnam",Visakhapatnam,Kolkata Knight Riders,Delhi Capitals,Kolkata Knight Riders,1,1517.9898935210479,1488.147391628948,29.84250189209979,0.6,0.4,0.19999999999999996,0.6666666666666666,0.3333333333333333,0.3333333333333333,0.6,0.4,0.19999999999999996,0.020000000000000018,0.3,1,1,bat,1.0,1.0,191.0,0.0,1,0.5,1.0,16,0,96.05170044596568,90.78256201801574,5.26913842794994,49.969820237677375,54.453506941188714,-4.483686703511339,0,1,0.5826771653543307,0.48872180451127817,0.0939553608430525,0.0,0.48872180451127817,-0.48872180451127817,1,0,1.0,4,0,0.5,0.5,1.0,1.0
1422135,17.0,2024,2024-04-04,"Narendra Modi Stadium, Ahmedabad",Ahmedabad,Gujarat Titans,Kings XI Punjab,Kings XI Punjab,0,1597.640259873752,1468.6664898015044,128.9737700722476,0.6,0.2,0.39999999999999997,0.6666666666666666,0.3333333333333333,0.3333333333333333,0.6,0.3,0.3,0.43,0.6666666666666666,0,0,field,0.4482758620689655,0.4666666666666667,170.86666666666667,0.5333333333333333,29,0.6666666666666666,0.5,17,0,90.79336498177076,92.11908532845864,-1.3257203466878735,52.8105394628756,51.560012287638415,1.2505271752371883,0,0,0.75,0.5181818181818182,0.2318181818181818,0.0,0.5181818181818182,-0.5181818181818182,1,0,0.4666666666666667,4,0,0.7272727272727273,0.2727272727272727,0.4,0.47368421052631576
1422136,18.0,2024,2024-04-05,"Rajiv Gandhi Intl Stadium, Hyderabad",Hyderabad,Chennai Super Kings,Sunrisers Hyderabad,Sunrisers Hyderabad,0,1572.2115079366295,1416.8161967859387,155.39531115069076,0.8,0.2,0.6000000000000001,0.6666666666666666,0.3333333333333333,0.3333333333333333,0.7,0.3,0.39999999999999997,0.8,0.7,0,0,field,0.352112676056338,0.4444444444444444,160.94444444444446,0.5555555555555556,71,0.5,0.5,18,0,95.72356197070155,95.60486593553512,0.11869603516643679,47.526237256338355,48.570154004936605,-1.0439167485982495,0,0,0.6407766990291263,0.45217391304347826,0.188602785985648,0.0,0.45217391304347826,-0.45217391304347826,1,0,0.4444444444444444,4,0,0.5,0.5,0.26666666666666666,0.4146341463414634
1422137,19.0,2024,2024-04-06,"Sawai Mansingh Stadium, Jaipur",Jaipur,Royal Challengers Bengaluru,Rajasthan Royals,Rajasthan Royals,0,1503.2133315458118,1546.2776326288015,-43.06430108298969,0.2,0.8,-0.6000000000000001,0.3333333333333333,1.0,-0.6666666666666667,0.4,0.6,-0.19999999999999996,-0.45,0.7,0,0,field,0.5185185185185185,0.37037037037037035,160.14814814814815,0.6296296296296297,54,0.5,0.6481481481481481,19,0,88.69458316151857,96.46480153036825,-7.770218368849683,43.84899346263328,62.1623098171699,-18.313316354536617,0,0,0.525,0.5700934579439252,-0.045093457943925164,0.0,0.5700934579439252,-0.5700934579439252,1,0,0.37037037037037035,4,0,0.6551724137931034,0.3448275862068966,0.375,0.6333333333333333
1422138,20.0,2024,2024-04-07,"Wankhede Stadium, Mumbai",Mumbai,Mumbai Indians,Delhi Capitals,Mumbai Indians,1,1501.8622744376992,1477.175587792311,24.686686645388136,0.2,0.2,0.0,0.0,0.3333333333333333,-0.3333333333333333,0.4,0.4,0.0,0.22999999999999998,0.7,0,0,field,0.5315315315315315,0.44642857142857145,168.73214285714286,0.5535714285714286,111,0.620253164556962,0.35294117647058826,20,0,96.96663266349837,90.80268846631472,6.163944197183653,57.31334524256323,49.98183672691852,7.331508515644707,0,0,0.5833333333333334,0.48507462686567165,0.09825870646766172,0.0,0.48507462686567165,-0.48507462686567165,1,0,0.4464285714285714,4,0,0.5789473684210527,0.42105263157894735,0.4482758620689655,0.5609756097560976
1422139,21.0,2024,2024-04-07,"Ekana Stadium, Lucknow",Lucknow,Lucknow Super Giants,Gujarat Titans,Lucknow Super Giants,1,1554.165529840429,1581.3795976722977,-27.21406783186876,0.6,0.4,0.19999999999999996,0.6666666666666666,0.3333333333333333,0.3333333333333333,0.6,0.5,0.09999999999999998,0.17999999999999994,0.0,1,1,bat,0.5714285714285714,0.7142857142857143,158.57142857142858,0.2857142857142857,7,0.5714285714285714,1.0,21,0,92.79052872428208,91.49924948026761,1.2912792440144756,63.257541498674215,56.43221763455377,6.825323864120442,0,1,0.3125,0.75,-0.4375,0.0,0.75,-0.75,1,0,0.7142857142857143,4,0,0.5,0.5,0.5714285714285714,0.5714285714285714
1426260,22.0,2024,2024-04-08,"MA Chidambaram Stadium, Chennai",Chennai,Kolkata Knight Riders,Chennai Super Kings,Chennai Super Kings,0,1528.961697357685,1555.1757423132462,-26.21404495556135,0.8,0.6,0.20000000000000007,1.0,0.3333333333333333,0.6666666666666667,0.7,0.7,0.0,-0.050000000000000044,0.3,0,0,field,0.5,0.6025641025641025,163.85897435897436,0.3974358974358974,76,0.3076923076923077,0.7121212121212122,22,0,98.54632410187965,98.02170484650148,0.5246192553781697,57.987211310465845,40.886746104137416,17.10046520632843,0,1,0.5826771653543307,0.6407766990291263,-0.05809953367479559,0.0,0.6407766990291263,-0.6407766990291263,1,0,0.6025641025641026,4,0,0.4318181818181818,0.5681818181818181,0.5777777777777777,0.3870967741935484
1426261,23.0,2024,2024-04-09,"Maharaja Yadavindra Singh International Cricket Stadium, Mullanpur",Mohali,Sunrisers Hyderabad,Kings XI Punjab,Sunrisers Hyderabad,1,1433.851962409322,1484.9271520029588,-51.07518959363688,0.4,0.4,0.0,0.6666666666666666,0.3333333333333333,0.3333333333333333,0.3,0.4,-0.10000000000000003,-0.04999999999999999,0.6,0,0,field,1.0,0.0,174.0,1.0,1,0.5,1.0,23,0,94.7155689484476,95.4860505249563,-0.7704815765087005,44.15805958379307,45.397912707086675,-1.2398531232936065,0,0,0.45689655172413796,0.5225225225225225,-0.06562597079838456,0.0,0.5225225225225225,-0.5225225225225225,1,0,0.0,4,0,0.5,0.5,1.0,1.0
1426262,24.0,2024,2024-04-10,"Sawai Mansingh Stadium, Jaipur",Jaipur,Rajasthan Royals,Gujarat Titans,Gujarat Titans,0,1556.7978149365558,1568.4415746465093,-11.643759709953429,1.0,0.4,0.6,1.0,0.3333333333333333,0.6666666666666667,0.6,0.5,0.09999999999999998,0.44999999999999996,0.2,0,0,field,0.5272727272727272,0.36363636363636365,160.56363636363636,0.6363636363636364,55,0.6545454545454545,1.0,24,0,95.52459798099733,94.66461777274512,0.8599802082522103,52.63621378966232,51.65000824199956,0.9862055476627631,0,0,0.5740740740740741,0.7142857142857143,-0.14021164021164023,0.0,0.7142857142857143,-0.7142857142857143,1,0,0.36363636363636365,4,0,0.6666666666666666,0.33333333333333337,0.375,0.6451612903225806
1426263,25.0,2024,2024-04-11,"Wankhede Stadium, Mumbai",Mumbai,Royal Challengers Bengaluru,Mumbai Indians,Mumbai Indians,0,1492.6931492380575,1513.0110585086722,-20.31790927061479,0.2,0.2,0.0,0.0,0.3333333333333333,-0.3333333333333333,0.3,0.5,-0.2,0.16999999999999998,0.6,0,0,field,0.5267857142857143,0.45132743362831856,169.30973451327435,0.5486725663716814,112,0.47058823529411764,0.625,25,0,91.00594831786209,96.50296244390768,-5.497014126045585,54.64249310835445,56.29973031283711,-1.6572372044826622,0,0,0.525,0.5833333333333334,-0.05833333333333335,0.0,0.5833333333333334,-0.5833333333333334,1,0,0.4513274336283186,4,0,0.5689655172413793,0.43103448275862066,0.4482758620689655,0.5542168674698795
1426264,26.0,2024,2024-04-12,"Ekana Stadium, Lucknow",Lucknow,Lucknow Super Giants,Delhi Capitals,Delhi Capitals,0,1567.1035528662173,1466.026803721338,101.07674914487939,0.6,0.2,0.39999999999999997,1.0,0.3333333333333333,0.6666666666666667,0.6,0.3,0.3,0.2,1.0,1,1,bat,0.625,0.75,159.125,0.25,8,0.625,0.0,26,0,90.80151358244879,91.07862222299306,-0.2771086405442702,53.39317083882301,49.04398148148149,4.349189357341523,0,1,0.3125,0.48148148148148145,-0.16898148148148145,0.0,0.48148148148148145,-0.48148148148148145,0,0,0.75,4,0,0.4,0.6,0.625,0.625
1426265,27.0,2024,2024-04-13,"Maharaja Yadavindra Singh International Cricket Stadium, Mullanpur",Mohali,Kings XI Punjab,Rajasthan Royals,Rajasthan Royals,0,1471.175676256286,1545.199825654691,-74.02414939840514,0.4,0.8,-0.4,0.3333333333333333,0.6666666666666666,-0.3333333333333333,0.3,0.6,-0.3,-0.45000000000000007,0.4,0,0,field,0.5,0.5,178.0,0.5,2,0.5,0.5,27,0,99.79319727891156,96.29465916987056,3.4985381090410073,45.04342450525845,53.50592966877673,-8.46250516351828,0,1,0.5178571428571429,0.5740740740740741,-0.056216931216931165,0.0,0.5740740740740741,-0.5740740740740741,0,0,0.5,4,0,0.0,1.0,0.5,0.5
1426267,29.0,2024,2024-04-14,"Wankhede Stadium, Mumbai",Mumbai,Chennai Super Kings,Mumbai Indians,Chennai Super Kings,1,1566.2720554364535,1524.310101661578,41.96195377487538,0.6,0.4,0.19999999999999996,0.3333333333333333,0.6666666666666666,-0.3333333333333333,0.7,0.5,0.19999999999999996,0.4799999999999999,0.5,0,0,field,0.5309734513274337,0.4473684210526316,169.5438596491228,0.5526315789473685,113,0.5,0.6296296296296297,28,0,98.11390823633198,97.05611632292863,1.0577919134033493,57.820501845029604,56.72851404938019,1.0919877956494162,0,0,0.6442307692307693,0.5867768595041323,0.057453909726637,0.0,0.5867768595041323,-0.5867768595041323,0,0,0.4473684210526315,4,0,0.576271186440678,0.423728813559322,0.4482758620689655,0.5595238095238095
1426266,28.0,2024,2024-04-14,"Eden Gardens, Kolkata",Kolkata,Lucknow Super Giants,Kolkata Knight Riders,Kolkata Knight Riders,0,1551.707751482137,1517.8653842344777,33.84236724765924,0.6,0.6,0.0,0.6666666666666666,0.6666666666666666,0.0,0.6,0.6,0.0,0.0,1.0,0,0,field,0.5287356321839081,0.41379310344827586,164.2183908045977,0.5862068965517241,87,0.5,0.5853658536585366,29,0,90.49682381319394,96.86224521780078,-6.365421404606835,48.26296190952573,56.8554252627134,-8.592463353187675,0,0,0.3125,0.5826771653543307,-0.2701771653543307,0.0,0.5826771653543307,-0.5826771653543307,0,0,0.4137931034482759,4,0,0.6590909090909091,0.34090909090909094,0.41379310344827586,0.5862068965517241
1426268,30.0,2024,2024-04-15,"M Chinnaswamy Stadium, Bengaluru",Bengaluru,Sunrisers Hyderabad,Royal Challengers Bengaluru,Sunrisers Hyderabad,1,1447.6034381559948,1481.3941060851516,-33.790667929156825,0.6,0.2,0.39999999999999997,0.6666666666666666,0.0,0.6666666666666666,0.4,0.3,0.10000000000000003,0.10000000000000003,0.5,0,0,field,0.5465116279069767,0.4367816091954023,172.32183908045977,0.5632183908045977,86,0.2727272727272727,0.4939759036144578,30,0,98.14145130138877,92.66124614149942,5.480205159889351,44.27902191780293,41.68246525663405,2.5965566611688757,0,0,0.45689655172413796,0.525,-0.06810344827586207,0.0,0.525,-0.525,0,0,0.4367816091954023,4,0,0.4883720930232558,0.5116279069767442,0.5465116279069767,0.5584415584415584
1426269,31.0,2024,2024-04-16,"Eden Gardens, Kolkata",Kolkata,Kolkata Knight Riders,Rajasthan Royals,Rajasthan Royals,0,1531.0305754223336,1554.6811186498587,-23.650543227525077,0.8,0.8,0.0,0.6666666666666666,0.6666666666666666,0.0,0.7,0.7,0.0,0.0,0.6,0,0,field,0.5340909090909091,0.4090909090909091,164.1818181818182,0.5909090909090909,88,0.5903614457831325,0.2727272727272727,31,0,98.26484262039818,93.92457902288001,4.340263597518174,52.32484205322758,54.137051531114786,-1.8122094778872082,0,0,0.5859375,0.5779816513761468,0.007955848623853234,0.0,0.5779816513761468,-0.5779816513761468,0,0,0.40909090909090906,4,0,0.6666666666666666,0.33333333333333337,0.41379310344827586,0.5932203389830508
1426270,32.0,2024,2024-04-17,"Narendra Modi Stadium, Ahmedabad",Ahmedabad,Gujarat Titans,Delhi Capitals,Delhi Capitals,0,1580.039563928374,1481.4226051054184,98.61695882295567,0.4,0.4,0.0,0.3333333333333333,0.3333333333333333,0.0,0.5,0.3,0.2,0.0,0.6666666666666666,0,0,field,0.4666666666666667,0.45161290322580644,171.7741935483871,0.5483870967741935,30,0.6153846153846154,0.6666666666666666,32,0,94.89665559001041,91.5746067678156,3.322048822194816,48.52204642438257,52.516800679351434,-3.9947542549688606,0,0,0.7272727272727273,0.4852941176470588,0.24197860962566847,0.0,0.4852941176470588,-0.4852941176470588,0,0,0.4516129032258065,4,0,0.75,0.25,0.4,0.5
1426271,33.0,2024,2024-04-18,"Maharaja Yadavindra Singh International Cricket Stadium, Mullanpur",Mohali,Mumbai Indians,Kings XI Punjab,Mumbai Indians,1,1513.752410077458,1461.6943832611182,52.05802681633986,0.4,0.2,0.2,0.6666666666666666,0.3333333333333333,0.3333333333333333,0.4,0.3,0.10000000000000003,0.12,0.5,0,0,field,0.6666666666666666,0.3333333333333333,167.66666666666666,0.6666666666666666,3,0.5,0.3333333333333333,33,0,98.37642128480839,97.56455484337258,0.8118664414358108,56.53247907350075,44.15004750233336,12.382431571167395,0,0,0.5819672131147541,0.5178571428571429,0.06411007025761117,0.0,0.5178571428571429,-0.5178571428571429,0,0,0.33333333333333337,4,0,0.5,0.5,0.6666666666666666,0.6666666666666666
1426272,34.0,2024,2024-04-19,"Ekana Stadium, Lucknow",Lucknow,Chennai Super Kings,Lucknow Super Giants,Lucknow Super Giants,0,1576.8297470205734,1538.542560294281,38.287186726292475,0.6,0.6,0.0,0.6666666666666666,0.3333333333333333,0.3333333333333333,0.7,0.6,0.09999999999999998,-0.2500000000000001,0.5,0,0,field,0.5555555555555556,0.6666666666666666,160.0,0.3333333333333333,9,0.5,0.5555555555555556,34,0,96.1527193392551,90.1555477923343,5.9971715469207965,63.79961316263934,46.5803201447172,17.21929301792214,0,1,0.6442307692307693,0.3125,0.3317307692307693,0.0,0.3125,-0.3125,0,0,0.6666666666666667,4,0,0.5,0.5,0.5555555555555556,0.5555555555555556
1426273,35.0,2024,2024-04-20,"Arun Jaitley Stadium, Delhi",Delhi,Sunrisers Hyderabad,Delhi Capitals,Sunrisers Hyderabad,1,1460.7668605225138,1496.7400961741569,-35.97323565164311,0.8,0.6,0.20000000000000007,1.0,0.6666666666666666,0.33333333333333337,0.4,0.4,0.0,0.20000000000000007,0.3,0,0,field,0.5301204819277109,0.4523809523809524,166.75,0.5476190476190477,83,0.6,0.4342105263157895,35,0,98.14145130138877,93.56613383294322,4.575317468445547,44.41865769483032,51.999505646346186,-7.580847951515864,0,0,0.45689655172413796,0.48905109489051096,-0.032154543166373006,0.0,0.48905109489051096,-0.48905109489051096,0,0,0.45238095238095233,4,0,0.5,0.5,0.4857142857142857,0.5625
1426274,36.0,2024,2024-04-21,"Eden Gardens, Kolkata",Kolkata,Kolkata Knight Riders,Royal Challengers Bengaluru,Kolkata Knight Riders,1,1519.846176868048,1468.2306837186327,51.615493149415215,0.6,0.0,0.6,0.3333333333333333,0.0,0.3333333333333333,0.6,0.3,0.3,0.72,0.5,0,0,field,0.5393258426966292,0.4044943820224719,164.8426966292135,0.5955056179775281,89,0.5833333333333334,0.4166666666666667,36,0,98.55055690611246,94.4268794561423,4.12367744997016,47.938901416983605,35.766666666666666,12.172234750316939,0,0,0.5859375,0.5206611570247934,0.06527634297520657,0.0,0.5206611570247934,-0.5206611570247934,0,0,0.4044943820224719,4,0,0.6739130434782609,0.32608695652173914,0.41379310344827586,0.6
1426275,37.0,2024,2024-04-21,"Maharaja Yadavindra Singh International Cricket Stadium, Mullanpur",Mohali,Kings XI Punjab,Gujarat Titans,Gujarat Titans,0,1451.479068042877,1564.7220728596355,-113.24300481675846,0.2,0.4,-0.2,0.0,0.3333333333333333,-0.3333333333333333,0.3,0.4,-0.10000000000000003,-0.21999999999999997,0.5,1,1,bat,0.5,0.5,173.75,0.5,4,0.25,0.5,37,0,97.27119384141517,93.05066732253212,4.220526518883048,44.088283915135015,52.47229760289463,-8.384013687759612,0,1,0.5132743362831859,0.7272727272727273,-0.21399839098954143,0.0,0.7272727272727273,-0.7272727272727273,0,0,0.5,4,0,0.3333333333333333,0.6666666666666667,0.5,0.5
1426276,38.0,2024,2024-04-22,"Sawai Mansingh Stadium, Jaipur",Jaipur,Mumbai Indians,Rajasthan Royals,Rajasthan Royals,0,1523.9677252956992,1565.8655172041445,-41.89779190844524,0.6,0.8,-0.20000000000000007,0.6666666666666666,0.6666666666666666,0.0,0.5,0.8,-0.30000000000000004,-0.2699999999999999,0.5,1,1,bat,0.5357142857142857,0.35714285714285715,161.19642857142858,0.6428571428571429,56,0.2857142857142857,0.6428571428571429,38,0,97.62169260263784,95.08584796479279,2.535844637845045,52.29433519432388,51.938655934544194,0.3556792597796843,0,0,0.5819672131147541,0.5818181818181818,0.00014903129657228842,0.0,0.5818181818181818,-0.5818181818181818,0,0,0.3571428571428571,4,0,0.6774193548387096,0.32258064516129037,0.375,0.65625
1426277,39.0,2024,2024-04-23,"MA Chidambaram Stadium, Chennai",Chennai,Chennai Super Kings,Lucknow Super Giants,Lucknow Super Giants,0,1563.512681566828,1551.8596257480265,11.653055818801477,0.4,0.6,-0.19999999999999996,0.6666666666666666,0.3333333333333333,0.3333333333333333,0.7,0.6,0.09999999999999998,-0.35999999999999993,0.3333333333333333,0,0,field,0.5064935064935064,0.5949367088607594,163.51898734177215,0.4050632911392405,77,0.7164179104477612,0.0,39,0,97.54144400779046,89.61353210035425,7.927911907436211,60.446245766993236,53.89278064930238,6.553465117690855,0,1,0.6442307692307693,0.35294117647058826,0.291289592760181,0.0,0.35294117647058826,-0.35294117647058826,0,0,0.5949367088607596,4,0,0.4444444444444444,0.5555555555555556,0.5777777777777777,0.40625
1426278,40.0,2024,2024-04-24,"Arun Jaitley Stadium, Delhi",Delhi,Delhi Capitals,Gujarat Titans,Delhi Capitals,1,1483.5020455996562,1572.9436617349468,-89.44161613529059,0.4,0.4,0.0,0.6666666666666666,0.6666666666666666,0.0,0.4,0.5,-0.09999999999999998,0.03999999999999998,0.5,0,0,field,0.5238095238095238,0.4588235294117647,167.91764705882352,0.5411764705882353,84,0.42857142857142855,1.0,40,0,94.20167540279417,93.1535458551514,1.048129547642759,51.82921323690554,60.94456073652899,-9.115347499623454,0,0,0.4855072463768116,0.7391304347826086,-0.25362318840579706,0.0,0.7391304347826086,-0.7391304347826086,0,0,0.45882352941176474,4,0,0.4883720930232558,0.5116279069767442,0.4857142857142857,0.5510204081632653
1426279,41.0,2024,2024-04-25,"Rajiv Gandhi Intl Stadium, Hyderabad",Hyderabad,Royal Challengers Bengaluru,Sunrisers Hyderabad,Royal Challengers Bengaluru,1,1458.0004191808227,1474.0049110970144,-16.004491916191682,0.0,0.8,-0.8,0.0,1.0,-1.0,0.2,0.5,-0.3,-0.65,0.5,1,1,bat,0.3611111111111111,0.4383561643835616,161.0,0.5616438356164384,72,0.2727272727272727,0.5070422535211268,41,0,98.04851442603537,98.14145130138877,-0.09293687535340212,34.81227510279029,47.403584707209575,-12.591309604419287,0,0,0.5163934426229508,0.45689655172413796,0.05949689089881288,0.0,0.45689655172413796,-0.45689655172413796,0,0,0.4383561643835616,4,0,0.5151515151515151,0.48484848484848486,0.26666666666666666,0.42857142857142855
1426280,42.0,2024,2024-04-26,"Eden Gardens, Kolkata",Kolkata,Kolkata Knight Riders,Kings XI Punjab,Kings XI Punjab,0,1530.0764414058578,1443.2574791675659,86.81896223829199,0.6,0.2,0.39999999999999997,0.6666666666666666,0.0,0.6666666666666666,0.6,0.2,0.39999999999999997,0.28,0.7,0,0,field,0.5333333333333333,0.4111111111111111,165.4777777777778,0.5888888888888889,90,0.5882352941176471,0.25,42,0,99.06484262039817,95.58515575980894,3.4796868605892257,48.71575827228556,44.213787671420164,4.501970600865398,0,0,0.5859375,0.5132743362831859,0.07266316371681414,0.0,0.5132743362831859,-0.5132743362831859,0,0,0.4111111111111111,4,0,0.6595744680851063,0.34042553191489366,0.41379310344827586,0.5901639344262295
1426281,43.0,2024,2024-04-27,"Arun Jaitley Stadium, Delhi",Delhi,Delhi Capitals,Mumbai Indians,Delhi Capitals,1,1498.524768686375,1513.4078496046036,-14.883080918228643,0.6,0.6,0.0,0.6666666666666666,0.3333333333333333,0.3333333333333333,0.4,0.4,0.0,-0.18999999999999995,0.3,0,0,field,0.5176470588235295,0.46511627906976744,168.56976744186048,0.5348837209302325,85,0.4358974358974359,0.5,43,0,92.80074619044623,97.44689598323912,-4.646149792792883,51.801802337096454,42.23757135036714,9.564230986729314,0,0,0.4855072463768116,0.5819672131147541,-0.09645996673794249,0.0,0.5819672131147541,-0.5819672131147541,0,0,0.4651162790697675,4,0,0.4772727272727273,0.5227272727272727,0.4857142857142857,0.54
1426282,44.0,2024,2024-04-27,"Ekana Stadium, Lucknow",Lucknow,Lucknow Super Giants,Rajasthan Royals,Rajasthan Royals,0,1564.261957181752,1576.42539289524,-12.16343571348807,0.6,0.8,-0.20000000000000007,0.6666666666666666,1.0,-0.33333333333333337,0.6,0.8,-0.20000000000000007,-0.20000000000000007,0.25,0,0,field,0.6,0.6,161.6,0.4,10,0.6,0.5,44,0,90.79664725167163,95.71826902056361,-4.921621768891981,48.96898862396758,57.938114491153556,-8.969125867185973,0,1,0.3888888888888889,0.5855855855855856,-0.1966966966966967,0.0,0.5855855855855856,-0.5855855855855856,0,0,0.6,4,0,0.5714285714285714,0.4285714285714286,0.6,0.6
1426284,46.0,2024,2024-04-28,"MA Chidambaram Stadium, Chennai",Chennai,Chennai Super Kings,Sunrisers Hyderabad,Chennai Super Kings,1,1551.1103501331024,1461.4525261852373,89.65782394786515,0.4,0.8,-0.4,0.3333333333333333,0.6666666666666666,-0.3333333333333333,0.6,0.5,0.09999999999999998,-0.47000000000000003,0.6,0,0,field,0.5128205128205128,0.5875,164.1,0.4125,78,0.7058823529411765,0.23076923076923078,45,0,98.01252907366268,98.38831690397956,-0.3757878303168809,54.594779436186684,42.891020703406525,11.703758732780159,0,1,0.6442307692307693,0.452991452991453,0.19123931623931628,0.0,0.452991452991453,-0.452991452991453,0,0,0.5875,4,0,0.45652173913043476,0.5434782608695652,0.5777777777777777,0.42424242424242425
1426283,45.0,2024,2024-04-28,"Narendra Modi Stadium, Ahmedabad",Ahmedabad,Gujarat Titans,Royal Challengers Bengaluru,Royal Challengers Bengaluru,0,1557.920938648228,1470.5528040926,87.3681345556281,0.4,0.2,0.2,0.3333333333333333,0.3333333333333333,0.0,0.4,0.2,0.2,0.29,0.6666666666666666,0,0,field,0.4838709677419355,0.4375,169.1875,0.5625,31,0.5714285714285714,0.5,46,0,95.95499867530378,97.39706872334617,-1.4420700480423818,53.48070643346839,44.48608595144058,8.994620482027813,0,0,0.7083333333333334,0.5163934426229508,0.19193989071038253,0.0,0.5163934426229508,-0.5163934426229508,0,0,0.4375,4,0,0.7692307692307693,0.23076923076923073,0.4,0.5238095238095238
1426285,47.0,2024,2024-04-29,"Eden Gardens, Kolkata",Kolkata,Delhi Capitals,Kolkata Knight Riders,Kolkata Knight Riders,0,1511.038497896939,1515.1387140338165,-4.100216136877634,0.8,0.4,0.4,0.6666666666666666,0.3333333333333333,0.3333333333333333,0.5,0.6,-0.09999999999999998,0.42999999999999994,0.6,1,1,bat,0.5384615384615384,0.4065934065934066,166.52747252747253,0.5934065934065934,91,0.2222222222222222,0.5813953488372093,47,0,95.92638051111695,99.01973973973973,-3.093359228622788,48.559515636477364,48.80764211118773,-0.24812647471036797,0,0,0.4855072463768116,0.5859375,-0.10043025362318841,0.0,0.5859375,-0.5859375,0,0,0.4065934065934066,4,0,0.6666666666666666,0.33333333333333337,0.41379310344827586,0.5967741935483871
1426286,48.0,2024,2024-04-30,"Ekana Stadium, Lucknow",Lucknow,Mumbai Indians,Lucknow Super Giants,Lucknow Super Giants,0,1500.8941203940396,1552.6818958171439,-51.78777542310422,0.4,0.4,0.0,0.3333333333333333,0.6666666666666666,-0.3333333333333333,0.3,0.5,-0.2,0.23000000000000004,0.25,0,0,field,0.6363636363636364,0.5454545454545454,164.72727272727272,0.45454545454545453,11,0.0,0.5454545454545454,48,0,98.47076826336588,89.90587439187092,8.56489387149496,47.47831199260159,61.266601487615986,-13.788289495014396,0,1,0.5772357723577236,0.3888888888888889,0.1883468834688347,0.0,0.3888888888888889,-0.3888888888888889,0,0,0.5454545454545454,4,0,0.625,0.375,0.6363636363636364,0.6363636363636364
1426287,49.0,2024,2024-05-01,"MA Chidambaram Stadium, Chennai",Chennai,Chennai Super Kings,Kings XI Punjab,Kings XI Punjab,0,1560.080634409207,1458.1952065396072,101.88542786959988,0.6,0.2,0.39999999999999997,0.3333333333333333,0.3333333333333333,0.0,0.6,0.3,0.3,0.6,0.5,0,0,field,0.5063291139240507,0.5925925925925926,164.69135802469137,0.4074074074074074,79,0.7101449275362319,0.4444444444444444,49,0,98.49273754271806,97.61044309615738,0.8822944465606781,45.65412517763255,42.340333796676624,3.3137913809559265,0,1,0.6442307692307693,0.5175438596491229,0.1266869095816464,0.0,0.5175438596491229,-0.5175438596491229,0,0,0.5925925925925926,5,0,0.3333333333333333,0.6666666666666667,0.5777777777777777,0.4117647058823529
1426288,50.0,2024,2024-05-02,"Rajiv Gandhi Intl Stadium, Hyderabad",Hyderabad,Sunrisers Hyderabad,Rajasthan Royals,Sunrisers Hyderabad,1,1452.4822419091329,1588.0054542598482,-135.5232123507153,0.6,0.8,-0.20000000000000007,0.3333333333333333,1.0,-0.6666666666666667,0.5,0.9,-0.4,0.15000000000000002,0.5,1,1,bat,0.3698630136986301,0.44594594594594594,161.6081081081081,0.5540540540540541,73,0.5,0.42857142857142855,50,0,96.65277816223019,96.60869855805198,0.04407960417820789,38.985895249961736,55.62730229260941,-16.64140704264767,0,0,0.4491525423728814,0.5892857142857143,-0.14013317191283292,0.0,0.5892857142857143,-0.5892857142857143,0,0,0.44594594594594594,5,0,0.6216216216216216,0.3783783783783784,0.2903225806451613,0.42857142857142855
1426289,51.0,2024,2024-05-03,"Wankhede Stadium, Mumbai",Mumbai,Kolkata Knight Riders,Mumbai Indians,Kolkata Knight Riders,1,1526.9971041595463,1490.6696764289163,36.327427730630006,0.6,0.2,0.39999999999999997,0.6666666666666666,0.0,0.6666666666666666,0.6,0.3,0.3,0.38,0.4,0,0,field,0.5263157894736842,0.45217391304347826,169.8608695652174,0.5478260869565217,114,0.25,0.6219512195121951,51,0,98.50670308551446,98.79451516041297,-0.2878120748985111,49.54815111614391,46.55019651015298,2.997954605990934,0,0,0.5891472868217055,0.5772357723577236,0.011911514463981865,0.0,0.5772357723577236,-0.5772357723577236,0,0,0.4521739130434783,5,0,0.5192307692307693,0.4807692307692307,0.4482758620689655,0.5529411764705883
1426290,52.0,2024,2024-05-04,"M Chinnaswamy Stadium, Bengaluru",Bengaluru,Gujarat Titans,Royal Challengers Bengaluru,Royal Challengers Bengaluru,0,1542.9653872274096,1485.5083555134183,57.45703171399123,0.4,0.4,0.0,0.3333333333333333,0.6666666666666666,-0.3333333333333333,0.4,0.3,0.10000000000000003,0.35000000000000003,0.5,0,0,field,0.5402298850574713,0.4431818181818182,173.625,0.5568181818181818,87,1.0,0.4880952380952381,52,0,95.09081350589989,97.67767058157581,-2.5868570756759226,45.02231250015066,40.852013356537064,4.170299143613597,0,0,0.7083333333333334,0.5203252032520326,0.1880081300813008,0.0,0.5203252032520326,-0.5203252032520326,0,0,0.44318181818181823,5,0,0.6388888888888888,0.36111111111111116,0.5402298850574713,0.5512820512820513
1426291,53.0,2024,2024-05-05,"HPCA Stadium, Dharamsala",Dharamsala,Chennai Super Kings,Kings XI Punjab,Chennai Super Kings,1,1544.6591558964835,1473.6166850523307,71.04247084415283,0.4,0.4,0.0,0.3333333333333333,0.6666666666666666,-0.3333333333333333,0.5,0.4,0.09999999999999998,0.26999999999999996,0.4,0,0,field,0.5454545454545454,0.5454545454545454,180.0909090909091,0.45454545454545453,11,0.5,0.45454545454545453,53,0,97.50069153864868,99.24925711232989,-1.748565573681205,47.24074074074074,43.74567088968825,3.4950698510524916,0,1,0.6442307692307693,0.5217391304347826,0.12249163879598668,0.0,0.5217391304347826,-0.5217391304347826,0,0,0.5454545454545454,5,0,0.3333333333333333,0.6666666666666667,0.5454545454545454,0.5
1426292,54.0,2024,2024-05-05,"Ekana Stadium, Lucknow",Lucknow,Kolkata Knight Riders,Lucknow Super Giants,Kolkata Knight Riders,1,1537.7469517157792,1562.9063397822672,-25.159388066487963,0.6,0.6,0.0,0.6666666666666666,0.6666666666666666,0.0,0.7,0.6,0.09999999999999998,-0.08000000000000002,0.25,0,0,field,0.6666666666666666,0.5,163.0,0.5,12,0.5,0.5833333333333334,54,0,98.29888517358967,88.9527439622565,9.346141211333162,48.877851958347314,51.964044168392,-3.086192210044686,0,1,0.5891472868217055,0.42105263157894735,0.16809465524275813,0.0,0.42105263157894735,-0.42105263157894735,0,0,0.5,5,0,0.0,1.0,0.6666666666666666,0.6666666666666666
1426293,55.0,2024,2024-05-06,"Wankhede Stadium, Mumbai",Mumbai,Sunrisers Hyderabad,Mumbai Indians,Mumbai Indians,0,1468.9392594098083,1479.9198288726834,-10.98056946287511,0.6,0.2,0.39999999999999997,0.3333333333333333,0.0,0.3333333333333333,0.6,0.3,0.3,0.32999999999999996,0.3,0,0,field,0.5217391304347826,0.45689655172413796,169.85344827586206,0.5431034482758621,115,0.21428571428571427,0.6144578313253012,55,0,97.8711810311185,98.44712618195679,-0.5759451508382938,40.37083839690439,45.98820175257464,-5.61736335567025,0,0,0.4491525423728814,0.5725806451612904,-0.12342810278840899,0.0,0.5725806451612904,-0.5725806451612904,0,0,0.4568965517241379,5,0,0.5094339622641509,0.49056603773584906,0.4482758620689655,0.5465116279069767
1426294,56.0,2024,2024-05-07,"Arun Jaitley Stadium, Delhi",Delhi,Delhi Capitals,Rajasthan Royals,Delhi Capitals,1,1499.1801077712091,1571.5484367591728,-72.36832898796365,0.6,0.8,-0.20000000000000007,0.6666666666666666,0.6666666666666666,0.0,0.5,0.8,-0.30000000000000004,-0.25,0.6,0,0,field,0.5116279069767442,0.47126436781609193,169.58620689655172,0.5287356321839081,86,0.4430379746835443,0.45454545454545453,56,0,94.06146475968059,96.5626011877696,-2.501136428089012,50.543779797614256,51.89048833599492,-1.3467085383806605,0,0,0.4855072463768116,0.584070796460177,-0.09856355008336543,0.0,0.584070796460177,-0.584070796460177,0,0,0.47126436781609193,5,0,0.6111111111111112,0.38888888888888884,0.4857142857142857,0.5294117647058824
1426295,57.0,2024,2024-05-08,"Rajiv Gandhi Intl Stadium, Hyderabad",Hyderabad,Lucknow Super Giants,Sunrisers Hyderabad,Sunrisers Hyderabad,0,1550.0388810527863,1457.3183886202607,92.72049243252559,0.6,0.4,0.19999999999999996,0.3333333333333333,0.3333333333333333,0.0,0.6,0.6,0.0,0.25,1.0,1,1,bat,0.3783783783783784,0.4533333333333333,162.13333333333333,0.5466666666666666,74,1.0,0.5068493150684932,57,1,92.85494551285208,98.81114642619559,-5.956200913343508,48.3270601948955,39.876452418917964,8.450607775977538,0,0,0.4,0.4491525423728814,-0.04915254237288136,0.0,0.4491525423728814,-0.4491525423728814,0,0,0.45333333333333337,5,0,0.6052631578947368,0.39473684210526316,0.3125,0.42857142857142855
1426296,58.0,2024,2024-05-09,"HPCA Stadium, Dharamsala",Dharamsala,Royal Challengers Bengaluru,Kings XI Punjab,Royal Challengers Bengaluru,1,1499.4749556557977,1464.0367702175258,35.43818543827183,0.6,0.4,0.19999999999999996,1.0,0.6666666666666666,0.33333333333333337,0.4,0.3,0.10000000000000003,0.08000000000000002,0.5,0,0,field,0.5,0.5833333333333334,179.0,0.4166666666666667,12,0.0,0.4166666666666667,58,1,98.17273802851983,98.89319727891157,-0.7204592503917411,38.00169198845899,48.28339287989716,-10.28170089143817,0,1,0.5241935483870968,0.5172413793103449,0.006952169076751891,0.0,0.5172413793103449,-0.5172413793103449,0,0,0.5833333333333333,5,0,0.3,0.7,0.5,0.45454545454545453
1426297,59.0,2024,2024-05-10,"Narendra Modi Stadium, Ahmedabad",Ahmedabad,Gujarat Titans,Chennai Super Kings,Gujarat Titans,1,1528.9987870850302,1554.2390707312884,-25.24028364625815,0.2,0.4,-0.2,0.0,0.6666666666666666,-0.6666666666666666,0.3,0.5,-0.2,-0.030000000000000027,0.5,0,0,field,0.5,0.42424242424242425,170.12121212121212,0.5757575757575758,32,0.5333333333333333,0.25,59,1,95.0949106568715,99.10585872629667,-4.010948069425169,47.54739592341985,69.72222222222221,-22.174826298802365,0,0,0.7083333333333334,0.6442307692307693,0.0641025641025641,0.0,0.6442307692307693,-0.6442307692307693,0,0,0.4242424242424242,5,0,0.3333333333333333,0.6666666666666667,0.4,0.5454545454545454
1426298,60.0,2024,2024-05-11,"Eden Gardens, Kolkata",Kolkata,Kolkata Knight Riders,Mumbai Indians,Kolkata Knight Riders,1,1550.61441044526,1491.540699662231,59.07371078302913,0.8,0.2,0.6000000000000001,1.0,0.3333333333333333,0.6666666666666667,0.7,0.4,0.29999999999999993,0.67,0.5,0,0,field,0.532608695652174,0.40217391304347827,166.3804347826087,0.5978260869565217,92,0.5862068965517241,0.7692307692307693,60,1,96.93362568918126,96.83316059862186,0.10046509055939623,50.09852508182349,48.51996014711517,1.578564934708318,0,0,0.5891472868217055,0.576,0.013147286821705517,0.0,0.576,-0.576,0,0,0.40217391304347827,5,0,0.5263157894736842,0.4736842105263158,0.4,0.5967741935483871
1426300,62.0,2024,2024-05-12,"M Chinnaswamy Stadium, Bengaluru",Bengaluru,Royal Challengers Bengaluru,Delhi Capitals,Royal Challengers Bengaluru,1,1510.2551912467138,1513.6440899295774,-3.3888986828635552,0.8,0.6,0.20000000000000007,1.0,0.6666666666666666,0.33333333333333337,0.4,0.6,-0.19999999999999996,0.12,0.5,0,0,field,0.5454545454545454,0.43820224719101125,173.32584269662922,0.5617977528089888,88,0.49411764705882355,0.4,61,1,98.17273802851983,91.7455604531144,6.427177575405437,40.09963005396591,49.55979145159301,-9.460161397627097,0,0,0.5241935483870968,0.4855072463768116,0.03868630201028517,0.0,0.4855072463768116,-0.4855072463768116,0,0,0.4382022471910112,5,0,0.6486486486486487,0.3513513513513513,0.5454545454545454,0.5569620253164557
1426299,61.0,2024,2024-05-12,"MA Chidambaram Stadium, Chennai",Chennai,Rajasthan Royals,Chennai Super Kings,Chennai Super Kings,0,1557.0844546008045,1541.3688326147694,15.715621986035103,0.6,0.4,0.19999999999999996,0.3333333333333333,0.3333333333333333,0.0,0.7,0.4,0.29999999999999993,0.43000000000000005,0.7,1,1,bat,0.5125,0.5853658536585366,164.65853658536585,0.4146341463414634,80,0.25,0.7,62,1,96.40841647387825,98.86755518090652,-2.4591387070282735,51.88926056044238,49.177021810656534,2.712238749785847,0,1,0.5789473684210527,0.638095238095238,-0.059147869674185394,0.0,0.638095238095238,-0.638095238095238,0,0,0.5853658536585367,5,0,0.35714285714285715,0.6428571428571428,0.5777777777777777,0.42857142857142855
1426302,64.0,2024,2024-05-14,"Arun Jaitley Stadium, Delhi",Delhi,Delhi Capitals,Lucknow Super Giants,Delhi Capitals,1,1501.5270452276454,1534.9103499127077,-33.383304685062285,0.6,0.4,0.19999999999999996,0.3333333333333333,0.3333333333333333,0.0,0.5,0.5,0.0,0.16999999999999993,0.25,0,0,field,0.5057471264367817,0.4772727272727273,170.17045454545453,0.5227272727272727,87,0.45,0.5,63,1,94.8847268550171,90.78080791541082,4.103918939606288,48.27736262584104,45.69802631575666,2.5793363100843862,0,0,0.48201438848920863,0.4,0.08201438848920861,0.0,0.4,-0.4,0,0,0.4772727272727273,5,0,0.5945945945945946,0.4054054054054054,0.4857142857142857,0.5192307692307693
1426303,65.0,2024,2024-05-15,"Barsapara Cricket Stadium, Guwahati",Guwahati,Rajasthan Royals,Kings XI Punjab,Kings XI Punjab,0,1544.5420261404802,1453.2565346266097,91.28549151387051,0.4,0.4,0.0,0.0,0.3333333333333333,-0.3333333333333333,0.6,0.3,0.3,0.14999999999999997,0.6,1,1,bat,0.0,1.0,198.0,0.0,2,0.5,1.0,64,1,96.09555858190113,99.32472881044309,-3.2291702285419603,48.96515336019913,44.54864598592831,4.416507374270822,0,1,0.5789473684210527,0.5128205128205128,0.06612685560053988,0.0,0.5128205128205128,-0.5128205128205128,0,0,1.0,5,0,0.5,0.5,0.0,0.0
1426305,67.0,2024,2024-05-17,"Wankhede Stadium, Mumbai",Mumbai,Lucknow Super Giants,Mumbai Indians,Lucknow Super Giants,1,1521.760866700675,1481.5615964379467,40.199270262728305,0.2,0.2,0.0,0.0,0.3333333333333333,-0.3333333333333333,0.4,0.4,0.0,0.13,0.8,0,0,field,0.5258620689655172,0.452991452991453,169.8803418803419,0.5470085470085471,116,0.5,0.6190476190476191,65,1,92.61736092895181,97.20562040916025,-4.5882594802084355,45.58481904449851,43.69279615088328,1.892022893615227,0,0,0.38095238095238093,0.5714285714285714,-0.19047619047619047,0.0,0.5714285714285714,-0.5714285714285714,0,0,0.45299145299145294,5,0,0.5185185185185185,0.4814814814814815,0.4482758620689655,0.5517241379310345
1426306,68.0,2024,2024-05-18,"M Chinnaswamy Stadium, Bengaluru",Bengaluru,Royal Challengers Bengaluru,Chennai Super Kings,Royal Challengers Bengaluru,1,1522.3722359486458,1553.9112610750935,-31.53902512644777,1.0,0.6,0.4,1.0,0.6666666666666666,0.33333333333333337,0.5,0.5,0.0,0.37,0.3,0,0,field,0.5393258426966292,0.4444444444444444,173.4777777777778,0.5555555555555556,89,0.5,0.6,66,1,97.31460660668428,98.82073627171665,-1.5061296650323754,43.21310144948805,54.69142940350156,-11.478327954013508,0,0,0.5241935483870968,0.6415094339622641,-0.11731588557516737,0.0,0.6415094339622641,-0.6415094339622641,0,0,0.4444444444444444,5,0,0.631578947368421,0.368421052631579,0.5393258426966292,0.55
1426307,69.0,2024,2024-05-19,"Rajiv Gandhi Intl Stadium, Hyderabad",Hyderabad,Kings XI Punjab,Sunrisers Hyderabad,Sunrisers Hyderabad,0,1468.3388218765217,1472.4469197603394,-4.108097883817663,0.6,0.4,0.19999999999999996,0.3333333333333333,0.6666666666666666,-0.3333333333333333,0.4,0.6,-0.19999999999999996,0.3999999999999999,0.4,1,1,bat,0.37333333333333335,0.4473684210526316,162.17105263157896,0.5526315789473685,75,0.36363636363636365,0.5135135135135135,67,1,97.56002292809015,98.81114642619559,-1.2511234981054429,44.40325290963239,39.656460139785196,4.746792769847197,0,0,0.5169491525423728,0.453781512605042,0.06316763993733082,0.0,0.453781512605042,-0.453781512605042,0,0,0.4473684210526315,5,0,0.6153846153846154,0.3846153846153846,0.30303030303030304,0.42857142857142855
1426309,,2024,2024-05-21,"Narendra Modi Stadium, Ahmedabad",Ahmedabad,Sunrisers Hyderabad,Kolkata Knight Riders,Kolkata Knight Riders,0,1484.305037698157,1560.5935136695443,-76.28847597138724,0.6,0.8,-0.20000000000000007,0.6666666666666666,1.0,-0.33333333333333337,0.7,0.7,0.0,-0.2,0.3,1,1,bat,0.48484848484848486,0.4411764705882353,171.91176470588235,0.5588235294117647,33,0.25,0.4,68,1,98.7319436476063,94.86557494586769,3.866368701738608,39.523876130626995,51.616709112402596,-12.0928329817756,0,0,0.4583333333333333,0.5891472868217055,-0.13081395348837216,0.0,0.5891472868217055,-0.5891472868217055,0,0,0.4411764705882353,5,0,0.3076923076923077,0.6923076923076923,0.4,0.5217391304347826
1426310,,2024,2024-05-22,"Narendra Modi Stadium, Ahmedabad",Ahmedabad,Royal Challengers Bengaluru,Rajasthan Royals,Rajasthan Royals,0,1535.4585729751043,1529.4597388905681,5.998834084536156,1.0,0.2,0.8,1.0,0.0,1.0,0.6,0.5,0.09999999999999998,0.65,0.7,0,0,field,0.47058823529411764,0.42857142857142855,171.54285714285714,0.5714285714285714,34,0.6,0.6,69,1,97.4986009372802,97.87951887893053,-0.3809179416503241,44.39059097883274,48.48368154795449,-4.093090569121749,0,0,0.5241935483870968,0.5789473684210527,-0.0547538200339559,0.0,0.5789473684210527,-0.5789473684210527,0,0,0.4285714285714286,5,0,0.35714285714285715,0.6428571428571428,0.36363636363636365,0.5217391304347826
1426311,,2024,2024-05-24,"MA Chidambaram Stadium, Chennai",Chennai,Sunrisers Hyderabad,Rajasthan Royals,Sunrisers Hyderabad,1,1474.8984031947853,1541.6669106929855,-66.76850749820028,0.6,0.2,0.39999999999999997,0.6666666666666666,0.3333333333333333,0.3333333333333333,0.6,0.5,0.09999999999999998,0.5900000000000001,0.5,0,0,field,0.5061728395061729,0.5783132530120482,164.3734939759036,0.42168674698795183,81,0.21428571428571427,0.2222222222222222,70,1,97.18873903574499,97.63555202751716,-0.4468129917721768,38.601493853983435,47.49291783229021,-8.891423978306776,0,1,0.4583333333333333,0.5826086956521739,-0.12427536231884057,0.0,0.5826086956521739,-0.5826086956521739,0,0,0.5783132530120482,5,0,0.3793103448275862,0.6206896551724138,0.5652173913043478,0.42857142857142855
1426312,,2024,2024-05-26,"MA Chidambaram Stadium, Chennai",Chennai,Sunrisers Hyderabad,Kolkata Knight Riders,Kolkata Knight Riders,0,1489.1765298168477,1570.0001481729162,-80.82361835606844,0.6,1.0,-0.4,0.6666666666666666,1.0,-0.33333333333333337,0.6,0.7,-0.09999999999999998,-0.47,0.2,1,1,bat,0.5,0.5833333333333334,164.5,0.4166666666666667,82,0.26666666666666666,0.2857142857142857,71,1,96.80811796805543,96.65698537043566,0.15113259761976394,39.52439238829552,51.922832060352654,-12.398439672057137,0,1,0.4583333333333333,0.5923076923076923,-0.133974358974359,0.0,0.5923076923076923,-0.5923076923076923,0,0,0.5833333333333333,5,0,0.36666666666666664,0.6333333333333333,0.5652173913043478,0.4166666666666667
1473438,1.0,2025,2025-03-22,"Eden Gardens, Kolkata",Kolkata,Kolkata Knight Riders,Royal Challengers Bengaluru,Royal Challengers Bengaluru,0,1579.2578887070606,1523.2514011726869,56.00648753437372,1.0,0.8,0.19999999999999996,1.0,0.6666666666666666,0.33333333333333337,0.8,0.6,0.20000000000000007,0.07999999999999996,0.6,0,0,field,0.5268817204301075,0.40860215053763443,166.27956989247312,0.5913978494623656,93,0.5909090909090909,0.38461538461538464,1,0,99.9388379204893,97.05504026871256,2.883797651776746,57.61920921322991,42.60751737952162,15.01169183370829,0,0,0.5954198473282443,0.5241935483870968,0.07122629894114751,0.0,0.5241935483870968,-0.5241935483870968,1,0,0.4086021505376344,3,1,0.4,0.6,0.4,0.5873015873015873
1473439,2.0,2025,2025-03-23,"Rajiv Gandhi Intl Stadium, Hyderabad",Hyderabad,Sunrisers Hyderabad,Rajasthan Royals,Sunrisers Hyderabad,1,1479.9187892827033,1527.388784070923,-47.469994788219765,0.6,0.2,0.39999999999999997,0.3333333333333333,0.3333333333333333,0.0,0.5,0.5,0.0,0.6,0.5,0,0,field,0.3684210526315789,0.44155844155844154,162.84415584415584,0.5584415584415584,76,0.52,0.375,2,0,97.53571753571752,98.06305190501375,-0.5273343692962271,53.369573381403036,45.29145523528942,8.078118146113617,0,0,0.4583333333333333,0.5775862068965517,-0.1192528735632184,0.0,0.5775862068965517,-0.5775862068965517,1,0,0.4415584415584416,3,1,0.3333333333333333,0.6666666666666667,0.29411764705882354,0.42857142857142855
1473440,3.0,2025,2025-03-23,"MA Chidambaram Stadium, Chennai",Chennai,Mumbai Indians,Chennai Super Kings,Chennai Super Kings,0,1470.9438673256952,1540.824924048635,-69.88105672293977,0.2,0.4,-0.2,0.3333333333333333,0.3333333333333333,0.0,0.3,0.5,-0.2,-0.16999999999999998,0.4,0,0,field,0.4939759036144578,0.5764705882352941,163.89411764705883,0.4235294117647059,83,0.5333333333333333,0.704225352112676,3,0,98.03681940974788,96.92893953392874,1.1078798758191368,45.66849954977808,50.41152263374486,-4.743023083966776,0,1,0.5669291338582677,0.6355140186915887,-0.06858488483332104,0.0,0.6355140186915887,-0.6355140186915887,1,0,0.5764705882352941,3,1,0.42857142857142855,0.5714285714285714,0.5531914893617021,0.4166666666666667
1473441,4.0,2025,2025-03-24,"Dr. Y.S. Rajasekhara Reddy ACA-VDCA Cricket Stadium, Visakhapatnam",Visakhapatnam,Lucknow Super Giants,Delhi Capitals,Delhi Capitals,0,1532.3785958129265,1514.6765284396781,17.702067373248383,0.4,0.6,-0.19999999999999996,0.3333333333333333,0.6666666666666666,-0.3333333333333333,0.4,0.6,-0.19999999999999996,-0.2,0.6,0,0,field,1.0,1.0,231.5,0.0,2,0.5,0.5,4,0,96.03675209011598,100.0,-3.963247909884018,30.564888495922983,58.172476711802545,-27.607588215879563,0,1,0.38095238095238093,0.48201438848920863,-0.1010620075368277,0.0,0.48201438848920863,-0.48201438848920863,1,0,1.0,3,1,0.0,1.0,1.0,1.0
1473442,5.0,2025,2025-03-25,"Narendra Modi Stadium, Ahmedabad",Ahmedabad,Kings XI Punjab,Gujarat Titans,Kings XI Punjab,1,1456.480703938704,1541.8690252015492,-85.38832126284524,0.4,0.4,0.0,0.3333333333333333,0.3333333333333333,0.0,0.3,0.4,-0.10000000000000003,0.03999999999999998,0.4,0,0,field,0.4857142857142857,0.4166666666666667,171.55555555555554,0.5833333333333334,35,0.6,0.5625,5,0,94.21019607843137,95.49753625720776,-1.2873401787763896,49.6968749185498,42.233162525455064,7.463712393094738,0,0,0.5169491525423728,0.7083333333333334,-0.19138418079096053,0.0,0.7083333333333334,-0.7083333333333334,1,0,0.41666666666666663,3,1,0.5714285714285714,0.4285714285714286,0.36363636363636365,0.5416666666666666
1473443,6.0,2025,2025-03-26,"Barsapara Cricket Stadium, Guwahati",Guwahati,Rajasthan Royals,Kolkata Knight Riders,Kolkata Knight Riders,0,1513.759355145315,1565.3400761094883,-51.580720964173224,0.2,0.8,-0.6000000000000001,0.3333333333333333,0.6666666666666666,-0.3333333333333333,0.4,0.7,-0.29999999999999993,-0.72,0.5,0,0,field,0.0,0.6666666666666666,180.0,0.3333333333333333,3,0.3333333333333333,0.5,6,0,98.9388434756282,98.02992522258577,0.9089182530424296,42.54186945043761,41.96616345360702,0.5757059968305924,0,1,0.5726495726495726,0.5954198473282443,-0.022770274678671654,0.0,0.5954198473282443,-0.5954198473282443,1,0,0.6666666666666667,3,1,0.5,0.5,0.0,0.0
1473444,7.0,2025,2025-03-27,"Rajiv Gandhi Intl Stadium, Hyderabad",Hyderabad,Sunrisers Hyderabad,Lucknow Super Giants,Lucknow Super Giants,0,1493.5482182083113,1519.767716582436,-26.21949837412467,0.6,0.2,0.39999999999999997,0.6666666666666666,0.3333333333333333,0.3333333333333333,0.5,0.4,0.09999999999999998,0.51,0.25,0,0,field,0.36363636363636365,0.44871794871794873,164.42307692307693,0.5512820512820513,77,0.5263157894736842,0.5,7,0,98.004186004186,98.25173787308343,-0.24755186889743186,46.66834217307403,52.523870691500754,-5.855528518426723,0,0,0.4583333333333333,0.38095238095238093,0.07738095238095238,0.0,0.38095238095238093,-0.38095238095238093,1,0,0.4487179487179487,3,1,0.25,0.75,0.29411764705882354,0.4186046511627907
1473445,8.0,2025,2025-03-28,"MA Chidambaram Stadium, Chennai",Chennai,Royal Challengers Bengaluru,Chennai Super Kings,Royal Challengers Bengaluru,1,1537.1692137702591,1550.443347001517,-13.274133231257792,0.8,0.6,0.20000000000000007,0.6666666666666666,0.6666666666666666,0.0,0.7,0.5,0.19999999999999996,0.25,0.4,0,0,field,0.5,0.5697674418604651,163.7906976744186,0.43023255813953487,84,0.38461538461538464,0.7083333333333334,8,0,97.12747487635843,97.01865167410398,0.10882320225445596,61.69300695180865,67.92872502251241,-6.235718070703761,0,1,0.528,0.6388888888888888,-0.11088888888888881,0.0,0.6388888888888888,-0.6388888888888888,1,0,0.5697674418604651,3,1,0.5,0.5,0.5531914893617021,0.43243243243243246
1473446,9.0,2025,2025-03-29,"Narendra Modi Stadium, Ahmedabad",Ahmedabad,Gujarat Titans,Mumbai Indians,Gujarat Titans,1,1526.9777956210748,1461.3254443728133,65.65235124826154,0.2,0.2,0.0,0.3333333333333333,0.0,0.3333333333333333,0.3,0.2,0.09999999999999998,-0.13,0.6,0,0,field,0.4722222222222222,0.43243243243243246,173.48648648648648,0.5675675675675675,36,0.5294117647058824,0.2,9,0,96.2820771157584,91.4327461252622,4.849330990496199,47.86032314288902,37.798184291698654,10.062138851190369,0,0,0.68,0.5669291338582677,0.11307086614173234,0.0,0.5669291338582677,-0.5669291338582677,1,0,0.43243243243243246,3,1,0.5,0.5,0.36363636363636365,0.52
1473448,11.0,2025,2025-03-30,"Barsapara Cricket Stadium, Guwahati",Guwahati,Rajasthan Royals,Chennai Super Kings,Rajasthan Royals,1,1503.5279157226385,1537.9850976292528,-34.45718190661432,0.2,0.4,-0.2,0.0,0.3333333333333333,-0.3333333333333333,0.3,0.4,-0.10000000000000003,-0.12,0.6,0,0,field,0.25,0.5,172.75,0.5,4,0.25,0.5,10,0,92.59923113601587,93.97120426316322,-1.371973127147342,41.340851445179375,61.736361392710336,-20.39550994753096,0,1,0.5726495726495726,0.6330275229357798,-0.06037795028620718,0.0,0.6330275229357798,-0.6330275229357798,1,0,0.5,3,1,1.0,0.0,0.25,0.25
1473447,10.0,2025,2025-03-30,"Dr. Y.S. Rajasekhara Reddy ACA-VDCA Cricket Stadium, Visakhapatnam",Visakhapatnam,Sunrisers Hyderabad,Delhi Capitals,Delhi Capitals,0,1482.4520923710952,1527.2874076701687,-44.8353152990735,0.4,0.6,-0.19999999999999996,0.3333333333333333,0.6666666666666666,-0.3333333333333333,0.5,0.7,-0.19999999999999996,-0.08000000000000002,0.4,1,1,bat,1.0,0.6666666666666666,224.0,0.3333333333333333,3,0.5,0.6666666666666666,11,0,98.004186004186,96.84652246740951,1.1576635367764823,38.48687732710751,65.63970517622202,-27.152827849114516,0,1,0.4583333333333333,0.4857142857142857,-0.027380952380952395,0.0,0.4857142857142857,-0.4857142857142857,1,0,0.6666666666666667,3,1,0.5,0.5,1.0,1.0
1473449,12.0,2025,2025-03-31,"Wankhede Stadium, Mumbai",Mumbai,Kolkata Knight Riders,Mumbai Indians,Mumbai Indians,0,1575.571515532165,1451.5663871670324,124.00512836513258,0.8,0.2,0.6000000000000001,0.6666666666666666,0.0,0.6666666666666666,0.8,0.2,0.6000000000000001,0.53,0.5,0,0,field,0.5213675213675214,0.4576271186440678,170.25423728813558,0.5423728813559322,117,0.29411764705882354,0.611764705882353,12,0,99.14529914529915,96.34407458298242,2.801224562316733,54.75894523697905,57.40625067200537,-2.6473054350263183,0,0,0.5984848484848485,0.5625,0.03598484848484851,0.0,0.5625,-0.5625,1,0,0.4576271186440678,3,1,0.6666666666666666,0.33333333333333337,0.4482758620689655,0.5454545454545454
1473450,13.0,2025,2025-04-01,"Ekana Stadium, Lucknow",Lucknow,Lucknow Super Giants,Kings XI Punjab,Kings XI Punjab,0,1530.863842419652,1471.3719335191784,59.49190890047362,0.4,0.4,0.0,0.6666666666666666,0.6666666666666666,0.0,0.5,0.4,0.09999999999999998,0.0,0.75,0,0,field,0.6153846153846154,0.5384615384615384,168.53846153846155,0.46153846153846156,13,0.5384615384615384,0.5,13,0,96.7109971323427,98.50760784313727,-1.7966107107945675,46.30092972841967,43.82983459232364,2.471095136096025,0,1,0.4090909090909091,0.5169491525423728,-0.10785824345146372,0.0,0.5169491525423728,-0.5169491525423728,1,0,0.5384615384615384,4,0,0.6666666666666666,0.33333333333333337,0.6153846153846154,0.6153846153846154
1473451,14.0,2025,2025-04-02,"M Chinnaswamy Stadium, Bengaluru",Bengaluru,Royal Challengers Bengaluru,Gujarat Titans,Gujarat Titans,0,1549.6274631425233,1536.7368528268557,12.890610315667573,0.8,0.4,0.4,0.6666666666666666,0.6666666666666666,0.0,0.8,0.4,0.4,0.5199999999999999,0.6,0,0,field,0.5333333333333333,0.45054945054945056,173.96703296703296,0.5494505494505495,90,0.5057471264367817,0.5,14,0,95.87374353307483,98.14367615701845,-2.2699326239436175,67.53623188405797,45.155888658192815,22.380343225865154,0,0,0.528,0.68,-0.15200000000000002,0.0,0.68,-0.68,1,0,0.4505494505494505,4,0,0.4772727272727273,0.5227272727272727,0.5333333333333333,0.5432098765432098
1473452,15.0,2025,2025-04-03,"Eden Gardens, Kolkata",Kolkata,Kolkata Knight Riders,Sunrisers Hyderabad,Kolkata Knight Riders,1,1559.461585241791,1471.9921101500056,87.4694750917854,0.6,0.4,0.19999999999999996,0.3333333333333333,0.3333333333333333,0.0,0.7,0.5,0.19999999999999996,0.16999999999999993,0.8,0,0,field,0.5319148936170213,0.40425531914893614,166.36170212765958,0.5957446808510638,94,0.5842696629213483,0.23076923076923078,15,0,97.50765638031692,99.68768768768768,-2.1800313073707684,57.69033416637955,47.75144395289713,9.938890213482424,0,0,0.5984848484848485,0.4583333333333333,0.1401515151515152,0.0,0.4583333333333333,-0.4583333333333333,1,0,0.4042553191489362,4,0,0.673469387755102,0.326530612244898,0.4,0.59375
1473453,16.0,2025,2025-04-04,"Ekana Stadium, Lucknow",Lucknow,Lucknow Super Giants,Mumbai Indians,Lucknow Super Giants,1,1516.828914095479,1467.6763174574064,49.15259663807251,0.4,0.2,0.2,0.3333333333333333,0.3333333333333333,0.0,0.4,0.2,0.2,0.29,0.8333333333333334,0,0,field,0.6428571428571429,0.5,168.71428571428572,0.5,14,0.5,0.0,16,0,94.27227942303674,93.36796536796535,0.9043140550713815,41.87694877857664,64.01772432745885,-22.14077554888221,0,1,0.4090909090909091,0.5658914728682171,-0.15680056377730794,0.0,0.5658914728682171,-0.5658914728682171,1,0,0.5,4,0,0.7,0.30000000000000004,0.6428571428571429,0.6428571428571429
1473454,17.0,2025,2025-04-05,"MA Chidambaram Stadium, Chennai",Chennai,Delhi Capitals,Chennai Super Kings,Delhi Capitals,1,1537.7473898912583,1524.7988753397333,12.948514551525022,0.8,0.4,0.4,1.0,0.3333333333333333,0.6666666666666667,0.7,0.4,0.29999999999999993,0.19999999999999996,0.5,1,1,bat,0.49411764705882355,0.5747126436781609,164.16091954022988,0.42528735632183906,85,0.36363636363636365,0.6986301369863014,17,0,94.48879799101496,93.68834553174037,0.8004524592745952,66.0563718428887,62.196172138235376,3.8601997046533185,0,1,0.48936170212765956,0.6272727272727273,-0.13791102514506776,0.0,0.6272727272727273,-0.6272727272727273,1,0,0.5747126436781609,4,0,0.44680851063829785,0.5531914893617021,0.5531914893617021,0.42105263157894735
1473455,18.0,2025,2025-04-05,"Maharaja Yadavindra Singh International Cricket Stadium, Mullanpur",Mohali,Rajasthan Royals,Kings XI Punjab,Rajasthan Royals,1,1516.714138012158,1485.4068618433514,31.30727616880654,0.4,0.6,-0.19999999999999996,0.3333333333333333,0.6666666666666666,-0.3333333333333333,0.3,0.5,-0.2,-0.020000000000000018,0.6,0,0,field,0.4,0.4,167.4,0.6,5,1.0,0.2,18,0,93.69929483607957,98.50760784313727,-4.808313007057691,40.39765350674083,45.92486017471279,-5.52720666797196,0,0,0.5726495726495726,0.5210084033613446,0.05164116928822804,0.0,0.5210084033613446,-0.5210084033613446,1,0,0.4,4,0,0.5,0.5,0.4,0.4
1473457,19.0,2025,2025-04-06,"Rajiv Gandhi Intl Stadium, Hyderabad",Hyderabad,Sunrisers Hyderabad,Gujarat Titans,Gujarat Titans,0,1462.9509491859262,1549.1818745516653,-86.23092536573904,0.2,0.6,-0.39999999999999997,0.0,0.6666666666666666,-0.6666666666666666,0.4,0.5,-0.09999999999999998,-0.2,0.25,0,0,field,0.3717948717948718,0.4430379746835443,164.74683544303798,0.5569620253164557,78,0.5194805194805194,0.5,19,0,98.68768768768768,97.13357514691744,1.554112540770248,39.03989139515455,51.0742265193878,-12.034335124233252,0,0,0.45454545454545453,0.6923076923076923,-0.23776223776223776,0.0,0.6923076923076923,-0.6923076923076923,1,0,0.44303797468354433,4,0,0.5,0.5,0.29411764705882354,0.4318181818181818
1473458,20.0,2025,2025-04-07,"Wankhede Stadium, Mumbai",Mumbai,Royal Challengers Bengaluru,Mumbai Indians,Royal Challengers Bengaluru,1,1537.1824414177138,1457.3627519485242,79.8196894691896,0.6,0.2,0.39999999999999997,0.6666666666666666,0.3333333333333333,0.3333333333333333,0.8,0.2,0.6000000000000001,0.55,0.5,0,0,field,0.5254237288135594,0.453781512605042,169.7983193277311,0.5462184873949579,118,0.4444444444444444,0.6162790697674418,20,0,97.35859004848552,92.13506493506495,5.223525113420578,57.47670807453415,64.55022751022283,-7.073519435688674,0,0,0.528,0.5615384615384615,-0.03353846153846152,0.0,0.5615384615384615,-0.5615384615384615,1,0,0.45378151260504207,4,0,0.5666666666666667,0.43333333333333335,0.4482758620689655,0.550561797752809
1473456,21.0,2025,2025-04-08,"Eden Gardens, Kolkata",Kolkata,Lucknow Super Giants,Kolkata Knight Riders,Lucknow Super Giants,1,1527.1424796043611,1568.5027462058704,-41.36026660150924,0.6,0.6,0.0,0.6666666666666666,0.6666666666666666,0.0,0.4,0.8,-0.4,0.0,0.6,0,0,field,0.5263157894736842,0.4105263157894737,166.7157894736842,0.5894736842105263,95,0.3333333333333333,0.5888888888888889,21,0,95.89389960338076,97.77963400517345,-1.8857344017926891,41.485633307341296,56.39588941268511,-14.910256105343812,0,0,0.4090909090909091,0.5984848484848485,-0.1893939393939394,0.0,0.5984848484848485,-0.5984848484848485,1,0,0.41052631578947374,4,0,0.66,0.33999999999999997,0.4,0.5846153846153846
1473459,22.0,2025,2025-04-08,"Maharaja Yadavindra Singh International Cricket Stadium, Mullanpur",Mohali,Kings XI Punjab,Chennai Super Kings,Kings XI Punjab,1,1474.4852596642756,1513.2458942430997,-38.76063457882401,0.6,0.2,0.39999999999999997,0.6666666666666666,0.0,0.6666666666666666,0.5,0.4,0.09999999999999998,0.42000000000000004,0.6,1,1,bat,0.3333333333333333,0.5,173.66666666666666,0.5,6,0.16666666666666666,0.5,22,0,97.88168548876746,91.07260006376274,6.809085425004724,49.19930201893393,61.24487728969742,-12.045575270763493,0,1,0.5166666666666667,0.6216216216216216,-0.10495495495495488,0.0,0.6216216216216216,-0.6216216216216216,1,0,0.5,4,0,0.4,0.6,0.3333333333333333,0.3333333333333333
1473460,23.0,2025,2025-04-09,"Narendra Modi Stadium, Ahmedabad",Ahmedabad,Gujarat Titans,Rajasthan Royals,Gujarat Titans,1,1558.263247921537,1527.6357401912337,30.62750773030325,0.8,0.4,0.4,1.0,0.6666666666666666,0.33333333333333337,0.5,0.3,0.2,0.55,0.8333333333333334,0,0,field,0.4594594594594595,0.4473684210526316,174.07894736842104,0.5526315789473685,37,0.5555555555555556,0.625,23,0,98.6976697007027,96.81093691293906,1.8867327877636484,58.91119929972924,40.577839263562545,18.333360036166695,0,0,0.7037037037037037,0.5726495726495726,0.1310541310541311,0.0,0.5726495726495726,-0.5726495726495726,1,0,0.4473684210526315,4,0,0.7857142857142857,0.2142857142857143,0.36363636363636365,0.5
1473461,24.0,2025,2025-04-10,"M Chinnaswamy Stadium, Bengaluru",Bengaluru,Royal Challengers Bengaluru,Delhi Capitals,Delhi Capitals,0,1546.4730672755647,1549.300370987892,-2.8273037123271934,0.6,0.8,-0.20000000000000007,0.6666666666666666,1.0,-0.33333333333333337,0.8,0.7,0.10000000000000009,-0.12,0.5,0,0,field,0.5384615384615384,0.44565217391304346,173.91304347826087,0.5543478260869565,91,0.5,0.36363636363636365,24,0,97.69742923881549,98.96817420435511,-1.2707449655396204,54.855882451131215,66.51748295399982,-11.661600502868602,0,0,0.528,0.48936170212765956,0.038638297872340466,0.0,0.48936170212765956,-0.48936170212765956,1,0,0.44565217391304346,4,0,0.4888888888888889,0.5111111111111111,0.5384615384615384,0.5487804878048781
1473462,25.0,2025,2025-04-11,"MA Chidambaram Stadium, Chennai",Chennai,Chennai Super Kings,Kolkata Knight Riders,Kolkata Knight Riders,0,1499.9126758898828,1555.0809233579168,-55.168247468034,0.2,0.4,-0.2,0.0,0.3333333333333333,-0.3333333333333333,0.3,0.7,-0.39999999999999997,-0.020000000000000018,0.7,0,0,field,0.5,0.5795454545454546,164.375,0.42045454545454547,86,0.6891891891891891,0.3333333333333333,25,0,92.07289045378448,95.10424163740619,-3.031351183621709,53.94627525284127,58.35855483460022,-4.412279581758952,0,1,0.6160714285714286,0.5939849624060151,0.022086466165413543,0.0,0.5939849624060151,-0.5939849624060151,1,0,0.5795454545454546,4,0,0.4375,0.5625,0.5625,0.42105263157894735
1473464,27.0,2025,2025-04-12,"Rajiv Gandhi Intl Stadium, Hyderabad",Hyderabad,Kings XI Punjab,Sunrisers Hyderabad,Sunrisers Hyderabad,0,1487.8184780174925,1453.8695758160545,33.94890220143793,0.6,0.2,0.39999999999999997,0.6666666666666666,0.0,0.6666666666666666,0.6,0.4,0.19999999999999996,0.18000000000000005,0.3,1,1,bat,0.379746835443038,0.4375,164.5875,0.5625,79,0.3333333333333333,0.5128205128205128,26,0,98.01791452991452,99.01428701428702,-0.9963724843725004,51.382859045348084,42.64590866788191,8.736950377466172,0,0,0.5166666666666667,0.45454545454545453,0.06212121212121219,0.0,0.45454545454545453,-0.45454545454545453,0,0,0.4375,4,0,0.5142857142857142,0.48571428571428577,0.29411764705882354,0.4444444444444444
1473463,26.0,2025,2025-04-12,"Ekana Stadium, Lucknow",Lucknow,Gujarat Titans,Lucknow Super Giants,Lucknow Super Giants,0,1569.208142925518,1540.5643024523147,28.643840473203227,0.8,0.6,0.20000000000000007,1.0,0.6666666666666666,0.33333333333333337,0.6,0.5,0.09999999999999998,0.2,0.8,0,0,field,0.6,0.5333333333333333,171.0,0.4666666666666667,15,0.5,0.5333333333333333,27,0,99.19799498746868,92.97243310855629,6.225561878912387,62.31532984959704,40.97099285649169,21.34433699310535,0,1,0.7037037037037037,0.4090909090909091,0.2946127946127946,0.0,0.4090909090909091,-0.4090909090909091,0,0,0.5333333333333333,4,0,0.6363636363636364,0.36363636363636365,0.6,0.6
1473465,28.0,2025,2025-04-13,"Sawai Mansingh Stadium, Jaipur",Jaipur,Rajasthan Royals,Royal Challengers Bengaluru,Royal Challengers Bengaluru,0,1516.6908451872528,1534.5707167308103,-17.879871543557556,0.4,0.6,-0.19999999999999996,0.6666666666666666,0.3333333333333333,0.3333333333333333,0.3,0.7,-0.39999999999999997,-0.39999999999999997,0.4,0,0,field,0.5263157894736842,0.3508771929824561,161.50877192982455,0.6491228070175439,57,0.6491228070175439,0.4444444444444444,28,0,95.80321856178549,97.83323825738313,-2.0300196955976446,45.321670156876365,46.37156076001094,-1.0498906031345712,0,0,0.5677966101694916,0.528,0.03979661016949154,0.0,0.528,-0.528,0,0,0.3508771929824561,4,0,0.6875,0.3125,0.36,0.65625
1473466,29.0,2025,2025-04-13,"Arun Jaitley Stadium, Delhi",Delhi,Mumbai Indians,Delhi Capitals,Mumbai Indians,1,1448.0721260906732,1561.2027215326464,-113.13059544197313,0.2,1.0,-0.8,0.3333333333333333,1.0,-0.6666666666666667,0.2,0.8,-0.6000000000000001,-0.8,0.6,0,0,field,0.5,0.48314606741573035,170.59550561797752,0.5168539325842697,88,0.4666666666666667,0.4567901234567901,29,0,96.45960414015713,97.81699023349901,-1.357386093341887,47.28159750765273,67.56573935646969,-20.284141848816965,0,0,0.5572519083969466,0.49295774647887325,0.06429416191807336,0.0,0.49295774647887325,-0.49295774647887325,0,0,0.4831460674157303,4,0,0.4666666666666667,0.5333333333333333,0.4857142857142857,0.5094339622641509
1473467,30.0,2025,2025-04-14,"Ekana Stadium, Lucknow",Lucknow,Lucknow Super Giants,Chennai Super Kings,Chennai Super Kings,0,1553.551390271636,1489.8022653515195,63.7491249201164,0.8,0.0,0.8,1.0,0.0,1.0,0.5,0.3,0.2,0.75,0.75,0,0,field,0.625,0.5,171.5625,0.5,16,0.5625,0.0,30,0,96.09508710466795,87.84990829897772,8.24517880569023,41.16410084657384,55.57162795725514,-14.4075271106813,0,1,0.43478260869565216,0.6160714285714286,-0.18128881987577644,0.0,0.6160714285714286,-0.6160714285714286,0,0,0.5,4,0,0.6666666666666666,0.33333333333333337,0.625,0.6
1473468,31.0,2025,2025-04-15,"Maharaja Yadavindra Singh International Cricket Stadium, Mullanpur",Mohali,Kings XI Punjab,Kolkata Knight Riders,Kings XI Punjab,1,1474.6496420434526,1565.1913338962802,-90.54169185282763,0.6,0.6,0.0,0.3333333333333333,0.6666666666666666,-0.3333333333333333,0.5,0.7,-0.19999999999999996,0.08999999999999997,0.4,1,1,bat,0.42857142857142855,0.5714285714285714,180.14285714285714,0.42857142857142855,7,0.2857142857142857,0.5,31,0,97.69725925925925,97.14968660594648,0.5475726533127698,39.01328130434178,54.281188950712114,-15.267907646370332,0,1,0.5166666666666667,0.5970149253731343,-0.08034825870646756,0.0,0.5970149253731343,-0.5970149253731343,0,0,0.5714285714285714,4,0,0.3333333333333333,0.6666666666666667,0.42857142857142855,0.42857142857142855
1473469,32.0,2025,2025-04-16,"Arun Jaitley Stadium, Delhi",Delhi,Delhi Capitals,Rajasthan Royals,Delhi Capitals,1,1545.427808330928,1505.3078494814677,40.11995884946032,0.8,0.4,0.4,0.6666666666666666,0.3333333333333333,0.3333333333333333,0.7,0.3,0.39999999999999997,0.47000000000000003,0.6,0,0,field,0.4943820224719101,0.4888888888888889,170.9777777777778,0.5111111111111111,89,0.45121951219512196,0.4166666666666667,32,0,99.72602739726027,96.3917202896561,3.334307107604161,66.9939971597275,40.20808848530504,26.78590867442246,0,0,0.48951048951048953,0.5677966101694916,-0.07828612065900203,0.0,0.5677966101694916,-0.5677966101694916,0,0,0.48888888888888893,4,0,0.45652173913043476,0.5434782608695652,0.4857142857142857,0.5
1473470,33.0,2025,2025-04-17,"Wankhede Stadium, Mumbai",Mumbai,Sunrisers Hyderabad,Mumbai Indians,Mumbai Indians,0,1467.0384117900944,1463.8470392923916,3.191372497702787,0.2,0.4,-0.2,0.3333333333333333,0.3333333333333333,0.0,0.4,0.3,0.10000000000000003,-0.25,0.3,0,0,field,0.5210084033613446,0.4583333333333333,170.225,0.5416666666666666,119,0.2,0.6091954022988506,33,0,99.68768768768768,97.00909093966587,2.6785967480218176,48.16495710626714,53.85776744650193,-5.692810340234793,0,0,0.45901639344262296,0.5572519083969466,-0.09823551495432364,0.0,0.5572519083969466,-0.5572519083969466,0,0,0.45833333333333337,4,0,0.5573770491803278,0.4426229508196722,0.4482758620689655,0.5444444444444444
1473471,34.0,2025,2025-04-18,"M Chinnaswamy Stadium, Bengaluru",Bengaluru,Royal Challengers Bengaluru,Kings XI Punjab,Kings XI Punjab,0,1545.9537124365954,1489.7079211081116,56.24579132848385,0.6,0.6,0.0,0.6666666666666666,0.6666666666666666,0.0,0.7,0.5,0.19999999999999996,0.0,0.5,0,0,field,0.5434782608695652,0.44086021505376344,173.79569892473117,0.5591397849462365,92,0.4943820224719101,0.38461538461538464,34,0,97.59612395925188,97.80803825920613,-0.2119142999542447,45.561908192464536,38.170906090505014,7.391002101959522,0,0,0.5317460317460317,0.5166666666666667,0.015079365079365026,0.0,0.5166666666666667,-0.5166666666666667,0,0,0.4408602150537635,4,0,0.5,0.5,0.5434782608695652,0.5542168674698795
1473472,35.0,2025,2025-04-19,"Narendra Modi Stadium, Ahmedabad",Ahmedabad,Delhi Capitals,Gujarat Titans,Gujarat Titans,0,1556.0482404865536,1556.2210551061967,-0.1728146196430771,0.8,0.8,0.0,0.6666666666666666,0.6666666666666666,0.0,0.7,0.5,0.19999999999999996,-0.040000000000000036,0.6,0,0,field,0.4473684210526316,0.46153846153846156,175.17948717948718,0.5384615384615384,38,0.7142857142857143,0.5789473684210527,35,0,99.34545454545454,98.04222637859273,1.303228166861814,57.91914167263965,58.26003017189263,-0.3408884992529835,0,0,0.48951048951048953,0.7037037037037037,-0.2141932141932142,0.0,0.7037037037037037,-0.7037037037037037,0,0,0.46153846153846156,4,0,0.7333333333333333,0.2666666666666667,0.36363636363636365,0.48148148148148145
1473473,36.0,2025,2025-04-19,"Sawai Mansingh Stadium, Jaipur",Jaipur,Lucknow Super Giants,Rajasthan Royals,Lucknow Super Giants,1,1539.3739544850937,1494.687417325842,44.68653715925166,0.6,0.4,0.19999999999999996,0.6666666666666666,0.0,0.6666666666666666,0.5,0.3,0.2,-0.029999999999999916,0.2,1,1,bat,0.5344827586206896,0.3448275862068966,161.70689655172413,0.6551724137931034,58,0.5,0.6379310344827587,36,0,95.93104402264642,95.63324503940837,0.297798983238053,44.36967947049919,38.77221770551065,5.5974617649885445,0,0,0.43478260869565216,0.5630252100840336,-0.12824260138838145,0.0,0.5630252100840336,-0.5630252100840336,0,0,0.3448275862068966,4,0,0.696969696969697,0.303030303030303,0.36,0.6666666666666666
1473474,37.0,2025,2025-04-20,"Maharaja Yadavindra Singh International Cricket Stadium, Mullanpur",Mohali,Kings XI Punjab,Royal Challengers Bengaluru,Royal Challengers Bengaluru,0,1503.6337869693411,1532.0278465753659,-28.39405960602471,0.6,0.4,0.19999999999999996,0.6666666666666666,0.3333333333333333,0.3333333333333333,0.6,0.6,0.0,0.08000000000000002,0.6,0,0,field,0.5,0.625,171.5,0.375,8,0.375,0.5,37,0,97.79057997936016,98.61202772188688,-0.8214477425267148,44.461860122529316,48.80050893956616,-4.338648817036841,0,1,0.5206611570247934,0.5317460317460317,-0.011084874721238314,0.0,0.5317460317460317,-0.5317460317460317,0,0,0.625,4,0,0.2857142857142857,0.7142857142857143,0.5,0.5
1473475,38.0,2025,2025-04-20,"Wankhede Stadium, Mumbai",Mumbai,Chennai Super Kings,Mumbai Indians,Mumbai Indians,0,1503.9797011380617,1475.957262293531,28.022438844530825,0.2,0.6,-0.39999999999999997,0.3333333333333333,0.6666666666666666,-0.3333333333333333,0.3,0.4,-0.10000000000000003,-0.4699999999999999,0.7,0,0,field,0.525,0.45454545454545453,170.15702479338842,0.5454545454545454,120,0.52,0.6136363636363636,38,0,89.24846504093841,97.34006132629035,-8.09159628535194,57.41342752572596,56.3423632825689,1.0710642431570605,0,0,0.6194690265486725,0.5606060606060606,0.05886296594261198,0.0,0.5606060606060606,-0.5606060606060606,0,0,0.4545454545454546,4,0,0.5645161290322581,0.4354838709677419,0.4482758620689655,0.5494505494505495
1473476,39.0,2025,2025-04-21,"Eden Gardens, Kolkata",Kolkata,Gujarat Titans,Kolkata Knight Riders,Gujarat Titans,1,1568.2150863011832,1550.1330548316212,18.082031469562025,0.8,0.4,0.4,0.6666666666666666,0.3333333333333333,0.3333333333333333,0.6,0.6,0.0,0.51,0.6666666666666666,0,0,field,0.5208333333333334,0.4166666666666667,167.45833333333334,0.5833333333333334,96,1.0,0.5824175824175825,39,0,97.73474078093925,96.08942370829489,1.6453170726443602,58.72650227986577,59.90378863608131,-1.1772863562155393,0,0,0.7142857142857143,0.5925925925925926,0.12169312169312174,0.0,0.5925925925925926,-0.5925925925925926,0,0,0.41666666666666663,4,0,0.6470588235294118,0.3529411764705882,0.4,0.5757575757575758
1473477,40.0,2025,2025-04-22,"Ekana Stadium, Lucknow",Lucknow,Lucknow Super Giants,Delhi Capitals,Delhi Capitals,0,1549.8389909664495,1544.054209291567,5.784781674882424,0.8,0.6,0.20000000000000007,0.6666666666666666,0.3333333333333333,0.3333333333333333,0.6,0.7,-0.09999999999999998,0.16000000000000003,0.5,0,0,field,0.6470588235294118,0.47058823529411764,171.23529411764707,0.5294117647058824,17,0.5294117647058824,0.5,40,0,95.40991853063227,99.50413223140495,-4.094213700772684,40.918007947850676,52.429408866542275,-11.5114009186916,0,0,0.43478260869565216,0.48951048951048953,-0.05472788081483737,0.0,0.48951048951048953,-0.48951048951048953,0,0,0.47058823529411764,4,0,0.6923076923076923,0.3076923076923077,0.6470588235294118,0.6363636363636364
1473478,41.0,2025,2025-04-23,"Rajiv Gandhi Intl Stadium, Hyderabad",Hyderabad,Sunrisers Hyderabad,Mumbai Indians,Mumbai Indians,0,1454.9281887889551,1488.9230297676932,-33.99484097873801,0.2,0.6,-0.39999999999999997,0.3333333333333333,1.0,-0.6666666666666667,0.3,0.4,-0.10000000000000003,-0.28,0.3,0,0,field,0.375,0.43209876543209874,165.58024691358025,0.5679012345679012,80,0.5189873417721519,0.6153846153846154,41,0,99.68768768768768,97.32049294709057,2.367194740597114,45.538587025761636,60.07442478464165,-14.535837758880014,0,0,0.45901639344262296,0.5639097744360902,-0.10489338099346729,0.0,0.5639097744360902,-0.5639097744360902,0,0,0.4320987654320988,4,0,0.5277777777777778,0.4722222222222222,0.2857142857142857,0.4444444444444444
1473479,42.0,2025,2025-04-24,"M Chinnaswamy Stadium, Bengaluru",Bengaluru,Royal Challengers Bengaluru,Rajasthan Royals,Royal Challengers Bengaluru,1,1543.049328013418,1484.2223808444862,58.82694716893184,0.6,0.2,0.39999999999999997,0.6666666666666666,0.0,0.6666666666666666,0.6,0.3,0.3,0.28,0.6,0,0,field,0.5483870967741935,0.43617021276595747,172.95744680851064,0.5638297872340425,93,0.4888888888888889,0.5714285714285714,42,0,98.11976159557818,97.27689536350954,0.8428662320686442,46.576327915638196,40.14564304540039,6.430684870237805,0,0,0.5354330708661418,0.5583333333333333,-0.022900262467191568,0.0,0.5583333333333333,-0.5583333333333333,0,0,0.43617021276595747,4,0,0.5106382978723404,0.4893617021276596,0.5483870967741935,0.5595238095238095
1473480,43.0,2025,2025-04-25,"MA Chidambaram Stadium, Chennai",Chennai,Chennai Super Kings,Sunrisers Hyderabad,Sunrisers Hyderabad,0,1491.0139336638995,1444.0985963586265,46.91533730527294,0.2,0.2,0.0,0.3333333333333333,0.3333333333333333,0.0,0.3,0.3,0.0,-0.08000000000000002,0.7,0,0,field,0.5057471264367817,0.5730337078651685,163.68539325842696,0.42696629213483145,87,0.68,0.25,43,0,87.9030435284737,99.68768768768768,-11.784644159213983,50.469914239910445,42.56747354133292,7.9024406985775215,0,1,0.6194690265486725,0.45901639344262296,0.16045263310604957,0.0,0.45901639344262296,-0.45901639344262296,0,0,0.5730337078651686,4,0,0.4489795918367347,0.5510204081632653,0.5625,0.4358974358974359
1473483,46.0,2025,2025-04-27,"Arun Jaitley Stadium, Delhi",Delhi,Delhi Capitals,Royal Challengers Bengaluru,Royal Challengers Bengaluru,0,1556.2539901115572,1553.036713419538,3.2172766920191407,0.6,0.6,0.0,0.6666666666666666,0.6666666666666666,0.0,0.7,0.6,0.09999999999999998,0.18,0.5,0,0,field,0.4943820224719101,0.4945054945054945,171.16483516483515,0.5054945054945055,89,0.4578313253012048,0.6,44,0,99.78181818181818,96.40007845913794,3.381739722680237,50.96437841132384,49.29449079562855,1.6698876156952949,0,0,0.4930555555555556,0.5354330708661418,-0.0423775153105862,0.0,0.5354330708661418,-0.5354330708661418,0,0,0.4945054945054945,4,0,0.44680851063829785,0.5531914893617021,0.4857142857142857,0.5
1473482,45.0,2025,2025-04-27,"Wankhede Stadium, Mumbai",Mumbai,Mumbai Indians,Lucknow Super Giants,Mumbai Indians,1,1499.7526221980218,1537.6392101464594,-37.886587948437636,0.8,0.6,0.20000000000000007,1.0,0.3333333333333333,0.6666666666666667,0.5,0.6,-0.09999999999999998,-0.06999999999999995,0.14285714285714285,0,0,field,0.5289256198347108,0.45081967213114754,170.20491803278688,0.5491803278688525,121,0.6179775280898876,0.6,45,0,97.4996543010998,95.62364384231986,1.8760104587799304,52.244461693739424,54.545821778419395,-2.3013600846799704,0,0,0.5671641791044776,0.43478260869565216,0.13238157040882542,0.0,0.43478260869565216,-0.43478260869565216,0,0,0.4508196721311475,4,0,0.5714285714285714,0.4285714285714286,0.4482758620689655,0.5543478260869565
1473484,47.0,2025,2025-04-28,"Sawai Mansingh Stadium, Jaipur",Jaipur,Gujarat Titans,Rajasthan Royals,Rajasthan Royals,0,1579.5911183189398,1474.2349954383662,105.3561228805736,0.8,0.0,0.8,0.6666666666666666,0.0,0.6666666666666666,0.7,0.2,0.49999999999999994,0.7999999999999999,0.8571428571428571,0,0,field,0.5423728813559322,0.3559322033898305,162.01694915254237,0.6440677966101694,59,1.0,0.6271186440677966,46,0,98.07390347304313,96.82525704095995,1.2486464320831772,59.24194022488055,40.88622479190613,18.35571543297442,0,0,0.7142857142857143,0.5537190082644629,0.16056670602125145,0.0,0.5537190082644629,-0.5537190082644629,0,0,0.35593220338983056,4,0,0.6764705882352942,0.32352941176470584,0.38461538461538464,0.6666666666666666
1473485,48.0,2025,2025-04-29,"Arun Jaitley Stadium, Delhi",Delhi,Kolkata Knight Riders,Delhi Capitals,Kolkata Knight Riders,1,1538.7570228138645,1544.1428724873417,-5.385849673477196,0.4,0.4,0.0,0.3333333333333333,0.3333333333333333,0.0,0.5,0.7,-0.19999999999999996,0.18000000000000005,0.5,0,0,field,0.5,0.4891304347826087,171.06521739130434,0.5108695652173914,90,0.45454545454545453,0.4523809523809524,47,0,96.73338612144845,100.0,-3.266613878551553,52.505599894509395,47.96789866448909,4.5377012300203035,0,0,0.5882352941176471,0.4930555555555556,0.0951797385620915,0.0,0.4930555555555556,-0.4930555555555556,0,0,0.48913043478260865,4,0,0.4583333333333333,0.5416666666666667,0.4857142857142857,0.509090909090909
1473486,49.0,2025,2025-04-30,"MA Chidambaram Stadium, Chennai",Chennai,Chennai Super Kings,Kings XI Punjab,Kings XI Punjab,0,1477.4033127743196,1492.612305531289,-15.208992756969337,0.2,0.6,-0.39999999999999997,0.3333333333333333,0.6666666666666666,-0.3333333333333333,0.2,0.6,-0.39999999999999997,-0.47000000000000003,0.4,0,0,field,0.5113636363636364,0.5666666666666667,163.57777777777778,0.43333333333333335,88,0.6710526315789473,0.5,48,0,92.0645832238935,95.27680471380471,-3.212221489911215,50.03364661720422,46.352194572815144,3.6814520443890757,0,1,0.6194690265486725,0.5206611570247934,0.0988078695238791,0.0,0.5206611570247934,-0.5206611570247934,0,0,0.5666666666666667,4,0,0.46,0.54,0.5625,0.45
1473487,50.0,2025,2025-05-01,"Sawai Mansingh Stadium, Jaipur",Jaipur,Mumbai Indians,Rajasthan Royals,Mumbai Indians,1,1513.056016410479,1489.766285937503,23.28973047297609,1.0,0.2,0.8,1.0,0.3333333333333333,0.6666666666666667,0.6,0.3,0.3,0.92,0.5,0,0,field,0.55,0.35,162.8,0.65,60,0.25,0.6333333333333333,49,0,98.49270749149643,98.42341432341432,0.06929316808211183,59.62271948922961,35.91806866554342,23.704650823686187,0,0,0.5671641791044776,0.5573770491803278,0.009787129924149762,0.0,0.5573770491803278,-0.5573770491803278,0,0,0.35,5,0,0.6818181818181818,0.31818181818181823,0.38461538461538464,0.6764705882352942
1473488,51.0,2025,2025-05-02,"Narendra Modi Stadium, Ahmedabad",Ahmedabad,Gujarat Titans,Sunrisers Hyderabad,Gujarat Titans,1,1564.059827819803,1457.7092172482064,106.35061057159669,0.6,0.4,0.19999999999999996,0.6666666666666666,0.3333333333333333,0.3333333333333333,0.7,0.3,0.39999999999999997,0.34,0.8,0,0,field,0.46153846153846156,0.45,175.875,0.55,39,0.6,0.2,50,0,97.95808039962772,99.12320949609087,-1.165129096463147,55.37975825565959,52.769257923989784,2.6105003316698046,0,0,0.7142857142857143,0.4634146341463415,0.2508710801393728,0.0,0.4634146341463415,-0.4634146341463415,0,0,0.44999999999999996,5,0,0.4,0.6,0.36363636363636365,0.5
1473489,52.0,2025,2025-05-03,"M Chinnaswamy Stadium, Bengaluru",Bengaluru,Royal Challengers Bengaluru,Chennai Super Kings,Royal Challengers Bengaluru,1,1565.1478310437535,1465.9282774958485,99.21955354790498,0.8,0.2,0.6000000000000001,1.0,0.0,1.0,0.7,0.2,0.49999999999999994,0.5,0.4,0,0,field,0.5425531914893617,0.4421052631578947,173.29473684210527,0.5578947368421052,94,0.4945054945054945,0.5454545454545454,51,0,95.90574460877797,91.5710600898576,4.334684518920369,41.76440622296911,49.61296601444559,-7.848559791476482,0,0,0.5390625,0.6194690265486725,-0.08040652654867253,0.0,0.6194690265486725,-0.6194690265486725,0,0,0.4421052631578948,5,0,0.6153846153846154,0.3846153846153846,0.5425531914893617,0.5529411764705883
1473490,53.0,2025,2025-05-04,"Eden Gardens, Kolkata",Kolkata,Kolkata Knight Riders,Rajasthan Royals,Kolkata Knight Riders,1,1550.943028572402,1478.5694820491678,72.37354652323415,0.4,0.2,0.2,0.3333333333333333,0.3333333333333333,0.0,0.5,0.3,0.2,0.21000000000000002,0.5,1,1,bat,0.5154639175257731,0.422680412371134,167.77319587628867,0.5773195876288659,97,0.5760869565217391,0.3333333333333333,52,0,94.98528971648892,98.45417773989202,-3.468888023403096,53.57042140484898,34.28619111297461,19.284230291874366,0,0,0.5882352941176471,0.5528455284552846,0.035389765662362516,0.0,0.5528455284552846,-0.5528455284552846,0,0,0.4226804123711341,5,0,0.5128205128205128,0.4871794871794872,0.4,0.5671641791044776
1473491,54.0,2025,2025-05-04,"HPCA Stadium, Dharamsala",Dharamsala,Kings XI Punjab,Lucknow Super Giants,Kings XI Punjab,1,1504.08734080976,1524.335815934002,-20.248475124242077,0.6,0.4,0.19999999999999996,0.6666666666666666,0.3333333333333333,0.3333333333333333,0.6,0.5,0.09999999999999998,-0.020000000000000018,0.4,0,0,field,0.46153846153846156,0.6153846153846154,183.76923076923077,0.38461538461538464,13,0.38461538461538464,0.5,53,0,97.34981139122316,95.62145355170637,1.7283578395167893,42.29224371638872,49.14336265323883,-6.8511189368501135,0,1,0.5245901639344263,0.4166666666666667,0.10792349726775957,0.0,0.4166666666666667,-0.4166666666666667,0,0,0.6153846153846154,5,0,0.2727272727272727,0.7272727272727273,0.46153846153846156,0.4166666666666667
1473493,56.0,2025,2025-05-06,"Wankhede Stadium, Mumbai",Mumbai,Mumbai Indians,Gujarat Titans,Gujarat Titans,0,1524.2528202988142,1572.4971899008513,-48.24436960203707,1.0,0.6,0.4,1.0,0.6666666666666666,0.33333333333333337,0.7,0.7,0.0,0.47,0.3333333333333333,0,0,field,0.5245901639344263,0.45528455284552843,170.5691056910569,0.5447154471544715,122,0.6222222222222222,0.6,54,0,98.55487238815064,98.11311915931762,0.44175322883302215,57.78969778152119,56.57840717073333,1.211290610787863,0,0,0.5671641791044776,0.7142857142857143,-0.14712153518123672,0.0,0.7142857142857143,-0.7142857142857143,0,0,0.4552845528455285,5,0,0.509090909090909,0.49090909090909096,0.4482758620689655,0.5483870967741935
1473494,57.0,2025,2025-05-07,"Eden Gardens, Kolkata",Kolkata,Kolkata Knight Riders,Chennai Super Kings,Chennai Super Kings,0,1560.4788738050315,1457.264981513613,103.21389229141846,0.6,0.2,0.39999999999999997,0.6666666666666666,0.0,0.6666666666666666,0.5,0.1,0.4,0.19999999999999996,0.4,1,1,bat,0.5204081632653061,0.42857142857142855,168.16326530612244,0.5714285714285714,98,0.5806451612903226,0.5,55,0,96.33715370337728,92.50237335184718,3.8347803515300996,53.305154236584805,48.32864396121851,4.976510275366294,0,0,0.5882352941176471,0.6140350877192983,-0.02579979360165119,0.0,0.6140350877192983,-0.6140350877192983,0,0,0.4285714285714286,5,0,0.5,0.5,0.41935483870967744,0.5671641791044776
1473497,59.0,2025,2025-05-18,"Sawai Mansingh Stadium, Jaipur",Jaipur,Kings XI Punjab,Rajasthan Royals,Kings XI Punjab,1,1516.7859076412956,1469.0336368165383,47.75227082475726,0.8,0.2,0.6000000000000001,0.6666666666666666,0.3333333333333333,0.3333333333333333,0.7,0.3,0.39999999999999997,0.5999999999999999,0.3,1,1,bat,0.5409836065573771,0.36065573770491804,163.68852459016392,0.639344262295082,61,0.16666666666666666,0.6229508196721312,56,0,96.4379247545371,98.56699291390423,-2.1290681593671366,48.55455881388284,32.235653173907224,16.31890563997562,0,0,0.5245901639344263,0.5483870967741935,-0.02379693283976725,0.0,0.5483870967741935,-0.5483870967741935,0,0,0.360655737704918,5,0,0.6521739130434783,0.34782608695652173,0.38461538461538464,0.6571428571428571
1473498,60.0,2025,2025-05-18,"Arun Jaitley Stadium, Delhi",Delhi,Delhi Capitals,Gujarat Titans,Gujarat Titans,0,1531.9568667288042,1582.8415161387704,-50.88464940996619,0.4,0.8,-0.4,0.3333333333333333,0.6666666666666666,-0.3333333333333333,0.6,0.8,-0.20000000000000007,-0.2499999999999999,0.5,0,0,field,0.4945054945054945,0.4946236559139785,171.41935483870967,0.5053763440860215,91,0.4470588235294118,0.5,57,1,98.53463978393317,97.82493472127729,0.7097050626558854,50.18552863137945,56.06053754199908,-5.875008910619634,0,0,0.4896551724137931,0.7241379310344828,-0.23448275862068968,0.0,0.7241379310344828,-0.7241379310344828,0,0,0.4946236559139785,5,0,0.5789473684210527,0.42105263157894735,0.4857142857142857,0.5
1473499,61.0,2025,2025-05-19,"Ekana Stadium, Lucknow",Lucknow,Lucknow Super Giants,Sunrisers Hyderabad,Sunrisers Hyderabad,0,1511.6372491024665,1449.2718551671583,62.36539393530825,0.2,0.4,-0.2,0.0,0.3333333333333333,-0.3333333333333333,0.5,0.3,0.2,-0.21999999999999997,0.8,0,0,field,0.6666666666666666,0.4444444444444444,170.55555555555554,0.5555555555555556,18,0.5,0.0,58,1,95.87451831207737,98.71206982398664,-2.8375515119092682,39.38711313834562,46.12753400620932,-6.740420867863705,0,0,0.4,0.4596774193548387,-0.05967741935483867,0.0,0.4596774193548387,-0.4596774193548387,0,0,0.4444444444444444,5,0,0.0,1.0,0.6666666666666666,0.6666666666666666
1473500,62.0,2025,2025-05-20,"Arun Jaitley Stadium, Delhi",Delhi,Chennai Super Kings,Rajasthan Royals,Rajasthan Royals,0,1472.728567337893,1458.6726343948876,14.055932943005473,0.2,0.2,0.0,0.3333333333333333,0.0,0.3333333333333333,0.2,0.2,0.0,-0.16999999999999998,0.3,0,0,field,0.5,0.48936170212765956,171.7127659574468,0.5106382978723404,92,0.7272727272727273,0.38461538461538464,59,1,92.9337233467151,97.33733137336648,-4.4036080266513835,48.39155634467733,32.32634219934818,16.06521414532915,0,0,0.6173913043478261,0.544,0.07339130434782604,0.0,0.544,-0.544,0,0,0.4893617021276596,5,0,0.5897435897435898,0.41025641025641024,0.4857142857142857,0.5087719298245614
1473501,63.0,2025,2025-05-21,"Wankhede Stadium, Mumbai",Mumbai,Mumbai Indians,Delhi Capitals,Mumbai Indians,1,1513.908494060895,1521.7019011329105,-7.793407072015498,0.8,0.2,0.6000000000000001,0.6666666666666666,0.0,0.6666666666666666,0.7,0.5,0.19999999999999996,0.67,0.6,0,0,field,0.5284552845528455,0.45161290322580644,170.44354838709677,0.5483870967741935,123,0.6153846153846154,0.3333333333333333,60,1,98.86297562087036,98.34368602577896,0.5192895950913936,58.11424040996351,43.814048026909,14.300192383054508,0,0,0.5671641791044776,0.4896551724137931,0.0775090066906845,0.0,0.4896551724137931,-0.4896551724137931,0,0,0.4516129032258065,5,0,0.5178571428571429,0.4821428571428571,0.4482758620689655,0.5531914893617021
1473502,64.0,2025,2025-05-22,"Narendra Modi Stadium, Ahmedabad",Ahmedabad,Lucknow Super Giants,Gujarat Titans,Lucknow Super Giants,1,1497.5060652987047,1593.0964817346642,-95.59041643595947,0.2,0.8,-0.6000000000000001,0.0,1.0,-1.0,0.4,0.8,-0.4,-0.4,0.3333333333333333,0,0,field,0.45,0.4634146341463415,177.0487804878049,0.5365853658536586,40,0.0,0.6190476190476191,61,1,95.98953320333,98.09989195539147,-2.1103587520614724,47.03539715192188,53.02812215345288,-5.992725001530999,0,0,0.4,0.7333333333333333,-0.33333333333333326,0.0,0.7333333333333333,-0.7333333333333333,0,0,0.46341463414634143,5,0,0.375,0.625,0.36363636363636365,0.4827586206896552
1473503,65.0,2025,2025-05-23,"Ekana Stadium, Lucknow",Lucknow,Sunrisers Hyderabad,Royal Challengers Bengaluru,Sunrisers Hyderabad,1,1463.40303897092,1573.811127025989,-110.4080880550689,0.4,0.8,-0.4,0.6666666666666666,1.0,-0.33333333333333337,0.3,0.7,-0.39999999999999997,-0.37,0.5,0,0,field,0.6842105263157895,0.42105263157894735,172.3684210526316,0.5789473684210527,19,0.5,1.0,62,1,98.62887474017812,97.59755884022135,1.0313158999567662,51.94662497955264,51.520520179321885,0.42610480023075326,0,0,0.464,0.5390625,-0.07506249999999998,0.0,0.5390625,-0.5390625,0,0,0.42105263157894735,5,0,0.25,0.75,0.6842105263157895,0.6923076923076923
1485779,66.0,2025,2025-05-24,"Sawai Mansingh Stadium, Jaipur",Jaipur,Kings XI Punjab,Delhi Capitals,Delhi Capitals,0,1527.1469100629463,1509.432771525601,17.714138537345207,0.8,0.2,0.6000000000000001,1.0,0.0,1.0,0.7,0.4,0.29999999999999993,0.4,0.3,0,0,field,0.5483870967741935,0.3709677419354839,164.58064516129033,0.6290322580645161,62,0.2857142857142857,0.2857142857142857,63,1,98.59057997936017,98.48121768261598,0.10936229674419451,45.03108655737609,44.41022865039875,0.6208579069773421,0,0,0.5245901639344263,0.4863013698630137,0.03828879407141256,0.0,0.4863013698630137,-0.4863013698630137,0,0,0.3709677419354839,5,0,0.625,0.375,0.4074074074074074,0.6571428571428571
1473505,68.0,2025,2025-05-25,"Arun Jaitley Stadium, Delhi",Delhi,Sunrisers Hyderabad,Kolkata Knight Riders,Sunrisers Hyderabad,1,1479.0930177095108,1545.0152879807515,-65.92227027124068,0.6,0.4,0.19999999999999996,0.6666666666666666,0.6666666666666666,0.0,0.4,0.5,-0.09999999999999998,0.13,0.2,1,1,bat,0.5053763440860215,0.4842105263157895,171.8736842105263,0.5157894736842106,93,0.625,0.5,64,1,98.91969604678039,96.72812283153442,2.191573215245967,50.947326461317154,53.06588105930865,-2.1185545979914977,0,0,0.464,0.5882352941176471,-0.12423529411764705,0.0,0.5882352941176471,-0.5882352941176471,0,0,0.4842105263157894,5,0,0.6,0.4,0.4857142857142857,0.5172413793103449
1473504,67.0,2025,2025-05-25,"Narendra Modi Stadium, Ahmedabad",Ahmedabad,Chennai Super Kings,Gujarat Titans,Chennai Super Kings,1,1460.243357299517,1577.8757650083342,-117.63240770881725,0.2,0.6,-0.39999999999999997,0.3333333333333333,0.6666666666666666,-0.3333333333333333,0.2,0.7,-0.49999999999999994,-0.45000000000000007,0.42857142857142855,1,1,bat,0.43902439024390244,0.47619047619047616,178.42857142857142,0.5238095238095238,41,0.2,0.5909090909090909,65,1,92.11703086650823,98.26295025880549,-6.145919392297259,46.56009183751112,52.953703274615656,-6.393611437104532,0,0,0.6173913043478261,0.7096774193548387,-0.09228611500701267,0.0,0.7096774193548387,-0.7096774193548387,0,0,0.47619047619047616,5,0,0.35294117647058826,0.6470588235294117,0.36363636363636365,0.4666666666666667
1473506,69.0,2025,2025-05-26,"Sawai Mansingh Stadium, Jaipur",Jaipur,Mumbai Indians,Kings XI Punjab,Kings XI Punjab,0,1526.1776236682044,1514.535614990403,11.642008677801414,0.8,0.6,0.20000000000000007,0.6666666666666666,0.6666666666666666,0.0,0.7,0.6,0.09999999999999998,0.30999999999999994,0.5,0,0,field,0.5555555555555556,0.36507936507936506,165.23809523809524,0.6349206349206349,63,0.3333333333333333,0.25,66,1,98.78024847780947,99.0958431372549,-0.31559465944543774,59.01063523014742,42.82597465657747,16.18466057356995,0,0,0.5671641791044776,0.5245901639344263,0.04257401517005133,0.0,0.5245901639344263,-0.5245901639344263,0,0,0.3650793650793651,5,0,0.64,0.36,0.4074074074074074,0.6666666666666666
1473507,70.0,2025,2025-05-27,"Ekana Stadium, Lucknow",Lucknow,Lucknow Super Giants,Royal Challengers Bengaluru,Royal Challengers Bengaluru,0,1512.7267820250347,1558.1211482873982,-45.39436626236352,0.2,0.8,-0.6000000000000001,0.3333333333333333,0.6666666666666666,-0.3333333333333333,0.5,0.6,-0.09999999999999998,-0.8400000000000001,0.4,0,0,field,0.65,0.45,175.3,0.55,20,0.47368421052631576,0.5,67,1,94.66824986554298,95.77578734632397,-1.1075374807809908,52.63991806984462,40.79090512804353,11.849012941801085,0,0,0.4,0.5348837209302325,-0.1348837209302325,0.0,0.5348837209302325,-0.5348837209302325,0,0,0.44999999999999996,5,0,0.2,0.8,0.65,0.6428571428571429
1473508,,2025,2025-05-29,"Maharaja Yadavindra Singh International Cricket Stadium, Mullanpur",New Chandigarh,Kings XI Punjab,Royal Challengers Bengaluru,Royal Challengers Bengaluru,0,1526.9375652978958,1568.562143524281,-41.62457822638521,0.8,0.8,0.0,0.6666666666666666,0.6666666666666666,0.0,0.7,0.7,0.0,0.0,0.5,0,0,field,0.5555555555555556,0.5555555555555556,169.88888888888889,0.4444444444444444,9,0.3333333333333333,1.0,68,1,99.0958431372549,97.04389151265539,2.0519516245995106,42.5868412186994,49.18734892223757,-6.60050770353817,0,1,0.5284552845528455,0.5384615384615384,-0.01000625390869292,0.0,0.5384615384615384,-0.5384615384615384,0,0,0.5555555555555556,5,0,0.5,0.5,0.5555555555555556,0.5555555555555556
1473509,,2025,2025-05-30,"Maharaja Yadavindra Singh International Cricket Stadium, New Chandigarh",New Chandigarh,Mumbai Indians,Gujarat Titans,Mumbai Indians,1,1513.7756733607116,1561.9613279431196,-48.185654582408006,0.6,0.6,0.0,0.3333333333333333,0.3333333333333333,0.0,0.7,0.6,0.09999999999999998,-0.08000000000000007,0.2857142857142857,1,1,bat,0.5,0.5,167.13385146804836,0.5,0,0.5,0.5,69,1,98.2709631665263,96.92046542157384,1.350497744952463,58.381889300455356,49.76439565073341,8.617493649721943,0,1,0.5671641791044776,0.6875,-0.12033582089552242,0.0,0.6875,-0.6875,0,0,0.5,5,0,0.5,0.5,0.5,0.5
1473510,,2025,2025-06-01,"Narendra Modi Stadium, Ahmedabad",Ahmedabad,Mumbai Indians,Kings XI Punjab,Kings XI Punjab,0,1527.4293577364595,1516.3683881732184,11.060969563241088,0.6,0.6,0.0,0.6666666666666666,0.3333333333333333,0.3333333333333333,0.8,0.6,0.20000000000000007,-0.08999999999999997,0.5,0,0,field,0.4523809523809524,0.4883720930232558,179.62790697674419,0.5116279069767442,42,0.16666666666666666,0.6666666666666666,70,1,98.57973509635086,99.0958431372549,-0.5161080409040437,58.12228587806195,38.78998410042881,19.33230177763314,0,0,0.5671641791044776,0.5284552845528455,0.03870889455163207,0.0,0.5284552845528455,-0.5284552845528455,0,0,0.4883720930232558,6,0,0.5,0.5,0.4166666666666667,0.4666666666666667
1473511,,2025,2025-06-03,"Narendra Modi Stadium, Ahmedabad",Ahmedabad,Royal Challengers Bengaluru,Kings XI Punjab,Royal Challengers Bengaluru,1,1579.1313206489585,1528.7502915125406,50.381029136417965,0.8,0.6,0.20000000000000007,0.6666666666666666,0.6666666666666666,0.0,0.7,0.7,0.0,0.16999999999999993,0.6,0,0,field,0.46511627906976744,0.4772727272727273,180.1590909090909,0.5227272727272727,43,0.5,0.7142857142857143,71,1,97.10691499544176,99.0958431372549,-1.9889281418131475,49.99730072221075,37.995074512962866,12.002226209247887,0,0,0.5419847328244275,0.532258064516129,0.009726668308298492,0.0,0.532258064516129,-0.532258064516129,0,0,0.4772727272727273,6,0,1.0,0.0,0.4166666666666667,0.4838709677419355
rcb_srh_20260328,,2026,2026-03-28,"M Chinnaswamy Stadium, Bengaluru",,Sunrisers Hyderabad,Royal Challengers Bengaluru,Royal Challengers Bengaluru,0,1493.342956752662,1589.4033164135437,-96.06035966088166,0.8,0.8,0.0,1.0,1.0,0.0,0.5,0.8,-0.30000000000000004,0.0,0.6,0,0,bowl,0.5368421052631579,0.4479166666666667,173.70833333333334,0.5520833333333334,95,0.3333333333333333,0.5,1,0,0.0,0.0,0.0,0.0,0.0,0.0,1,1,0.464,0.5419847328244275,-0.07798473282442747,0.464,0.0,0.464,1,1,0.5520833333333334,3,1,0.5714285714285714,0.5714285714285714,0.5368421052631579,0.5465116279069767
ipl2026_MIvKKR_20260329,,2026,2026-03-29,"Wankhede Stadium, Mumbai",,Mumbai Indians,Kolkata Knight Riders,Mumbai Indians,1,1515.0474543971372,1530.7653489376003,-15.717894540463021,0.4,0.4,0.0,0.3333333333333333,0.3333333333333333,0.0,0.7,0.4,0.29999999999999993,-0.08000000000000002,0.5,0,0,field,0.5241935483870968,0.456,170.52,0.544,124,0.6195652173913043,0.2777777777777778,2,0,0.0,0.0,0.0,0.0,0.0,0.0,0,0,0.5671641791044776,0.583941605839416,-0.016777426734938428,0.0,0.583941605839416,-0.583941605839416,1,0,0.45599999999999996,3,1,0.75,0.25,0.4482758620689655,0.5473684210526316
d788e9f9-99bf-4650-a035-92a7e21b3d08,,2026,2026-03-30,"Barsapara Cricket Stadium, Guwahati",,Chennai Super Kings,Rajasthan Royals,Rajasthan Royals,0,1476.1577943647314,1471.1578444332638,4.999949931467654,0.4,0.4,0.0,0.6666666666666666,0.3333333333333333,0.3333333333333333,0.3,0.2,0.09999999999999998,-0.14999999999999997,0.2,0,0,bowl,0.2,0.6,174.6,0.4,5,0.0,0.4,3,0,0.0,0.0,0.0,0.0,0.0,0.0,1,0,0.6173913043478261,0.5476190476190477,0.0697722567287784,0.6173913043478261,0.0,0.6173913043478261,1,1,0.4,3,1,0.5,0.5,0.2,0.2
11ff7db9-9c71-464e-afcb-5b03e4fa4b0a,,2026,2026-03-31,"Maharaja Yadavindra Singh International Cricket Stadium, Mullanpur",,Gujarat Titans,Kings XI Punjab,Kings XI Punjab,0,1548.3076435673718,1518.4782957479554,29.829347819416398,0.4,0.4,0.0,0.0,0.3333333333333333,-0.3333333333333333,0.5,0.6,-0.09999999999999998,0.22999999999999998,0.5,0,0,bowl,0.6,0.5,163.0,0.5,10,1.0,0.3,4,0,0.0,0.0,0.0,0.0,0.0,0.0,1,0,0.6666666666666666,0.528,0.1386666666666666,0.6666666666666666,0.0,0.6666666666666666,1,1,0.5,3,1,1.0,1.0,0.6,0.6
ae676d7c-3082-489c-96c5-5620f393c900,,2026,2026-04-01,"Ekana Stadium, Lucknow",,Lucknow Super Giants,Delhi Capitals,Delhi Capitals,0,1502.285786788152,1522.0440665981444,-19.758279809992246,0.2,0.2,0.0,0.3333333333333333,0.3333333333333333,0.0,0.4,0.4,0.0,0.039999999999999994,0.42857142857142855,1,1,bat,0.6666666666666666,0.42857142857142855,177.76190476190476,0.5714285714285714,21,0.45,0.6666666666666666,5,0,0.0,0.0,0.0,0.0,0.0,0.0,0,0,0.4,0.4897959183673469,-0.0897959183673469,0.0,0.4897959183673469,-0.4897959183673469,1,0,0.4285714285714286,4,0,0.7142857142857143,0.2857142857142857,0.6666666666666666,0.6666666666666666
96d2aa6b-ea40-4da4-b4cf-eb996de24ef7,,2026,2026-04-03,"MA Chidambaram Stadium, Chennai",,Chennai Super Kings,Kings XI Punjab,Kings XI Punjab,0,1463.985114132662,1531.5060409197474,-67.5209267870855,0.4,0.6,-0.19999999999999996,0.3333333333333333,0.6666666666666666,-0.3333333333333333,0.3,0.6,-0.3,-0.26,0.3,0,0,bowl,0.5168539325842697,0.5604395604395604,163.86813186813185,0.43956043956043955,89,0.6623376623376623,0.5454545454545454,6,0,0.0,0.0,0.0,0.0,0.0,0.0,1,0,0.6120689655172413,0.528,0.0840689655172413,0.6120689655172413,0.0,0.6120689655172413,1,1,0.43956043956043955,4,0,0.47058823529411764,0.47058823529411764,0.5625,0.4634146341463415
736f3e02-212a-49bc-8b3b-08a106312702,,2026,2026-04-04,"Arun Jaitley Stadium, Delhi",,Mumbai Indians,Delhi Capitals,Delhi Capitals,0,1527.5899611883099,1533.3623745118432,-5.772413323533328,0.6,0.4,0.19999999999999996,0.6666666666666666,0.6666666666666666,0.0,0.7,0.4,0.29999999999999993,0.43,0.6,0,0,bowl,0.5106382978723404,0.4895833333333333,172.97916666666666,0.5104166666666666,94,0.5,0.4418604651162791,7,0,0.0,0.0,0.0,0.0,0.0,0.0,1,1,0.5671641791044776,0.49324324324324326,0.07392093586123433,0.5671641791044776,0.0,0.5671641791044776,1,1,0.5104166666666666,4,0,0.4489795918367347,0.4489795918367347,0.5,0.5172413793103449
ipl2026_20260405,,2026,2026-04-05,"Rajiv Gandhi Intl Stadium, Hyderabad",,Sunrisers Hyderabad,Lucknow Super Giants,Lucknow Super Giants,0,1484.5787300513675,1490.9674788744533,-6.388748823085734,0.6,0.2,0.39999999999999997,0.6666666666666666,0.3333333333333333,0.3333333333333333,0.5,0.3,0.2,0.37000000000000005,0.3333333333333333,1,1,bat,0.38271604938271603,0.4268292682926829,165.3048780487805,0.573170731707317,81,0.5125,0.6666666666666666,8,0,0.0,0.0,0.0,0.0,0.0,0.0,0,0,0.4603174603174603,0.4,0.06031746031746027,0.0,0.4,-0.4,1,0,0.426829268292683,4,0,0.5405405405405406,0.45945945945945943,0.2857142857142857,0.45652173913043476
2d6c0b86-76c0-4795-96a4-e252f575d2d9,,2026,2026-04-09,"Eden Gardens, Kolkata",,Kolkata Knight Riders,Lucknow Super Giants,Lucknow Super Giants,0,1518.2228421464276,1502.7468441745473,15.47599797188036,0.4,0.4,0.0,0.0,0.3333333333333333,-0.3333333333333333,0.4,0.3,0.10000000000000003,0.26999999999999996,0.3333333333333333,0,0,bowl,0.5151515151515151,0.42424242424242425,168.27272727272728,0.5757575757575758,99,0.574468085106383,0.5,9,0,0.0,0.0,0.0,0.0,0.0,0.0,1,1,0.5797101449275363,0.4230769230769231,0.15663322185061318,0.5797101449275363,0.0,0.5797101449275363,1,1,0.5757575757575758,4,0,0.6346153846153846,0.6346153846153846,0.40625,0.5671641791044776
3ec1f721-7f79-49e3-bbc1-69e88b9cf4a3,,2026,2026-04-11,"Barsapara Cricket Stadium, Guwahati",,Royal Challengers Bengaluru,Rajasthan Royals,Rajasthan Royals,0,1598.1675431148383,1483.3305246653333,114.83701844950497,0.8,0.4,0.4,1.0,0.6666666666666666,0.33333333333333337,0.8,0.3,0.5,0.45,0.6,0,0,bowl,0.3333333333333333,0.5,166.66666666666666,0.5,6,0.5,0.5,10,0,0.0,0.0,0.0,0.0,0.0,0.0,1,0,0.5419847328244275,0.5476190476190477,-0.005634314794620177,0.5419847328244275,0.0,0.5419847328244275,1,1,0.5,4,0,0.0,0.0,0.3333333333333333,0.3333333333333333
8f0a09ba-2a87-4b94-9a61-d729ef8c0c14,,2026,2026-04-11,"Maharaja Yadavindra Singh International Cricket Stadium, Mullanpur",,Sunrisers Hyderabad,Kings XI Punjab,Kings XI Punjab,0,1472.7993647512735,1541.202873603124,-68.40350885185057,0.6,0.6,0.0,0.3333333333333333,0.6666666666666666,-0.3333333333333333,0.5,0.7,-0.19999999999999996,0.35000000000000003,0.7,0,0,bowl,0.6363636363636364,0.45454545454545453,162.9090909090909,0.5454545454545454,11,1.0,0.36363636363636365,11,0,0.0,0.0,0.0,0.0,0.0,0.0,1,0,0.4603174603174603,0.528,-0.06768253968253973,0.4603174603174603,0.0,0.4603174603174603,1,1,0.5454545454545454,4,0,0.375,0.375,0.6363636363636364,0.6363636363636364
d8d0937a-8bd7-47b0-acbc-00d381578f85,,2026,2026-04-11,"MA Chidambaram Stadium, Chennai",,Chennai Super Kings,Delhi Capitals,Chennai Super Kings,1,1454.2882814492853,1545.1630207614244,-90.87473931213913,0.4,0.6,-0.19999999999999996,0.3333333333333333,1.0,-0.6666666666666667,0.3,0.5,-0.2,0.15000000000000002,0.4,0,0,bowl,0.5222222222222223,0.5543478260869565,162.34782608695653,0.44565217391304346,90,0.6538461538461539,0.4166666666666667,12,0,0.0,0.0,0.0,0.0,0.0,0.0,1,0,0.6068376068376068,0.49324324324324326,0.11359436359436353,0.6068376068376068,0.0,0.6068376068376068,1,1,0.44565217391304346,4,0,0.4807692307692308,0.4807692307692308,0.5625,0.4634146341463415
ipl2026_20260412,,2026,2026-04-12,"Ekana Stadium, Lucknow",,Lucknow Super Giants,Gujarat Titans,Gujarat Titans,0,1515.2810129690638,1535.2798983955797,-19.998885426515926,0.6,0.2,0.39999999999999997,0.6666666666666666,0.0,0.6666666666666666,0.4,0.5,-0.09999999999999998,0.19999999999999996,0.42857142857142855,0,0,bowl,0.6363636363636364,0.4090909090909091,176.0909090909091,0.5909090909090909,22,0.42857142857142855,0.3333333333333333,13,0,0.0,0.0,0.0,0.0,0.0,0.0,1,1,0.4230769230769231,0.6470588235294118,-0.22398190045248872,0.4230769230769231,0.0,0.4230769230769231,1,1,0.5909090909090909,4,0,0.7333333333333333,0.7333333333333333,0.6363636363636364,0.6666666666666666
b85f1b39-5766-46c7-9cea-14a64e0750b3,,2026,2026-04-12,"Wankhede Stadium, Mumbai",,Royal Challengers Bengaluru,Mumbai Indians,Royal Challengers Bengaluru,1,1582.3396068695565,1515.7893149387287,66.55029193082783,0.8,0.4,0.4,0.6666666666666666,0.3333333333333333,0.3333333333333333,0.8,0.6,0.20000000000000007,0.55,0.6,0,0,bowl,0.52,0.4603174603174603,170.9126984126984,0.5396825396825397,125,0.47368421052631576,0.6236559139784946,14,0,0.0,0.0,0.0,0.0,0.0,0.0,1,1,0.5378787878787878,0.562962962962963,-0.025084175084175153,0.5378787878787878,0.0,0.5378787878787878,1,1,0.5396825396825397,4,0,0.5625,0.5625,0.4482758620689655,0.5416666666666666
8b691738-66b3-4774-a7fd-5a2113a54ca5,,2026,2026-04-14,"MA Chidambaram Stadium, Chennai",,Chennai Super Kings,Kolkata Knight Riders,Chennai Super Kings,1,1469.357313790481,1505.6886733519111,-36.33135956143019,0.4,0.2,0.2,0.3333333333333333,0.0,0.3333333333333333,0.3,0.3,0.0,-0.019999999999999962,0.7,0,0,bowl,0.5164835164835165,0.5591397849462365,162.88172043010752,0.44086021505376344,91,0.6582278481012658,0.375,15,0,0.0,0.0,0.0,0.0,0.0,0.0,1,0,0.6101694915254238,0.5755395683453237,0.03462992318010005,0.6101694915254238,0.0,0.6101694915254238,1,1,0.44086021505376344,4,0,0.4716981132075472,0.4716981132075472,0.5625,0.4634146341463415
55e260bc-4aa7-44de-92e7-6bbd1edbb711,,2026,2026-04-15,"M Chinnaswamy Stadium, Bengaluru",,Lucknow Super Giants,Royal Challengers Bengaluru,Royal Challengers Bengaluru,0,1503.9709881337492,1592.0687463765014,-88.0977582427522,0.4,0.8,-0.4,0.6666666666666666,0.6666666666666666,0.0,0.3,0.8,-0.5,-0.56,0.3333333333333333,0,0,bowl,0.5416666666666666,0.44329896907216493,173.98969072164948,0.5567010309278351,96,1.0,0.5053763440860215,16,0,0.0,0.0,0.0,0.0,0.0,0.0,1,1,0.4074074074074074,0.5413533834586466,-0.1339459760512392,0.4074074074074074,0.0,0.4074074074074074,1,1,0.5567010309278351,4,0,0.5,0.5,0.5416666666666666,0.5465116279069767
6289a2c9-75ee-49e1-9b83-ad7df53dcc21,,2026,2026-04-16,"Wankhede Stadium, Mumbai",,Mumbai Indians,Kings XI Punjab,Kings XI Punjab,0,1506.0601754317838,1550.8703602773123,-44.81018484552851,0.4,0.8,-0.4,0.3333333333333333,1.0,-0.6666666666666667,0.5,0.7,-0.19999999999999996,-0.19999999999999996,0.4,0,0,bowl,0.5158730158730159,0.4645669291338583,171.45669291338584,0.5354330708661418,126,0.6170212765957447,0.47368421052631576,17,0,0.0,0.0,0.0,0.0,0.0,0.0,1,1,0.562962962962963,0.528,0.03496296296296297,0.562962962962963,0.0,0.562962962962963,1,1,0.5354330708661418,4,0,0.5538461538461539,0.5538461538461539,0.4482758620689655,0.5416666666666666
b481f31f-5ad7-4218-8a6e-16fc34d38048,,2026,2026-04-17,"Narendra Modi Stadium, Ahmedabad",,Kolkata Knight Riders,Gujarat Titans,Gujarat Titans,0,1492.4383865815682,1546.5899232308943,-54.15153664932609,0.0,0.2,-0.2,0.0,0.3333333333333333,-0.3333333333333333,0.3,0.5,-0.2,-0.08,0.25,1,1,bat,0.45454545454545453,0.4888888888888889,180.37777777777777,0.5111111111111111,44,0.5,0.5652173913043478,18,0,0.0,0.0,0.0,0.0,0.0,0.0,0,0,0.5755395683453237,0.6470588235294118,-0.07151925518408808,0.0,0.6470588235294118,-0.6470588235294118,1,0,0.48888888888888893,4,0,0.75,0.25,0.4166666666666667,0.46875
ipl2026_20260418,,2026,2026-04-18,"M Chinnaswamy Stadium, Bengaluru",,Royal Challengers Bengaluru,Delhi Capitals,Delhi Capitals,0,1601.0895356118554,1530.0939884202287,70.99554719162666,0.8,0.6,0.20000000000000007,0.6666666666666666,0.6666666666666666,0.0,0.8,0.4,0.4,0.22999999999999987,0.6,0,0,bowl,0.5463917525773195,0.4387755102040816,172.25510204081633,0.5612244897959183,97,0.5106382978723404,0.4166666666666667,19,0,0.0,0.0,0.0,0.0,0.0,0.0,1,1,0.5413533834586466,0.49324324324324326,0.04811014021540333,0.5413533834586466,0.0,0.5413533834586466,1,1,0.5612244897959183,4,0,0.5102040816326531,0.5102040816326531,0.5463917525773195,0.5465116279069767
c5bf2a95-1855-463d-accf-9c1db88418cd,,2026,2026-04-18,"Rajiv Gandhi Intl Stadium, Hyderabad",,Sunrisers Hyderabad,Chennai Super Kings,Sunrisers Hyderabad,1,1463.1318780770853,1482.6076005608238,-19.475722483738537,0.4,0.6,-0.19999999999999996,0.0,0.6666666666666666,-0.6666666666666666,0.4,0.4,0.0,0.050000000000000044,0.4,0,0,bowl,0.3780487804878049,0.42168674698795183,165.19277108433735,0.5783132530120482,82,0.5061728395061729,0.42857142857142855,20,0,0.0,0.0,0.0,0.0,0.0,0.0,1,1,0.4566929133858268,0.6134453781512605,-0.15675246476543375,0.4566929133858268,0.0,0.4566929133858268,1,1,0.5783132530120482,4,0,0.5526315789473685,0.5526315789473685,0.2777777777777778,0.45652173913043476
fb4d7e4a-c420-45f2-9f2f-d45ce094efbc,,2026,2026-04-19,"Eden Gardens, Kolkata",,Rajasthan Royals,Kolkata Knight Riders,Kolkata Knight Riders,0,1499.158460910615,1482.293715122642,16.864745787973106,0.6,0.0,0.6,1.0,0.0,1.0,0.4,0.2,0.2,0.4,0.4,1,1,bat,0.52,0.42,168.4,0.58,100,0.3076923076923077,0.5684210526315789,21,0,0.0,0.0,0.0,0.0,0.0,0.0,0,0,0.5476190476190477,0.5755395683453237,-0.027920520726276044,0.0,0.5755395683453237,-0.5755395683453237,1,0,0.42000000000000004,4,0,0.6415094339622641,0.3584905660377359,0.40625,0.5671641791044776
ipl2026_20260421,,2026,2026-04-21,"Rajiv Gandhi Intl Stadium, Hyderabad",,Sunrisers Hyderabad,Delhi Capitals,Sunrisers Hyderabad,1,1475.8038420257628,1544.5125187745618,-68.70867674879901,0.4,0.8,-0.4,0.3333333333333333,0.6666666666666666,-0.3333333333333333,0.5,0.5,0.0,-0.45,0.4,0,0,bowl,0.37349397590361444,0.42857142857142855,165.53571428571428,0.5714285714285714,83,0.5121951219512195,0.6666666666666666,22,0,0.0,0.0,0.0,0.0,0.0,0.0,1,1,0.4609375,0.49324324324324326,-0.03230574324324326,0.4609375,0.0,0.4609375,1,1,0.5714285714285714,4,0,0.5384615384615384,0.5384615384615384,0.2777777777777778,0.45652173913043476
151878,,2026,2026-04-23,"Wankhede Stadium, Mumbai",,Chennai Super Kings,Mumbai Indians,Chennai Super Kings,1,1469.9356366121463,1495.5993395230537,-25.663702910907432,0.4,0.2,0.2,0.6666666666666666,0.0,0.6666666666666666,0.4,0.4,0.0,0.07,0.6,1,1,bat,0.5196850393700787,0.4609375,171.640625,0.5390625,127,0.5,0.6105263157894737,23,0,0.0,0.0,0.0,0.0,0.0,0.0,0,0,0.6134453781512605,0.5588235294117647,0.054621848739495826,0.0,0.5588235294117647,-0.5588235294117647,1,0,0.4609375,4,0,0.5606060606060606,0.43939393939393945,0.4482758620689655,0.5416666666666666
151889,,2026,2026-04-24,"M Chinnaswamy Stadium, Bengaluru",,Gujarat Titans,Royal Challengers Bengaluru,Royal Challengers Bengaluru,0,1556.7345946898206,1586.6710052575222,-29.936410567701614,0.4,0.6,-0.19999999999999996,0.6666666666666666,0.6666666666666666,0.0,0.5,0.7,-0.19999999999999996,-0.47000000000000003,0.5,1,1,bat,0.5510204081632653,0.43434343434343436,172.2828282828283,0.5656565656565656,98,0.6666666666666666,0.5052631578947369,24,0,0.0,0.0,0.0,0.0,0.0,0.0,0,0,0.6571428571428571,0.5373134328358209,0.11982942430703625,0.0,0.5373134328358209,-0.5373134328358209,1,0,0.43434343434343436,4,0,0.52,0.48,0.5510204081632653,0.5465116279069767
7bd928c0-1961-4fb5-a7a7-acd61c4a1586,,2026,2026-04-25,"Arun Jaitley Stadium, Delhi",,Delhi Capitals,Kings XI Punjab,Kings XI Punjab,0,1530.1698652846164,1561.3311961860425,-31.161330901426027,0.6,0.8,-0.20000000000000007,0.3333333333333333,1.0,-0.6666666666666667,0.4,0.7,-0.29999999999999993,0.06999999999999995,0.7,1,1,bat,0.5157894736842106,0.4845360824742268,172.8659793814433,0.5154639175257731,95,0.4482758620689655,0.5,25,0,0.0,0.0,0.0,0.0,0.0,0.0,0,0,0.49324324324324326,0.528,-0.03475675675675677,0.0,0.528,-0.528,1,0,0.48453608247422686,4,0,0.46,0.54,0.5,0.5172413793103449
3d5968a6-4851-410c-b66a-811b92406933,,2026,2026-04-25,"Sawai Mansingh Stadium, Jaipur",,Rajasthan Royals,Sunrisers Hyderabad,Sunrisers Hyderabad,0,1486.5764302807447,1490.1464955157082,-3.570065234963522,0.6,0.4,0.19999999999999996,0.6666666666666666,0.6666666666666666,0.0,0.4,0.6,-0.19999999999999996,0.37000000000000005,0.4,0,0,bowl,0.5625,0.359375,165.53125,0.640625,64,0.6129032258064516,0.3333333333333333,26,0,0.0,0.0,0.0,0.0,0.0,0.0,1,1,0.5476190476190477,0.46511627906976744,0.08250276854928024,0.5476190476190477,0.0,0.5476190476190477,0,0,0.640625,4,0,0.6857142857142857,0.6857142857142857,0.4074074074074074,0.6756756756756757
