season,bowler,bowl_balls,bowl_runs,bowl_wkts,economy,wkts_per_6,econ_score,wkt_score,bowl_score
2008,A Kumble,236,314,8,7.983050847457627,0.2033898305084746,0.3361581920903955,0.1016949152542373,21.89265536723164
2008,A Mishra,123,140,11,6.829268292682927,0.5365853658536586,0.5284552845528455,0.2682926829268293,39.83739837398374
2008,A Nehra,280,357,14,7.6499999999999995,0.30000000000000004,0.3916666666666668,0.15000000000000002,27.083333333333336
2008,A Nel,18,31,1,10.333333333333334,0.3333333333333333,0.0,0.16666666666666666,8.333333333333332
2008,A Symonds,44,106,0,14.454545454545455,0.0,0.0,0.0,0.0
2008,AA Noffke,25,41,1,9.84,0.24,0.02666666666666669,0.12,7.333333333333335
2008,AB Agarkar,168,211,8,7.535714285714286,0.2857142857142857,0.41071428571428575,0.14285714285714285,27.67857142857143
2008,AB Dinda,245,266,11,6.514285714285714,0.2693877551020408,0.580952380952381,0.1346938775510204,35.78231292517007
2008,AD Mascarenhas,25,31,2,7.4399999999999995,0.48,0.42666666666666675,0.24,33.333333333333336
2008,AM Nayar,43,69,1,9.627906976744185,0.13953488372093023,0.0620155038759691,0.06976744186046512,6.589147286821712
2008,Abdur Razzak,14,29,0,12.42857142857143,0.0,0.0,0.0,0.0
2008,B Akhil,105,138,3,7.885714285714286,0.17142857142857143,0.3523809523809523,0.08571428571428572,21.904761904761898
2008,B Geeves,49,91,2,11.142857142857142,0.24489795918367346,0.0,0.12244897959183673,6.122448979591836
2008,B Lee,99,118,5,7.1515151515151505,0.30303030303030304,0.4747474747474749,0.15151515151515152,31.313131313131322
2008,BAW Mendis,24,24,1,6.0,0.25,0.6666666666666666,0.125,39.58333333333333
2008,CK Kapugedera,17,49,0,17.294117647058822,0.0,0.0,0.0,0.0
2008,CRD Fernando,128,164,12,7.6875,0.5625,0.3854166666666667,0.28125,33.333333333333336
2008,D Kalyankrishna,50,88,2,10.56,0.24,0.0,0.12,6.0
2008,D Salunkhe,51,80,1,9.411764705882353,0.11764705882352941,0.09803921568627445,0.058823529411764705,7.843137254901958
2008,DB Ravi Teja,12,19,1,9.5,0.5,0.08333333333333333,0.25,16.666666666666664
2008,DJ Bravo,181,239,11,7.922651933701658,0.3646408839779005,0.34622467771639026,0.18232044198895025,26.427255985267028
2008,DJ Hussey,79,134,3,10.177215189873417,0.22784810126582278,0.0,0.11392405063291139,5.69620253164557
2008,DJ Thornely,44,40,3,5.454545454545454,0.40909090909090906,0.7575757575757577,0.20454545454545453,48.10606060606061
2008,DL Vettori,48,54,2,6.75,0.25,0.5416666666666666,0.125,33.33333333333333
2008,DNT Zoysa,69,100,2,8.695652173913043,0.17391304347826086,0.21739130434782616,0.08695652173913043,15.21739130434783
2008,DP Vijaykumar,159,205,4,7.735849056603773,0.15094339622641512,0.3773584905660378,0.07547169811320756,22.64150943396227
2008,DR Smith,69,83,5,7.217391304347826,0.4347826086956522,0.463768115942029,0.2173913043478261,34.05797101449276
2008,DS Kulkarni,193,242,13,7.523316062176166,0.40414507772020725,0.41278065630397237,0.20207253886010362,30.7426597582038
2008,DW Steyn,247,265,13,6.437246963562753,0.3157894736842105,0.5937921727395411,0.15789473684210525,37.584345479082316
2008,GD McGrath,329,366,14,6.674772036474164,0.2553191489361702,0.5542046605876393,0.1276595744680851,34.09321175278622
2008,Gagandeep Singh,84,142,3,10.142857142857142,0.21428571428571427,0.0,0.10714285714285714,5.357142857142857
2008,Harbhajan Singh,62,84,6,8.129032258064516,0.5806451612903225,0.3118279569892473,0.29032258064516125,30.107526881720425
2008,I Sharma,266,348,7,7.849624060150376,0.15789473684210525,0.3583959899749374,0.07894736842105263,21.867167919799503
2008,IK Pathan,336,361,20,6.446428571428571,0.3571428571428571,0.5922619047619048,0.17857142857142855,38.541666666666664
2008,Iqbal Abdulla,18,22,1,7.333333333333334,0.3333333333333333,0.44444444444444436,0.16666666666666666,30.555555555555554
2008,JA Morkel,310,414,20,8.01290322580645,0.3870967741935484,0.3311827956989249,0.1935483870967742,26.236559139784955
2008,JDP Oram,100,149,6,8.94,0.36,0.17666666666666675,0.18,17.833333333333336
2008,JH Kallis,211,322,4,9.156398104265403,0.1137440758293839,0.1406003159557662,0.05687203791469195,9.873617693522906
2008,JR Hopes,171,285,7,10.0,0.24561403508771928,0.0,0.12280701754385964,6.140350877192982
2008,Joginder Sharma,158,241,9,9.151898734177214,0.34177215189873417,0.1413502109704643,0.17088607594936708,15.61181434599157
2008,K Goel,12,25,0,12.5,0.0,0.0,0.0,0.0
2008,L Balaji,205,293,11,8.57560975609756,0.32195121951219513,0.23739837398374006,0.16097560975609757,19.91869918699188
2008,LR Shukla,78,126,6,9.692307692307693,0.46153846153846156,0.0512820512820511,0.23076923076923078,14.102564102564093
2008,M Kartik,89,132,5,8.898876404494382,0.33707865168539325,0.18352059925093625,0.16853932584269662,17.602996254681642
2008,M Muralitharan,369,416,11,6.764227642276422,0.17886178861788618,0.5392953929539296,0.08943089430894309,31.436314363143637
2008,M Ntini,213,257,8,7.23943661971831,0.22535211267605634,0.460093896713615,0.11267605633802817,28.638497652582156
2008,MA Khote,30,52,2,10.4,0.4,0.0,0.2,10.0
2008,MF Maharoof,226,255,19,6.76991150442478,0.504424778761062,0.5383480825958701,0.252212389380531,39.52802359882005
2008,MM Patel,336,423,16,7.553571428571429,0.2857142857142857,0.4077380952380952,0.14285714285714285,27.5297619047619
2008,MS Gony,371,456,18,7.374663072776281,0.2911051212938005,0.4375561545372865,0.14555256064690025,29.155435759209336
2008,Mohammad Asif,199,307,9,9.256281407035175,0.271356783919598,0.12395309882747085,0.135678391959799,12.981574539363494
2008,Mohammad Hafeez,63,71,2,6.761904761904762,0.19047619047619047,0.5396825396825397,0.09523809523809523,31.746031746031743
2008,P Amarnath,132,241,7,10.954545454545453,0.3181818181818182,0.0,0.1590909090909091,7.954545454545454
2008,P Kumar,275,376,12,8.203636363636363,0.26181818181818184,0.2993939393939395,0.13090909090909092,21.51515151515152
2008,PJ Sangwan,155,221,7,8.55483870967742,0.27096774193548384,0.24086021505376345,0.13548387096774192,18.817204301075268
2008,PM Sarvesh Kumar,31,42,1,8.129032258064516,0.1935483870967742,0.3118279569892473,0.0967741935483871,20.43010752688172
2008,PP Chawla,286,396,19,8.307692307692307,0.3986013986013986,0.2820512820512822,0.1993006993006993,24.067599067599076
2008,PP Ojha,236,299,11,7.601694915254237,0.2796610169491526,0.39971751412429385,0.1398305084745763,26.977401129943505
2008,Pankaj Singh,76,129,0,10.18421052631579,0.0,0.0,0.0,0.0
2008,R Bhatia,134,185,9,8.28358208955224,0.40298507462686567,0.2860696517412933,0.20149253731343283,24.378109452736307
2008,R Vinay Kumar,141,183,7,7.787234042553191,0.2978723404255319,0.36879432624113484,0.14893617021276595,25.88652482269504
2008,RA Jadeja,13,21,1,9.692307692307693,0.46153846153846156,0.0512820512820511,0.23076923076923078,14.102564102564093
2008,RG Sharma,25,26,1,6.24,0.24,0.6266666666666666,0.12,37.33333333333333
2008,RP Singh,325,459,17,8.473846153846154,0.31384615384615383,0.2543589743589744,0.15692307692307692,20.564102564102566
2008,RR Powar,77,93,3,7.246753246753247,0.23376623376623376,0.4588744588744588,0.11688311688311688,28.787878787878785
2008,RR Raje,102,142,6,8.352941176470587,0.3529411764705882,0.2745098039215688,0.1764705882352941,22.549019607843146
2008,S Sreesanth,332,451,19,8.150602409638555,0.3433734939759036,0.30823293172690747,0.1716867469879518,23.995983935742967
2008,S Vidyut,13,22,1,10.153846153846153,0.46153846153846156,0.0,0.23076923076923078,11.538461538461538
2008,SB Bangar,153,221,6,8.666666666666666,0.23529411764705882,0.22222222222222232,0.11764705882352941,16.99346405228759
2008,SB Joshi,55,82,1,8.945454545454545,0.10909090909090909,0.17575757575757578,0.05454545454545454,11.515151515151516
2008,SB Styris,167,201,4,7.221556886227545,0.14371257485029942,0.46307385229540915,0.07185628742514971,26.74650698602794
2008,SC Ganguly,121,132,7,6.545454545454545,0.34710743801652894,0.5757575757575758,0.17355371900826447,37.46556473829201
2008,SD Chitnis,38,62,2,9.789473684210526,0.3157894736842105,0.03508771929824572,0.15789473684210525,9.649122807017548
2008,SK Raina,20,30,2,9.0,0.6000000000000001,0.16666666666666666,0.30000000000000004,23.333333333333332
2008,SK Trivedi,300,407,15,8.14,0.30000000000000004,0.3099999999999999,0.15000000000000002,22.999999999999996
2008,SK Warne,319,409,20,7.692789968652037,0.37617554858934166,0.3845350052246605,0.18808777429467083,28.631138975966564
2008,SM Pollock,280,307,13,6.578571428571429,0.2785714285714286,0.5702380952380951,0.1392857142857143,35.476190476190474
2008,SR Watson,344,395,20,6.8895348837209305,0.3488372093023256,0.5184108527131782,0.1744186046511628,34.64147286821705
2008,ST Jayasuriya,127,163,5,7.700787401574803,0.23622047244094488,0.3832020997375329,0.11811023622047244,25.065616797900265
2008,Shahid Afridi,185,237,9,7.686486486486487,0.2918918918918919,0.3855855855855855,0.14594594594594595,26.57657657657657
2008,Shoaib Akhtar,46,54,5,7.043478260869566,0.6521739130434783,0.4927536231884056,0.32608695652173914,40.94202898550724
2008,Shoaib Malik,58,87,2,9.0,0.20689655172413793,0.16666666666666666,0.10344827586206896,13.505747126436782
2008,Sohail Tanvir,265,275,24,6.226415094339623,0.5433962264150943,0.6289308176100629,0.27169811320754716,45.0314465408805
2008,Umar Gul,153,198,14,7.764705882352942,0.5490196078431372,0.372549019607843,0.2745098039215686,32.35294117647058
2008,V Kohli,49,62,2,7.591836734693878,0.24489795918367346,0.401360544217687,0.12244897959183673,26.190476190476186
2008,V Sehwag,67,134,3,12.0,0.26865671641791045,0.0,0.13432835820895522,6.7164179104477615
2008,VRV Singh,296,425,15,8.614864864864865,0.30405405405405406,0.23085585585585586,0.15202702702702703,19.144144144144143
2008,VS Yeligati,32,61,0,11.4375,0.0,0.0,0.0,0.0
2008,VY Mahesh,266,380,17,8.571428571428571,0.38345864661654133,0.23809523809523814,0.19172932330827067,21.49122807017544
2008,WA Mota,20,36,1,10.8,0.30000000000000004,0.0,0.15000000000000002,7.500000000000001
2008,WPUJC Vaas,103,146,6,8.504854368932039,0.34951456310679613,0.2491909385113269,0.17475728155339806,21.19741100323625
2008,Y Venugopal Rao,88,137,3,9.340909090909092,0.20454545454545453,0.10984848484848471,0.10227272727272727,10.6060606060606
2008,YK Pathan,170,233,10,8.223529411764705,0.3529411764705882,0.29607843137254913,0.1764705882352941,23.62745098039216
2008,Yuvraj Singh,56,85,3,9.107142857142858,0.3214285714285714,0.14880952380952372,0.1607142857142857,15.476190476190471
2008,Z Khan,258,369,15,8.58139534883721,0.3488372093023256,0.23643410852713162,0.1744186046511628,20.54263565891472
2009,A Flintoff,66,106,2,9.636363636363637,0.18181818181818182,0.06060606060606055,0.09090909090909091,7.5757575757575735
2009,A Kumble,358,353,22,5.916201117318436,0.3687150837988827,0.680633147113594,0.18435754189944134,43.249534450651765
2009,A Mishra,262,300,14,6.870229007633587,0.32061068702290074,0.5216284987277354,0.16030534351145037,34.09669211195929
2009,A Mithun,27,42,0,9.333333333333334,0.0,0.11111111111111101,0.0,5.55555555555555
2009,A Nehra,326,354,22,6.515337423312883,0.4049079754601227,0.5807770961145194,0.20245398773006135,39.16155419222904
2009,A Singh,107,100,9,5.607476635514018,0.5046728971962616,0.7320872274143303,0.2523364485981308,49.22118380062306
2009,A Symonds,147,162,9,6.612244897959183,0.36734693877551017,0.5646258503401361,0.18367346938775508,37.41496598639456
2009,AB Agarkar,199,293,8,8.834170854271356,0.24120603015075376,0.19430485762144065,0.12060301507537688,15.745393634840877
2009,AB Dinda,150,195,6,7.800000000000001,0.24,0.36666666666666653,0.12,24.333333333333325
2009,AB McDonald,18,22,0,7.333333333333334,0.0,0.44444444444444436,0.0,22.222222222222218
2009,AD Mascarenhas,116,133,6,6.879310344827586,0.3103448275862069,0.5201149425287356,0.15517241379310345,33.76436781609195
2009,AD Mathews,15,32,0,12.8,0.0,0.0,0.0,0.0
2009,AM Nayar,77,84,4,6.545454545454545,0.3116883116883117,0.5757575757575758,0.15584415584415584,36.58008658008658
2009,AM Salvi,106,138,4,7.811320754716981,0.22641509433962265,0.36477987421383656,0.11320754716981132,23.899371069182397
2009,AS Raut,24,37,0,9.25,0.0,0.125,0.0,6.25
2009,Anureet Singh,34,47,2,8.294117647058822,0.3529411764705882,0.28431372549019623,0.1764705882352941,23.039215686274517
2009,B Akhil,69,80,4,6.9565217391304355,0.34782608695652173,0.5072463768115941,0.17391304347826086,34.05797101449275
2009,B Lee,133,113,6,5.097744360902256,0.2706766917293233,0.8170426065162907,0.13533834586466165,47.61904761904761
2009,BAW Mendis,98,118,4,7.224489795918368,0.24489795918367346,0.46258503401360535,0.12244897959183673,29.2517006802721
2009,BJ Hodge,123,167,7,8.146341463414634,0.3414634146341463,0.30894308943089427,0.17073170731707316,23.98373983739837
2009,C Nanda,50,58,2,6.959999999999999,0.24,0.5066666666666668,0.12,31.33333333333334
2009,CH Gayle,119,146,1,7.3613445378151265,0.05042016806722689,0.4397759103641456,0.025210084033613446,23.249299719887954
2009,CK Langeveldt,25,15,3,3.5999999999999996,0.72,1.0,0.36,68.0
2009,D du Preez,43,56,4,7.813953488372094,0.5581395348837209,0.36434108527131776,0.27906976744186046,32.17054263565891
2009,DJ Bravo,211,265,14,7.535545023696683,0.3981042654028436,0.41074249605055285,0.1990521327014218,30.48973143759873
2009,DJ Hussey,25,34,1,8.16,0.24,0.30666666666666664,0.12,21.333333333333332
2009,DL Vettori,141,186,10,7.914893617021276,0.4255319148936171,0.347517730496454,0.21276595744680854,28.014184397163127
2009,DP Nannes,320,384,20,7.199999999999999,0.375,0.4666666666666668,0.1875,32.70833333333334
2009,DR Smith,85,128,1,9.035294117647059,0.07058823529411765,0.1607843137254902,0.03529411764705882,9.803921568627452
2009,DS Kulkarni,160,209,5,7.8374999999999995,0.1875,0.3604166666666668,0.09375,22.70833333333334
2009,DW Steyn,59,62,3,6.305084745762713,0.3050847457627119,0.6158192090395479,0.15254237288135594,38.41807909604519
2009,FH Edwards,150,160,6,6.4,0.24,0.6,0.12,36.0
2009,GR Napier,24,28,1,7.0,0.25,0.5,0.125,31.25
2009,Harbhajan Singh,268,272,13,6.08955223880597,0.291044776119403,0.6517412935323383,0.1455223880597015,39.86318407960199
2009,Harmeet Singh,142,198,4,8.366197183098592,0.16901408450704225,0.272300469483568,0.08450704225352113,17.840375586854456
2009,I Sharma,270,303,11,6.733333333333333,0.24444444444444446,0.5444444444444444,0.12222222222222223,33.33333333333333
2009,IK Pathan,314,398,20,7.6050955414012735,0.3821656050955414,0.39915074309978776,0.1910828025477707,29.511677282377924
2009,J Botha,75,76,5,6.08,0.4,0.6533333333333333,0.2,42.666666666666664
2009,JA Morkel,249,330,15,7.951807228915663,0.3614457831325301,0.34136546184738953,0.18072289156626506,26.10441767068273
2009,JD Ryder,104,121,5,6.980769230769232,0.2884615384615385,0.5032051282051281,0.14423076923076925,32.37179487179487
2009,JDP Oram,94,139,6,8.872340425531915,0.3829787234042553,0.1879432624113475,0.19148936170212766,18.97163120567376
2009,JH Kallis,289,362,7,7.515570934256056,0.1453287197231834,0.41407151095732403,0.0726643598615917,24.336793540945788
2009,JP Duminy,107,96,4,5.383177570093458,0.22429906542056072,0.7694704049844238,0.11214953271028036,44.08099688473521
2009,Jaskaran Singh,19,32,0,10.105263157894736,0.0,0.0,0.0,0.0
2009,Joginder Sharma,43,57,2,7.953488372093023,0.27906976744186046,0.34108527131782945,0.13953488372093023,24.031007751937985
2009,K Goel,49,62,0,7.591836734693878,0.0,0.401360544217687,0.0,20.068027210884352
2009,KP Appanna,72,91,2,7.583333333333333,0.16666666666666666,0.40277777777777785,0.08333333333333333,24.305555555555557
2009,KP Pietersen,80,88,5,6.6000000000000005,0.375,0.5666666666666665,0.1875,37.70833333333333
2009,Kamran Khan,114,133,9,7.0,0.47368421052631576,0.5,0.23684210526315788,36.84210526315789
2009,L Balaji,229,320,14,8.384279475982533,0.3668122270742358,0.2692867540029112,0.1834061135371179,22.634643377001453
2009,LR Shukla,88,102,5,6.954545454545455,0.3409090909090909,0.5075757575757575,0.17045454545454544,33.90151515151514
2009,M Kartik,210,207,5,5.914285714285715,0.14285714285714285,0.6809523809523809,0.07142857142857142,37.61904761904761
2009,M Morkel,44,40,1,5.454545454545454,0.13636363636363635,0.7575757575757577,0.06818181818181818,41.287878787878796
2009,M Muralitharan,304,267,16,5.269736842105263,0.3157894736842105,0.7883771929824562,0.15789473684210525,47.31359649122807
2009,MC Henriques,76,107,2,8.447368421052632,0.15789473684210525,0.2587719298245614,0.07894736842105263,16.8859649122807
2009,MF Maharoof,66,67,4,6.090909090909091,0.36363636363636365,0.6515151515151515,0.18181818181818182,41.666666666666664
2009,MM Patel,218,245,18,6.7431192660550465,0.4954128440366973,0.5428134556574923,0.24770642201834864,39.52599388379204
2009,MS Gony,107,173,5,9.700934579439252,0.2803738317757009,0.049844236760124616,0.14018691588785046,9.501557632398754
2009,Mashrafe Mortaza,28,59,1,12.642857142857142,0.21428571428571427,0.0,0.10714285714285714,5.357142857142857
2009,P Kumar,312,401,16,7.711538461538462,0.3076923076923077,0.3814102564102564,0.15384615384615385,26.76282051282051
2009,PJ Sangwan,297,374,18,7.555555555555555,0.36363636363636365,0.40740740740740744,0.18181818181818182,29.461279461279467
2009,PP Chawla,273,319,12,7.010989010989011,0.26373626373626374,0.4981684981684982,0.13186813186813187,31.5018315018315
2009,PP Ojha,327,359,21,6.587155963302752,0.3853211009174312,0.5688073394495413,0.1926605504587156,38.07339449541285
2009,Pankaj Singh,45,65,2,8.666666666666666,0.26666666666666666,0.22222222222222232,0.13333333333333333,17.777777777777782
2009,R Ashwin,24,14,2,3.5,0.5,1.0,0.25,62.5
2009,R Bhatia,133,153,11,6.902255639097744,0.49624060150375937,0.5162907268170427,0.24812030075187969,38.220551378446125
2009,R Vinay Kumar,199,273,9,8.231155778894472,0.271356783919598,0.2948073701842547,0.135678391959799,21.524288107202683
2009,RA Jadeja,144,156,6,6.5,0.25,0.5833333333333334,0.125,35.41666666666667
2009,RE van der Merwe,209,263,9,7.55023923444976,0.2583732057416268,0.40829346092503993,0.1291866028708134,26.874003189792667
2009,RG Sharma,140,163,12,6.985714285714286,0.5142857142857142,0.5023809523809524,0.2571428571428571,37.976190476190474
2009,RJ Harris,192,235,6,7.34375,0.1875,0.4427083333333333,0.09375,26.822916666666664
2009,RP Singh,382,430,26,6.7539267015706805,0.4083769633507853,0.5410122164048866,0.20418848167539266,37.26003490401396
2009,RR Bose,12,24,0,12.0,0.0,0.0,0.0,0.0
2009,RR Powar,132,138,6,6.2727272727272725,0.2727272727272727,0.6212121212121212,0.13636363636363635,37.878787878787875
2009,RR Raje,42,72,1,10.285714285714285,0.14285714285714285,0.0,0.07142857142857142,3.571428571428571
2009,S Sreesanth,145,196,6,8.110344827586207,0.2482758620689655,0.31494252873563217,0.12413793103448276,21.954022988505745
2009,S Tyagi,118,143,5,7.271186440677967,0.2542372881355932,0.45480225988700546,0.1271186440677966,29.096045197740107
2009,SB Jakati,175,225,13,7.714285714285715,0.44571428571428573,0.38095238095238076,0.22285714285714286,30.19047619047618
2009,SB Styris,49,64,5,7.836734693877551,0.6122448979591837,0.36054421768707484,0.30612244897959184,33.333333333333336
2009,SC Ganguly,73,98,2,8.054794520547945,0.1643835616438356,0.3242009132420091,0.0821917808219178,20.319634703196346
2009,SK Raina,167,169,8,6.071856287425151,0.28742514970059885,0.6546906187624749,0.14371257485029942,39.92015968063872
2009,SK Trivedi,123,152,6,7.414634146341464,0.29268292682926833,0.4308943089430894,0.14634146341463417,28.861788617886177
2009,SK Warne,313,369,14,7.073482428115017,0.268370607028754,0.48775292864749725,0.134185303514377,31.096911608093713
2009,SL Malinga,326,334,21,6.147239263803682,0.38650306748466257,0.642126789366053,0.19325153374233128,41.76891615541922
2009,SM Harwood,67,74,3,6.6268656716417915,0.26865671641791045,0.562189054726368,0.13432835820895522,34.82587064676616
2009,SR Tendulkar,37,59,0,9.567567567567567,0.0,0.07207207207207222,0.0,3.603603603603611
2009,SS Sarkar,25,34,1,8.16,0.24,0.30666666666666664,0.12,21.333333333333332
2009,ST Jayasuriya,119,165,8,8.319327731092436,0.40336134453781514,0.28011204481792734,0.20168067226890757,24.089635854341747
2009,Shoaib Ahmed,103,154,5,8.970873786407767,0.2912621359223301,0.17152103559870557,0.14563106796116504,15.85760517799353
2009,T Henderson,36,41,1,6.833333333333333,0.16666666666666666,0.5277777777777778,0.08333333333333333,30.555555555555557
2009,T Thushara,50,61,3,7.32,0.36,0.4466666666666666,0.18,31.33333333333333
2009,TL Suman,91,108,6,7.1208791208791204,0.39560439560439564,0.4798534798534799,0.19780219780219782,33.88278388278388
2009,TM Dilshan,96,99,0,6.1875,0.0,0.6354166666666666,0.0,31.770833333333332
2009,V Kohli,39,46,0,7.076923076923077,0.0,0.4871794871794872,0.0,24.35897435897436
2009,VRV Singh,54,83,1,9.222222222222221,0.1111111111111111,0.12962962962962976,0.05555555555555555,9.259259259259265
2009,VS Malik,74,100,2,8.108108108108109,0.16216216216216217,0.3153153153153152,0.08108108108108109,19.819819819819813
2009,VY Mahesh,13,25,1,11.538461538461538,0.46153846153846156,0.0,0.23076923076923078,11.538461538461538
2009,WA Mota,55,62,3,6.763636363636364,0.32727272727272727,0.5393939393939394,0.16363636363636364,35.151515151515156
2009,WPUJC Vaas,52,71,5,8.192307692307693,0.576923076923077,0.3012820512820511,0.2884615384615385,29.487179487179482
2009,Y Nagar,13,20,2,9.230769230769232,0.9230769230769231,0.12820512820512805,0.46153846153846156,29.487179487179482
2009,Y Venugopal Rao,92,123,4,8.021739130434781,0.2608695652173913,0.3297101449275364,0.13043478260869565,23.0072463768116
2009,YA Abdulla,180,244,14,8.133333333333333,0.4666666666666667,0.31111111111111117,0.23333333333333334,27.222222222222225
2009,YK Pathan,221,248,7,6.733031674208145,0.19004524886877827,0.5444947209653092,0.09502262443438914,31.975867269984914
2009,Yuvraj Singh,121,142,6,7.041322314049587,0.2975206611570248,0.49311294765840213,0.1487603305785124,32.093663911845724
2009,Z Khan,132,144,7,6.545454545454545,0.3181818181818182,0.5757575757575758,0.1590909090909091,36.74242424242424
2010,A Kumble,389,422,19,6.5089974293059125,0.2930591259640103,0.5818337617823479,0.14652956298200515,36.41816623821765
2010,A Mishra,329,371,20,6.76595744680851,0.364741641337386,0.5390070921985816,0.182370820668693,36.06889564336373
2010,A Mithun,20,39,1,11.7,0.30000000000000004,0.0,0.15000000000000002,7.500000000000001
2010,A Nehra,85,102,6,7.199999999999999,0.4235294117647059,0.4666666666666668,0.21176470588235294,33.92156862745099
2010,A Symonds,325,385,13,7.107692307692307,0.24,0.4820512820512821,0.12,30.102564102564106
2010,A Uniyal,38,67,3,10.578947368421051,0.47368421052631576,0.0,0.23684210526315788,11.842105263157894
2010,AA Jhunjhunwala,39,69,0,10.615384615384615,0.0,0.0,0.0,0.0
2010,AB Agarkar,136,207,4,9.132352941176471,0.1764705882352941,0.14460784313725483,0.08823529411764705,11.642156862745095
2010,AB Dinda,144,155,12,6.458333333333333,0.5,0.5902777777777778,0.25,42.01388888888889
2010,AB McDonald,85,138,8,9.741176470588236,0.5647058823529412,0.04313725490196063,0.2823529411764706,16.27450980392156
2010,AC Voges,56,76,1,8.142857142857142,0.10714285714285714,0.3095238095238096,0.05357142857142857,18.154761904761905
2010,AD Mascarenhas,48,66,4,8.25,0.5,0.2916666666666667,0.25,27.083333333333336
2010,AD Mathews,230,317,8,8.269565217391305,0.20869565217391306,0.28840579710144915,0.10434782608695653,19.637681159420282
2010,AG Murtaza,73,93,4,7.643835616438356,0.3287671232876712,0.39269406392694073,0.1643835616438356,27.853881278538818
2010,AN Ahmed,14,26,0,11.142857142857142,0.0,0.0,0.0,0.0
2010,AP Dole,73,114,5,9.36986301369863,0.410958904109589,0.10502283105022829,0.2054794520547945,15.52511415525114
2010,B Lee,91,154,0,10.153846153846153,0.0,0.0,0.0,0.0
2010,BAW Mendis,50,68,2,8.16,0.24,0.30666666666666664,0.12,21.333333333333332
2010,BJ Hodge,30,41,2,8.2,0.4,0.3000000000000001,0.2,25.000000000000007
2010,Bipul Sharma,60,94,4,9.4,0.4,0.09999999999999994,0.2,14.999999999999996
2010,CH Gayle,102,153,4,9.0,0.23529411764705882,0.16666666666666666,0.11764705882352941,14.215686274509803
2010,CK Langeveldt,70,92,5,7.885714285714286,0.42857142857142855,0.3523809523809523,0.21428571428571427,28.33333333333333
2010,CRD Fernando,121,142,7,7.041322314049587,0.34710743801652894,0.49311294765840213,0.17355371900826447,33.33333333333333
2010,DE Bollinger,193,213,13,6.621761658031088,0.40414507772020725,0.5630397236614854,0.20207253886010362,38.255613126079446
2010,DJ Bravo,162,231,5,8.555555555555555,0.18518518518518517,0.24074074074074078,0.09259259259259259,16.666666666666668
2010,DJ Hussey,60,81,0,8.100000000000001,0.0,0.31666666666666643,0.0,15.833333333333321
2010,DL Vettori,72,98,3,8.166666666666668,0.25,0.30555555555555536,0.125,21.527777777777768
2010,DP Nannes,218,235,11,6.467889908256881,0.30275229357798167,0.5886850152905199,0.15137614678899083,37.00305810397553
2010,DR Smith,23,36,1,9.391304347826088,0.2608695652173913,0.1014492753623187,0.13043478260869565,11.594202898550718
2010,DS Kulkarni,25,40,1,9.600000000000001,0.24,0.06666666666666643,0.12,9.333333333333321
2010,DW Steyn,382,415,17,6.518324607329843,0.2670157068062827,0.5802792321116929,0.13350785340314136,35.689354275741714
2010,FY Fazal,12,20,1,10.0,0.5,0.0,0.25,12.5
2010,Harbhajan Singh,334,385,20,6.916167664670658,0.3592814371257485,0.5139720558882237,0.17964071856287425,34.680638722554896
2010,Harmeet Singh,151,177,10,7.033112582781457,0.3973509933774835,0.49448123620309054,0.19867549668874174,34.65783664459161
2010,I Sharma,160,242,7,9.075,0.26249999999999996,0.15416666666666679,0.13124999999999998,14.270833333333337
2010,IK Pathan,290,435,17,9.0,0.35172413793103446,0.16666666666666666,0.17586206896551723,17.126436781609193
2010,Iqbal Abdulla,51,62,2,7.2941176470588225,0.23529411764705882,0.4509803921568629,0.11764705882352941,28.431372549019617
2010,J Theron,153,195,7,7.647058823529411,0.2745098039215686,0.39215686274509814,0.1372549019607843,26.470588235294123
2010,JA Morkel,295,410,14,8.338983050847459,0.2847457627118644,0.27683615819209023,0.1423728813559322,20.960451977401124
2010,JD Unadkat,62,85,4,8.225806451612902,0.3870967741935484,0.295698924731183,0.1935483870967742,24.46236559139786
2010,JH Kallis,350,484,15,8.297142857142857,0.2571428571428571,0.2838095238095238,0.12857142857142856,20.619047619047617
2010,JM Kemp,47,58,3,7.404255319148936,0.3829787234042553,0.4326241134751774,0.19148936170212766,31.20567375886525
2010,JP Duminy,33,37,1,6.727272727272727,0.18181818181818182,0.5454545454545455,0.09090909090909091,31.818181818181824
2010,Jaskaran Singh,92,142,6,9.26086956521739,0.3913043478260869,0.12318840579710155,0.19565217391304346,15.94202898550725
2010,Joginder Sharma,51,89,2,10.470588235294118,0.23529411764705882,0.0,0.11764705882352941,5.88235294117647
2010,KA Pollard,233,276,17,7.1072961373390555,0.43776824034334766,0.48211731044349077,0.21888412017167383,35.05007153075823
2010,KAJ Roach,52,80,0,9.230769230769232,0.0,0.12820512820512805,0.0,6.410256410256403
2010,KP Appanna,43,51,3,7.116279069767442,0.41860465116279066,0.48062015503875966,0.20930232558139533,34.496124031007746
2010,KP Pietersen,60,77,3,7.700000000000001,0.30000000000000004,0.38333333333333314,0.15000000000000002,26.66666666666666
2010,Kamran Khan,38,53,4,8.368421052631579,0.631578947368421,0.2719298245614035,0.3157894736842105,29.385964912280706
2010,L Ablish,27,37,5,8.222222222222223,1.1111111111111112,0.2962962962962961,0.5555555555555556,42.59259259259258
2010,L Balaji,147,214,10,8.73469387755102,0.40816326530612246,0.2108843537414966,0.20408163265306123,20.74829931972789
2010,LR Shukla,72,108,3,9.0,0.25,0.16666666666666666,0.125,14.583333333333332
2010,M Kartik,238,261,10,6.57983193277311,0.25210084033613445,0.5700280112044817,0.12605042016806722,34.803921568627445
2010,M Morkel,46,66,0,8.608695652173912,0.0,0.23188405797101463,0.0,11.594202898550732
2010,M Muralitharan,302,346,15,6.874172185430464,0.29801324503311255,0.5209713024282561,0.14900662251655628,33.498896247240616
2010,MB Parmar,19,33,0,10.421052631578949,0.0,0.0,0.0,0.0
2010,MC Henriques,24,35,1,8.75,0.25,0.20833333333333334,0.125,16.666666666666668
2010,MF Maharoof,149,210,10,8.456375838926174,0.40268456375838924,0.2572706935123043,0.20134228187919462,22.930648769574947
2010,MM Patel,78,118,5,9.076923076923077,0.3846153846153846,0.15384615384615388,0.1923076923076923,17.307692307692307
2010,MR Marsh,64,89,2,8.34375,0.1875,0.2760416666666667,0.09375,18.489583333333336
2010,MS Gony,51,92,1,10.823529411764707,0.11764705882352941,0.0,0.058823529411764705,2.941176470588235
2010,ND Doshi,25,17,1,4.08,0.24,0.9866666666666667,0.12,55.333333333333336
2010,P Kumar,288,392,12,8.166666666666668,0.25,0.30555555555555536,0.125,21.527777777777768
2010,PD Collingwood,90,101,5,6.733333333333333,0.3333333333333333,0.5444444444444444,0.16666666666666666,35.55555555555555
2010,PJ Sangwan,199,260,9,7.839195979899499,0.271356783919598,0.36013400335008355,0.135678391959799,24.790619765494128
2010,PP Chawla,296,371,13,7.52027027027027,0.26351351351351354,0.4132882882882883,0.13175675675675677,27.25225225225225
2010,PP Ojha,360,439,22,7.316666666666667,0.36666666666666664,0.44722222222222213,0.18333333333333332,31.52777777777777
2010,Pankaj Singh,51,83,2,9.764705882352942,0.23529411764705882,0.039215686274509665,0.11764705882352941,7.843137254901953
2010,R Ashwin,297,308,14,6.222222222222221,0.2828282828282828,0.6296296296296298,0.1414141414141414,38.55218855218856
2010,R Bhatia,98,136,3,8.326530612244898,0.18367346938775508,0.27891156462585026,0.09183673469387754,18.53741496598639
2010,R McLaren,215,281,5,7.841860465116278,0.13953488372093023,0.35968992248062026,0.06976744186046512,21.47286821705427
2010,R Sathish,51,81,3,9.529411764705882,0.3529411764705882,0.07843137254901962,0.1764705882352941,12.745098039215685
2010,R Sharma,126,170,6,8.095238095238095,0.2857142857142857,0.3174603174603175,0.14285714285714285,23.015873015873016
2010,R Vinay Kumar,284,404,19,8.535211267605634,0.4014084507042253,0.244131455399061,0.20070422535211266,22.24178403755868
2010,RE van der Merwe,27,27,2,6.0,0.4444444444444444,0.6666666666666666,0.2222222222222222,44.44444444444444
2010,RG Sharma,119,159,2,8.016806722689076,0.10084033613445378,0.33053221288515405,0.05042016806722689,19.047619047619047
2010,RJ Harris,195,239,15,7.353846153846154,0.46153846153846156,0.44102564102564096,0.23076923076923078,33.589743589743584
2010,RP Singh,266,385,14,8.68421052631579,0.3157894736842105,0.2192982456140351,0.15789473684210525,18.859649122807017
2010,RR Powar,144,163,4,6.791666666666666,0.16666666666666666,0.5347222222222223,0.08333333333333333,30.902777777777786
2010,RS Bopara,82,132,5,9.658536585365855,0.36585365853658536,0.05691056910569081,0.18292682926829268,11.991869918699175
2010,S Ladda,92,144,4,9.391304347826088,0.2608695652173913,0.1014492753623187,0.13043478260869565,11.594202898550718
2010,S Narwal,99,186,6,11.272727272727273,0.36363636363636365,0.0,0.18181818181818182,9.090909090909092
2010,S Sreesanth,128,191,5,8.953125,0.234375,0.17447916666666666,0.1171875,14.583333333333332
2010,S Sriram,12,24,0,12.0,0.0,0.0,0.0,0.0
2010,S Tyagi,102,161,1,9.470588235294118,0.058823529411764705,0.08823529411764704,0.029411764705882353,5.882352941176469
2010,SB Jakati,232,300,15,7.758620689655173,0.3879310344827587,0.3735632183908046,0.19396551724137934,28.376436781609193
2010,SC Ganguly,25,43,0,10.32,0.0,0.0,0.0,0.0
2010,SE Bond,191,225,9,7.068062827225131,0.28272251308900526,0.4886561954624781,0.14136125654450263,31.50087260034904
2010,SJ Srivastava,178,257,6,8.662921348314608,0.20224719101123595,0.2228464419475653,0.10112359550561797,16.198501872659165
2010,SK Raina,147,181,7,7.387755102040817,0.2857142857142857,0.4353741496598638,0.14285714285714285,28.911564625850332
2010,SK Trivedi,218,266,13,7.321100917431193,0.3577981651376147,0.44648318042813456,0.17889908256880735,31.269113149847094
2010,SK Warne,305,389,12,7.652459016393442,0.2360655737704918,0.39125683060109306,0.1180327868852459,25.464480874316948
2010,SL Malinga,310,360,17,6.967741935483872,0.32903225806451614,0.5053763440860214,0.16451612903225807,33.494623655913976
2010,SR Watson,139,185,7,7.985611510791367,0.302158273381295,0.3357314148681055,0.1510791366906475,24.34052757793765
2010,ST Jayasuriya,55,68,3,7.418181818181818,0.32727272727272727,0.43030303030303035,0.16363636363636364,29.6969696969697
2010,SW Tait,205,274,12,8.019512195121951,0.351219512195122,0.3300813008130081,0.175609756097561,25.284552845528456
2010,T Thushara,94,103,7,6.574468085106383,0.44680851063829785,0.5709219858156028,0.22340425531914893,39.71631205673759
2010,TL Suman,13,24,0,11.076923076923077,0.0,0.0,0.0,0.0
2010,TM Dilshan,49,70,3,8.571428571428571,0.36734693877551017,0.23809523809523814,0.18367346938775508,21.08843537414966
2010,UT Yadav,152,192,8,7.578947368421052,0.3157894736842105,0.40350877192982465,0.15789473684210525,28.070175438596497
2010,V Kohli,33,51,0,9.272727272727273,0.0,0.1212121212121211,0.0,6.060606060606055
2010,V Sehwag,34,23,3,4.0588235294117645,0.5294117647058824,0.9901960784313726,0.2647058823529412,62.745098039215684
2010,VRV Singh,21,41,0,11.714285714285714,0.0,0.0,0.0,0.0
2010,VS Malik,46,66,1,8.608695652173912,0.13043478260869565,0.23188405797101463,0.06521739130434782,14.855072463768124
2010,VY Mahesh,19,23,1,7.2631578947368425,0.3157894736842105,0.4561403508771929,0.15789473684210525,30.701754385964907
2010,WPUJC Vaas,133,147,11,6.631578947368421,0.49624060150375937,0.5614035087719298,0.24812030075187969,40.476190476190474
2010,Y Nagar,18,28,1,9.333333333333334,0.3333333333333333,0.11111111111111101,0.16666666666666666,13.888888888888884
2010,YA Abdulla,42,67,1,9.571428571428573,0.14285714285714285,0.07142857142857117,0.07142857142857142,7.14285714285713
2010,YK Pathan,214,254,6,7.121495327102804,0.16822429906542055,0.4797507788161994,0.08411214953271028,28.19314641744548
2010,Yuvraj Singh,139,155,6,6.690647482014388,0.2589928057553957,0.551558752997602,0.12949640287769784,34.05275779376499
2010,Z Khan,295,388,18,7.8915254237288135,0.36610169491525424,0.35141242937853107,0.18305084745762712,26.723163841807906
2011,A Mishra,324,369,19,6.833333333333333,0.35185185185185186,0.5277777777777778,0.17592592592592593,35.18518518518518
2011,A Mithun,221,325,6,8.823529411764707,0.16289592760180996,0.1960784313725489,0.08144796380090498,13.876319758672695
2011,A Singh,175,222,10,7.61142857142857,0.34285714285714286,0.3980952380952383,0.17142857142857143,28.47619047619049
2011,A Symonds,24,41,1,10.25,0.25,0.0,0.125,6.25
2011,AA Chavan,30,31,0,6.200000000000001,0.0,0.6333333333333332,0.0,31.66666666666666
2011,AA Jhunjhunwala,13,22,0,10.153846153846153,0.0,0.0,0.0,0.0
2011,AA Kazi,13,21,1,9.692307692307693,0.46153846153846156,0.0512820512820511,0.23076923076923078,14.102564102564093
2011,AB Agarkar,164,236,9,8.634146341463413,0.32926829268292684,0.22764227642276444,0.16463414634146342,19.613821138211392
2011,AB Dinda,107,159,5,8.91588785046729,0.2803738317757009,0.18068535825545182,0.14018691588785046,16.043613707165115
2011,AB McDonald,12,23,0,11.5,0.0,0.0,0.0,0.0
2011,AC Thomas,240,300,11,7.5,0.27499999999999997,0.4166666666666667,0.13749999999999998,27.708333333333336
2011,AG Murtaza,122,122,5,6.0,0.2459016393442623,0.6666666666666666,0.12295081967213115,39.48087431693989
2011,AJ Finch,13,13,0,6.0,0.0,0.6666666666666666,0.0,33.33333333333333
2011,AL Menaria,93,121,2,7.806451612903226,0.12903225806451613,0.3655913978494623,0.06451612903225806,21.50537634408602
2011,AM Nayar,63,95,2,9.047619047619047,0.19047619047619047,0.15873015873015875,0.09523809523809523,12.698412698412698
2011,AM Salvi,50,67,3,8.040000000000001,0.36,0.3266666666666665,0.18,25.333333333333325
2011,AN Ahmed,128,178,7,8.34375,0.328125,0.2760416666666667,0.1640625,22.005208333333336
2011,AUK Pathan,35,49,0,8.399999999999999,0.0,0.2666666666666669,0.0,13.333333333333345
2011,Anand Rajan,35,50,5,8.571428571428571,0.8571428571428571,0.23809523809523814,0.42857142857142855,33.333333333333336
2011,B Akhil,13,22,0,10.153846153846153,0.0,0.0,0.0,0.0
2011,B Kumar,67,68,3,6.08955223880597,0.26865671641791045,0.6517412935323383,0.13432835820895522,39.30348258706468
2011,B Lee,284,349,8,7.373239436619718,0.16901408450704225,0.437793427230047,0.08450704225352113,26.115023474178408
2011,BA Bhatt,172,233,9,8.127906976744185,0.313953488372093,0.3120155038759691,0.1569767441860465,23.44961240310078
2011,BJ Hodge,67,77,8,6.895522388059701,0.7164179104477612,0.5174129353233831,0.3582089552238806,43.78109452736319
2011,Bipul Sharma,78,80,5,6.153846153846153,0.3846153846153846,0.6410256410256411,0.1923076923076923,41.66666666666667
2011,CH Gayle,225,262,9,6.986666666666666,0.24,0.5022222222222222,0.12,31.11111111111111
2011,CK Langeveldt,70,92,5,7.885714285714286,0.42857142857142855,0.3523809523809523,0.21428571428571427,28.33333333333333
2011,DE Bollinger,294,343,20,7.0,0.40816326530612246,0.5,0.20408163265306123,35.204081632653065
2011,DJ Bravo,129,159,6,7.395348837209302,0.27906976744186046,0.434108527131783,0.13953488372093023,28.68217054263566
2011,DJ Hussey,18,38,1,12.666666666666668,0.3333333333333333,0.0,0.16666666666666666,8.333333333333332
2011,DL Vettori,312,315,13,6.0576923076923075,0.25,0.657051282051282,0.125,39.1025641025641
2011,DP Nannes,25,31,2,7.4399999999999995,0.48,0.42666666666666675,0.24,33.333333333333336
2011,DS Kulkarni,126,156,6,7.428571428571429,0.2857142857142857,0.42857142857142855,0.14285714285714285,28.57142857142857
2011,DT Christian,291,357,11,7.360824742268042,0.22680412371134018,0.4398625429553264,0.11340206185567009,27.663230240549826
2011,DW Steyn,286,304,14,6.3776223776223775,0.2937062937062937,0.6037296037296037,0.14685314685314685,37.52913752913753
2011,Harbhajan Singh,328,373,16,6.823170731707317,0.29268292682926833,0.5294715447154471,0.14634146341463417,33.790650406504064
2011,Harmeet Singh,44,53,3,7.2272727272727275,0.40909090909090906,0.4621212121212121,0.20454545454545453,33.33333333333333
2011,I Sharma,275,324,11,7.069090909090909,0.24,0.48848484848484847,0.12,30.424242424242422
2011,IK Pathan,288,353,13,7.354166666666666,0.2708333333333333,0.4409722222222223,0.13541666666666666,28.819444444444446
2011,Iqbal Abdulla,305,313,18,6.157377049180328,0.35409836065573774,0.6404371584699454,0.17704918032786887,40.87431693989071
2011,J Botha,219,242,7,6.63013698630137,0.1917808219178082,0.5616438356164384,0.0958904109589041,32.87671232876712
2011,J Syed Mohammad,91,128,5,8.43956043956044,0.32967032967032966,0.26007326007326004,0.16483516483516483,21.24542124542124
2011,JA Morkel,280,390,16,8.357142857142858,0.34285714285714286,0.2738095238095237,0.17142857142857143,22.26190476190476
2011,JD Ryder,94,119,5,7.595744680851064,0.3191489361702128,0.40070921985815594,0.1595744680851064,28.014184397163117
2011,JD Unadkat,111,151,6,8.162162162162163,0.32432432432432434,0.3063063063063061,0.16216216216216217,23.423423423423415
2011,JDP Oram,24,46,1,11.5,0.25,0.0,0.125,6.25
2011,JE Taylor,122,167,6,8.213114754098362,0.29508196721311475,0.29781420765027306,0.14754098360655737,22.267759562841523
2011,JEC Franklin,63,99,3,9.428571428571429,0.2857142857142857,0.09523809523809519,0.14285714285714285,11.904761904761902
2011,JH Kallis,150,170,9,6.8,0.36,0.5333333333333333,0.18,35.66666666666667
2011,JJ van der Wath,76,134,3,10.578947368421051,0.23684210526315788,0.0,0.11842105263157894,5.921052631578947
2011,JP Duminy,111,149,4,8.054054054054054,0.21621621621621623,0.3243243243243243,0.10810810810810811,21.62162162162162
2011,JP Faulkner,12,10,1,5.0,0.5,0.8333333333333334,0.25,54.16666666666667
2011,JR Hopes,198,277,7,8.393939393939394,0.2121212121212121,0.26767676767676757,0.10606060606060605,18.686868686868678
2011,Joginder Sharma,20,34,0,10.2,0.0,0.0,0.0,0.0
2011,KA Pollard,270,367,13,8.155555555555555,0.28888888888888886,0.3074074074074075,0.14444444444444443,22.5925925925926
2011,KMDN Kulasekara,19,26,1,8.210526315789474,0.3157894736842105,0.2982456140350876,0.15789473684210525,22.807017543859644
2011,Kamran Khan,18,47,0,15.666666666666668,0.0,0.0,0.0,0.0
2011,L Ablish,18,39,0,13.0,0.0,0.0,0.0,0.0
2011,L Balaji,282,383,13,8.148936170212766,0.276595744680851,0.3085106382978724,0.1382978723404255,22.340425531914896
2011,M Kartik,130,170,2,7.846153846153847,0.09230769230769231,0.35897435897435886,0.046153846153846156,20.256410256410252
2011,M Manhas,42,42,0,6.0,0.0,0.6666666666666666,0.0,33.33333333333333
2011,M Morkel,274,336,14,7.357664233576642,0.30656934306569344,0.44038929440389296,0.15328467153284672,29.683698296836987
2011,M Muralitharan,117,145,2,7.435897435897436,0.10256410256410257,0.42735042735042733,0.05128205128205129,23.93162393162393
2011,MK Tiwary,13,23,0,10.615384615384615,0.0,0.0,0.0,0.0
2011,MM Patel,329,377,22,6.875379939209727,0.40121580547112456,0.5207700101317122,0.20060790273556228,36.068895643363724
2011,MR Marsh,86,102,7,7.116279069767442,0.48837209302325585,0.48062015503875966,0.24418604651162792,36.240310077519375
2011,MS Gony,55,86,4,9.381818181818183,0.43636363636363634,0.10303030303030287,0.21818181818181817,16.06060606060605
2011,ND Doshi,32,62,1,11.625,0.1875,0.0,0.09375,4.6875
2011,NJ Rimmington,18,20,0,6.666666666666667,0.0,0.5555555555555555,0.0,27.777777777777775
2011,NL McCullum,30,35,0,7.0,0.0,0.5,0.0,25.0
2011,NLTC Perera,86,114,5,7.953488372093023,0.3488372093023256,0.34108527131782945,0.1744186046511628,25.775193798449614
2011,P Kumar,283,353,10,7.4840989399293285,0.21201413427561838,0.41931684334511193,0.10600706713780919,26.266195524146056
2011,P Parameswaran,97,137,4,8.474226804123711,0.24742268041237114,0.2542955326460481,0.12371134020618557,18.900343642611684
2011,PC Valthaty,147,191,7,7.795918367346939,0.2857142857142857,0.36734693877551017,0.14285714285714285,25.510204081632647
2011,PP Chawla,253,340,16,8.063241106719367,0.3794466403162055,0.32279314888010546,0.18972332015810275,25.625823451910414
2011,PP Ojha,224,281,12,7.526785714285715,0.3214285714285714,0.41220238095238076,0.1607142857142857,28.645833333333325
2011,Pankaj Singh,12,24,0,12.0,0.0,0.0,0.0,0.0
2011,R Ashwin,385,398,21,6.2025974025974016,0.32727272727272727,0.6329004329004331,0.16363636363636364,39.82683982683983
2011,R Bhatia,194,213,10,6.587628865979382,0.30927835051546393,0.5687285223367696,0.15463917525773196,36.16838487972508
2011,R McLaren,111,182,5,9.837837837837837,0.2702702702702703,0.027027027027027195,0.13513513513513514,8.108108108108118
2011,R Ninan,36,65,3,10.833333333333334,0.5,0.0,0.25,12.5
2011,R Sathish,31,41,0,7.935483870967742,0.0,0.3440860215053763,0.0,17.204301075268816
2011,R Sharma,302,278,17,5.52317880794702,0.33774834437086093,0.7461368653421633,0.16887417218543047,45.75055187637969
2011,R Vinay Kumar,278,345,17,7.446043165467627,0.3669064748201439,0.4256594724220622,0.18345323741007194,30.45563549160671
2011,RA Jadeja,261,307,9,7.057471264367816,0.20689655172413793,0.4904214559386973,0.10344827586206896,29.693486590038315
2011,RE van der Merwe,91,94,6,6.197802197802199,0.39560439560439564,0.6336996336996336,0.19780219780219782,41.57509157509157
2011,RG Sharma,25,53,0,12.72,0.0,0.0,0.0,0.0
2011,RJ Harris,295,401,17,8.155932203389831,0.34576271186440677,0.3073446327683615,0.17288135593220338,24.011299435028242
2011,RP Singh,314,365,15,6.9745222929936315,0.2866242038216561,0.5042462845010615,0.14331210191082805,32.37791932059447
2011,RR Powar,72,112,2,9.333333333333334,0.16666666666666666,0.11111111111111101,0.08333333333333333,9.722222222222216
2011,RV Gomez,91,125,5,8.241758241758241,0.32967032967032966,0.29304029304029316,0.16483516483516483,22.8937728937729
2011,RW Price,18,33,0,11.0,0.0,0.0,0.0,0.0
2011,S Aravind,288,377,22,7.854166666666666,0.45833333333333337,0.357638888888889,0.22916666666666669,29.340277777777786
2011,S Dhawan,12,12,1,6.0,0.5,0.6666666666666666,0.25,45.83333333333333
2011,S Ladda,25,42,0,10.08,0.0,0.0,0.0,0.0
2011,S Nadeem,115,145,4,7.565217391304348,0.20869565217391306,0.4057971014492754,0.10434782608695653,25.507246376811597
2011,S Randiv,180,223,8,7.433333333333334,0.26666666666666666,0.42777777777777776,0.13333333333333333,28.055555555555557
2011,S Sreesanth,206,212,7,6.174757281553398,0.20388349514563106,0.6375404530744336,0.10194174757281553,36.974110032362454
2011,SB Jakati,269,338,10,7.5390334572490705,0.22304832713754646,0.41016109045848825,0.11152416356877323,26.084262701363077
2011,SB Wagh,102,131,4,7.7058823529411775,0.23529411764705882,0.3823529411764704,0.11764705882352941,24.99999999999999
2011,SJ Srivastava,128,187,9,8.765625,0.421875,0.20572916666666666,0.2109375,20.833333333333332
2011,SK Raina,173,209,5,7.248554913294797,0.17341040462427745,0.4585741811175339,0.08670520231213873,27.26396917148363
2011,SK Trivedi,224,307,13,8.223214285714285,0.3482142857142857,0.29613095238095255,0.17410714285714285,23.51190476190477
2011,SK Warne,286,298,14,6.251748251748252,0.2937062937062937,0.6247086247086248,0.14685314685314685,38.57808857808858
2011,SL Malinga,397,393,30,5.9395465994962215,0.45340050377833757,0.6767422334172964,0.22670025188916879,45.17212426532326
2011,SR Watson,226,248,8,6.584070796460177,0.21238938053097345,0.5693215339233039,0.10619469026548672,33.77581120943953
2011,STR Binny,25,44,0,10.56,0.0,0.0,0.0,0.0
2011,SW Tait,102,137,6,8.058823529411764,0.3529411764705882,0.3235294117647059,0.1764705882352941,25.0
2011,Shakib Al Hasan,158,177,11,6.7215189873417724,0.4177215189873418,0.5464135021097046,0.2088607594936709,37.76371308016878
2011,TG Southee,119,167,4,8.42016806722689,0.20168067226890757,0.26330532212885177,0.10084033613445378,18.20728291316528
2011,TL Suman,36,50,0,8.333333333333332,0.0,0.27777777777777796,0.0,13.888888888888898
2011,TM Dilshan,74,108,1,8.756756756756756,0.08108108108108109,0.2072072072072073,0.04054054054054054,12.387387387387392
2011,UT Yadav,113,172,3,9.132743362831858,0.1592920353982301,0.14454277286135694,0.07964601769911504,11.209439528023598
2011,V Kohli,106,140,2,7.924528301886792,0.11320754716981132,0.34591194968553474,0.05660377358490566,20.12578616352202
2011,VR Aaron,77,83,2,6.467532467532468,0.15584415584415584,0.5887445887445887,0.07792207792207792,33.33333333333333
2011,VS Malik,12,14,0,7.0,0.0,0.5,0.0,25.0
2011,WD Parnell,184,222,10,7.239130434782609,0.32608695652173914,0.46014492753623176,0.16304347826086957,31.159420289855067
2011,Y Nagar,34,67,1,11.823529411764707,0.1764705882352941,0.0,0.08823529411764705,4.411764705882352
2011,Y Venugopal Rao,12,26,0,13.0,0.0,0.0,0.0,0.0
2011,YK Pathan,241,244,13,6.074688796680498,0.3236514522821577,0.6542185338865837,0.16182572614107885,40.80221300138312
2011,Yuvraj Singh,175,193,9,6.6171428571428565,0.30857142857142855,0.5638095238095239,0.15428571428571428,35.904761904761905
2011,Z Khan,373,465,15,7.479892761394101,0.24128686327077747,0.42001787310098315,0.12064343163538874,27.033065236818594
2012,A Ashish Reddy,169,238,11,8.449704142011836,0.3905325443786982,0.2583826429980274,0.1952662721893491,22.682445759368825
2012,A Chandila,84,87,5,6.214285714285715,0.3571428571428571,0.6309523809523808,0.17857142857142855,40.47619047619047
2012,A Mishra,289,381,13,7.9100346020761245,0.2698961937716263,0.34832756632064593,0.13494809688581316,24.163783160322954
2012,A Mithun,19,34,0,10.736842105263158,0.0,0.0,0.0,0.0
2012,A Nehra,291,411,12,8.474226804123711,0.24742268041237114,0.2542955326460481,0.12371134020618557,18.900343642611684
2012,A Singh,204,317,12,9.323529411764707,0.3529411764705882,0.11274509803921558,0.1764705882352941,14.460784313725483
2012,AA Chavan,169,245,7,8.698224852071007,0.24852071005917162,0.21696252465483212,0.12426035502958581,17.061143984220898
2012,AA Jhunjhunwala,36,39,1,6.5,0.16666666666666666,0.5833333333333334,0.08333333333333333,33.333333333333336
2012,AB Agarkar,90,134,4,8.933333333333334,0.26666666666666666,0.17777777777777773,0.13333333333333333,15.555555555555554
2012,AB Dinda,154,171,10,6.662337662337663,0.3896103896103896,0.5562770562770561,0.1948051948051948,37.55411255411254
2012,AB McDonald,61,63,5,6.19672131147541,0.4918032786885246,0.633879781420765,0.2459016393442623,43.98907103825136
2012,AC Thomas,87,116,5,8.0,0.3448275862068966,0.3333333333333333,0.1724137931034483,25.287356321839084
2012,AD Mascarenhas,97,110,7,6.804123711340206,0.43298969072164945,0.5326460481099656,0.21649484536082472,37.45704467353952
2012,AD Mathews,158,195,7,7.40506329113924,0.26582278481012656,0.43248945147679335,0.13291139240506328,28.27004219409283
2012,AD Russell,98,162,1,9.918367346938776,0.061224489795918366,0.013605442176870616,0.030612244897959183,2.21088435374149
2012,AG Murtaza,12,11,0,5.5,0.0,0.75,0.0,37.5
2012,AL Menaria,20,23,1,6.8999999999999995,0.30000000000000004,0.5166666666666667,0.15000000000000002,33.333333333333336
2012,AN Ahmed,13,17,0,7.846153846153847,0.0,0.35897435897435886,0.0,17.948717948717942
2012,Anand Rajan,76,113,3,8.921052631578949,0.23684210526315788,0.17982456140350855,0.11842105263157894,14.912280701754375
2012,Ankit Sharma,147,167,4,6.816326530612244,0.16326530612244897,0.5306122448979593,0.08163265306122448,30.61224489795919
2012,Azhar Mahmood,265,331,14,7.494339622641509,0.31698113207547174,0.41761006289308183,0.15849056603773587,28.805031446540884
2012,B Kumar,240,293,9,7.325000000000001,0.22499999999999998,0.44583333333333314,0.11249999999999999,27.916666666666657
2012,B Lee,234,303,7,7.76923076923077,0.1794871794871795,0.37179487179487164,0.08974358974358974,23.07692307692307
2012,BA Bhatt,100,143,3,8.58,0.18,0.23666666666666666,0.09,16.333333333333332
2012,BJ Hodge,12,22,1,11.0,0.5,0.0,0.25,12.5
2012,BW Hilfenhaus,215,242,14,6.753488372093023,0.39069767441860465,0.5410852713178295,0.19534883720930232,36.82170542635659
2012,Bipul Sharma,48,82,0,10.25,0.0,0.0,0.0,0.0
2012,CH Gayle,30,67,0,13.4,0.0,0.0,0.0,0.0
2012,CJ McKay,42,60,1,8.571428571428571,0.14285714285714285,0.23809523809523814,0.07142857142857142,15.476190476190476
2012,CL White,20,27,0,8.100000000000001,0.0,0.31666666666666643,0.0,15.833333333333321
2012,DAJ Bracewell,25,32,3,7.68,0.72,0.3866666666666667,0.36,37.333333333333336
2012,DE Bollinger,113,160,10,8.495575221238937,0.5309734513274336,0.2507374631268438,0.2654867256637168,25.811209439528028
2012,DJ Bravo,363,472,20,7.801652892561984,0.3305785123966942,0.3663911845730026,0.1652892561983471,26.58402203856749
2012,DJ Harris,18,26,0,8.666666666666666,0.0,0.22222222222222232,0.0,11.111111111111116
2012,DJ Hussey,55,67,3,7.3090909090909095,0.32727272727272727,0.44848484848484843,0.16363636363636364,30.606060606060602
2012,DL Vettori,212,241,6,6.820754716981132,0.169811320754717,0.5298742138364779,0.0849056603773585,30.73899371069182
2012,DR Smith,79,98,3,7.443037974683544,0.22784810126582278,0.4261603375527427,0.11392405063291139,27.004219409282705
2012,DS Kulkarni,53,64,6,7.245283018867925,0.679245283018868,0.45911949685534587,0.339622641509434,39.937106918238996
2012,DT Christian,169,240,9,8.520710059171597,0.31952662721893493,0.24654832347140054,0.15976331360946747,20.3155818540434
2012,DW Steyn,289,290,18,6.020761245674741,0.37370242214532867,0.6632064590542098,0.18685121107266434,42.50288350634371
2012,GB Hogg,220,262,10,7.1454545454545455,0.2727272727272727,0.47575757575757577,0.13636363636363635,30.606060606060602
2012,GJ Maxwell,19,22,2,6.947368421052632,0.631578947368421,0.5087719298245613,0.3157894736842105,41.22807017543859
2012,HV Patel,249,352,9,8.481927710843374,0.21686746987951805,0.25301204819277096,0.10843373493975902,18.072289156626496
2012,Harbhajan Singh,335,389,6,6.967164179104478,0.10746268656716418,0.5054726368159203,0.05373134328358209,27.960199004975117
2012,Harmeet Singh,141,196,7,8.340425531914894,0.2978723404255319,0.27659574468085096,0.14893617021276595,21.276595744680847
2012,IK Pathan,366,477,10,7.8196721311475414,0.16393442622950818,0.3633879781420764,0.08196721311475409,22.267759562841523
2012,Iqbal Abdulla,134,147,4,6.582089552238806,0.1791044776119403,0.5696517412935324,0.08955223880597014,32.960199004975124
2012,J Botha,251,304,9,7.266932270916335,0.21513944223107573,0.45551128818061076,0.10756972111553786,28.154050464807433
2012,J Syed Mohammad,43,66,1,9.209302325581396,0.13953488372093023,0.13178294573643404,0.06976744186046512,10.077519379844958
2012,J Theron,51,66,3,7.764705882352942,0.3529411764705882,0.372549019607843,0.1764705882352941,27.450980392156854
2012,JA Morkel,315,392,13,7.466666666666667,0.24761904761904763,0.4222222222222222,0.12380952380952381,27.301587301587304
2012,JD Ryder,43,74,1,10.325581395348838,0.13953488372093023,0.0,0.06976744186046512,3.488372093023256
2012,JD Unadkat,18,32,0,10.666666666666666,0.0,0.0,0.0,0.0
2012,JEC Franklin,92,126,6,8.217391304347826,0.3913043478260869,0.2971014492753623,0.19565217391304346,24.63768115942029
2012,JH Kallis,336,410,16,7.321428571428572,0.2857142857142857,0.44642857142857134,0.14285714285714285,29.464285714285708
2012,JP Duminy,78,104,1,8.0,0.07692307692307693,0.3333333333333333,0.038461538461538464,18.58974358974359
2012,JP Faulkner,49,74,3,9.061224489795919,0.36734693877551017,0.15646258503401356,0.18367346938775508,17.006802721088434
2012,K Upadhyay,24,33,0,8.25,0.0,0.2916666666666667,0.0,14.583333333333334
2012,KA Pollard,286,352,18,7.384615384615385,0.37762237762237766,0.43589743589743585,0.18881118881118883,31.235431235431232
2012,KK Cooper,149,187,10,7.530201342281879,0.40268456375838924,0.4116331096196868,0.20134228187919462,30.64876957494407
2012,KMDN Kulasekara,88,96,5,6.545454545454545,0.3409090909090909,0.5757575757575758,0.17045454545454544,37.31060606060606
2012,KP Appanna,107,149,6,8.355140186915888,0.3364485981308411,0.2741433021806854,0.16822429906542055,22.1183800623053
2012,KP Pietersen,40,53,1,7.949999999999999,0.15000000000000002,0.3416666666666668,0.07500000000000001,20.83333333333334
2012,L Balaji,189,169,12,5.365079365079366,0.38095238095238093,0.7724867724867724,0.19047619047619047,48.148148148148145
2012,LJ Wright,12,24,0,12.0,0.0,0.0,0.0,0.0
2012,LR Shukla,12,12,1,6.0,0.5,0.6666666666666666,0.25,45.83333333333333
2012,M Kartik,225,267,4,7.120000000000001,0.10666666666666666,0.4799999999999998,0.05333333333333333,26.666666666666654
2012,M Morkel,389,466,30,7.187660668380463,0.46272493573264784,0.4687232219365895,0.23136246786632392,35.00428449014567
2012,M Muralitharan,245,264,15,6.46530612244898,0.36734693877551017,0.5891156462585033,0.18367346938775508,38.63945578231292
2012,M de Lange,64,108,3,10.125,0.28125,0.0,0.140625,7.03125
2012,MJ Clarke,66,72,3,6.545454545454545,0.2727272727272727,0.5757575757575758,0.13636363636363635,35.60606060606061
2012,MM Patel,288,374,17,7.791666666666667,0.35416666666666663,0.3680555555555555,0.17708333333333331,27.256944444444443
2012,MN Samuels,176,217,9,7.3977272727272725,0.3068181818181818,0.43371212121212127,0.1534090909090909,29.35606060606061
2012,MS Gony,151,217,4,8.62251655629139,0.15894039735099338,0.22958057395143486,0.07947019867549669,15.452538631346577
2012,NLTC Perera,15,27,0,10.8,0.0,0.0,0.0,0.0
2012,P Awana,296,382,18,7.743243243243244,0.3648648648648649,0.376126126126126,0.18243243243243246,27.92792792792792
2012,P Kumar,395,445,12,6.759493670886076,0.18227848101265823,0.540084388185654,0.09113924050632911,31.561181434599156
2012,P Negi,133,153,7,6.902255639097744,0.3157894736842105,0.5162907268170427,0.15789473684210525,33.7092731829574
2012,P Parameswaran,62,89,5,8.612903225806452,0.4838709677419355,0.23118279569892466,0.24193548387096775,23.65591397849462
2012,PJ Sangwan,25,42,1,10.08,0.24,0.0,0.12,6.0
2012,PP Chawla,346,425,18,7.369942196531792,0.31213872832369943,0.4383429672447014,0.15606936416184972,29.720616570327557
2012,PP Ojha,186,222,10,7.161290322580646,0.3225806451612903,0.47311827956989233,0.16129032258064516,31.720430107526877
2012,Pankaj Singh,127,171,7,8.078740157480315,0.3307086614173228,0.32020997375328086,0.1653543307086614,24.278215223097114
2012,R Ashwin,402,439,19,6.55223880597015,0.2835820895522388,0.5746268656716417,0.1417910447761194,35.82089552238805
2012,R Bhatia,323,400,17,7.430340557275542,0.3157894736842105,0.42827657378740963,0.15789473684210525,29.308565531475743
2012,R Sharma,224,305,9,8.169642857142858,0.2410714285714286,0.3050595238095237,0.1205357142857143,21.2797619047619
2012,R Shukla,19,32,0,10.105263157894736,0.0,0.0,0.0,0.0
2012,R Vinay Kumar,346,488,21,8.46242774566474,0.36416184971098264,0.2562620423892099,0.18208092485549132,21.91714836223506
2012,RA Jadeja,216,278,12,7.722222222222221,0.3333333333333333,0.37962962962962976,0.16666666666666666,27.31481481481482
2012,RE van der Merwe,61,60,4,5.9016393442622945,0.39344262295081966,0.6830601092896176,0.19672131147540983,43.98907103825137
2012,RJ Harris,109,136,8,7.486238532110092,0.44036697247706424,0.418960244648318,0.22018348623853212,31.95718654434251
2012,RJ Peterson,48,70,3,8.75,0.375,0.20833333333333334,0.1875,19.791666666666668
2012,RN ten Doeschate,21,24,1,6.857142857142857,0.2857142857142857,0.5238095238095238,0.14285714285714285,33.333333333333336
2012,RP Singh,260,328,11,7.569230769230769,0.25384615384615383,0.4051282051282052,0.12692307692307692,26.60256410256411
2012,RR Bhatkal,12,35,0,17.5,0.0,0.0,0.0,0.0
2012,RR Powar,18,32,0,10.666666666666666,0.0,0.0,0.0,0.0
2012,S Aravind,18,48,0,16.0,0.0,0.0,0.0,0.0
2012,S Dhawan,37,60,3,9.72972972972973,0.4864864864864865,0.04504504504504503,0.24324324324324326,14.414414414414415
2012,S Nadeem,275,320,8,6.9818181818181815,0.17454545454545456,0.503030303030303,0.08727272727272728,29.515151515151516
2012,SB Jakati,248,337,10,8.153225806451612,0.24193548387096775,0.3077956989247313,0.12096774193548387,21.43817204301076
2012,SC Ganguly,61,97,3,9.540983606557377,0.29508196721311475,0.07650273224043709,0.14754098360655737,11.202185792349722
2012,SK Raina,85,106,2,7.482352941176471,0.1411764705882353,0.4196078431372549,0.07058823529411765,24.50980392156863
2012,SK Trivedi,324,387,14,7.166666666666666,0.25925925925925924,0.4722222222222223,0.12962962962962962,30.0925925925926
2012,SL Malinga,351,355,25,6.068376068376068,0.4273504273504274,0.6552706552706553,0.2136752136752137,43.44729344729345
2012,SP Narine,357,332,29,5.579831932773109,0.4873949579831933,0.7366946778711485,0.24369747899159666,49.01960784313726
2012,SR Watson,144,165,6,6.875,0.25,0.5208333333333334,0.125,32.29166666666667
2012,STR Binny,60,78,3,7.800000000000001,0.30000000000000004,0.36666666666666653,0.15000000000000002,25.83333333333333
2012,SW Tait,157,154,7,5.885350318471337,0.267515923566879,0.6857749469214438,0.1337579617834395,40.976645435244166
2012,Shakib Al Hasan,185,203,12,6.583783783783783,0.3891891891891892,0.5693693693693694,0.1945945945945946,38.1981981981982
2012,Sunny Gupta,19,47,0,14.842105263157896,0.0,0.0,0.0,0.0
2012,TM Dilshan,44,78,0,10.636363636363637,0.0,0.0,0.0,0.0
2012,TP Sudhindra,74,137,1,11.108108108108109,0.08108108108108109,0.0,0.04054054054054054,2.027027027027027
2012,UT Yadav,383,459,22,7.190600522193212,0.34464751958224543,0.46823324630113133,0.17232375979112272,32.027850304612706
2012,V Kohli,18,49,0,16.333333333333336,0.0,0.0,0.0,0.0
2012,V Pratap Singh,211,300,12,8.530805687203792,0.34123222748815163,0.24486571879936805,0.17061611374407581,20.774091627172194
2012,V Sehwag,24,45,0,11.25,0.0,0.0,0.0,0.0
2012,VR Aaron,192,279,9,8.71875,0.28125,0.21354166666666666,0.140625,17.708333333333332
2012,VY Mahesh,61,83,3,8.163934426229508,0.29508196721311475,0.3060109289617487,0.14754098360655737,22.677595628415304
2012,WD Parnell,130,133,7,6.138461538461538,0.3230769230769231,0.6435897435897436,0.16153846153846155,40.256410256410255
2012,Y Venugopal Rao,12,26,0,13.0,0.0,0.0,0.0,0.0
2012,YK Pathan,137,184,4,8.05839416058394,0.17518248175182483,0.3236009732360099,0.08759124087591241,20.559610705596114
2012,Z Khan,370,468,21,7.589189189189189,0.34054054054054056,0.40180180180180186,0.17027027027027028,28.603603603603606
2013,A Ashish Reddy,41,71,3,10.390243902439025,0.4390243902439024,0.0,0.2195121951219512,10.97560975609756
2013,A Chandila,150,158,6,6.319999999999999,0.24,0.6133333333333334,0.12,36.66666666666667
2013,A Mishra,376,395,24,6.303191489361701,0.3829787234042553,0.6161347517730498,0.19148936170212766,40.38120567375887
2013,A Mithun,25,37,1,8.879999999999999,0.24,0.18666666666666684,0.12,15.333333333333343
2013,A Nehra,221,319,13,8.660633484162895,0.3529411764705882,0.22322775263951744,0.1764705882352941,19.984917043740577
2013,AA Chavan,56,63,1,6.75,0.10714285714285714,0.5416666666666666,0.05357142857142857,29.761904761904763
2013,AB Agarkar,63,93,0,8.857142857142858,0.0,0.19047619047619038,0.0,9.523809523809518
2013,AB Dinda,304,466,18,9.197368421052632,0.35526315789473684,0.13377192982456135,0.17763157894736842,15.57017543859649
2013,AB McDonald,12,17,1,8.5,0.5,0.25,0.25,25.0
2013,AD Mascarenhas,24,25,0,6.25,0.0,0.625,0.0,31.25
2013,AD Mathews,188,245,6,7.819148936170212,0.19148936170212766,0.3634751773049647,0.09574468085106383,22.960992907801426
2013,AD Russell,44,68,0,9.272727272727273,0.0,0.1212121212121211,0.0,6.060606060606055
2013,AG Murtaza,62,96,3,9.29032258064516,0.29032258064516125,0.1182795698924733,0.14516129032258063,13.172043010752695
2013,AJ Finch,24,49,1,12.25,0.25,0.0,0.125,6.25
2013,AM Nayar,50,59,2,7.08,0.24,0.48666666666666664,0.12,30.333333333333336
2013,AN Ahmed,42,45,3,6.428571428571429,0.42857142857142855,0.5952380952380952,0.21428571428571427,40.476190476190474
2013,AS Rajpoot,25,37,1,8.879999999999999,0.24,0.18666666666666684,0.12,15.333333333333343
2013,Anand Rajan,51,43,2,5.0588235294117645,0.23529411764705882,0.823529411764706,0.11764705882352941,47.05882352941177
2013,Ankit Sharma,12,17,0,8.5,0.0,0.25,0.0,12.5
2013,Azhar Mahmood,267,335,16,7.52808988764045,0.3595505617977528,0.4119850187265917,0.1797752808988764,29.588014981273403
2013,B Kumar,359,381,13,6.367688022284122,0.21727019498607242,0.6053853296193129,0.10863509749303621,35.701021355617456
2013,B Laughlin,45,72,1,9.600000000000001,0.13333333333333333,0.06666666666666643,0.06666666666666667,6.666666666666654
2013,B Lee,75,89,4,7.120000000000001,0.32,0.4799999999999998,0.16,31.99999999999999
2013,BA Bhatt,31,32,1,6.193548387096774,0.1935483870967742,0.6344086021505376,0.0967741935483871,36.55913978494624
2013,BAW Mendis,72,78,2,6.5,0.16666666666666666,0.5833333333333334,0.08333333333333333,33.333333333333336
2013,BMAJ Mendis,30,36,1,7.199999999999999,0.2,0.4666666666666668,0.1,28.33333333333334
2013,Bipul Sharma,24,21,1,5.25,0.25,0.7916666666666666,0.125,45.83333333333333
2013,CH Gayle,25,41,3,9.84,0.72,0.02666666666666669,0.36,19.333333333333332
2013,CH Morris,309,410,17,7.961165048543689,0.33009708737864074,0.33980582524271846,0.16504854368932037,25.24271844660194
2013,CL White,12,16,1,8.0,0.5,0.3333333333333333,0.25,29.166666666666664
2013,DJ Bravo,392,505,34,7.729591836734693,0.5204081632653061,0.3784013605442178,0.2602040816326531,31.930272108843543
2013,DJ Hussey,68,93,0,8.205882352941178,0.0,0.2990196078431371,0.0,14.950980392156854
2013,DJG Sammy,138,169,11,7.347826086956522,0.47826086956521735,0.4420289855072463,0.23913043478260868,34.05797101449275
2013,DP Nannes,126,165,5,7.857142857142858,0.23809523809523808,0.35714285714285704,0.11904761904761904,23.809523809523803
2013,DR Smith,32,59,2,11.0625,0.375,0.0,0.1875,9.375
2013,DS Kulkarni,119,153,8,7.714285714285715,0.40336134453781514,0.38095238095238076,0.20168067226890757,29.131652661064418
2013,DT Christian,38,56,0,8.842105263157894,0.0,0.19298245614035103,0.0,9.649122807017552
2013,DW Steyn,419,395,20,5.656324582338902,0.2863961813842482,0.7239459029435164,0.1431980906921241,43.35719968178202
2013,GB Hogg,21,31,0,8.857142857142858,0.0,0.19047619047619038,0.0,9.523809523809518
2013,GH Vihari,37,39,1,6.324324324324324,0.16216216216216217,0.6126126126126127,0.08108108108108109,34.68468468468468
2013,GJ Maxwell,12,24,0,12.0,0.0,0.0,0.0,0.0
2013,Harbhajan Singh,430,466,25,6.502325581395349,0.3488372093023256,0.5829457364341085,0.1744186046511628,37.86821705426357
2013,Harmeet Singh,96,123,7,7.6875,0.4375,0.3854166666666667,0.21875,30.208333333333336
2013,I Sharma,374,471,16,7.55614973262032,0.2566844919786096,0.4073083778966133,0.1283422459893048,26.782531194295906
2013,IC Pandey,25,50,1,12.0,0.24,0.0,0.12,6.0
2013,IK Pathan,315,391,11,7.447619047619048,0.20952380952380953,0.4253968253968254,0.10476190476190476,26.50793650793651
2013,Iqbal Abdulla,113,142,7,7.539823008849558,0.37168141592920356,0.4100294985250737,0.18584070796460178,29.793510324483773
2013,J Botha,102,114,5,6.705882352941177,0.29411764705882354,0.5490196078431372,0.14705882352941177,34.80392156862745
2013,J Syed Mohammad,62,92,4,8.903225806451612,0.3870967741935484,0.18279569892473133,0.1935483870967742,18.817204301075275
2013,JA Morkel,149,167,8,6.724832214765101,0.3221476510067114,0.5458612975391498,0.1610738255033557,35.34675615212527
2013,JD Unadkat,299,373,13,7.48494983277592,0.2608695652173913,0.41917502787068006,0.13043478260869565,27.480490523968786
2013,JDP Oram,26,28,0,6.461538461538462,0.0,0.5897435897435898,0.0,29.48717948717949
2013,JH Kallis,329,407,19,7.422492401215806,0.3465045592705167,0.42958459979736574,0.17325227963525835,30.141843971631204
2013,JJ Bumrah,45,74,3,9.866666666666667,0.4,0.022222222222222143,0.2,11.111111111111107
2013,JO Holder,125,173,4,8.303999999999998,0.192,0.2826666666666669,0.096,18.933333333333348
2013,JP Faulkner,395,436,33,6.622784810126583,0.5012658227848101,0.5628691983122361,0.25063291139240507,40.67510548523206
2013,K Upadhyay,32,48,0,9.0,0.0,0.16666666666666666,0.0,8.333333333333332
2013,KA Pollard,197,292,10,8.893401015228427,0.30456852791878175,0.18443316412859545,0.15228426395939088,16.835871404399317
2013,KK Cooper,341,456,22,8.023460410557185,0.3870967741935484,0.32942326490713586,0.1935483870967742,26.148582600195503
2013,KV Sharma,211,235,12,6.682464454976303,0.34123222748815163,0.5529225908372828,0.17061611374407581,36.17693522906793
2013,KW Richardson,73,103,2,8.465753424657535,0.1643835616438356,0.25570776255707744,0.0821917808219178,16.89497716894976
2013,L Balaji,311,399,13,7.69774919614148,0.2508038585209003,0.38370846730975333,0.12540192926045016,25.455519828510177
2013,LJ Wright,63,101,2,9.61904761904762,0.19047619047619047,0.06349206349206327,0.09523809523809523,7.936507936507925
2013,LR Shukla,18,22,1,7.333333333333334,0.3333333333333333,0.44444444444444436,0.16666666666666666,30.555555555555554
2013,M Kartik,241,290,11,7.219917012448132,0.2738589211618257,0.463347164591978,0.13692946058091285,30.01383125864454
2013,M Morkel,247,341,8,8.2834008097166,0.19433198380566802,0.28609986504723334,0.09716599190283401,19.163292847503367
2013,M Muralitharan,141,192,3,8.170212765957446,0.1276595744680851,0.3049645390070923,0.06382978723404255,18.439716312056742
2013,MC Henriques,132,187,8,8.5,0.36363636363636365,0.25,0.18181818181818182,21.59090909090909
2013,MG Johnson,403,471,24,7.012406947890819,0.3573200992555831,0.4979321753515302,0.17866004962779156,33.82961124896609
2013,MG Neser,25,62,0,14.879999999999999,0.0,0.0,0.0,0.0
2013,MM Patel,91,138,3,9.098901098901099,0.19780219780219782,0.15018315018315023,0.09890109890109891,12.454212454212458
2013,MM Sharma,311,327,21,6.308681672025723,0.4051446945337621,0.6152197213290461,0.20257234726688106,40.88960342979636
2013,MN Samuels,25,34,1,8.16,0.24,0.30666666666666664,0.12,21.333333333333332
2013,MR Marsh,122,184,7,9.049180327868852,0.3442622950819672,0.15846994535519135,0.1721311475409836,16.530054644808747
2013,MS Gony,175,261,7,8.948571428571428,0.24,0.17523809523809528,0.12,14.761904761904765
2013,Mohammed Shami,57,79,1,8.31578947368421,0.10526315789473684,0.2807017543859649,0.05263157894736842,16.666666666666664
2013,NLTC Perera,369,490,21,7.967479674796747,0.3414634146341463,0.33875338753387546,0.17073170731707316,25.47425474254743
2013,NM Coulter-Nile,25,29,1,6.959999999999999,0.24,0.5066666666666668,0.12,31.33333333333334
2013,P Awana,332,416,16,7.518072289156627,0.28915662650602414,0.41365461847389556,0.14457831325301207,27.911646586345384
2013,P Kumar,354,394,13,6.677966101694915,0.22033898305084748,0.5536723163841808,0.11016949152542374,33.19209039548023
2013,P Negi,26,28,0,6.461538461538462,0.0,0.5897435897435898,0.0,29.48717948717949
2013,P Suyal,19,22,1,6.947368421052632,0.3157894736842105,0.5087719298245613,0.15789473684210525,33.33333333333333
2013,PJ Sangwan,26,52,0,12.0,0.0,0.0,0.0,0.0
2013,PP Chawla,352,433,11,7.380681818181818,0.1875,0.4365530303030303,0.09375,26.515151515151516
2013,PP Ojha,318,391,18,7.3773584905660385,0.339622641509434,0.43710691823899356,0.169811320754717,30.34591194968553
2013,PV Tambe,69,91,1,7.91304347826087,0.08695652173913043,0.3478260869565217,0.043478260869565216,19.565217391304344
2013,Parvez Rasool,30,29,1,5.8,0.2,0.7000000000000001,0.1,40.0
2013,R Ashwin,354,397,16,6.728813559322035,0.2711864406779661,0.5451977401129943,0.13559322033898305,34.039548022598865
2013,R Bhatia,266,334,11,7.533834586466166,0.24812030075187969,0.4110275689223057,0.12406015037593984,26.754385964912274
2013,R Dhawan,95,115,2,7.2631578947368425,0.12631578947368421,0.4561403508771929,0.06315789473684211,25.964912280701753
2013,R McLaren,46,95,4,12.391304347826086,0.5217391304347826,0.0,0.2608695652173913,13.043478260869565
2013,R Rampaul,235,271,13,6.919148936170213,0.33191489361702126,0.5134751773049645,0.16595744680851063,33.97163120567376
2013,R Sathish,24,52,1,13.0,0.25,0.0,0.125,6.25
2013,R Sharma,247,282,9,6.850202429149797,0.2186234817813765,0.5249662618083671,0.10931174089068825,31.713900134952773
2013,R Shukla,53,80,4,9.056603773584907,0.4528301886792453,0.15723270440251547,0.22641509433962265,19.182389937106905
2013,R Vinay Kumar,370,502,27,8.14054054054054,0.43783783783783786,0.30990990990991,0.21891891891891893,26.441441441441448
2013,RA Jadeja,262,326,15,7.465648854961832,0.3435114503816794,0.4223918575063614,0.1717557251908397,29.707379134860055
2013,RE van der Merwe,67,71,4,6.35820895522388,0.3582089552238806,0.6069651741293534,0.1791044776119403,39.30348258706468
2013,RJ Harris,74,74,1,6.0,0.08108108108108109,0.6666666666666666,0.04054054054054054,35.36036036036036
2013,RN ten Doeschate,18,24,0,8.0,0.0,0.3333333333333333,0.0,16.666666666666664
2013,RP Singh,251,336,14,8.03187250996016,0.3346613545816733,0.3280212483399734,0.16733067729083664,24.767596281540506
2013,S Badree,25,35,0,8.399999999999999,0.0,0.2666666666666669,0.0,13.333333333333345
2013,S Kaul,133,172,5,7.7593984962406015,0.22556390977443608,0.37343358395989973,0.11278195488721804,24.31077694235589
2013,S Ladda,12,18,1,9.0,0.5,0.16666666666666666,0.25,20.833333333333332
2013,S Nadeem,267,264,9,5.932584269662922,0.20224719101123595,0.6779026217228464,0.10112359550561797,38.951310861423224
2013,S Narwal,14,17,0,7.285714285714285,0.0,0.45238095238095255,0.0,22.619047619047628
2013,S Sreesanth,136,171,6,7.544117647058823,0.2647058823529412,0.4093137254901961,0.1323529411764706,27.083333333333336
2013,SK Raina,12,23,1,11.5,0.5,0.0,0.25,12.5
2013,SK Trivedi,368,425,12,6.929347826086957,0.19565217391304346,0.5117753623188405,0.09782608695652173,30.48007246376811
2013,SL Malinga,402,484,23,7.223880597014926,0.34328358208955223,0.46268656716417905,0.17164179104477612,31.71641791044776
2013,SMSM Senanayake,195,211,9,6.492307692307692,0.27692307692307694,0.5846153846153846,0.13846153846153847,36.15384615384616
2013,SP Narine,387,353,26,5.4728682170542635,0.4031007751937985,0.7545219638242894,0.20155038759689925,47.80361757105943
2013,SR Watson,256,319,16,7.4765625,0.375,0.4205729166666667,0.1875,30.403645833333336
2013,STR Binny,149,163,7,6.5637583892617455,0.2818791946308725,0.5727069351230424,0.14093959731543626,35.682326621923934
2013,SW Tait,70,103,1,8.82857142857143,0.08571428571428572,0.19523809523809513,0.04285714285714286,11.904761904761898
2013,Sandeep Sharma,98,130,8,7.959183673469387,0.4897959183673469,0.3401360544217688,0.24489795918367346,29.251700680272112
2013,TL Suman,12,16,1,8.0,0.5,0.3333333333333333,0.25,29.166666666666664
2013,UT Yadav,363,518,20,8.561983471074381,0.3305785123966942,0.23966942148760317,0.1652892561983471,20.247933884297513
2013,VS Malik,61,59,2,5.80327868852459,0.19672131147540983,0.6994535519125683,0.09836065573770492,39.89071038251366
2013,WD Parnell,97,141,7,8.721649484536082,0.43298969072164945,0.21305841924398639,0.21649484536082472,21.477663230240555
2013,YK Pathan,55,74,1,8.072727272727272,0.10909090909090909,0.3212121212121213,0.05454545454545454,18.787878787878793
2013,YS Chahal,24,35,0,8.75,0.0,0.20833333333333334,0.0,10.416666666666668
2013,Yuvraj Singh,133,152,6,6.857142857142857,0.2706766917293233,0.5238095238095238,0.13533834586466165,32.957393483709275
2013,Z Khan,38,47,5,7.421052631578948,0.7894736842105263,0.4298245614035087,0.39473684210526316,41.22807017543859
2014,A Mishra,230,342,8,8.921739130434784,0.20869565217391306,0.1797101449275361,0.10434782608695653,14.20289855072463
2014,A Nehra,93,143,8,9.225806451612904,0.5161290322580645,0.12903225806451601,0.25806451612903225,19.354838709677413
2014,AB Dinda,195,271,5,8.338461538461537,0.15384615384615385,0.2769230769230771,0.07692307692307693,17.6923076923077
2014,AD Russell,31,54,2,10.451612903225806,0.3870967741935484,0.0,0.1935483870967742,9.67741935483871
2014,AN Ahmed,89,120,3,8.089887640449438,0.20224719101123595,0.3183520599250936,0.10112359550561797,20.973782771535575
2014,AR Patel,403,424,19,6.312655086848634,0.28287841191067,0.6145574855252276,0.141439205955335,37.79983457402813
2014,Ankit Sharma,48,44,4,5.5,0.5,0.75,0.25,50.0
2014,B Kumar,327,362,21,6.6422018348623855,0.3853211009174312,0.5596330275229358,0.1926605504587156,37.61467889908256
2014,BCJ Cutting,24,31,2,7.75,0.5,0.375,0.25,31.25
2014,BE Hendricks,75,127,4,10.16,0.32,0.0,0.16,8.0
2014,BW Hilfenhaus,175,255,9,8.742857142857142,0.30857142857142855,0.20952380952380967,0.15428571428571428,18.190476190476197
2014,CJ Anderson,114,188,4,9.894736842105264,0.21052631578947367,0.017543859649122712,0.10526315789473684,6.140350877192978
2014,DJ Hussey,18,38,2,12.666666666666668,0.6666666666666666,0.0,0.3333333333333333,16.666666666666664
2014,DJG Sammy,88,159,3,10.840909090909092,0.20454545454545453,0.0,0.10227272727272727,5.113636363636363
2014,DR Smith,62,99,4,9.580645161290322,0.3870967741935484,0.06989247311827966,0.1935483870967742,13.172043010752693
2014,DS Kulkarni,173,226,6,7.8381502890173405,0.20809248554913293,0.3603082851637766,0.10404624277456646,23.217726396917154
2014,DW Steyn,342,441,12,7.7368421052631575,0.21052631578947367,0.3771929824561404,0.10526315789473684,24.122807017543863
2014,GJ Maxwell,70,133,1,11.399999999999999,0.08571428571428572,0.0,0.04285714285714286,2.142857142857143
2014,HV Patel,71,118,4,9.971830985915492,0.3380281690140845,0.004694835680751315,0.16901408450704225,8.685446009389679
2014,Harbhajan Singh,336,365,14,6.517857142857142,0.25,0.5803571428571429,0.125,35.267857142857146
2014,I Sharma,68,101,3,8.911764705882353,0.2647058823529412,0.18137254901960778,0.1323529411764706,15.68627450980392
2014,IC Pandey,255,331,7,7.788235294117648,0.16470588235294117,0.368627450980392,0.08235294117647059,22.549019607843128
2014,IK Pathan,144,209,6,8.708333333333332,0.25,0.21527777777777798,0.125,17.0138888888889
2014,Imran Tahir,131,176,11,8.061068702290076,0.5038167938931297,0.3231552162849874,0.25190839694656486,28.753180661577616
2014,Iqbal Abdulla,12,18,0,9.0,0.0,0.16666666666666666,0.0,8.333333333333332
2014,JA Morkel,101,127,4,7.544554455445544,0.2376237623762376,0.4092409240924093,0.1188118811881188,26.402640264026406
2014,JD Unadkat,189,278,10,8.825396825396826,0.31746031746031744,0.19576719576719567,0.15873015873015872,17.72486772486772
2014,JDS Neesham,57,96,1,10.105263157894736,0.10526315789473684,0.0,0.05263157894736842,2.631578947368421
2014,JH Kallis,134,193,4,8.64179104477612,0.1791044776119403,0.22636815920397999,0.08955223880597014,15.796019900497507
2014,JJ Bumrah,246,307,6,7.487804878048781,0.14634146341463417,0.41869918699186986,0.07317073170731708,24.593495934959346
2014,JO Holder,20,35,1,10.5,0.30000000000000004,0.0,0.15000000000000002,7.500000000000001
2014,JP Duminy,204,242,3,7.117647058823529,0.08823529411764705,0.48039215686274517,0.044117647058823525,26.225490196078432
2014,JP Faulkner,272,438,15,9.661764705882353,0.33088235294117646,0.05637254901960779,0.16544117647058823,11.090686274509801
2014,JW Hastings,19,29,1,9.157894736842106,0.3157894736842105,0.1403508771929823,0.15789473684210525,14.912280701754376
2014,K Santokie,51,91,3,10.705882352941178,0.3529411764705882,0.0,0.1764705882352941,8.823529411764705
2014,KA Pollard,160,265,3,9.9375,0.11249999999999999,0.010416666666666666,0.056249999999999994,3.3333333333333335
2014,KK Cooper,110,146,4,7.963636363636365,0.21818181818181817,0.3393939393939392,0.10909090909090909,22.424242424242415
2014,KV Sharma,307,393,17,7.680781758957654,0.3322475570032573,0.3865363735070577,0.16612377850162866,27.63300760043432
2014,KW Richardson,167,209,10,7.508982035928144,0.3592814371257485,0.41516966067864275,0.17964071856287425,29.74051896207585
2014,Karanveer Singh,126,164,12,7.80952380952381,0.5714285714285714,0.36507936507936495,0.2857142857142857,32.53968253968254
2014,L Balaji,211,305,12,8.672985781990521,0.34123222748815163,0.22116903633491317,0.17061611374407581,19.589257503949447
2014,LMP Simmons,18,34,1,11.333333333333332,0.3333333333333333,0.0,0.16666666666666666,8.333333333333332
2014,LR Shukla,58,88,1,9.103448275862068,0.10344827586206896,0.14942528735632207,0.05172413793103448,10.057471264367827
2014,M Kartik,49,91,2,11.142857142857142,0.24489795918367346,0.0,0.12244897959183673,6.122448979591836
2014,M Morkel,305,376,13,7.39672131147541,0.25573770491803277,0.43387978142076494,0.12786885245901639,28.087431693989068
2014,M Muralitharan,99,125,4,7.575757575757575,0.24242424242424243,0.40404040404040414,0.12121212121212122,26.262626262626267
2014,M de Lange,26,33,2,7.615384615384615,0.46153846153846156,0.3974358974358975,0.23076923076923078,31.410256410256416
2014,MA Starc,340,419,17,7.394117647058824,0.30000000000000004,0.43431372549019603,0.15000000000000002,29.2156862745098
2014,MC Henriques,63,96,4,9.142857142857142,0.38095238095238093,0.14285714285714293,0.19047619047619047,16.666666666666668
2014,MG Johnson,340,450,17,7.9411764705882355,0.30000000000000004,0.34313725490196073,0.15000000000000002,24.65686274509804
2014,MK Tiwary,12,28,0,14.0,0.0,0.0,0.0,0.0
2014,MM Sharma,324,457,26,8.462962962962964,0.48148148148148145,0.2561728395061727,0.24074074074074073,24.845679012345673
2014,Mohammed Shami,281,381,10,8.135231316725978,0.2135231316725979,0.31079478054567033,0.10676156583629895,20.87781731909846
2014,NM Coulter-Nile,26,27,2,6.230769230769232,0.46153846153846156,0.6282051282051281,0.23076923076923078,42.94871794871794
2014,P Awana,146,248,9,10.191780821917808,0.3698630136986301,0.0,0.18493150684931506,9.246575342465754
2014,P Kumar,73,81,4,6.657534246575342,0.3287671232876712,0.5570776255707762,0.1643835616438356,36.07305936073059
2014,P Negi,43,76,1,10.604651162790699,0.13953488372093023,0.0,0.06976744186046512,3.488372093023256
2014,P Suyal,21,35,1,10.0,0.2857142857142857,0.0,0.14285714285714285,7.142857142857142
2014,PJ Cummins,24,29,2,7.25,0.5,0.4583333333333333,0.25,35.416666666666664
2014,PP Chawla,238,304,14,7.663865546218487,0.3529411764705882,0.3893557422969189,0.1764705882352941,28.29131652661065
2014,PP Ojha,282,385,5,8.191489361702127,0.10638297872340427,0.3014184397163122,0.053191489361702135,17.730496453900717
2014,PV Tambe,304,365,15,7.203947368421052,0.29605263157894735,0.46600877192982465,0.14802631578947367,30.701754385964918
2014,Parvez Rasool,56,83,1,8.892857142857142,0.10714285714285714,0.18452380952380962,0.05357142857142857,11.90476190476191
2014,R Ashwin,379,446,17,7.060686015831134,0.2691292875989446,0.4898856640281443,0.1345646437994723,31.222515391380835
2014,R Bhatia,232,287,13,7.422413793103448,0.33620689655172414,0.42959770114942525,0.16810344827586207,29.885057471264364
2014,R Dhawan,294,373,15,7.612244897959183,0.30612244897959184,0.3979591836734695,0.15306122448979592,27.551020408163275
2014,R Rampaul,37,37,2,6.0,0.32432432432432434,0.6666666666666666,0.16216216216216217,41.44144144144144
2014,R Sharma,36,65,1,10.833333333333334,0.16666666666666666,0.0,0.08333333333333333,4.166666666666666
2014,R Shukla,58,105,3,10.862068965517242,0.3103448275862069,0.0,0.15517241379310345,7.758620689655173
2014,R Tewatia,55,59,3,6.4363636363636365,0.32727272727272727,0.5939393939393939,0.16363636363636364,37.878787878787875
2014,R Vinay Kumar,194,294,10,9.092783505154639,0.30927835051546393,0.15120274914089352,0.15463917525773196,15.292096219931272
2014,RA Jadeja,332,446,20,8.060240963855422,0.3614457831325301,0.3232931726907629,0.18072289156626506,25.200803212851397
2014,RG Sharma,18,26,1,8.666666666666666,0.3333333333333333,0.22222222222222232,0.16666666666666666,19.444444444444446
2014,RN ten Doeschate,30,35,1,7.0,0.2,0.5,0.1,30.0
2014,S Badree,87,103,2,7.103448275862069,0.13793103448275862,0.4827586206896551,0.06896551724137931,27.58620689655172
2014,S Gopal,85,113,6,7.976470588235294,0.4235294117647059,0.3372549019607843,0.21176470588235294,27.45098039215686
2014,S Kaul,82,136,2,9.951219512195122,0.14634146341463417,0.008130081300813016,0.07317073170731708,4.065040650406504
2014,S Nadeem,235,314,9,8.017021276595745,0.2297872340425532,0.33049645390070914,0.1148936170212766,22.269503546099287
2014,S Rana,12,16,0,8.0,0.0,0.3333333333333333,0.0,16.666666666666664
2014,SB Jakati,22,41,0,11.181818181818182,0.0,0.0,0.0,0.0
2014,SK Raina,109,135,1,7.431192660550458,0.05504587155963303,0.42813455657492366,0.027522935779816515,22.782874617737008
2014,SL Malinga,243,267,17,6.592592592592593,0.41975308641975306,0.5679012345679012,0.20987654320987653,38.888888888888886
2014,SP Narine,386,421,22,6.544041450777202,0.34196891191709844,0.575993091537133,0.17098445595854922,37.34887737478411
2014,SR Watson,134,169,7,7.567164179104477,0.31343283582089554,0.4054726368159205,0.15671641791044777,28.109452736318413
2014,STR Binny,54,65,4,7.222222222222222,0.4444444444444444,0.46296296296296297,0.2222222222222222,34.25925925925925
2014,Sandeep Sharma,255,358,19,8.423529411764704,0.44705882352941173,0.2627450980392159,0.22352941176470587,24.313725490196088
2014,Shakib Al Hasan,307,339,15,6.625407166123779,0.2931596091205212,0.5624321389793702,0.1465798045602606,35.45059717698153
2014,Shivam Sharma,96,121,3,7.5625,0.1875,0.40625,0.09375,25.0
2014,TG Southee,63,78,0,7.428571428571429,0.0,0.42857142857142855,0.0,21.428571428571427
2014,UT Yadav,283,381,12,8.07773851590106,0.2544169611307421,0.3203769140164899,0.12720848056537104,22.379269729093046
2014,VR Aaron,238,309,16,7.789915966386555,0.40336134453781514,0.3683473389355741,0.20168067226890757,28.501400560224084
2014,VS Malik,19,29,1,9.157894736842106,0.3157894736842105,0.1403508771929823,0.15789473684210525,14.912280701754376
2014,WD Parnell,190,235,7,7.421052631578948,0.22105263157894733,0.4298245614035087,0.11052631578947367,27.017543859649116
2014,Y Venugopal Rao,12,16,0,8.0,0.0,0.3333333333333333,0.0,16.666666666666664
2014,YS Chahal,333,389,12,7.009009009009009,0.21621621621621623,0.4984984984984984,0.10810810810810811,30.330330330330323
2014,Yuvraj Singh,140,191,6,8.185714285714287,0.2571428571428571,0.3023809523809522,0.12857142857142856,21.547619047619037
2014,Z Khan,138,156,6,6.782608695652174,0.2608695652173913,0.5362318840579711,0.13043478260869565,33.333333333333336
2015,A Ashish Reddy,37,51,4,8.27027027027027,0.6486486486486487,0.2882882882882883,0.32432432432432434,30.630630630630627
2015,A Mishra,249,312,9,7.518072289156627,0.21686746987951805,0.41365461847389556,0.10843373493975902,26.10441767068273
2015,A Nehra,385,453,25,7.05974025974026,0.3896103896103896,0.49004329004329,0.1948051948051948,34.24242424242424
2015,AB Dinda,33,63,0,11.454545454545455,0.0,0.0,0.0,0.0
2015,AD Mathews,185,249,7,8.075675675675676,0.22702702702702704,0.3207207207207207,0.11351351351351352,21.71171171171171
2015,AD Russell,254,332,14,7.8425196850393695,0.3307086614173228,0.35958005249343844,0.1653543307086614,26.24671916010499
2015,AN Ahmed,76,129,2,10.18421052631579,0.15789473684210525,0.0,0.07894736842105263,3.9473684210526314
2015,AR Patel,289,399,14,8.283737024221454,0.2906574394463668,0.2860438292964244,0.1453287197231834,21.56862745098039
2015,Ankit Sharma,86,114,3,7.953488372093023,0.20930232558139533,0.34108527131782945,0.10465116279069767,22.28682170542636
2015,Anureet Singh,322,477,16,8.888198757763975,0.2981366459627329,0.18530020703933747,0.14906832298136646,16.718426501035196
2015,Azhar Mahmood,20,41,1,12.299999999999999,0.30000000000000004,0.0,0.15000000000000002,7.500000000000001
2015,B Kumar,323,419,19,7.783281733746131,0.3529411764705882,0.3694530443756448,0.1764705882352941,27.296181630546947
2015,BB Sran,20,36,0,10.8,0.0,0.0,0.0,0.0
2015,BE Hendricks,82,112,7,8.195121951219512,0.5121951219512195,0.30081300813008127,0.25609756097560976,27.84552845528455
2015,Bipul Sharma,42,50,4,7.142857142857142,0.5714285714285714,0.4761904761904763,0.2857142857142857,38.0952380952381
2015,CH Gayle,13,16,0,7.384615384615385,0.0,0.43589743589743585,0.0,21.794871794871792
2015,CH Morris,263,321,13,7.32319391634981,0.2965779467680608,0.44613434727503165,0.1482889733840304,29.721166032953107
2015,CJ Anderson,24,33,1,8.25,0.25,0.2916666666666667,0.125,20.833333333333336
2015,D Wiese,262,360,17,8.244274809160306,0.3893129770992366,0.29262086513994906,0.1946564885496183,24.363867684478368
2015,DJ Bravo,324,442,28,8.185185185185185,0.5185185185185185,0.30246913580246915,0.25925925925925924,28.08641975308642
2015,DJ Hooda,97,131,1,8.103092783505154,0.061855670103092786,0.31615120274914094,0.030927835051546393,17.353951890034367
2015,DJ Muthuswami,84,108,4,7.714285714285715,0.2857142857142857,0.38095238095238076,0.14285714285714285,26.19047619047618
2015,DJG Sammy,18,26,0,8.666666666666666,0.0,0.22222222222222232,0.0,11.111111111111116
2015,DR Smith,12,17,1,8.5,0.5,0.25,0.25,25.0
2015,DS Kulkarni,221,290,13,7.873303167420815,0.3529411764705882,0.3544494720965308,0.1764705882352941,26.546003016591246
2015,DW Steyn,116,171,3,8.844827586206897,0.15517241379310345,0.19252873563218387,0.07758620689655173,13.505747126436779
2015,GB Hogg,127,148,10,6.9921259842519685,0.47244094488188976,0.5013123359580053,0.23622047244094488,36.876640419947506
2015,GJ Maxwell,63,97,2,9.238095238095239,0.19047619047619047,0.12698412698412684,0.09523809523809523,11.111111111111104
2015,GS Sandhu,48,86,1,10.75,0.125,0.0,0.0625,3.125
2015,Gurkeerat Singh,56,66,3,7.071428571428571,0.3214285714285714,0.48809523809523814,0.1607142857142857,32.44047619047619
2015,HH Pandya,107,178,1,9.981308411214954,0.05607476635514018,0.0031152647975076775,0.02803738317757009,1.5576323987538883
2015,HV Patel,272,339,19,7.477941176470589,0.41911764705882354,0.42034313725490186,0.20955882352941177,31.49509803921568
2015,Harbhajan Singh,349,448,19,7.702005730659026,0.32664756446991405,0.3829990448901623,0.16332378223495703,27.31614135625596
2015,I Sharma,89,161,1,10.853932584269662,0.06741573033707865,0.0,0.033707865168539325,1.6853932584269662
2015,IC Pandey,189,228,11,7.238095238095237,0.3492063492063492,0.46031746031746046,0.1746031746031746,31.746031746031754
2015,Imran Tahir,220,315,15,8.590909090909092,0.40909090909090906,0.23484848484848472,0.20454545454545453,21.96969696969696
2015,Iqbal Abdulla,121,150,4,7.438016528925621,0.19834710743801653,0.4269972451790632,0.09917355371900827,26.308539944903576
2015,J Botha,62,82,1,7.935483870967742,0.0967741935483871,0.3440860215053763,0.04838709677419355,19.623655913978492
2015,J Suchith,239,338,10,8.485355648535565,0.2510460251046025,0.2524407252440725,0.12552301255230125,18.89818688981869
2015,J Theron,26,41,1,9.461538461538462,0.23076923076923078,0.08974358974358972,0.11538461538461539,10.256410256410255
2015,J Yadav,42,29,2,4.142857142857142,0.2857142857142857,0.9761904761904763,0.14285714285714285,55.952380952380956
2015,JA Morkel,74,113,3,9.162162162162161,0.24324324324324326,0.13963963963963977,0.12162162162162163,13.063063063063069
2015,JD Unadkat,18,30,0,10.0,0.0,0.0,0.0,0.0
2015,JJ Bumrah,98,184,3,11.26530612244898,0.18367346938775508,0.0,0.09183673469387754,4.591836734693877
2015,JP Duminy,107,128,8,7.177570093457943,0.44859813084112143,0.4704049844236762,0.22429906542056072,34.73520249221185
2015,JP Faulkner,281,433,9,9.245551601423488,0.19217081850533807,0.12574139976275203,0.09608540925266904,11.091340450771053
2015,KA Pollard,81,121,6,8.962962962962962,0.4444444444444444,0.1728395061728397,0.2222222222222222,19.753086419753096
2015,KC Cariappa,12,28,1,14.0,0.5,0.0,0.25,12.5
2015,KV Sharma,239,338,11,8.485355648535565,0.27615062761506276,0.2524407252440725,0.13807531380753138,19.525801952580196
2015,Karanveer Singh,87,159,2,10.965517241379311,0.13793103448275862,0.0,0.06896551724137931,3.4482758620689653
2015,M Morkel,174,212,12,7.310344827586207,0.41379310344827586,0.44827586206896547,0.20689655172413793,32.758620689655174
2015,M Vijay,24,28,0,7.0,0.0,0.5,0.0,25.0
2015,M de Lange,26,30,1,6.9230769230769225,0.23076923076923078,0.5128205128205129,0.11538461538461539,31.410256410256416
2015,MA Starc,272,306,22,6.75,0.4852941176470589,0.5416666666666666,0.24264705882352944,39.21568627450981
2015,MC Henriques,157,164,11,6.267515923566879,0.42038216560509556,0.6220806794055201,0.21019108280254778,41.6135881104034
2015,MG Johnson,227,340,9,8.986784140969164,0.2378854625550661,0.16886930983847273,0.11894273127753305,14.390602055800288
2015,MJ McClenaghan,305,395,18,7.77049180327869,0.35409836065573774,0.3715846994535517,0.17704918032786887,27.431693989071025
2015,MM Sharma,350,482,15,8.262857142857143,0.2571428571428571,0.28952380952380946,0.12857142857142856,20.9047619047619
2015,NLTC Perera,37,55,1,8.91891891891892,0.16216216216216217,0.18018018018018012,0.08108108108108109,13.06306306306306
2015,NM Coulter-Nile,264,331,16,7.522727272727273,0.36363636363636365,0.4128787878787878,0.18181818181818182,29.73484848484848
2015,P Kumar,230,338,7,8.817391304347826,0.1826086956521739,0.19710144927536236,0.09130434782608696,14.420289855072465
2015,P Negi,183,259,7,8.491803278688526,0.22950819672131148,0.25136612021857907,0.11475409836065574,18.30601092896174
2015,P Suyal,67,97,0,8.686567164179104,0.0,0.21890547263681595,0.0,10.945273631840797
2015,PJ Cummins,66,103,1,9.363636363636363,0.09090909090909091,0.10606060606060612,0.045454545454545456,7.575757575757579
2015,PP Chawla,212,275,12,7.783018867924529,0.339622641509434,0.36949685534591187,0.169811320754717,26.965408805031444
2015,PP Ojha,12,23,0,11.5,0.0,0.0,0.0,0.0
2015,PV Tambe,204,267,7,7.852941176470589,0.2058823529411765,0.35784313725490186,0.10294117647058824,23.039215686274506
2015,Parvez Rasool,30,31,1,6.200000000000001,0.2,0.6333333333333332,0.1,36.66666666666666
2015,R Ashwin,240,229,10,5.7250000000000005,0.25,0.7124999999999999,0.125,41.87499999999999
2015,R Bhatia,30,47,0,9.4,0.0,0.09999999999999994,0.0,4.9999999999999964
2015,R Dhawan,79,111,1,8.430379746835442,0.0759493670886076,0.26160337552742635,0.0379746835443038,14.978902953586507
2015,R Tewatia,18,31,2,10.333333333333334,0.6666666666666666,0.0,0.3333333333333333,16.666666666666664
2015,R Vinay Kumar,265,371,9,8.399999999999999,0.2037735849056604,0.2666666666666669,0.1018867924528302,18.427672955974856
2015,RA Jadeja,258,334,12,7.767441860465117,0.27906976744186046,0.3720930232558139,0.13953488372093023,25.581395348837205
2015,RG More,37,63,1,10.216216216216216,0.16216216216216217,0.0,0.08108108108108109,4.054054054054054
2015,RS Bopara,123,164,8,8.0,0.3902439024390244,0.3333333333333333,0.1951219512195122,26.422764227642276
2015,S Aravind,110,132,10,7.199999999999999,0.5454545454545454,0.4666666666666668,0.2727272727272727,36.969696969696976
2015,S Gopal,13,23,1,10.615384615384615,0.46153846153846156,0.0,0.23076923076923078,11.538461538461538
2015,S Nadeem,44,43,0,5.863636363636363,0.0,0.6893939393939394,0.0,34.46969696969697
2015,SA Abbott,32,57,0,10.6875,0.0,0.0,0.0,0.0
2015,SK Raina,78,94,3,7.23076923076923,0.23076923076923078,0.4615384615384617,0.11538461538461539,28.846153846153854
2015,SL Malinga,378,453,26,7.19047619047619,0.4126984126984127,0.46825396825396837,0.20634920634920634,33.730158730158735
2015,SN Thakur,20,39,1,11.7,0.30000000000000004,0.0,0.15000000000000002,7.500000000000001
2015,SP Narine,196,246,7,7.530612244897959,0.21428571428571427,0.4115646258503401,0.10714285714285714,25.93537414965986
2015,SR Watson,193,273,8,8.487046632124352,0.24870466321243523,0.25215889464594127,0.12435233160621761,18.825561312607945
2015,STR Binny,119,143,8,7.210084033613445,0.40336134453781514,0.46498599439775923,0.20168067226890757,33.333333333333336
2015,Sandeep Sharma,311,359,13,6.92604501607717,0.2508038585209003,0.512325830653805,0.12540192926045016,31.886387995712756
2015,Shakib Al Hasan,89,123,5,8.292134831460675,0.33707865168539325,0.2846441947565541,0.16853932584269662,22.659176029962534
2015,Shivam Sharma,18,44,1,14.666666666666668,0.3333333333333333,0.0,0.16666666666666666,8.333333333333332
2015,TA Boult,181,239,10,7.922651933701658,0.3314917127071823,0.34622467771639026,0.16574585635359115,25.59852670349907
2015,TG Southee,175,255,9,8.742857142857142,0.30857142857142855,0.20952380952380967,0.15428571428571428,18.190476190476197
2015,UT Yadav,266,387,12,8.729323308270676,0.2706766917293233,0.21177944862155407,0.13533834586466165,17.355889724310785
2015,VR Aaron,113,180,4,9.557522123893806,0.21238938053097345,0.07374631268436567,0.10619469026548672,8.997050147492619
2015,YK Pathan,60,100,2,10.0,0.2,0.0,0.1,5.0
2015,YS Chahal,283,416,24,8.819787985865725,0.5088339222614842,0.19670200235571253,0.2544169611307421,22.555948174322733
2015,Yuvraj Singh,55,75,1,8.181818181818182,0.10909090909090909,0.30303030303030304,0.05454545454545454,17.87878787878788
2015,Z Khan,155,159,8,6.15483870967742,0.3096774193548387,0.6408602150537633,0.15483870967741936,39.784946236559136
2016,A Ashish Reddy,23,40,1,10.434782608695652,0.2608695652173913,0.0,0.13043478260869565,6.521739130434782
2016,A Mishra,284,350,14,7.394366197183098,0.29577464788732394,0.4342723004694837,0.14788732394366197,29.10798122065728
2016,A Nehra,161,200,11,7.453416149068323,0.40993788819875776,0.4244306418219462,0.20496894409937888,31.469979296066253
2016,A Zampa,103,117,12,6.815533980582524,0.6990291262135923,0.5307443365695793,0.34951456310679613,44.01294498381877
2016,AB Dinda,192,236,13,7.375,0.40625,0.4375,0.203125,32.03125
2016,AD Russell,224,301,19,8.0625,0.5089285714285714,0.3229166666666667,0.2544642857142857,28.869047619047617
2016,AF Milne,25,44,1,10.56,0.24,0.0,0.12,6.0
2016,AR Patel,294,395,13,8.061224489795919,0.2653061224489796,0.32312925170068024,0.1326530612244898,22.7891156462585
2016,AS Rajpoot,72,101,3,8.416666666666666,0.25,0.263888888888889,0.125,19.44444444444445
2016,Ankit Sharma,70,84,1,7.199999999999999,0.08571428571428572,0.4666666666666668,0.04285714285714286,25.47619047619048
2016,Anureet Singh,38,44,1,6.947368421052632,0.15789473684210525,0.5087719298245613,0.07894736842105263,29.3859649122807
2016,B Kumar,414,503,24,7.2898550724637685,0.34782608695652173,0.4516908212560386,0.17391304347826086,31.28019323671497
2016,BB Sran,312,420,14,8.076923076923077,0.2692307692307692,0.32051282051282054,0.1346153846153846,22.75641025641026
2016,BCJ Cutting,68,80,5,7.0588235294117645,0.4411764705882353,0.4901960784313726,0.22058823529411764,35.53921568627451
2016,Bipul Sharma,84,123,5,8.785714285714285,0.3571428571428571,0.20238095238095255,0.17857142857142855,19.047619047619055
2016,C Munro,12,15,0,7.5,0.0,0.4166666666666667,0.0,20.833333333333336
2016,CH Gayle,65,65,2,6.0,0.18461538461538463,0.6666666666666666,0.09230769230769231,37.94871794871795
2016,CH Morris,274,320,16,7.007299270072992,0.35036496350364965,0.49878345498783466,0.17518248175182483,33.698296836982976
2016,CJ Jordan,181,266,13,8.81767955801105,0.430939226519337,0.1970534069981582,0.2154696132596685,20.626151012891334
2016,CR Brathwaite,143,192,9,8.055944055944057,0.37762237762237766,0.32400932400932386,0.18881118881118883,25.64102564102563
2016,D Wiese,27,49,0,10.88888888888889,0.0,0.0,0.0,0.0
2016,DJ Bravo,348,502,19,8.655172413793103,0.3275862068965517,0.2241379310344828,0.16379310344827586,19.396551724137932
2016,DJ Hooda,80,97,3,7.2749999999999995,0.22499999999999998,0.4541666666666668,0.11249999999999999,28.33333333333334
2016,DL Chahar,33,42,0,7.636363636363637,0.0,0.39393939393939387,0.0,19.696969696969692
2016,DR Smith,113,154,8,8.176991150442477,0.4247787610619469,0.30383480825958714,0.21238938053097345,25.811209439528028
2016,DS Kulkarni,297,365,20,7.373737373737374,0.40404040404040403,0.4377104377104377,0.20202020202020202,31.986531986531986
2016,DW Steyn,13,17,0,7.846153846153847,0.0,0.35897435897435886,0.0,17.948717948717942
2016,GB Hogg,98,144,5,8.816326530612246,0.30612244897959184,0.1972789115646257,0.15306122448979592,17.51700680272108
2016,GJ Maxwell,55,81,0,8.836363636363636,0.0,0.193939393939394,0.0,9.696969696969699
2016,Gurkeerat Singh,26,31,2,7.153846153846153,0.46153846153846156,0.47435897435897445,0.23076923076923078,35.25641025641026
2016,HH Pandya,106,155,3,8.773584905660378,0.169811320754717,0.20440251572327028,0.0849056603773585,14.465408805031437
2016,HV Patel,90,147,2,9.8,0.13333333333333333,0.033333333333333215,0.06666666666666667,4.999999999999994
2016,Harbhajan Singh,300,402,9,8.040000000000001,0.18,0.3266666666666665,0.09,20.833333333333325
2016,I Sharma,97,151,3,9.34020618556701,0.18556701030927836,0.10996563573883152,0.09278350515463918,10.137457044673534
2016,IK Pathan,48,61,0,7.625,0.0,0.3958333333333333,0.0,19.791666666666664
2016,Imran Tahir,97,141,5,8.721649484536082,0.30927835051546393,0.21305841924398639,0.15463917525773196,18.384879725085916
2016,Iqbal Abdulla,155,216,7,8.361290322580645,0.27096774193548384,0.2731182795698925,0.13548387096774192,20.43010752688172
2016,J Suchith,14,31,0,13.285714285714286,0.0,0.0,0.0,0.0
2016,J Yadav,104,125,2,7.211538461538462,0.11538461538461539,0.4647435897435897,0.057692307692307696,26.12179487179487
2016,JA Morkel,34,66,3,11.647058823529411,0.5294117647058824,0.0,0.2647058823529412,13.23529411764706
2016,JD Unadkat,19,49,0,15.473684210526315,0.0,0.0,0.0,0.0
2016,JJ Bumrah,322,413,18,7.695652173913043,0.33540372670807456,0.38405797101449285,0.16770186335403728,27.587991718426508
2016,JO Holder,83,105,3,7.590361445783133,0.21686746987951805,0.4016064257028112,0.10843373493975902,25.502008032128508
2016,JP Duminy,43,55,2,7.674418604651163,0.27906976744186046,0.38759689922480617,0.13953488372093023,26.35658914728682
2016,JP Faulkner,108,168,2,9.333333333333334,0.1111111111111111,0.11111111111111101,0.05555555555555555,8.333333333333329
2016,JW Hastings,42,37,2,5.285714285714286,0.2857142857142857,0.7857142857142857,0.14285714285714285,46.42857142857143
2016,KA Pollard,37,82,0,13.297297297297298,0.0,0.0,0.0,0.0
2016,KC Cariappa,105,160,3,9.142857142857142,0.17142857142857143,0.14285714285714293,0.08571428571428572,11.428571428571432
2016,KH Pandya,194,238,7,7.360824742268042,0.21649484536082472,0.4398625429553264,0.10824742268041236,27.40549828178694
2016,KJ Abbott,102,182,2,10.705882352941178,0.11764705882352941,0.0,0.058823529411764705,2.941176470588235
2016,KV Sharma,100,174,1,10.44,0.06,0.0,0.03,1.5
2016,KW Richardson,86,138,8,9.627906976744185,0.5581395348837209,0.0620155038759691,0.27906976744186046,17.05426356589148
2016,Kuldeep Yadav,74,102,7,8.27027027027027,0.5675675675675675,0.2882882882882883,0.28378378378378377,28.6036036036036
2016,M Ashwin,176,245,7,8.352272727272727,0.23863636363636365,0.2746212121212122,0.11931818181818182,19.696969696969703
2016,M Morkel,220,299,10,8.154545454545454,0.2727272727272727,0.3075757575757576,0.13636363636363635,22.1969696969697
2016,MC Henriques,318,418,14,7.886792452830188,0.2641509433962264,0.3522012578616353,0.1320754716981132,24.213836477987428
2016,MG Johnson,69,108,3,9.391304347826088,0.2608695652173913,0.1014492753623187,0.13043478260869565,11.594202898550718
2016,MJ McClenaghan,332,449,18,8.1144578313253,0.3253012048192771,0.31425702811245,0.16265060240963855,23.845381526104426
2016,MM Sharma,304,410,16,8.092105263157894,0.3157894736842105,0.31798245614035103,0.15789473684210525,23.793859649122815
2016,MP Stoinis,140,203,9,8.7,0.3857142857142857,0.21666666666666679,0.19285714285714284,20.47619047619048
2016,MR Marsh,55,45,4,4.909090909090909,0.43636363636363634,0.8484848484848485,0.21818181818181817,53.333333333333336
2016,Mohammed Shami,156,252,8,9.692307692307693,0.3076923076923077,0.0512820512820511,0.15384615384615385,10.256410256410248
2016,Mustafizur Rahman,376,427,19,6.813829787234043,0.3031914893617021,0.5310283687943261,0.15159574468085105,34.131205673758856
2016,NLTC Perera,202,326,10,9.683168316831683,0.29702970297029707,0.052805280528052854,0.14851485148514854,10.066006600660069
2016,NM Coulter-Nile,93,120,4,7.741935483870968,0.25806451612903225,0.3763440860215053,0.12903225806451613,25.268817204301076
2016,P Kumar,319,408,10,7.673981191222571,0.18808777429467083,0.3876698014629049,0.09404388714733541,24.085684430512018
2016,P Negi,54,84,2,9.333333333333334,0.2222222222222222,0.11111111111111101,0.1111111111111111,11.111111111111105
2016,P Sahu,107,152,3,8.523364485981308,0.16822429906542055,0.2461059190031154,0.08411214953271028,16.510903426791284
2016,PJ Sangwan,25,49,0,11.76,0.0,0.0,0.0,0.0
2016,PP Chawla,216,273,12,7.583333333333333,0.3333333333333333,0.40277777777777785,0.16666666666666666,28.472222222222225
2016,PV Tambe,97,143,5,8.845360824742269,0.30927835051546393,0.19243986254295523,0.15463917525773196,17.35395189003436
2016,Parvez Rasool,84,130,1,9.285714285714286,0.07142857142857142,0.11904761904761892,0.03571428571428571,7.738095238095231
2016,R Ashwin,278,321,11,6.928057553956834,0.237410071942446,0.511990407673861,0.118705035971223,31.5347721822542
2016,R Bhatia,208,249,6,7.1826923076923075,0.17307692307692307,0.4695512820512821,0.08653846153846154,27.804487179487182
2016,R Dhawan,45,56,2,7.466666666666667,0.26666666666666666,0.4222222222222222,0.13333333333333333,27.77777777777778
2016,R Sathish,38,59,2,9.31578947368421,0.3157894736842105,0.11403508771929823,0.15789473684210525,13.596491228070173
2016,R Vinay Kumar,57,65,4,6.842105263157895,0.42105263157894735,0.5263157894736842,0.21052631578947367,36.84210526315789
2016,RA Jadeja,247,320,9,7.773279352226721,0.2186234817813765,0.3711201079622131,0.10931174089068825,24.02159244264507
2016,RP Singh,76,114,3,9.0,0.23684210526315788,0.16666666666666666,0.11842105263157894,14.25438596491228
2016,S Aravind,182,222,11,7.318681318681319,0.3626373626373626,0.4468864468864468,0.1813186813186813,31.410256410256405
2016,S Gopal,18,19,0,6.333333333333334,0.0,0.611111111111111,0.0,30.555555555555554
2016,S Kaushik,142,195,6,8.23943661971831,0.2535211267605634,0.2934272300469483,0.1267605633802817,21.0093896713615
2016,S Ladda,12,21,0,10.5,0.0,0.0,0.0,0.0
2016,S Nadeem,91,127,3,8.373626373626372,0.19780219780219782,0.27106227106227126,0.09890109890109891,18.49816849816851
2016,SB Jakati,123,181,2,8.829268292682926,0.0975609756097561,0.19512195121951237,0.04878048780487805,12.19512195121952
2016,SK Raina,61,84,0,8.262295081967213,0.0,0.28961748633879775,0.0,14.480874316939888
2016,SM Boland,43,56,3,7.813953488372094,0.41860465116279066,0.36434108527131776,0.20930232558139533,28.682170542635653
2016,SP Narine,262,310,13,7.099236641221374,0.29770992366412213,0.48346055979643765,0.14885496183206107,31.615776081424933
2016,SR Watson,360,490,23,8.166666666666668,0.3833333333333333,0.30555555555555536,0.19166666666666665,24.8611111111111
2016,STR Binny,104,134,1,7.730769230769232,0.057692307692307696,0.378205128205128,0.028846153846153848,20.352564102564095
2016,Sandeep Sharma,309,374,19,7.262135922330097,0.36893203883495146,0.45631067961165045,0.18446601941747573,32.03883495145631
2016,Shakib Al Hasan,190,247,5,7.800000000000001,0.15789473684210525,0.36666666666666653,0.07894736842105263,22.280701754385955
2016,Swapnil Singh,18,29,0,9.666666666666668,0.0,0.05555555555555536,0.0,2.777777777777768
2016,T Shamsi,96,151,3,9.4375,0.1875,0.09375,0.09375,9.375
2016,TA Boult,26,39,1,9.0,0.23076923076923078,0.16666666666666666,0.11538461538461539,14.102564102564102
2016,TG Southee,268,333,9,7.455223880597016,0.20149253731343283,0.42412935323383066,0.10074626865671642,26.243781094527353
2016,UT Yadav,163,246,12,9.05521472392638,0.44171779141104295,0.15746421267893673,0.22085889570552147,18.91615541922291
2016,VR Aaron,155,229,2,8.864516129032259,0.07741935483870968,0.18924731182795687,0.03870967741935484,11.397849462365587
2016,YK Pathan,38,33,1,5.210526315789474,0.15789473684210525,0.7982456140350876,0.07894736842105263,43.859649122807014
2016,YS Chahal,308,409,22,7.967532467532468,0.42857142857142855,0.3387445887445886,0.21428571428571427,27.651515151515145
2016,Yuvraj Singh,38,52,0,8.210526315789474,0.0,0.2982456140350876,0.0,14.91228070175438
2016,Z Khan,271,341,12,7.549815498154982,0.2656826568265682,0.4083640836408364,0.1328413284132841,27.060270602706026
2017,A Choudhary,108,144,5,8.0,0.2777777777777778,0.3333333333333333,0.1388888888888889,23.61111111111111
2017,A Mishra,237,345,10,8.734177215189874,0.25316455696202533,0.21097046413502105,0.12658227848101267,16.877637130801688
2017,A Nehra,132,198,10,9.0,0.4545454545454546,0.16666666666666666,0.2272727272727273,19.696969696969695
2017,A Zampa,122,164,7,8.065573770491802,0.3442622950819672,0.3224043715846996,0.1721311475409836,24.726775956284158
2017,AB Dinda,65,121,2,11.169230769230769,0.18461538461538463,0.0,0.09230769230769231,4.615384615384616
2017,AD Mathews,31,57,0,11.032258064516128,0.0,0.0,0.0,0.0
2017,AF Milne,90,141,4,9.4,0.26666666666666666,0.09999999999999994,0.13333333333333333,11.666666666666664
2017,AJ Tye,128,146,12,6.84375,0.5625,0.5260416666666666,0.28125,40.36458333333333
2017,AR Patel,294,366,15,7.469387755102041,0.30612244897959184,0.4217687074829932,0.15306122448979592,28.74149659863946
2017,AS Rajpoot,87,113,4,7.793103448275863,0.27586206896551724,0.3678160919540228,0.13793103448275862,25.28735632183907
2017,Ankit Soni,112,145,4,7.767857142857143,0.21428571428571427,0.3720238095238095,0.10714285714285714,23.958333333333332
2017,Anureet Singh,12,26,0,13.0,0.0,0.0,0.0,0.0
2017,Avesh Khan,24,24,1,6.0,0.25,0.6666666666666666,0.125,39.58333333333333
2017,B Kumar,324,384,28,7.111111111111111,0.5185185185185185,0.48148148148148157,0.25925925925925924,37.03703703703704
2017,B Stanlake,50,70,2,8.399999999999999,0.24,0.2666666666666669,0.12,19.333333333333343
2017,BA Stokes,274,327,14,7.160583941605839,0.30656934306569344,0.4732360097323601,0.15328467153284672,31.326034063260337
2017,BB Sran,13,29,0,13.384615384615385,0.0,0.0,0.0,0.0
2017,BCJ Cutting,79,123,2,9.341772151898734,0.1518987341772152,0.10970464135021096,0.0759493670886076,9.282700421940929
2017,Basil Thampi,278,428,15,9.237410071942445,0.3237410071942446,0.12709832134292576,0.1618705035971223,14.448441247002403
2017,Bipul Sharma,100,131,3,7.86,0.18,0.35666666666666663,0.09,22.333333333333332
2017,C de Grandhomme,102,136,4,8.0,0.23529411764705882,0.3333333333333333,0.11764705882352941,22.549019607843135
2017,CH Morris,189,241,14,7.65079365079365,0.4444444444444444,0.3915343915343916,0.2222222222222222,30.68783068783069
2017,CJ Anderson,121,187,4,9.272727272727273,0.19834710743801653,0.1212121212121211,0.09917355371900827,11.019283746556468
2017,CR Brathwaite,38,67,1,10.578947368421051,0.15789473684210525,0.0,0.07894736842105263,3.9473684210526314
2017,CR Woakes,278,393,18,8.482014388489208,0.38848920863309355,0.25299760191846526,0.19424460431654678,22.3621103117506
2017,DJ Hooda,24,42,2,10.5,0.5,0.0,0.25,12.5
2017,DL Chahar,44,75,1,10.227272727272727,0.13636363636363635,0.0,0.06818181818181818,3.4090909090909087
2017,DR Smith,82,151,2,11.048780487804878,0.14634146341463417,0.0,0.07317073170731708,3.6585365853658542
2017,DS Kulkarni,118,173,3,8.796610169491526,0.15254237288135594,0.20056497175141233,0.07627118644067797,13.841807909604514
2017,DT Christian,249,303,12,7.301204819277109,0.28915662650602414,0.4497991967871486,0.14457831325301207,29.718875502008036
2017,GJ Maxwell,115,126,7,6.57391304347826,0.3652173913043478,0.5710144927536233,0.1826086956521739,37.68115942028986
2017,HH Pandya,162,219,6,8.11111111111111,0.2222222222222222,0.3148148148148149,0.1111111111111111,21.296296296296298
2017,HV Patel,25,43,3,10.32,0.72,0.0,0.36,18.0
2017,Harbhajan Singh,247,269,8,6.534412955465587,0.19433198380566802,0.5775978407557355,0.09716599190283401,33.738191632928476
2017,I Sharma,114,190,0,10.0,0.0,0.0,0.0,0.0
2017,IK Pathan,12,26,2,13.0,1.0,0.0,0.5,25.0
2017,Imran Tahir,286,370,19,7.7622377622377625,0.3986013986013986,0.37296037296037293,0.1993006993006993,28.613053613053612
2017,Iqbal Abdulla,34,55,2,9.705882352941178,0.3529411764705882,0.04901960784313708,0.1764705882352941,11.274509803921559
2017,J Yadav,37,43,0,6.972972972972972,0.0,0.5045045045045047,0.0,25.225225225225234
2017,JD Unadkat,279,330,27,7.096774193548388,0.5806451612903225,0.48387096774193533,0.29032258064516125,38.709677419354826
2017,JJ Bumrah,365,449,23,7.380821917808219,0.3780821917808219,0.4365296803652969,0.18904109589041096,31.278538812785396
2017,JP Faulkner,159,268,9,10.11320754716981,0.339622641509434,0.0,0.169811320754717,8.49056603773585
2017,K Rabada,137,198,8,8.671532846715328,0.35036496350364965,0.22141119221411198,0.17518248175182483,19.82968369829684
2017,KA Pollard,12,30,0,15.0,0.0,0.0,0.0,0.0
2017,KC Cariappa,94,127,4,8.106382978723403,0.2553191489361702,0.31560283687943286,0.1276595744680851,22.1631205673759
2017,KH Pandya,246,280,10,6.829268292682927,0.24390243902439024,0.5284552845528455,0.12195121951219512,32.52032520325203
2017,KV Sharma,189,217,13,6.888888888888889,0.4126984126984127,0.5185185185185185,0.20634920634920634,36.24338624338625
2017,Kuldeep Yadav,250,345,12,8.28,0.28800000000000003,0.2866666666666668,0.14400000000000002,21.533333333333342
2017,LH Ferguson,87,96,5,6.620689655172414,0.3448275862068966,0.5632183908045977,0.1724137931034483,36.7816091954023
2017,MC Henriques,148,248,2,10.054054054054054,0.08108108108108109,0.0,0.04054054054054054,2.027027027027027
2017,MG Johnson,125,147,9,7.055999999999999,0.43199999999999994,0.4906666666666668,0.21599999999999997,35.333333333333336
2017,MJ Henry,31,71,2,13.741935483870968,0.3870967741935484,0.0,0.1935483870967742,9.67741935483871
2017,MJ McClenaghan,345,512,20,8.904347826086957,0.34782608695652173,0.18260869565217389,0.17391304347826086,17.826086956521735
2017,MM Patel,42,58,1,8.285714285714285,0.14285714285714285,0.28571428571428586,0.07142857142857142,17.857142857142865
2017,MM Sharma,277,412,13,8.92418772563177,0.2815884476534296,0.1793020457280384,0.1407942238267148,16.004813477737663
2017,MN Samuels,18,34,0,11.333333333333332,0.0,0.0,0.0,0.0
2017,MP Stoinis,69,111,2,9.652173913043478,0.17391304347826086,0.05797101449275358,0.08695652173913043,7.2463768115942
2017,MS Gony,15,32,0,12.8,0.0,0.0,0.0,0.0
2017,Mohammad Nabi,66,59,2,5.363636363636363,0.18181818181818182,0.7727272727272728,0.09090909090909091,43.18181818181819
2017,Mohammed Shami,165,248,8,9.018181818181818,0.2909090909090909,0.16363636363636372,0.14545454545454545,15.45454545454546
2017,Mohammed Siraj,141,214,10,9.106382978723405,0.4255319148936171,0.14893617021276592,0.21276595744680854,18.085106382978722
2017,Mustafizur Rahman,17,34,0,12.0,0.0,0.0,0.0,0.0
2017,NB Singh,25,18,1,4.32,0.24,0.9466666666666667,0.12,53.333333333333336
2017,NM Coulter-Nile,178,232,16,7.820224719101124,0.5393258426966292,0.3632958801498127,0.2696629213483146,31.647940074906366
2017,P Kumar,108,154,6,8.555555555555555,0.3333333333333333,0.24074074074074078,0.16666666666666666,20.370370370370374
2017,P Negi,200,202,17,6.0600000000000005,0.51,0.6566666666666666,0.255,45.58333333333333
2017,PJ Cummins,289,393,16,8.15916955017301,0.33217993079584773,0.30680507497116505,0.16608996539792387,23.644752018454447
2017,PJ Sangwan,110,183,6,9.98181818181818,0.32727272727272727,0.003030303030303235,0.16363636363636364,8.333333333333345
2017,PP Chawla,122,179,6,8.803278688524589,0.29508196721311475,0.1994535519125685,0.14754098360655737,17.34972677595629
2017,R Bhatia,43,55,2,7.674418604651163,0.27906976744186046,0.38759689922480617,0.13953488372093023,26.35658914728682
2017,R Tewatia,55,51,3,5.5636363636363635,0.32727272727272727,0.7393939393939394,0.16363636363636364,45.151515151515156
2017,R Vinay Kumar,20,31,2,9.3,0.6000000000000001,0.11666666666666654,0.30000000000000004,20.83333333333333
2017,RA Jadeja,229,352,5,9.222707423580786,0.13100436681222707,0.12954876273653562,0.06550218340611354,9.752547307132458
2017,RD Chahar,46,59,2,7.695652173913043,0.2608695652173913,0.38405797101449285,0.13043478260869565,25.72463768115942
2017,Rashid Khan,328,368,18,6.731707317073171,0.32926829268292684,0.5447154471544714,0.16463414634146342,35.46747967479674
2017,S Aravind,190,278,5,8.778947368421054,0.15789473684210525,0.2035087719298243,0.07894736842105263,14.122807017543849
2017,S Badree,151,191,9,7.589403973509934,0.3576158940397351,0.40176600441501104,0.17880794701986755,29.028697571743926
2017,S Kaul,221,303,16,8.226244343891402,0.4343891402714932,0.29562594268476633,0.2171945701357466,25.64102564102565
2017,S Kaushik,68,109,0,9.617647058823529,0.0,0.0637254901960785,0.0,3.186274509803925
2017,S Nadeem,110,119,6,6.49090909090909,0.32727272727272727,0.584848484848485,0.16363636363636364,37.42424242424243
2017,SB Jakati,32,52,0,9.75,0.0,0.041666666666666664,0.0,2.083333333333333
2017,SK Raina,72,102,1,8.5,0.08333333333333333,0.25,0.041666666666666664,14.583333333333334
2017,SL Malinga,287,388,11,8.11149825783972,0.22996515679442509,0.3147502903600466,0.11498257839721254,21.486643437862956
2017,SN Thakur,239,319,13,8.00836820083682,0.3263598326359833,0.33193863319386335,0.16317991631799164,24.75592747559275
2017,SP Narine,362,412,12,6.828729281767956,0.19889502762430938,0.5285451197053407,0.09944751381215469,31.39963167587477
2017,SR Watson,165,246,5,8.945454545454545,0.18181818181818182,0.17575757575757578,0.09090909090909091,13.333333333333336
2017,SS Agarwal,24,42,1,10.5,0.25,0.0,0.125,6.25
2017,STR Binny,37,50,4,8.108108108108109,0.6486486486486487,0.3153153153153152,0.32432432432432434,31.981981981981978
2017,Sandeep Sharma,300,402,17,8.040000000000001,0.33999999999999997,0.3266666666666665,0.16999999999999998,24.833333333333325
2017,Shakib Al Hasan,18,34,0,11.333333333333332,0.0,0.0,0.0,0.0
2017,Swapnil Singh,43,61,1,8.511627906976745,0.13953488372093023,0.24806201550387583,0.06976744186046512,15.891472868217047
2017,T Natarajan,82,116,2,8.487804878048781,0.14634146341463417,0.2520325203252032,0.07317073170731708,16.260162601626014
2017,TA Boult,148,222,5,9.0,0.20270270270270271,0.16666666666666666,0.10135135135135136,13.4009009009009
2017,TG Southee,66,97,3,8.818181818181818,0.2727272727272727,0.19696969696969693,0.13636363636363635,16.666666666666664
2017,TM Head,48,81,3,10.125,0.375,0.0,0.1875,9.375
2017,TS Mills,111,157,5,8.486486486486486,0.2702702702702703,0.25225225225225234,0.13513513513513514,19.369369369369373
2017,Tejas Baroka,21,33,0,9.428571428571429,0.0,0.09523809523809519,0.0,4.761904761904759
2017,UT Yadav,304,432,18,8.526315789473685,0.35526315789473684,0.24561403508771917,0.17763157894736842,21.16228070175438
2017,VR Aaron,129,170,7,7.906976744186046,0.32558139534883723,0.3488372093023256,0.16279069767441862,25.581395348837212
2017,Washington Sundar,182,189,9,6.230769230769232,0.2967032967032967,0.6282051282051281,0.14835164835164835,38.827838827838825
2017,YK Pathan,24,41,1,10.25,0.25,0.0,0.125,6.25
2017,YS Chahal,271,351,14,7.771217712177122,0.30996309963099633,0.3714637146371464,0.15498154981549817,26.322263222632223
2017,Yuvraj Singh,12,23,2,11.5,1.0,0.0,0.5,25.0
2017,Z Khan,246,323,12,7.878048780487805,0.29268292682926833,0.3536585365853659,0.14634146341463417,25.0
2018,A Dananjaya,25,47,0,11.28,0.0,0.0,0.0,0.0
2018,A Mishra,226,265,13,7.035398230088495,0.34513274336283184,0.4941002949852509,0.17256637168141592,33.333333333333336
2018,AD Russell,239,360,13,9.03765690376569,0.3263598326359833,0.16039051603905166,0.16317991631799164,16.178521617852166
2018,AJ Tye,353,459,28,7.80169971671388,0.4759206798866855,0.3663833805476866,0.23796033994334276,30.217186024551467
2018,AR Patel,158,221,3,8.39240506329114,0.11392405063291139,0.26793248945147674,0.056962025316455694,16.24472573839662
2018,AS Rajpoot,166,230,11,8.313253012048193,0.3975903614457832,0.2811244979919678,0.1987951807228916,23.99598393574297
2018,Anureet Singh,24,42,2,10.5,0.5,0.0,0.25,12.5
2018,Avesh Khan,117,205,4,10.512820512820513,0.20512820512820515,0.0,0.10256410256410257,5.128205128205129
2018,B Kumar,286,357,10,7.48951048951049,0.2097902097902098,0.41841491841491835,0.1048951048951049,26.16550116550116
2018,B Laughlin,134,212,9,9.492537313432836,0.40298507462686567,0.08457711442786071,0.20149253731343283,14.303482587064678
2018,B Stanlake,100,130,5,7.800000000000001,0.30000000000000004,0.36666666666666653,0.15000000000000002,25.83333333333333
2018,BA Stokes,232,307,9,7.939655172413794,0.2327586206896552,0.34339080459770105,0.1163793103448276,22.988505747126432
2018,BB Sran,146,231,6,9.493150684931507,0.2465753424657534,0.08447488584474883,0.1232876712328767,10.388127853881276
2018,BCJ Cutting,105,169,2,9.657142857142858,0.1142857142857143,0.05714285714285694,0.05714285714285715,5.714285714285705
2018,Basil Thampi,62,115,5,11.129032258064516,0.4838709677419355,0.0,0.24193548387096775,12.096774193548388
2018,C de Grandhomme,97,132,3,8.164948453608247,0.18556701030927836,0.3058419243986255,0.09278350515463918,19.931271477663234
2018,CH Morris,87,148,3,10.206896551724137,0.20689655172413793,0.0,0.10344827586206896,5.172413793103448
2018,CJ Anderson,56,117,5,12.535714285714286,0.5357142857142857,0.0,0.26785714285714285,13.392857142857142
2018,CJ Dala,19,34,0,10.736842105263158,0.0,0.0,0.0,0.0
2018,CJ Jordan,25,35,0,8.399999999999999,0.0,0.2666666666666669,0.0,13.333333333333345
2018,CR Brathwaite,64,96,6,9.0,0.5625,0.16666666666666666,0.28125,22.395833333333332
2018,CR Woakes,118,196,8,9.966101694915254,0.4067796610169492,0.005649717514124279,0.2033898305084746,10.451977401129943
2018,DJ Bravo,338,538,18,9.550295857988164,0.31952662721893493,0.07495069033530595,0.15976331360946747,11.735700197238671
2018,DJ Hooda,19,25,0,7.894736842105264,0.0,0.35087719298245607,0.0,17.543859649122805
2018,DJ Willey,61,96,2,9.442622950819672,0.19672131147540983,0.09289617486338801,0.09836065573770492,9.562841530054648
2018,DJM Short,18,23,1,7.666666666666666,0.3333333333333333,0.388888888888889,0.16666666666666666,27.777777777777786
2018,DL Chahar,248,281,10,6.798387096774194,0.24193548387096775,0.5336021505376344,0.12096774193548387,32.72849462365591
2018,DS Kulkarni,126,189,4,9.0,0.19047619047619047,0.16666666666666666,0.09523809523809523,13.095238095238093
2018,DT Christian,71,106,4,8.95774647887324,0.3380281690140845,0.17370892018779335,0.16901408450704225,17.13615023474178
2018,GJ Maxwell,98,132,5,8.081632653061224,0.30612244897959184,0.3197278911564627,0.15306122448979592,23.639455782312933
2018,HH Pandya,270,391,19,8.68888888888889,0.4222222222222223,0.21851851851851833,0.21111111111111114,21.481481481481474
2018,HV Patel,109,169,7,9.302752293577981,0.3853211009174312,0.11620795107033643,0.1926605504587156,15.443425076452602
2018,Harbhajan Singh,193,270,7,8.39378238341969,0.21761658031088082,0.26770293609671825,0.10880829015544041,18.825561312607935
2018,IS Sodhi,138,137,5,5.956521739130435,0.2173913043478261,0.6739130434782609,0.10869565217391305,39.130434782608695
2018,Imran Tahir,126,193,6,9.190476190476192,0.2857142857142857,0.13492063492063475,0.14285714285714285,13.888888888888879
2018,JC Archer,249,329,15,7.927710843373494,0.3614457831325301,0.3453815261044177,0.18072289156626506,26.305220883534137
2018,JD Unadkat,310,486,12,9.406451612903226,0.23225806451612904,0.09892473118279572,0.11612903225806452,10.752688172043012
2018,JJ Bumrah,333,383,17,6.900900900900901,0.3063063063063063,0.5165165165165165,0.15315315315315314,33.48348348348348
2018,JP Duminy,18,36,0,12.0,0.0,0.0,0.0,0.0
2018,JPR Scantlebury-Searles,45,89,2,11.866666666666667,0.26666666666666666,0.0,0.13333333333333333,6.666666666666667
2018,K Gowtham,244,321,12,7.89344262295082,0.29508196721311475,0.35109289617486333,0.14754098360655737,24.931693989071036
2018,K Khejroliya,70,110,2,9.428571428571429,0.17142857142857143,0.09523809523809519,0.08571428571428572,9.047619047619046
2018,KH Pandya,246,288,14,7.024390243902438,0.3414634146341463,0.49593495934959364,0.17073170731707316,33.333333333333336
2018,KK Ahmed,19,39,0,12.315789473684212,0.0,0.0,0.0,0.0
2018,KM Asif,38,75,3,11.842105263157894,0.47368421052631576,0.0,0.23684210526315788,11.842105263157894
2018,KV Sharma,58,90,4,9.310344827586206,0.41379310344827586,0.11494252873563227,0.20689655172413793,16.09195402298851
2018,Kuldeep Yadav,312,423,18,8.134615384615385,0.34615384615384615,0.31089743589743585,0.17307692307692307,24.198717948717945
2018,L Ngidi,163,162,13,5.96319018404908,0.4785276073619632,0.67280163599182,0.2392638036809816,45.603271983640084
2018,LE Plunkett,154,228,4,8.883116883116884,0.15584415584415584,0.18614718614718603,0.07792207792207792,13.203463203463198
2018,M Ashwin,45,54,3,7.199999999999999,0.4,0.4666666666666668,0.2,33.333333333333336
2018,M Markande,268,376,15,8.417910447761194,0.3358208955223881,0.26368159203980096,0.16791044776119404,21.579601990049753
2018,M Prasidh Krishna,177,261,12,8.847457627118644,0.4067796610169492,0.19209039548022608,0.2033898305084746,19.774011299435035
2018,MA Wood,25,50,0,12.0,0.0,0.0,0.0,0.0
2018,MG Johnson,133,218,2,9.834586466165414,0.09022556390977443,0.027568922305764392,0.045112781954887216,3.6340852130325807
2018,MJ McClenaghan,250,340,16,8.16,0.384,0.30666666666666664,0.192,24.933333333333334
2018,MK Lomror,18,27,0,9.0,0.0,0.16666666666666666,0.0,8.333333333333332
2018,MM Ali,81,98,6,7.2592592592592595,0.4444444444444444,0.4567901234567901,0.2222222222222222,33.95061728395061
2018,MM Sharma,186,328,7,10.580645161290322,0.22580645161290325,0.0,0.11290322580645162,5.645161290322581
2018,MP Stoinis,66,121,3,11.0,0.2727272727272727,0.0,0.13636363636363635,6.8181818181818175
2018,Mohammad Nabi,30,47,1,9.4,0.2,0.09999999999999994,0.1,9.999999999999998
2018,Mohammed Shami,85,144,3,10.16470588235294,0.21176470588235294,0.0,0.10588235294117647,5.294117647058823
2018,Mohammed Siraj,264,372,12,8.454545454545455,0.2727272727272727,0.2575757575757575,0.13636363636363635,19.696969696969692
2018,Mujeeb Ur Rahman,254,292,15,6.897637795275591,0.3543307086614173,0.5170603674540682,0.17716535433070865,34.71128608923885
2018,Mustafizur Rahman,167,232,9,8.335329341317365,0.32335329341317365,0.2774451097804391,0.16167664670658682,21.956087824351297
2018,N Rana,38,44,4,6.947368421052632,0.631578947368421,0.5087719298245613,0.3157894736842105,41.22807017543859
2018,P Negi,24,49,1,12.25,0.25,0.0,0.125,6.25
2018,PJ Sangwan,12,20,0,10.0,0.0,0.0,0.0,0.0
2018,PP Chawla,296,419,14,8.493243243243244,0.28378378378378377,0.251126126126126,0.14189189189189189,19.650900900900893
2018,R Ashwin,314,411,11,7.853503184713376,0.21019108280254778,0.35774946921443734,0.10509554140127389,23.142250530785564
2018,R Tewatia,134,174,6,7.791044776119403,0.26865671641791045,0.36815920398009955,0.13432835820895522,25.12437810945274
2018,R Vinay Kumar,25,65,2,15.600000000000001,0.48,0.0,0.24,12.0
2018,RA Jadeja,250,310,12,7.4399999999999995,0.28800000000000003,0.42666666666666675,0.14400000000000002,28.53333333333334
2018,Rashid Khan,411,466,23,6.802919708029197,0.33576642335766427,0.5328467153284672,0.16788321167883213,35.03649635036496
2018,S Gopal,188,239,12,7.627659574468085,0.3829787234042553,0.3953900709219858,0.19148936170212766,29.343971631205672
2018,S Kaul,402,558,24,8.328358208955224,0.3582089552238806,0.27860696517412925,0.1791044776119403,22.885572139303477
2018,S Lamichhane,73,86,5,7.068493150684931,0.410958904109589,0.4885844748858448,0.2054794520547945,34.70319634703196
2018,S Nadeem,92,162,5,10.565217391304348,0.32608695652173914,0.0,0.16304347826086957,8.152173913043478
2018,SN Thakur,295,433,17,8.806779661016948,0.34576271186440677,0.19887005649717526,0.17288135593220338,18.58757062146893
2018,SP Narine,371,473,17,7.649595687331535,0.2749326145552561,0.39173405211141077,0.13746630727762804,26.460017969451943
2018,SR Watson,176,252,7,8.590909090909092,0.23863636363636365,0.23484848484848472,0.11931818181818182,17.708333333333325
2018,STR Binny,14,33,0,14.142857142857142,0.0,0.0,0.0,0.0
2018,Sandeep Sharma,273,334,14,7.340659340659341,0.3076923076923077,0.44322344322344315,0.15384615384615385,29.853479853479847
2018,Shakib Al Hasan,345,458,16,7.965217391304348,0.2782608695652174,0.3391304347826087,0.1391304347826087,23.91304347826087
2018,Shivam Mavi,179,273,7,9.150837988826815,0.2346368715083799,0.14152700186219747,0.11731843575418995,12.94227188081937
2018,TA Boult,327,476,20,8.73394495412844,0.3669724770642202,0.21100917431192676,0.1834862385321101,19.724770642201843
2018,TG Southee,183,263,8,8.62295081967213,0.26229508196721313,0.2295081967213116,0.13114754098360656,18.03278688524591
2018,TK Curran,64,118,6,11.0625,0.5625,0.0,0.28125,14.0625
2018,UT Yadav,331,424,20,7.685800604229607,0.3625377643504532,0.3856998992950655,0.1812688821752266,28.3484390735146
2018,V Shankar,34,58,1,10.235294117647058,0.1764705882352941,0.0,0.08823529411764705,4.411764705882352
2018,Washington Sundar,122,194,4,9.540983606557377,0.19672131147540983,0.07650273224043709,0.09836065573770492,8.7431693989071
2018,YK Pathan,12,14,1,7.0,0.5,0.5,0.25,37.5
2018,YS Chahal,313,374,12,7.169329073482428,0.23003194888178913,0.4717784877529286,0.11501597444089456,29.339723109691157
2018,Yuvraj Singh,13,23,0,10.615384615384615,0.0,0.0,0.0,0.0
2019,A Mishra,243,271,11,6.6913580246913575,0.2716049382716049,0.551440329218107,0.13580246913580246,34.36213991769548
2019,AD Russell,182,288,11,9.494505494505495,0.3626373626373626,0.08424908424908424,0.1813186813186813,13.27838827838828
2019,AJ Tye,137,233,3,10.204379562043796,0.13138686131386862,0.0,0.06569343065693431,3.2846715328467155
2019,AR Patel,307,368,12,7.192182410423453,0.23452768729641693,0.4679695982627578,0.11726384364820847,29.261672095548313
2019,AS Joseph,55,89,6,9.709090909090909,0.6545454545454545,0.0484848484848485,0.32727272727272727,18.78787878787879
2019,AS Rajpoot,102,157,3,9.23529411764706,0.1764705882352941,0.12745098039215672,0.08823529411764705,10.784313725490188
2019,AS Roy,15,11,1,4.3999999999999995,0.4,0.9333333333333335,0.2,56.66666666666668
2019,Abhishek Sharma,13,21,1,9.692307692307693,0.46153846153846156,0.0512820512820511,0.23076923076923078,14.102564102564093
2019,Arshdeep Singh,65,117,3,10.8,0.27692307692307694,0.0,0.13846153846153847,6.923076923076923
2019,Avesh Khan,19,30,0,9.473684210526315,0.0,0.08771929824561416,0.0,4.385964912280707
2019,B Kumar,367,466,14,7.618528610354224,0.22888283378746593,0.39691189827429607,0.11444141689373297,25.567665758401454
2019,BA Stokes,109,200,6,11.009174311926607,0.3302752293577982,0.0,0.1651376146788991,8.256880733944955
2019,BB Sran,25,51,0,12.24,0.0,0.0,0.0,0.0
2019,BCJ Cutting,12,27,1,13.5,0.5,0.0,0.25,12.5
2019,Basil Thampi,73,115,0,9.45205479452055,0.0,0.09132420091324178,0.0,4.566210045662089
2019,C de Grandhomme,31,55,0,10.64516129032258,0.0,0.0,0.0,0.0
2019,CH Morris,206,314,13,9.145631067961165,0.3786407766990291,0.14239482200647244,0.18932038834951456,16.58576051779935
2019,CR Brathwaite,21,29,0,8.285714285714285,0.0,0.28571428571428586,0.0,14.285714285714294
2019,CV Varun,18,35,1,11.666666666666666,0.3333333333333333,0.0,0.16666666666666666,8.333333333333332
2019,DJ Bravo,263,336,13,7.665399239543726,0.2965779467680608,0.3891001267427123,0.1482889733840304,26.86945500633714
2019,DJ Hooda,13,21,1,9.692307692307693,0.46153846153846156,0.0512820512820511,0.23076923076923078,14.102564102564093
2019,DL Chahar,400,486,22,7.290000000000001,0.33,0.4516666666666665,0.165,30.833333333333325
2019,DS Kulkarni,219,336,6,9.205479452054794,0.1643835616438356,0.132420091324201,0.0821917808219178,10.73059360730594
2019,DW Steyn,48,74,4,9.25,0.5,0.125,0.25,18.75
2019,GC Viljoen,146,229,8,9.41095890410959,0.3287671232876712,0.09817351598173503,0.1643835616438356,13.127853881278531
2019,HF Gurney,169,239,7,8.485207100591715,0.24852071005917162,0.2524654832347141,0.12426035502958581,18.836291913214996
2019,HH Pandya,269,397,16,8.855018587360595,0.35687732342007433,0.19083023543990082,0.17843866171003717,18.4634448574969
2019,HV Patel,52,77,3,8.884615384615385,0.34615384615384615,0.18589743589743582,0.17307692307692307,17.948717948717945
2019,Harbhajan Singh,269,315,18,7.026022304832715,0.4014869888475836,0.4956629491945475,0.2007434944237918,34.82032218091696
2019,Harpreet Brar,30,48,0,9.600000000000001,0.0,0.06666666666666643,0.0,3.3333333333333215
2019,I Sharma,285,364,14,7.663157894736842,0.2947368421052632,0.38947368421052636,0.1473684210526316,26.8421052631579
2019,IS Sodhi,44,67,4,9.136363636363637,0.5454545454545454,0.1439393939393939,0.2727272727272727,20.833333333333332
2019,Imran Tahir,388,440,26,6.804123711340206,0.4020618556701031,0.5326460481099656,0.20103092783505155,36.68384879725086
2019,J Suchith,24,28,2,7.0,0.5,0.5,0.25,37.5
2019,J Yadav,43,50,1,6.976744186046512,0.13953488372093023,0.5038759689922481,0.06976744186046512,28.68217054263566
2019,JC Archer,264,306,12,6.954545454545455,0.2727272727272727,0.5075757575757575,0.13636363636363635,32.19696969696969
2019,JD Unadkat,236,404,11,10.271186440677967,0.2796610169491526,0.0,0.1398305084745763,6.991525423728814
2019,JJ Bumrah,378,425,21,6.746031746031747,0.3333333333333333,0.5423280423280422,0.16666666666666666,35.44973544973544
2019,JP Behrendorff,117,168,5,8.615384615384615,0.2564102564102564,0.23076923076923084,0.1282051282051282,17.948717948717952
2019,K Gowtham,122,171,1,8.40983606557377,0.04918032786885246,0.26502732240437155,0.02459016393442623,14.48087431693989
2019,K Khejroliya,31,47,1,9.096774193548388,0.1935483870967742,0.15053763440860202,0.0967741935483871,12.365591397849455
2019,K Rabada,292,375,28,7.705479452054794,0.5753424657534246,0.382420091324201,0.2876712328767123,33.50456621004567
2019,KC Cariappa,13,34,0,15.692307692307693,0.0,0.0,0.0,0.0
2019,KH Pandya,282,337,12,7.170212765957446,0.2553191489361702,0.471631205673759,0.1276595744680851,29.964539007092206
2019,KK Ahmed,222,292,20,7.891891891891893,0.5405405405405406,0.35135135135135115,0.2702702702702703,31.081081081081074
2019,KMA Paul,180,239,10,7.966666666666667,0.3333333333333333,0.33888888888888885,0.16666666666666666,25.27777777777778
2019,KV Sharma,17,33,1,11.647058823529411,0.3529411764705882,0.0,0.1764705882352941,8.823529411764705
2019,Kuldeep Yadav,202,286,5,8.495049504950494,0.14851485148514854,0.25082508250825103,0.07425742574257427,16.254125412541264
2019,LH Ferguson,107,185,2,10.373831775700936,0.11214953271028036,0.0,0.05607476635514018,2.8037383177570088
2019,M Ashwin,211,257,5,7.308056872037914,0.14218009478672985,0.44865718799368093,0.07109004739336493,25.98736176935229
2019,M Markande,37,59,1,9.567567567567567,0.16216216216216217,0.07207207207207222,0.08108108108108109,7.657657657657666
2019,M Prasidh Krishna,254,384,4,9.070866141732283,0.09448818897637795,0.15485564304461943,0.047244094488188976,10.104986876640421
2019,MJ McClenaghan,114,143,3,7.526315789473683,0.15789473684210525,0.41228070175438614,0.07894736842105263,24.56140350877194
2019,MJ Santner,88,94,4,6.409090909090908,0.2727272727272727,0.5984848484848486,0.13636363636363635,36.74242424242425
2019,MM Ali,151,169,7,6.715231788079469,0.2781456953642384,0.5474613686534218,0.1390728476821192,34.32671081677705
2019,MM Sharma,18,27,1,9.0,0.3333333333333333,0.16666666666666666,0.16666666666666666,16.666666666666664
2019,MP Stoinis,103,147,2,8.563106796116505,0.11650485436893203,0.2394822006472491,0.058252427184466014,14.886731391585755
2019,Mandeep Singh,12,26,0,13.0,0.0,0.0,0.0,0.0
2019,Mohammad Nabi,175,201,8,6.8914285714285715,0.2742857142857143,0.518095238095238,0.13714285714285715,32.76190476190476
2019,Mohammed Shami,331,477,22,8.646525679758309,0.3987915407854985,0.2255790533736152,0.19939577039274925,21.24874118831822
2019,Mohammed Siraj,179,271,8,9.083798882681563,0.2681564245810056,0.15270018621973946,0.1340782122905028,14.338919925512112
2019,Mujeeb Ur Rahman,123,193,3,9.414634146341463,0.14634146341463417,0.09756097560975618,0.07317073170731708,8.536585365853663
2019,N Rana,50,73,3,8.76,0.36,0.2066666666666667,0.18,19.333333333333336
2019,Navdeep Saini,299,410,12,8.22742474916388,0.2408026755852843,0.2954292084726866,0.12040133779264214,20.79152731326644
2019,O Thomas,63,85,5,8.095238095238095,0.47619047619047616,0.3174603174603175,0.23809523809523808,27.77777777777778
2019,P Negi,70,103,3,8.82857142857143,0.2571428571428571,0.19523809523809513,0.12857142857142856,16.190476190476183
2019,P Ray Barman,24,56,0,14.0,0.0,0.0,0.0,0.0
2019,PP Chawla,267,405,10,9.101123595505618,0.2247191011235955,0.14981273408239706,0.11235955056179775,13.108614232209742
2019,R Ashwin,342,400,17,7.017543859649122,0.2982456140350877,0.49707602339181295,0.14912280701754385,32.30994152046784
2019,R Parag,84,121,2,8.642857142857142,0.14285714285714285,0.22619047619047628,0.07142857142857142,14.880952380952383
2019,R Tewatia,39,42,2,6.461538461538462,0.3076923076923077,0.5897435897435898,0.15384615384615385,37.17948717948718
2019,RA Jadeja,326,347,15,6.386503067484663,0.2760736196319018,0.6022494887525562,0.1380368098159509,37.01431492842536
2019,RD Chahar,287,310,13,6.480836236933798,0.27177700348432055,0.586527293844367,0.13588850174216027,36.120789779326365
2019,Rashid Khan,364,387,19,6.3791208791208796,0.3131868131868132,0.6034798534798534,0.1565934065934066,38.003663003663
2019,Rasikh Salam,27,42,0,9.333333333333334,0.0,0.11111111111111101,0.0,5.55555555555555
2019,S Gopal,289,350,20,7.266435986159169,0.4152249134948097,0.4555940023068052,0.20761245674740486,33.1603229527105
2019,S Kaul,169,243,6,8.627218934911243,0.21301775147928995,0.22879684418145954,0.10650887573964497,16.765285996055226
2019,S Lamichhane,138,211,9,9.17391304347826,0.3913043478260869,0.13768115942029002,0.19565217391304346,16.666666666666675
2019,S Midhun,13,29,0,13.384615384615385,0.0,0.0,0.0,0.0
2019,S Nadeem,54,91,3,10.11111111111111,0.3333333333333333,0.0,0.16666666666666666,8.333333333333332
2019,S Sandeep Warrier,73,86,2,7.068493150684931,0.1643835616438356,0.4885844748858448,0.0821917808219178,28.538812785388128
2019,SC Kuggeleijn,50,71,2,8.52,0.24,0.24666666666666673,0.12,18.333333333333336
2019,SE Rutherford,46,60,1,7.826086956521739,0.13043478260869565,0.36231884057971014,0.06521739130434782,21.3768115942029
2019,SL Malinga,280,452,18,9.685714285714287,0.3857142857142857,0.052380952380952195,0.19285714285714284,12.261904761904752
2019,SM Curran,207,325,11,9.420289855072465,0.3188405797101449,0.09661835748792254,0.15942028985507245,12.80193236714975
2019,SN Thakur,190,285,9,9.0,0.28421052631578947,0.16666666666666666,0.14210526315789473,15.438596491228068
2019,SP Narine,273,353,11,7.758241758241759,0.2417582417582418,0.37362637362637346,0.1208791208791209,24.72527472527472
2019,STR Binny,43,44,1,6.1395348837209305,0.13953488372093023,0.6434108527131782,0.06976744186046512,35.65891472868217
2019,Sandeep Sharma,265,355,13,8.037735849056602,0.2943396226415095,0.3270440251572329,0.14716981132075474,23.71069182389938
2019,Shakib Al Hasan,66,95,2,8.636363636363637,0.18181818181818182,0.2272727272727272,0.09090909090909091,15.909090909090907
2019,TA Boult,120,163,5,8.15,0.25,0.3083333333333333,0.125,21.666666666666664
2019,TG Southee,58,123,1,12.724137931034482,0.10344827586206896,0.0,0.05172413793103448,2.586206896551724
2019,UT Yadav,238,375,9,9.453781512605042,0.22689075630252098,0.0910364145658263,0.11344537815126049,10.22408963585434
2019,V Shankar,52,70,2,8.076923076923077,0.23076923076923078,0.32051282051282054,0.11538461538461539,21.794871794871796
2019,VR Aaron,74,128,4,10.378378378378379,0.32432432432432434,0.0,0.16216216216216217,8.108108108108109
2019,Washington Sundar,54,75,4,8.333333333333332,0.4444444444444444,0.27777777777777796,0.2222222222222222,25.00000000000001
2019,Y Prithvi Raj,33,57,1,10.363636363636363,0.18181818181818182,0.0,0.09090909090909091,4.545454545454546
2019,YS Chahal,308,394,18,7.675324675324676,0.35064935064935066,0.3874458874458873,0.17532467532467533,28.13852813852813
2021,A Mishra,145,181,9,7.489655172413793,0.37241379310344824,0.4183908045977011,0.18620689655172412,30.22988505747126
2021,A Nortje,563,727,35,7.747779751332149,0.37300177619893427,0.37537004144464187,0.18650088809946713,28.09354647720545
2021,A Zampa,67,92,2,8.238805970149254,0.1791044776119403,0.2935323383084576,0.08955223880597014,19.154228855721385
2021,AD Russell,236,367,18,9.330508474576272,0.4576271186440678,0.11158192090395473,0.2288135593220339,17.019774011299432
2021,AF Milne,87,135,4,9.310344827586206,0.27586206896551724,0.11494252873563227,0.13793103448275862,12.643678160919544
2021,AJ Tye,27,54,2,12.0,0.4444444444444444,0.0,0.2222222222222222,11.11111111111111
2021,AK Markram,25,23,0,5.5200000000000005,0.0,0.7466666666666666,0.0,37.33333333333333
2021,AR Patel,587,637,27,6.51107325383305,0.27597955706984667,0.581487791027825,0.13798977853492334,35.973878478137415
2021,AS Rajpoot,115,206,2,10.747826086956522,0.10434782608695653,0.0,0.052173913043478265,2.608695652173913
2021,AU Rashid,18,35,0,11.666666666666666,0.0,0.0,0.0,0.0
2021,Abdul Samad,49,105,2,12.857142857142858,0.24489795918367346,0.0,0.12244897959183673,6.122448979591836
2021,Abhishek Sharma,124,158,6,7.64516129032258,0.29032258064516125,0.39247311827957,0.14516129032258063,26.88172043010753
2021,Akash Singh,24,39,0,9.75,0.0,0.041666666666666664,0.0,2.083333333333333
2021,Arshdeep Singh,421,567,31,8.080760095011877,0.4418052256532066,0.31987331749802045,0.2209026128266033,27.03879651623119
2021,Avesh Khan,408,508,27,7.470588235294118,0.3970588235294118,0.4215686274509804,0.1985294117647059,31.004901960784316
2021,B Kumar,347,437,11,7.556195965417868,0.19020172910662825,0.40730067243035534,0.09510086455331412,25.12007684918347
2021,BA Stokes,102,171,2,10.058823529411764,0.11764705882352941,0.0,0.058823529411764705,2.941176470588235
2021,Basil Thampi,24,46,1,11.5,0.25,0.0,0.125,6.25
2021,C Sakariya,334,434,14,7.796407185628742,0.25149700598802394,0.36726546906187635,0.12574850299401197,24.650698602794417
2021,CH Morris,466,608,29,7.828326180257511,0.37339055793991416,0.3619456366237482,0.18669527896995708,27.432045779685264
2021,CJ Green,17,24,0,8.470588235294118,0.0,0.2549019607843137,0.0,12.745098039215685
2021,CJ Jordan,276,412,15,8.956521739130434,0.32608695652173914,0.17391304347826106,0.16304347826086957,16.84782608695653
2021,CR Woakes,67,85,5,7.611940298507463,0.4477611940298507,0.3980099502487562,0.22388059701492535,31.094527363184078
2021,CV Varun,729,813,37,6.6913580246913575,0.3045267489711934,0.551440329218107,0.1522633744855967,35.18518518518518
2021,DJ Bravo,356,444,22,7.4831460674157295,0.3707865168539326,0.41947565543071175,0.1853932584269663,30.243445692883903
2021,DJ Hooda,102,146,2,8.588235294117647,0.11764705882352941,0.23529411764705888,0.058823529411764705,14.70588235294118
2021,DL Chahar,660,855,28,7.7727272727272725,0.2545454545454546,0.37121212121212127,0.1272727272727273,24.924242424242426
2021,DR Sams,115,153,1,7.982608695652175,0.052173913043478265,0.33623188405797083,0.026086956521739132,18.1159420289855
2021,DS Kulkarni,46,70,0,9.130434782608695,0.0,0.14492753623188412,0.0,7.246376811594206
2021,DT Christian,104,156,4,9.0,0.23076923076923078,0.16666666666666666,0.11538461538461539,14.102564102564102
2021,DW Steyn,75,134,1,10.719999999999999,0.08,0.0,0.04,2.0
2021,FA Allen,67,90,1,8.059701492537314,0.08955223880597014,0.32338308457711423,0.04477611940298507,18.407960199004965
2021,GD Phillips,13,20,1,9.230769230769232,0.46153846153846156,0.12820512820512805,0.23076923076923078,17.948717948717942
2021,GHS Garton,97,136,3,8.412371134020617,0.18556701030927836,0.2646048109965638,0.09278350515463918,17.86941580756015
2021,GJ Maxwell,225,306,6,8.16,0.16,0.30666666666666664,0.08,19.333333333333332
2021,HV Patel,459,596,38,7.790849673202613,0.49673202614379086,0.3681917211328978,0.24836601307189543,30.82788671023966
2021,Harbhajan Singh,45,63,0,8.399999999999999,0.0,0.2666666666666669,0.0,13.333333333333345
2021,Harpreet Brar,166,183,5,6.614457831325301,0.18072289156626506,0.5642570281124498,0.09036144578313253,32.730923694779115
2021,I Sharma,92,124,1,8.08695652173913,0.06521739130434782,0.31884057971014484,0.03260869565217391,17.572463768115938
2021,I Udana,182,286,8,9.428571428571429,0.26373626373626374,0.09523809523809519,0.13186813186813187,11.355311355311354
2021,IC Porel,26,42,1,9.692307692307693,0.23076923076923078,0.0512820512820511,0.11538461538461539,8.333333333333325
2021,Imran Tahir,92,94,4,6.130434782608696,0.2608695652173913,0.6449275362318839,0.13043478260869565,38.76811594202898
2021,J Suchith,42,66,1,9.428571428571429,0.14285714285714285,0.09523809523809519,0.07142857142857142,8.333333333333332
2021,J Yadav,148,174,4,7.054054054054054,0.16216216216216217,0.4909909909909909,0.08108108108108109,28.6036036036036
2021,JA Richardson,69,122,3,10.608695652173914,0.2608695652173913,0.0,0.13043478260869565,6.521739130434782
2021,JC Archer,345,373,20,6.486956521739131,0.34782608695652173,0.5855072463768115,0.17391304347826086,37.97101449275362
2021,JD Unadkat,278,397,9,8.568345323741006,0.19424460431654678,0.2386091127098323,0.09712230215827339,16.78657074340528
2021,JDS Neesham,147,217,7,8.857142857142858,0.2857142857142857,0.19047619047619038,0.14285714285714285,16.666666666666664
2021,JJ Bumrah,719,842,50,7.026425591098748,0.4172461752433936,0.4955957348168753,0.2086230876216968,35.210941121928606
2021,JL Pattinson,222,321,11,8.675675675675677,0.2972972972972973,0.22072072072072046,0.14864864864864866,18.46846846846846
2021,JO Holder,379,487,31,7.7097625329815305,0.4907651715039578,0.3817062445030783,0.2453825857519789,31.354441512752864
2021,JR Hazlewood,276,374,12,8.130434782608695,0.2608695652173913,0.3115942028985508,0.13043478260869565,22.101449275362324
2021,Jalaj S Saxena,18,27,0,9.0,0.0,0.16666666666666666,0.0,8.333333333333332
2021,K Gowtham,48,84,1,10.5,0.125,0.0,0.0625,3.125
2021,K Rabada,757,1027,46,8.140026420079261,0.36459709379128136,0.3099955966534565,0.18229854689564068,24.614707177454857
2021,K Yadav,12,17,0,8.5,0.0,0.25,0.0,12.5
2021,KA Jamieson,179,271,9,9.083798882681563,0.3016759776536313,0.15270018621973946,0.15083798882681565,15.176908752327755
2021,KA Pollard,223,285,10,7.668161434977578,0.26905829596412556,0.38863976083707036,0.13452914798206278,26.15844544095666
2021,KH Pandya,525,654,11,7.474285714285715,0.12571428571428572,0.4209523809523808,0.06285714285714286,24.190476190476183
2021,KK Ahmed,326,470,15,8.650306748466257,0.2760736196319018,0.2249488752556239,0.1380368098159509,18.14928425357874
2021,KL Nagarkoti,172,258,5,9.0,0.1744186046511628,0.16666666666666666,0.0872093023255814,12.693798449612403
2021,KM Asif,14,18,1,7.714285714285715,0.42857142857142855,0.38095238095238076,0.21428571428571427,29.761904761904752
2021,KS Williamson,12,24,0,12.0,0.0,0.0,0.0,0.0
2021,KV Sharma,118,165,5,8.389830508474576,0.2542372881355932,0.268361581920904,0.1271186440677966,19.774011299435028
2021,KW Richardson,19,29,1,9.157894736842106,0.3157894736842105,0.1403508771929823,0.15789473684210525,14.912280701754376
2021,Kartik Tyagi,334,497,14,8.92814371257485,0.25149700598802394,0.17864271457085845,0.12574850299401197,15.21956087824352
2021,Kuldeep Yadav,75,95,1,7.6,0.08,0.4000000000000001,0.04,22.000000000000004
2021,L Ngidi,179,298,15,9.988826815642458,0.5027932960893855,0.0018621973929236664,0.25139664804469275,12.66294227188082
2021,LH Ferguson,310,377,21,7.296774193548387,0.40645161290322585,0.4505376344086021,0.20322580645161292,32.68817204301075
2021,LI Meriwala,19,32,1,10.105263157894736,0.3157894736842105,0.0,0.15789473684210525,7.894736842105263
2021,Lalit Yadav,84,101,4,7.2142857142857135,0.2857142857142857,0.4642857142857144,0.14285714285714285,30.35714285714286
2021,M Ashwin,262,340,11,7.786259541984732,0.25190839694656486,0.36895674300254466,0.12595419847328243,24.745547073791354
2021,M Jansen,40,47,3,7.050000000000001,0.44999999999999996,0.49166666666666653,0.22499999999999998,35.83333333333333
2021,M Markande,18,26,0,8.666666666666666,0.0,0.22222222222222232,0.0,11.111111111111116
2021,M Prasidh Krishna,362,522,16,8.651933701657459,0.26519337016574585,0.22467771639042353,0.13259668508287292,17.863720073664823
2021,MC Henriques,61,47,4,4.6229508196721305,0.39344262295081966,0.8961748633879782,0.19672131147540983,54.644808743169406
2021,MJ Santner,42,53,2,7.571428571428571,0.2857142857142857,0.4047619047619048,0.14285714285714285,27.380952380952383
2021,MK Lomror,43,47,1,6.55813953488372,0.13953488372093023,0.5736434108527133,0.06976744186046512,32.17054263565892
2021,MM Ali,186,205,8,6.612903225806451,0.25806451612903225,0.5645161290322581,0.12903225806451613,34.67741935483871
2021,MM Sharma,25,45,1,10.8,0.24,0.0,0.12,6.0
2021,MP Stoinis,253,411,15,9.74703557312253,0.3557312252964427,0.042160737812911776,0.17786561264822134,11.001317523056656
2021,Mohammad Nabi,74,110,2,8.91891891891892,0.16216216216216217,0.18018018018018012,0.08108108108108109,13.06306306306306
2021,Mohammed Shami,656,874,42,7.9939024390243905,0.38414634146341464,0.3343495934959349,0.19207317073170732,26.321138211382113
2021,Mohammed Siraj,493,610,22,7.42393509127789,0.26774847870182555,0.42934415145368493,0.13387423935091278,28.160919540229884
2021,Monu Kumar,16,20,0,7.5,0.0,0.4166666666666667,0.0,20.833333333333336
2021,Mujeeb Ur Rahman,75,113,2,9.04,0.16,0.16000000000000014,0.08,12.000000000000007
2021,Mustafizur Rahman,327,448,18,8.220183486238533,0.3302752293577982,0.29663608562691124,0.1651376146788991,23.088685015290515
2021,N Rana,25,35,0,8.399999999999999,0.0,0.2666666666666669,0.0,13.333333333333345
2021,NM Coulter-Nile,286,337,13,7.06993006993007,0.2727272727272727,0.48834498834498835,0.13636363636363635,31.235431235431232
2021,NT Ellis,68,91,1,8.029411764705882,0.08823529411764705,0.3284313725490196,0.044117647058823525,18.627450980392158
2021,Navdeep Saini,313,438,7,8.396166134185304,0.134185303514377,0.26730564430244935,0.0670926517571885,16.71991480298189
2021,P Dubey,48,72,0,9.0,0.0,0.16666666666666666,0.0,8.333333333333332
2021,PJ Cummins,489,661,21,8.110429447852761,0.25766871165644173,0.3149284253578732,0.12883435582822086,22.188139059304703
2021,PP Chawla,152,229,8,9.039473684210526,0.3157894736842105,0.16008771929824572,0.15789473684210525,15.899122807017548
2021,PWH de Silva,36,60,0,10.0,0.0,0.0,0.0,0.0
2021,R Ashwin,590,727,23,7.393220338983051,0.2338983050847458,0.4344632768361582,0.1169491525423729,27.570621468926554
2021,R Parag,52,100,2,11.538461538461538,0.23076923076923078,0.0,0.11538461538461539,5.769230769230769
2021,R Tewatia,515,669,19,7.794174757281553,0.22135922330097085,0.3676375404530745,0.11067961165048543,23.915857605177997
2021,RA Jadeja,521,665,19,7.658349328214971,0.21880998080614203,0.3902751119641715,0.10940499040307101,24.984005118362123
2021,RD Chahar,584,763,29,7.83904109589041,0.297945205479452,0.3601598173515983,0.148972602739726,25.456621004566216
2021,RP Meredith,108,171,4,9.5,0.2222222222222222,0.08333333333333333,0.1111111111111111,9.722222222222221
2021,RV Patel,20,22,0,6.6000000000000005,0.0,0.5666666666666665,0.0,28.33333333333333
2021,Rashid Khan,730,742,39,6.098630136986301,0.32054794520547947,0.6502283105022831,0.16027397260273973,40.52511415525114
2021,Ravi Bishnoi,538,621,27,6.925650557620818,0.30111524163568776,0.5123915737298637,0.15055762081784388,33.147459727385375
2021,S Dube,86,128,5,8.930232558139535,0.3488372093023256,0.17829457364341086,0.1744186046511628,17.635658914728683
2021,S Gopal,347,513,10,8.870317002881844,0.17291066282420747,0.18828049951969264,0.08645533141210374,13.736791546589819
2021,S Kaul,207,317,10,9.18840579710145,0.2898550724637681,0.1352657004830918,0.14492753623188406,14.009661835748794
2021,S Nadeem,161,215,7,8.012422360248447,0.2608695652173913,0.3312629399585922,0.13043478260869565,23.08488612836439
2021,S Sandeep Warrier,33,49,0,8.90909090909091,0.0,0.18181818181818166,0.0,9.090909090909083
2021,SM Curran,474,680,24,8.60759493670886,0.3037974683544304,0.23206751054852326,0.1518987341772152,19.198312236286924
2021,SN Thakur,591,810,32,8.223350253807105,0.3248730964467005,0.29610829103214914,0.16243654822335024,22.927241962774968
2021,SP Narine,574,677,24,7.076655052264808,0.25087108013937287,0.4872241579558653,0.12543554006968644,30.632984901277588
2021,SS Cottrell,131,177,6,8.106870229007633,0.2748091603053435,0.31552162849872784,0.13740458015267176,22.64631043256998
2021,Sandeep Sharma,462,578,17,7.506493506493506,0.2207792207792208,0.4155844155844157,0.1103896103896104,26.298701298701303
2021,Shahbaz Ahmed,121,137,9,6.793388429752066,0.4462809917355372,0.5344352617079889,0.2231404958677686,37.878787878787875
2021,Shakib Al Hasan,157,188,5,7.1847133757961785,0.1910828025477707,0.46921443736730356,0.09554140127388536,28.237791932059448
2021,Shivam Mavi,366,456,21,7.475409836065574,0.3442622950819672,0.42076502732240434,0.1721311475409836,29.6448087431694
2021,T Natarajan,439,590,21,8.06378132118451,0.2870159453302961,0.3227031131359149,0.14350797266514806,23.310554290053147
2021,T Shamsi,24,34,0,8.5,0.0,0.25,0.0,12.5
2021,TA Boult,667,867,40,7.799100449775112,0.35982008995502246,0.36681659170414793,0.17991004497751123,27.336331834082962
2021,TG Southee,74,95,5,7.702702702702703,0.40540540540540543,0.3828828828828829,0.20270270270270271,29.27927927927928
2021,TK Curran,188,314,7,10.02127659574468,0.22340425531914893,0.0,0.11170212765957446,5.585106382978723
2021,TU Deshpande,110,193,3,10.527272727272727,0.16363636363636364,0.0,0.08181818181818182,4.090909090909091
2021,UT Yadav,46,86,1,11.217391304347826,0.13043478260869565,0.0,0.06521739130434782,3.260869565217391
2021,Umran Malik,75,96,2,7.68,0.16,0.3866666666666667,0.08,23.333333333333336
2021,V Shankar,156,182,8,7.0,0.3076923076923077,0.5,0.15384615384615385,32.69230769230769
2021,VR Aaron,54,96,0,10.666666666666666,0.0,0.0,0.0,0.0
2021,VR Iyer,54,71,3,7.888888888888889,0.3333333333333333,0.3518518518518518,0.16666666666666666,25.925925925925924
2021,Washington Sundar,400,419,12,6.285,0.18,0.6191666666666666,0.09,35.45833333333333
2021,YS Chahal,671,795,41,7.1087928464977646,0.36661698956780925,0.48186785891703926,0.18330849478390462,33.25881768504719
2022,A Badoni,12,12,2,6.0,1.0,0.6666666666666666,0.5,58.33333333333333
2022,A Nortje,143,219,9,9.188811188811188,0.37762237762237766,0.13519813519813528,0.18881118881118883,16.200466200466206
2022,AD Russell,176,282,21,9.613636363636363,0.7159090909090909,0.06439393939393945,0.35795454545454547,21.117424242424246
2022,AF Milne,15,19,0,7.6,0.0,0.4000000000000001,0.0,20.000000000000004
2022,AJ Tye,69,113,3,9.826086956521738,0.2608695652173913,0.02898550724637694,0.13043478260869565,7.971014492753629
2022,AK Markram,36,64,1,10.666666666666666,0.16666666666666666,0.0,0.08333333333333333,4.166666666666666
2022,AR Patel,261,323,6,7.425287356321839,0.13793103448275862,0.4291187739463602,0.06896551724137931,24.90421455938698
2022,AS Joseph,185,269,8,8.724324324324325,0.2594594594594595,0.21261261261261252,0.12972972972972974,17.117117117117115
2022,AS Roy,42,55,1,7.857142857142858,0.14285714285714285,0.35714285714285704,0.07142857142857142,21.428571428571423
2022,Abhishek Sharma,24,39,0,9.75,0.0,0.041666666666666664,0.0,2.083333333333333
2022,Akash Deep,119,206,6,10.38655462184874,0.3025210084033614,0.0,0.1512605042016807,7.563025210084034
2022,Arshdeep Singh,317,402,12,7.608832807570979,0.22712933753943218,0.3985278654048369,0.11356466876971609,25.60462670872765
2022,Avesh Khan,300,423,19,8.459999999999999,0.38,0.2566666666666668,0.19,22.333333333333343
2022,B Kumar,330,394,13,7.163636363636363,0.23636363636363633,0.47272727272727283,0.11818181818181817,29.545454545454554
2022,Basil Thampi,102,158,5,9.294117647058824,0.29411764705882354,0.11764705882352929,0.14705882352941177,13.235294117647053
2022,C Sakariya,71,87,3,7.352112676056338,0.2535211267605634,0.4413145539906103,0.1267605633802817,28.4037558685446
2022,CJ Jordan,80,136,3,10.2,0.22499999999999998,0.0,0.11249999999999999,5.624999999999999
2022,CV Varun,245,338,6,8.277551020408165,0.14693877551020407,0.28707482993197253,0.07346938775510203,18.027210884353728
2022,D Pretorius,138,213,7,9.26086956521739,0.30434782608695654,0.12318840579710155,0.15217391304347827,13.768115942028992
2022,DG Nalkande,33,59,2,10.727272727272727,0.36363636363636365,0.0,0.18181818181818182,9.090909090909092
2022,DJ Bravo,229,303,17,7.938864628820961,0.4454148471615721,0.34352256186317315,0.22270742358078605,28.31149927219796
2022,DJ Hooda,24,43,1,10.75,0.25,0.0,0.125,6.25
2022,DJ Mitchell,13,27,0,12.461538461538463,0.0,0.0,0.0,0.0
2022,DJ Willey,66,75,1,6.818181818181818,0.09090909090909091,0.5303030303030303,0.045454545454545456,28.787878787878785
2022,DR Sams,274,375,14,8.211678832116789,0.30656934306569344,0.2980535279805352,0.15328467153284672,22.5669099756691
2022,FA Allen,24,46,1,11.5,0.25,0.0,0.125,6.25
2022,Fazalhaq Farooqi,76,110,2,8.68421052631579,0.15789473684210525,0.2192982456140351,0.07894736842105263,14.912280701754387
2022,GJ Maxwell,146,166,8,6.821917808219179,0.3287671232876712,0.5296803652968035,0.1643835616438356,34.703196347031955
2022,HH Pandya,189,226,8,7.174603174603175,0.25396825396825395,0.4708994708994709,0.12698412698412698,29.894179894179896
2022,HR Shokeen,94,130,2,8.297872340425533,0.1276595744680851,0.28368794326241115,0.06382978723404255,17.375886524822683
2022,HV Patel,338,421,21,7.473372781065089,0.3727810650887574,0.42110453648915175,0.1863905325443787,30.374753451676522
2022,Harpreet Brar,100,148,4,8.879999999999999,0.24,0.18666666666666684,0.12,15.333333333333343
2022,Harshit Rana,31,52,1,10.064516129032258,0.1935483870967742,0.0,0.0967741935483871,4.838709677419355
2022,J Suchith,115,141,7,7.356521739130435,0.3652173913043478,0.4405797101449275,0.1826086956521739,31.15942028985507
2022,JD Unadkat,123,191,7,9.317073170731707,0.3414634146341463,0.11382113821138222,0.17073170731707316,14.22764227642277
2022,JDS Neesham,18,29,0,9.666666666666668,0.0,0.05555555555555536,0.0,2.777777777777768
2022,JJ Bumrah,327,392,16,7.192660550458715,0.29357798165137616,0.4678899082568808,0.14678899082568808,30.733944954128447
2022,JO Holder,266,399,16,9.0,0.3609022556390977,0.16666666666666666,0.18045112781954886,17.355889724310774
2022,JR Hazlewood,289,380,21,7.889273356401384,0.4359861591695502,0.3517877739331026,0.2179930795847751,28.489042675893884
2022,K Gowtham,72,101,5,8.416666666666666,0.4166666666666667,0.263888888888889,0.20833333333333334,23.611111111111114
2022,K Kartikeya,78,103,5,7.923076923076923,0.3846153846153846,0.3461538461538461,0.1923076923076923,26.923076923076916
2022,K Rabada,303,414,23,8.198019801980198,0.45544554455445546,0.3003300330033003,0.22772277227722773,26.4026402640264
2022,KA Pollard,87,130,4,8.96551724137931,0.27586206896551724,0.1724137931034484,0.13793103448275862,15.51724137931035
2022,KH Pandya,232,269,11,6.956896551724139,0.2844827586206896,0.5071839080459769,0.1422413793103448,32.47126436781609
2022,KK Ahmed,242,315,16,7.809917355371901,0.39669421487603307,0.3650137741046831,0.19834710743801653,28.16804407713498
2022,KL Nagarkoti,13,29,0,13.384615384615385,0.0,0.0,0.0,0.0
2022,KR Sen,157,240,8,9.171974522292995,0.30573248407643316,0.1380042462845008,0.15286624203821658,14.54352441613587
2022,Kartik Tyagi,54,79,1,8.777777777777779,0.1111111111111111,0.20370370370370358,0.05555555555555555,12.962962962962957
2022,Kuldeep Yadav,306,420,21,8.235294117647058,0.411764705882353,0.29411764705882365,0.2058823529411765,25.000000000000007
2022,LH Ferguson,298,433,16,8.718120805369127,0.3221476510067114,0.21364653243847886,0.1610738255033557,18.736017897091727
2022,LS Livingstone,144,202,6,8.416666666666666,0.25,0.263888888888889,0.125,19.44444444444445
2022,Lalit Yadav,110,152,4,8.290909090909091,0.21818181818181817,0.28484848484848485,0.10909090909090909,19.696969696969695
2022,M Ashwin,179,233,9,7.810055865921788,0.3016759776536313,0.3649906890130354,0.15083798882681565,25.791433891992554
2022,M Jansen,201,278,7,8.298507462686567,0.208955223880597,0.2835820895522388,0.1044776119402985,19.402985074626866
2022,M Markande,42,61,1,8.714285714285714,0.14285714285714285,0.2142857142857144,0.07142857142857142,14.28571428571429
2022,M Pathirana,48,56,2,7.0,0.25,0.5,0.125,31.25
2022,M Prasidh Krishna,432,564,21,7.833333333333334,0.2916666666666667,0.361111111111111,0.14583333333333334,25.347222222222214
2022,M Theekshana,212,267,12,7.556603773584906,0.339622641509434,0.40723270440251563,0.169811320754717,28.85220125786163
2022,MJ Santner,114,135,4,7.105263157894736,0.21052631578947367,0.4824561403508773,0.10526315789473684,29.385964912280706
2022,MK Lomror,12,18,0,9.0,0.0,0.16666666666666666,0.0,8.333333333333332
2022,MM Ali,146,159,8,6.534246575342465,0.3287671232876712,0.5776255707762559,0.1643835616438356,37.100456621004575
2022,MP Stoinis,44,79,4,10.772727272727273,0.5454545454545454,0.0,0.2727272727272727,13.636363636363635
2022,MR Marsh,76,102,4,8.052631578947368,0.3157894736842105,0.324561403508772,0.15789473684210525,24.122807017543863
2022,Mohammed Shami,378,491,21,7.793650793650793,0.3333333333333333,0.3677248677248679,0.16666666666666666,26.719576719576725
2022,Mohammed Siraj,325,525,9,9.692307692307693,0.16615384615384615,0.0512820512820511,0.08307692307692308,6.717948717948709
2022,Mohsin Khan,206,202,14,5.883495145631068,0.4077669902912621,0.686084142394822,0.20388349514563106,44.49838187702265
2022,Mukesh Choudhary,291,425,16,8.762886597938143,0.32989690721649484,0.20618556701030943,0.16494845360824742,18.55670103092784
2022,Mustafizur Rahman,199,248,9,7.477386934673367,0.271356783919598,0.42043551088777215,0.135678391959799,27.805695142378557
2022,N Rana,12,23,0,11.5,0.0,0.0,0.0,0.0
2022,NM Coulter-Nile,20,49,0,14.700000000000001,0.0,0.0,0.0,0.0
2022,NT Ellis,40,57,4,8.55,0.6000000000000001,0.24166666666666656,0.30000000000000004,27.083333333333332
2022,Navdeep Saini,39,73,3,11.23076923076923,0.46153846153846156,0.0,0.23076923076923078,11.538461538461538
2022,OC McCoy,173,242,11,8.39306358381503,0.3815028901734104,0.26782273603082835,0.1907514450867052,22.928709055876677
2022,OF Smith,95,179,7,11.305263157894737,0.44210526315789467,0.0,0.22105263157894733,11.052631578947366
2022,PH Solanki,36,39,2,6.5,0.3333333333333333,0.5833333333333334,0.16666666666666666,37.5
2022,PJ Cummins,127,219,8,10.346456692913385,0.3779527559055118,0.0,0.1889763779527559,9.448818897637794
2022,PJ Sangwan,56,66,3,7.071428571428571,0.3214285714285714,0.48809523809523814,0.1607142857142857,32.44047619047619
2022,PVD Chameera,278,393,11,8.482014388489208,0.237410071942446,0.25299760191846526,0.118705035971223,18.585131894484412
2022,PWH de Silva,346,439,27,7.61271676300578,0.4682080924855492,0.3978805394990366,0.2341040462427746,31.59922928709056
2022,R Ashwin,419,506,13,7.24582338902148,0.18615751789976132,0.45902943516308675,0.09307875894988066,27.60540970564837
2022,R Dhawan,119,164,6,8.26890756302521,0.3025210084033614,0.2885154061624651,0.1512605042016807,21.98879551820729
2022,R Parag,26,59,1,13.615384615384615,0.23076923076923078,0.0,0.11538461538461539,5.769230769230769
2022,R Sai Kishore,98,122,6,7.469387755102041,0.36734693877551017,0.4217687074829932,0.18367346938775508,30.272108843537417
2022,R Sanjay Yadav,14,23,0,9.857142857142858,0.0,0.023809523809523725,0.0,1.1904761904761862
2022,R Shepherd,57,98,4,10.31578947368421,0.42105263157894735,0.0,0.21052631578947367,10.526315789473683
2022,R Tewatia,36,76,1,12.666666666666668,0.16666666666666666,0.0,0.08333333333333333,4.166666666666666
2022,RA Jadeja,203,252,6,7.448275862068966,0.17733990147783252,0.42528735632183895,0.08866995073891626,25.697865353037763
2022,RD Chahar,290,365,14,7.551724137931034,0.2896551724137931,0.40804597701149437,0.14482758620689656,27.64367816091955
2022,RP Meredith,181,241,10,7.988950276243094,0.3314917127071823,0.3351749539594843,0.16574585635359115,25.04604051565377
2022,Ramandeep Singh,41,55,6,8.048780487804878,0.8780487804878048,0.3252032520325203,0.4390243902439024,38.21138211382114
2022,Rashid Khan,386,428,20,6.652849740932642,0.31088082901554404,0.5578583765112263,0.15544041450777202,35.66493955094992
2022,Rasikh Salam,24,28,0,7.0,0.0,0.5,0.0,25.0
2022,Ravi Bishnoi,340,462,14,8.152941176470588,0.24705882352941178,0.30784313725490203,0.12352941176470589,21.568627450980397
2022,S Dube,14,40,0,17.142857142857142,0.0,0.0,0.0,0.0
2022,S Gopal,18,34,1,11.333333333333332,0.3333333333333333,0.0,0.16666666666666666,8.333333333333332
2022,S Kaul,24,43,0,10.75,0.0,0.0,0.0,0.0
2022,SA Abbott,27,47,1,10.444444444444445,0.2222222222222222,0.0,0.1111111111111111,5.555555555555555
2022,SN Thakur,315,485,16,9.238095238095239,0.3047619047619048,0.12698412698412684,0.1523809523809524,13.968253968253963
2022,SP Narine,342,319,10,5.5964912280701755,0.17543859649122806,0.7339181286549707,0.08771929824561403,41.08187134502924
2022,Sandeep Sharma,126,156,3,7.428571428571429,0.14285714285714285,0.42857142857142855,0.07142857142857142,25.0
2022,Shahbaz Ahmed,220,341,4,9.3,0.10909090909090909,0.11666666666666654,0.05454545454545454,8.560606060606055
2022,Shashank Singh,13,20,0,9.230769230769232,0.0,0.12820512820512805,0.0,6.410256410256403
2022,Shivam Mavi,142,229,5,9.67605633802817,0.2112676056338028,0.053990610328638354,0.1056338028169014,7.981220657276989
2022,Simarjeet Singh,113,143,4,7.592920353982301,0.21238938053097345,0.4011799410029499,0.10619469026548672,25.368731563421832
2022,T Natarajan,272,410,20,9.044117647058822,0.4411764705882353,0.15931372549019626,0.22058823529411764,18.995098039215698
2022,TA Boult,387,501,18,7.767441860465117,0.27906976744186046,0.3720930232558139,0.13953488372093023,25.581395348837205
2022,TG Southee,220,284,16,7.745454545454546,0.43636363636363634,0.3757575757575757,0.21818181818181817,29.696969696969695
2022,TS Mills,107,192,6,10.766355140186915,0.3364485981308411,0.0,0.16822429906542055,8.411214953271028
2022,TU Deshpande,43,67,1,9.348837209302326,0.13953488372093023,0.10852713178294564,0.06976744186046512,8.914728682170537
2022,Tilak Varma,12,13,0,6.5,0.0,0.5833333333333334,0.0,29.166666666666668
2022,UT Yadav,297,354,16,7.1515151515151505,0.3232323232323232,0.4747474747474749,0.1616161616161616,31.818181818181824
2022,Umran Malik,313,455,23,8.722044728434504,0.4408945686900958,0.21299254526091596,0.2204472843450479,21.671991480298193
2022,VG Arora,110,165,4,9.0,0.21818181818181817,0.16666666666666666,0.10909090909090909,13.787878787878787
2022,VR Aaron,33,53,2,9.636363636363637,0.36363636363636365,0.06060606060606055,0.18181818181818182,12.12121212121212
2022,VR Iyer,24,46,0,11.5,0.0,0.0,0.0,0.0
2022,Washington Sundar,170,239,6,8.435294117647057,0.21176470588235294,0.26078431372549044,0.10588235294117647,18.333333333333346
2022,YS Chahal,429,536,29,7.496503496503497,0.4055944055944056,0.4172494172494172,0.2027972027972028,31.002331002331
2022,Yash Dayal,205,296,13,8.663414634146342,0.3804878048780488,0.22276422764227632,0.1902439024390244,20.650406504065035
2023,A Mishra,115,151,7,7.878260869565217,0.3652173913043478,0.35362318840579715,0.1826086956521739,26.811594202898554
2023,A Nortje,251,370,11,8.844621513944222,0.26294820717131473,0.19256308100929628,0.13147410358565736,16.201859229747683
2023,A Zampa,133,189,9,8.526315789473685,0.40601503759398494,0.24561403508771917,0.20300751879699247,22.431077694235583
2023,AD Russell,99,173,7,10.484848484848484,0.4242424242424242,0.0,0.2121212121212121,10.606060606060606
2023,AJ Hosein,24,41,1,10.25,0.25,0.0,0.125,6.25
2023,AK Markram,49,71,1,8.693877551020408,0.12244897959183673,0.2176870748299319,0.061224489795918366,13.945578231292513
2023,AR Patel,288,344,11,7.166666666666666,0.22916666666666669,0.4722222222222223,0.11458333333333334,29.340277777777786
2023,AS Joseph,150,226,7,9.04,0.28,0.16000000000000014,0.14,15.000000000000007
2023,AS Roy,51,65,3,7.647058823529411,0.3529411764705882,0.39215686274509814,0.1764705882352941,28.431372549019613
2023,AU Rashid,42,56,2,8.0,0.2857142857142857,0.3333333333333333,0.14285714285714285,23.809523809523807
2023,Abhishek Sharma,75,127,2,10.16,0.16,0.0,0.08,4.0
2023,Akash Deep,33,63,1,11.454545454545455,0.18181818181818182,0.0,0.09090909090909091,4.545454545454546
2023,Akash Madhwal,160,222,16,8.325,0.6000000000000001,0.2791666666666668,0.30000000000000004,28.958333333333343
2023,Akash Singh,117,188,5,9.641025641025642,0.2564102564102564,0.059829059829059617,0.1282051282051282,9.40170940170939
2023,Arjun Tendulkar,68,95,4,8.382352941176471,0.3529411764705882,0.26960784313725483,0.1764705882352941,22.303921568627448
2023,Arshad Khan,97,192,5,11.876288659793815,0.30927835051546393,0.0,0.15463917525773196,7.731958762886598
2023,Arshdeep Singh,324,497,18,9.203703703703702,0.3333333333333333,0.13271604938271628,0.16666666666666666,14.969135802469147
2023,Avesh Khan,176,287,8,9.784090909090908,0.2727272727272727,0.03598484848484862,0.13636363636363635,8.61742424242425
2023,B Kumar,319,432,19,8.12539184952978,0.3573667711598746,0.31243469174503663,0.1786833855799373,24.555903866248695
2023,C Green,239,370,8,9.288702928870293,0.20083682008368198,0.1185495118549511,0.10041841004184099,10.948396094839605
2023,C Sakariya,55,89,3,9.709090909090909,0.32727272727272727,0.0484848484848485,0.16363636363636364,10.606060606060606
2023,CJ Jordan,140,241,3,10.32857142857143,0.12857142857142856,0.0,0.06428571428571428,3.214285714285714
2023,CV Varun,323,445,20,8.26625386996904,0.3715170278637771,0.2889576883384934,0.18575851393188855,23.735810113519097
2023,D Jansen,28,53,1,11.357142857142858,0.21428571428571427,0.0,0.10714285714285714,5.357142857142857
2023,D Pretorius,28,29,0,6.214285714285715,0.0,0.6309523809523808,0.0,31.54761904761904
2023,D Wiese,18,38,0,12.666666666666668,0.0,0.0,0.0,0.0
2023,DG Nalkande,25,45,1,10.8,0.24,0.0,0.12,6.0
2023,DJ Willey,94,106,4,6.76595744680851,0.2553191489361702,0.5390070921985816,0.1276595744680851,33.33333333333333
2023,DL Chahar,215,302,13,8.427906976744186,0.3627906976744186,0.262015503875969,0.1813953488372093,22.170542635658915
2023,Fazalhaq Farooqi,86,119,4,8.30232558139535,0.27906976744186046,0.2829457364341084,0.13953488372093023,21.12403100775193
2023,GD Phillips,18,20,1,6.666666666666667,0.3333333333333333,0.5555555555555555,0.16666666666666666,36.11111111111111
2023,GJ Maxwell,64,95,3,8.90625,0.28125,0.18229166666666666,0.140625,16.145833333333332
2023,Gurnoor Brar,21,42,0,12.0,0.0,0.0,0.0,0.0
2023,H Sharma,18,33,0,11.0,0.0,0.0,0.0,0.0
2023,HH Pandya,156,241,4,9.26923076923077,0.15384615384615385,0.12179487179487165,0.07692307692307693,9.935897435897429
2023,HR Shokeen,119,190,3,9.57983193277311,0.1512605042016807,0.07002801120448154,0.07563025210084034,7.282913165266095
2023,HV Patel,302,468,15,9.298013245033111,0.29801324503311255,0.11699779249448146,0.14900662251655628,13.300220750551887
2023,Harpreet Brar,166,219,9,7.9156626506024095,0.3253012048192771,0.34738955823293177,0.16265060240963855,25.502008032128515
2023,Harshit Rana,108,153,6,8.5,0.3333333333333333,0.25,0.16666666666666666,20.833333333333332
2023,I Sharma,157,210,10,8.025477707006369,0.3821656050955414,0.3290870488322719,0.1910828025477707,26.00849256900213
2023,J Little,211,296,9,8.417061611374407,0.2559241706161138,0.2638230647709321,0.1279620853080569,19.589257503949447
2023,J Yadav,24,26,0,6.5,0.0,0.5833333333333334,0.0,29.166666666666668
2023,JC Archer,129,202,2,9.395348837209301,0.09302325581395349,0.10077519379844979,0.046511627906976744,7.3643410852713265
2023,JD Unadkat,52,92,1,10.615384615384615,0.11538461538461539,0.0,0.057692307692307696,2.8846153846153846
2023,JE Root,12,15,0,7.5,0.0,0.4166666666666667,0.0,20.833333333333336
2023,JO Holder,176,290,4,9.886363636363637,0.13636363636363635,0.018939393939393884,0.06818181818181818,4.356060606060603
2023,JP Behrendorff,262,395,17,9.045801526717558,0.3893129770992366,0.15903307888040707,0.1946564885496183,17.68447837150127
2023,JR Hazlewood,57,76,3,8.0,0.3157894736842105,0.3333333333333333,0.15789473684210525,24.561403508771928
2023,K Gowtham,100,118,3,7.08,0.18,0.48666666666666664,0.09,28.833333333333332
2023,K Kartikeya,163,231,5,8.503067484662576,0.18404907975460122,0.24948875255623726,0.09202453987730061,17.075664621676896
2023,K Khejroliya,28,64,2,13.714285714285714,0.42857142857142855,0.0,0.21428571428571427,10.714285714285714
2023,K Rabada,147,243,7,9.918367346938776,0.2857142857142857,0.013605442176870616,0.14285714285714285,7.823129251700673
2023,K Yadav,42,68,2,9.714285714285715,0.2857142857142857,0.04761904761904745,0.14285714285714285,9.523809523809515
2023,KH Pandya,253,320,9,7.588932806324111,0.21343873517786563,0.40184453227931477,0.10671936758893281,25.42819499341238
2023,KK Ahmed,212,309,10,8.745283018867925,0.28301886792452835,0.2091194968553459,0.14150943396226418,17.531446540880502
2023,KM Asif,91,139,3,9.164835164835164,0.19780219780219782,0.13919413919413928,0.09890109890109891,11.90476190476191
2023,KR Mayers,46,59,0,7.695652173913043,0.0,0.38405797101449285,0.0,19.202898550724644
2023,KR Sen,19,29,0,9.157894736842106,0.0,0.1403508771929823,0.0,7.017543859649115
2023,KV Sharma,132,229,11,10.40909090909091,0.5,0.0,0.25,12.5
2023,Kartik Tyagi,44,92,1,12.545454545454545,0.13636363636363635,0.0,0.06818181818181818,3.4090909090909087
2023,Kuldeep Yadav,300,366,10,7.32,0.2,0.4466666666666666,0.1,27.333333333333332
2023,LH Ferguson,50,98,1,11.76,0.12,0.0,0.06,3.0
2023,LS Livingstone,42,94,2,13.428571428571429,0.2857142857142857,0.0,0.14285714285714285,7.142857142857142
2023,Lalit Yadav,82,120,3,8.78048780487805,0.2195121951219512,0.2032520325203251,0.1097560975609756,15.650406504065034
2023,M Ashwin,25,53,0,12.72,0.0,0.0,0.0,0.0
2023,M Jansen,178,273,10,9.202247191011237,0.33707865168539325,0.1329588014981272,0.16853932584269662,15.07490636704119
2023,M Markande,230,300,12,7.826086956521739,0.31304347826086953,0.36231884057971014,0.15652173913043477,25.94202898550725
2023,M Pathirana,310,386,23,7.470967741935484,0.4451612903225806,0.4215053763440861,0.2225806451612903,32.20430107526882
2023,M Theekshana,298,401,11,8.073825503355703,0.2214765100671141,0.32102908277404946,0.11073825503355705,21.588366890380325
2023,MA Wood,102,142,11,8.352941176470587,0.6470588235294118,0.2745098039215688,0.3235294117647059,29.901960784313736
2023,MG Bracewell,66,95,6,8.636363636363637,0.5454545454545454,0.2272727272727272,0.2727272727272727,24.999999999999993
2023,MJ Santner,72,82,3,6.833333333333333,0.25,0.5277777777777778,0.125,32.63888888888889
2023,MK Lomror,12,17,1,8.5,0.5,0.25,0.25,25.0
2023,MM Ali,157,198,9,7.566878980891719,0.3439490445859873,0.4055201698513802,0.17197452229299365,28.874734607218688
2023,MM Sharma,268,362,31,8.104477611940299,0.6940298507462687,0.31592039800995025,0.34701492537313433,33.146766169154226
2023,MP Stoinis,69,101,5,8.782608695652174,0.4347826086956522,0.2028985507246377,0.2173913043478261,21.01449275362319
2023,MR Marsh,132,172,12,7.818181818181818,0.5454545454545454,0.3636363636363636,0.2727272727272727,31.818181818181813
2023,MW Short,25,25,0,6.0,0.0,0.6666666666666666,0.0,33.33333333333333
2023,Mayank Dagar,66,83,1,7.545454545454545,0.09090909090909091,0.40909090909090917,0.045454545454545456,22.727272727272734
2023,Mohammed Shami,403,532,28,7.920595533498759,0.4168734491315137,0.3465674110835401,0.20843672456575685,27.750206782464847
2023,Mohammed Siraj,329,395,20,7.203647416413373,0.364741641337386,0.46605876393110446,0.182370820668693,32.42147922998988
2023,Mohit Rathee,12,29,0,14.5,0.0,0.0,0.0,0.0
2023,Mohsin Khan,64,111,3,10.40625,0.28125,0.0,0.140625,7.03125
2023,Mukesh Kumar,197,328,9,9.98984771573604,0.27411167512690354,0.0016920473773266072,0.13705583756345177,6.937394247038919
2023,Mustafizur Rahman,42,79,1,11.285714285714285,0.14285714285714285,0.0,0.07142857142857142,3.571428571428571
2023,N Rana,54,75,3,8.333333333333332,0.3333333333333333,0.27777777777777796,0.16666666666666666,22.222222222222232
2023,NA Saini,15,35,0,14.0,0.0,0.0,0.0,0.0
2023,NT Ellis,233,342,13,8.806866952789699,0.33476394849785407,0.1988555078683835,0.16738197424892703,18.311874105865527
2023,Navdeep Saini,25,40,3,9.600000000000001,0.72,0.06666666666666643,0.36,21.33333333333332
2023,Naveen-ul-Haq,175,227,11,7.782857142857143,0.37714285714285717,0.36952380952380953,0.18857142857142858,27.904761904761905
2023,Nithish Kumar Reddy,31,54,0,10.451612903225806,0.0,0.0,0.0,0.0
2023,Noor Ahmad,299,375,16,7.5250836120401345,0.3210702341137124,0.41248606465997756,0.1605351170568562,28.65105908584169
2023,P Dubey,19,19,1,6.0,0.3157894736842105,0.6666666666666666,0.15789473684210525,41.22807017543859
2023,PP Chawla,371,499,23,8.070080862533693,0.3719676549865229,0.32165318957771777,0.18598382749326145,25.38185085354896
2023,PWH de Silva,175,259,9,8.879999999999999,0.30857142857142855,0.18666666666666684,0.15428571428571428,17.047619047619055
2023,R Ashwin,309,370,15,7.184466019417476,0.2912621359223301,0.46925566343042063,0.14563106796116504,30.744336569579282
2023,R Dhawan,42,64,1,9.142857142857142,0.14285714285714285,0.14285714285714293,0.07142857142857142,10.714285714285717
2023,R Goyal,24,34,0,8.5,0.0,0.25,0.0,12.5
2023,R Powell,14,18,1,7.714285714285715,0.42857142857142855,0.38095238095238076,0.21428571428571427,29.761904761904752
2023,R Tewatia,14,15,0,6.428571428571429,0.0,0.5952380952380952,0.0,29.761904761904763
2023,RA Jadeja,348,432,20,7.448275862068966,0.3448275862068966,0.42528735632183895,0.1724137931034483,29.885057471264364
2023,RD Chahar,301,388,8,7.73421926910299,0.15946843853820597,0.37763012181616834,0.07973421926910298,22.868217054263567
2023,RJW Topley,12,14,1,7.0,0.5,0.5,0.25,37.5
2023,RP Meredith,126,209,7,9.952380952380953,0.3333333333333333,0.007936507936507908,0.16666666666666666,8.730158730158728
2023,RS Hangargekar,43,60,3,8.372093023255815,0.41860465116279066,0.2713178294573642,0.20930232558139533,24.031007751937977
2023,Rashid Khan,407,557,28,8.211302211302211,0.41277641277641275,0.29811629811629814,0.20638820638820637,25.225225225225223
2023,Ravi Bishnoi,312,394,17,7.576923076923077,0.3269230769230769,0.4038461538461539,0.16346153846153846,28.36538461538462
2023,SM Curran,299,497,11,9.97324414715719,0.22073578595317728,0.004459308807134891,0.11036789297658864,5.741360089186177
2023,SN Thakur,132,222,7,10.090909090909092,0.3181818181818182,0.0,0.1590909090909091,7.954545454545454
2023,SP Narine,296,389,11,7.885135135135135,0.22297297297297297,0.3524774774774775,0.11148648648648649,23.1981981981982
2023,SSB Magala,37,52,1,8.432432432432433,0.16216216216216217,0.2612612612612611,0.08108108108108109,17.117117117117107
2023,Sandeep Sharma,290,398,15,8.23448275862069,0.3103448275862069,0.2942528735632184,0.15517241379310345,22.47126436781609
2023,Shahbaz Ahmed,42,95,1,13.571428571428571,0.14285714285714285,0.0,0.07142857142857142,3.571428571428571
2023,Sikandar Raza,76,124,3,9.789473684210526,0.23684210526315788,0.03508771929824572,0.11842105263157894,7.675438596491232
2023,Suyash Sharma,239,330,11,8.284518828451883,0.27615062761506276,0.2859135285913528,0.13807531380753138,21.199442119944205
2023,Swapnil Singh,12,18,0,9.0,0.0,0.16666666666666666,0.0,8.333333333333332
2023,T Natarajan,276,416,13,9.043478260869566,0.28260869565217395,0.15942028985507228,0.14130434782608697,15.036231884057964
2023,T Stubbs,12,14,1,7.0,0.5,0.5,0.25,37.5
2023,TA Boult,235,316,13,8.068085106382979,0.33191489361702126,0.32198581560283684,0.16595744680851063,24.397163120567374
2023,TG Southee,36,79,2,13.166666666666668,0.3333333333333333,0.0,0.16666666666666666,8.333333333333332
2023,TU Deshpande,368,580,24,9.456521739130434,0.3913043478260869,0.09057971014492772,0.19565217391304346,14.311594202898558
2023,UT Yadav,116,190,1,9.827586206896552,0.05172413793103448,0.028735632183908066,0.02586206896551724,2.7298850574712654
2023,Umran Malik,124,219,6,10.596774193548388,0.29032258064516125,0.0,0.14516129032258063,7.258064516129031
2023,VG Arora,107,149,5,8.355140186915888,0.2803738317757009,0.2741433021806854,0.14018691588785046,20.716510903426794
2023,Vijaykumar Vyshak,153,253,11,9.92156862745098,0.4313725490196078,0.013071895424836555,0.2156862745098039,11.437908496732023
2023,Vivrant Sharma,21,37,0,10.571428571428571,0.0,0.0,0.0,0.0
2023,WD Parnell,157,237,9,9.057324840764332,0.3439490445859873,0.15711252653927796,0.17197452229299365,16.45435244161358
2023,Washington Sundar,106,146,3,8.264150943396226,0.169811320754717,0.28930817610062903,0.0849056603773585,18.710691823899378
2023,YS Chahal,326,434,22,7.987730061349694,0.4049079754601227,0.3353783231083843,0.20245398773006135,26.89161554192228
2023,Yash Dayal,88,165,2,11.25,0.13636363636363635,0.0,0.06818181818181818,3.4090909090909087
2023,Yash Thakur,207,297,15,8.608695652173912,0.4347826086956522,0.23188405797101463,0.2173913043478261,22.463768115942038
2023,Yudhvir Singh,50,73,3,8.76,0.36,0.2066666666666667,0.18,19.333333333333336
2024,A Badoni,12,25,0,12.5,0.0,0.0,0.0,0.0
2024,A Kamboj,68,115,2,10.147058823529411,0.1764705882352941,0.0,0.08823529411764705,4.411764705882352
2024,A Mishra,12,20,1,10.0,0.5,0.0,0.25,12.5
2024,A Nortje,140,298,7,12.771428571428572,0.30000000000000004,0.0,0.15000000000000002,7.500000000000001
2024,AD Russell,188,304,19,9.702127659574467,0.6063829787234042,0.04964539007092217,0.3031914893617021,17.641843971631214
2024,AK Markram,13,15,0,6.9230769230769225,0.0,0.5128205128205129,0.0,25.641025641025646
2024,AR Patel,265,340,11,7.69811320754717,0.2490566037735849,0.38364779874213834,0.12452830188679245,25.40880503144654
2024,AS Joseph,64,123,1,11.53125,0.09375,0.0,0.046875,2.34375
2024,AS Roy,34,60,1,10.588235294117647,0.1764705882352941,0.0,0.08823529411764705,4.411764705882352
2024,Abhishek Sharma,42,51,2,7.285714285714285,0.2857142857142857,0.45238095238095255,0.14285714285714285,29.761904761904766
2024,Akash Deep,23,55,1,14.347826086956522,0.2608695652173913,0.0,0.13043478260869565,6.521739130434782
2024,Akash Madhwal,119,209,6,10.53781512605042,0.3025210084033614,0.0,0.1512605042016807,7.563025210084034
2024,Arjun Tendulkar,15,22,0,8.799999999999999,0.0,0.20000000000000018,0.0,10.000000000000009
2024,Arshad Khan,56,90,1,9.642857142857142,0.10714285714285714,0.05952380952380961,0.05357142857142857,5.654761904761909
2024,Arshad Khan (2),13,25,0,11.538461538461538,0.0,0.0,0.0,0.0
2024,Arshdeep Singh,326,514,20,9.460122699386503,0.36809815950920244,0.08997955010224956,0.18404907975460122,13.70143149284254
2024,Avesh Khan,346,533,22,9.242774566473988,0.3815028901734104,0.12620423892100194,0.1907514450867052,15.847784200385357
2024,Azmatullah Omarzai,131,194,4,8.885496183206108,0.183206106870229,0.18575063613231535,0.0916030534351145,13.867684478371492
2024,B Kumar,357,555,11,9.327731092436975,0.18487394957983194,0.11204481792717076,0.09243697478991597,10.224089635854336
2024,C Green,223,305,12,8.20627802690583,0.3228699551569507,0.2989536621823617,0.16143497757847536,23.019431988041852
2024,CV Varun,309,411,21,7.980582524271846,0.4077669902912621,0.3365695792880257,0.20388349514563106,27.022653721682836
2024,DG Nalkande,31,46,3,8.903225806451612,0.5806451612903225,0.18279569892473133,0.29032258064516125,23.65591397849463
2024,DJ Hooda,19,22,0,6.947368421052632,0.0,0.5087719298245613,0.0,25.438596491228065
2024,DJ Mitchell,38,70,1,11.052631578947368,0.15789473684210525,0.0,0.07894736842105263,3.9473684210526314
2024,DL Chahar,146,202,5,8.301369863013699,0.2054794520547945,0.28310502283105016,0.10273972602739725,19.29223744292237
2024,G Coetzee,216,357,13,9.916666666666666,0.3611111111111111,0.013888888888888987,0.18055555555555555,9.722222222222227
2024,GJ Maxwell,98,129,7,7.8979591836734695,0.42857142857142855,0.35034013605442177,0.21428571428571427,28.2312925170068
2024,H Sharma,12,29,0,14.5,0.0,0.0,0.0,0.0
2024,HH Pandya,226,389,13,10.327433628318584,0.34513274336283184,0.0,0.17256637168141592,8.628318584070795
2024,HV Patel,317,485,30,9.17981072555205,0.5678233438485805,0.13669821240799163,0.28391167192429023,21.030494216614095
2024,Harpreet Brar,230,309,7,8.060869565217391,0.1826086956521739,0.32318840579710145,0.09130434782608696,20.724637681159418
2024,Harshit Rana,264,385,20,8.75,0.4545454545454546,0.20833333333333334,0.2272727272727273,21.780303030303035
2024,I Sharma,182,266,12,8.769230769230768,0.39560439560439564,0.2051282051282053,0.19780219780219782,20.146520146520157
2024,J Little,25,45,4,10.8,0.96,0.0,0.48,24.0
2024,JA Richardson,25,40,0,9.600000000000001,0.0,0.06666666666666643,0.0,3.3333333333333215
2024,JD Unadkat,200,321,9,9.629999999999999,0.27,0.061666666666666835,0.135,9.833333333333343
2024,JJ Bumrah,328,341,21,6.23780487804878,0.38414634146341464,0.6270325203252033,0.19207317073170732,40.95528455284553
2024,K Gowtham,13,30,0,13.846153846153845,0.0,0.0,0.0,0.0
2024,K Rabada,262,386,11,8.839694656488549,0.25190839694656486,0.19338422391857524,0.12595419847328243,15.966921119592884
2024,KA Maharaj,36,39,2,6.5,0.3333333333333333,0.5833333333333334,0.16666666666666666,37.5
2024,KH Pandya,205,258,6,7.5512195121951216,0.175609756097561,0.4081300813008131,0.0878048780487805,24.79674796747968
2024,KK Ahmed,324,493,17,9.12962962962963,0.31481481481481477,0.1450617283950617,0.15740740740740738,15.123456790123454
2024,KR Sen,79,127,6,9.645569620253164,0.45569620253164556,0.05907172995780593,0.22784810126582278,14.345991561181433
2024,KT Maphaka,39,90,1,13.846153846153845,0.15384615384615385,0.0,0.07692307692307693,3.8461538461538463
2024,KV Sharma,149,256,7,10.308724832214764,0.2818791946308725,0.0,0.14093959731543626,7.046979865771813
2024,Kartik Tyagi,26,52,0,12.0,0.0,0.0,0.0,0.0
2024,Kuldeep Yadav,267,376,16,8.449438202247192,0.3595505617977528,0.25842696629213463,0.1797752808988764,21.910112359550553
2024,L Wood,38,94,1,14.842105263157896,0.15789473684210525,0.0,0.07894736842105263,3.9473684210526314
2024,LB Williams,42,74,1,10.571428571428571,0.14285714285714285,0.0,0.07142857142857142,3.571428571428571
2024,LH Ferguson,147,260,10,10.612244897959183,0.40816326530612246,0.0,0.20408163265306123,10.204081632653061
2024,LS Livingstone,75,86,3,6.880000000000001,0.24,0.5199999999999999,0.12,31.999999999999996
2024,Lalit Yadav,18,57,0,19.0,0.0,0.0,0.0,0.0
2024,M Jansen,68,134,2,11.823529411764707,0.1764705882352941,0.0,0.08823529411764705,4.411764705882352
2024,M Markande,142,259,8,10.943661971830986,0.3380281690140845,0.0,0.16901408450704225,8.450704225352112
2024,M Pathirana,145,175,13,7.241379310344827,0.5379310344827586,0.4597701149425288,0.2689655172413793,36.4367816091954
2024,M Shahrukh Khan,12,16,0,8.0,0.0,0.3333333333333333,0.0,16.666666666666664
2024,M Siddharth,58,72,1,7.448275862068966,0.10344827586206896,0.42528735632183895,0.05172413793103448,23.85057471264367
2024,M Theekshana,121,146,2,7.239669421487603,0.09917355371900827,0.4600550964187328,0.049586776859504134,25.482093663911847
2024,MA Starc,267,450,20,10.112359550561797,0.449438202247191,0.0,0.2247191011235955,11.235955056179774
2024,MJ Henry,74,112,1,9.08108108108108,0.08108108108108109,0.15315315315315323,0.04054054054054054,9.684684684684688
2024,MJ Santner,54,64,3,7.111111111111111,0.3333333333333333,0.48148148148148157,0.16666666666666666,32.40740740740741
2024,MJ Suthar,12,26,0,13.0,0.0,0.0,0.0,0.0
2024,MM Ali,49,71,2,8.693877551020408,0.24489795918367346,0.2176870748299319,0.12244897959183673,17.006802721088434
2024,MM Sharma,245,428,16,10.481632653061226,0.3918367346938776,0.0,0.1959183673469388,9.795918367346939
2024,MP Stoinis,87,127,5,8.758620689655173,0.3448275862068966,0.2068965517241379,0.1724137931034483,18.96551724137931
2024,MP Yadav,76,88,8,6.947368421052632,0.631578947368421,0.5087719298245613,0.3157894736842105,41.22807017543859
2024,MR Marsh,54,103,1,11.444444444444445,0.1111111111111111,0.0,0.05555555555555555,2.7777777777777777
2024,Mayank Dagar,72,122,1,10.166666666666666,0.08333333333333333,0.0,0.041666666666666664,2.083333333333333
2024,Mohammad Nabi,74,110,2,8.91891891891892,0.16216216216216217,0.18018018018018012,0.08108108108108109,13.06306306306306
2024,Mohammed Siraj,350,507,15,8.691428571428572,0.2571428571428571,0.21809523809523798,0.12857142857142856,17.33333333333333
2024,Mohsin Khan,237,385,10,9.746835443037973,0.25316455696202533,0.04219409282700445,0.12658227848101267,8.438818565400856
2024,Mukesh Kumar,223,379,22,10.197309417040358,0.5919282511210762,0.0,0.2959641255605381,14.798206278026903
2024,Mustafizur Rahman,225,324,14,8.64,0.3733333333333333,0.22666666666666657,0.18666666666666665,20.66666666666666
2024,N Burger,105,152,7,8.685714285714285,0.4,0.21904761904761916,0.2,20.95238095238096
2024,N Thushara,172,259,8,9.034883720930232,0.27906976744186046,0.16085271317829472,0.13953488372093023,15.019379844961248
2024,N Wadhera,12,13,0,6.5,0.0,0.5833333333333334,0.0,29.166666666666668
2024,NT Ellis,24,24,1,6.0,0.25,0.6666666666666666,0.125,39.58333333333333
2024,Naman Dhir,29,55,0,11.379310344827587,0.0,0.0,0.0,0.0
2024,Naveen-ul-Haq,232,375,15,9.698275862068966,0.3879310344827587,0.05028735632183897,0.19396551724137934,12.212643678160916
2024,Nithish Kumar Reddy,87,154,4,10.620689655172415,0.27586206896551724,0.0,0.13793103448275862,6.896551724137931
2024,Noor Ahmad,214,297,8,8.327102803738317,0.22429906542056072,0.2788161993769472,0.11214953271028036,19.548286604361376
2024,PJ Cummins,375,571,18,9.136,0.28800000000000003,0.14400000000000013,0.14400000000000002,14.400000000000007
2024,PP Chawla,215,312,13,8.706976744186047,0.3627906976744186,0.21550387596899215,0.1813953488372093,19.84496124031007
2024,PVD Chameera,19,49,0,15.473684210526315,0.0,0.0,0.0,0.0
2024,R Ashwin,346,469,9,8.132947976878613,0.15606936416184972,0.31117533718689777,0.07803468208092486,19.46050096339113
2024,R Dhawan,19,39,0,12.315789473684212,0.0,0.0,0.0,0.0
2024,R Parag,19,27,0,8.526315789473685,0.0,0.24561403508771917,0.0,12.280701754385959
2024,R Ravindra,12,7,0,3.5,0.0,1.0,0.0,50.0
2024,R Sai Kishore,93,137,7,8.838709677419356,0.4516129032258065,0.19354838709677402,0.22580645161290325,20.967741935483865
2024,R Shepherd,76,162,2,12.789473684210527,0.15789473684210525,0.0,0.07894736842105263,3.9473684210526314
2024,RA Jadeja,285,371,8,7.810526315789474,0.16842105263157894,0.36491228070175435,0.08421052631578947,22.45614035087719
2024,RD Chahar,189,280,10,8.88888888888889,0.31746031746031744,0.18518518518518512,0.15873015873015872,17.195767195767193
2024,RJ Gleeson,51,72,1,8.470588235294118,0.11764705882352941,0.2549019607843137,0.058823529411764705,15.686274509803921
2024,RJW Topley,95,168,4,10.610526315789473,0.25263157894736843,0.0,0.12631578947368421,6.315789473684211
2024,Rashid Khan,262,372,10,8.519083969465647,0.22900763358778625,0.2468193384223921,0.11450381679389313,18.06615776081426
2024,Rasikh Salam,156,271,9,10.423076923076923,0.34615384615384615,0.0,0.17307692307692307,8.653846153846153
2024,Ravi Bishnoi,270,384,10,8.533333333333333,0.2222222222222222,0.24444444444444446,0.1111111111111111,17.77777777777778
2024,S Gopal,42,67,3,9.571428571428573,0.42857142857142855,0.07142857142857117,0.21428571428571427,14.285714285714274
2024,S Joseph,30,51,0,10.2,0.0,0.0,0.0,0.0
2024,S Sandeep Warrier,70,122,6,10.457142857142857,0.5142857142857142,0.0,0.2571428571428571,12.857142857142856
2024,SH Johnson,99,155,4,9.393939393939394,0.24242424242424243,0.10101010101010093,0.12121212121212122,11.111111111111107
2024,SM Curran,254,422,16,9.968503937007874,0.3779527559055118,0.005249343832020988,0.1889763779527559,9.711286089238845
2024,SN Thakur,197,315,5,9.593908629441625,0.15228426395939088,0.06768189509306251,0.07614213197969544,7.191201353637896
2024,SP Narine,334,376,18,6.754491017964072,0.32335329341317365,0.5409181636726547,0.16167664670658682,35.12974051896207
2024,SZ Mulani,33,57,0,10.363636363636363,0.0,0.0,0.0,0.0
2024,Sandeep Sharma,236,314,15,7.983050847457627,0.3813559322033898,0.3361581920903955,0.1906779661016949,26.34180790960452
2024,Shahbaz Ahmed,166,277,7,10.012048192771084,0.25301204819277107,0.0,0.12650602409638553,6.325301204819277
2024,Sikandar Raza,12,22,0,11.0,0.0,0.0,0.0,0.0
2024,Simarjeet Singh,80,122,6,9.149999999999999,0.44999999999999996,0.1416666666666669,0.22499999999999998,18.333333333333346
2024,Sumit Kumar,22,38,0,10.363636363636363,0.0,0.0,0.0,0.0
2024,Suyash Sharma,25,51,0,12.24,0.0,0.0,0.0,0.0
2024,Swapnil Singh,92,133,6,8.673913043478262,0.3913043478260869,0.22101449275362306,0.19565217391304346,20.833333333333325
2024,T Natarajan,332,469,20,8.475903614457831,0.3614457831325301,0.25401606425702816,0.18072289156626506,21.736947791164663
2024,T Stubbs,13,15,3,6.9230769230769225,1.3846153846153846,0.5128205128205129,0.6923076923076923,60.25641025641026
2024,TA Boult,333,448,16,8.072072072072073,0.2882882882882883,0.32132132132132113,0.14414414414414414,23.273273273273265
2024,TU Deshpande,310,435,18,8.419354838709678,0.34838709677419355,0.2634408602150537,0.17419354838709677,21.881720430107524
2024,UT Yadav,129,211,9,9.813953488372093,0.41860465116279066,0.03100775193798455,0.20930232558139533,12.015503875968994
2024,V Kaverappa,24,36,2,9.0,0.5,0.16666666666666666,0.25,20.833333333333332
2024,V Viyaskanth,60,90,1,9.0,0.1,0.16666666666666666,0.05,10.833333333333334
2024,VG Arora,201,284,11,8.477611940298507,0.3283582089552239,0.25373134328358216,0.16417910447761194,20.895522388059707
2024,Vijaykumar Vyshak,90,143,6,9.533333333333333,0.4,0.07777777777777779,0.2,13.88888888888889
2024,WG Jacks,55,100,2,10.909090909090908,0.21818181818181817,0.0,0.10909090909090909,5.454545454545454
2024,Washington Sundar,30,73,1,14.599999999999998,0.2,0.0,0.1,5.0
2024,YS Chahal,362,548,19,9.082872928176794,0.3149171270718232,0.15285451197053432,0.1574585635359116,15.515653775322297
2024,Yash Dayal,322,472,16,8.795031055900623,0.2981366459627329,0.20082815734989623,0.14906832298136646,17.494824016563136
2024,Yash Thakur,225,405,12,10.8,0.32,0.0,0.16,8.0
2024,Yudhvir Singh,24,52,1,13.0,0.25,0.0,0.125,6.25
2025,A Kamboj,130,173,8,7.984615384615385,0.36923076923076925,0.33589743589743587,0.18461538461538463,26.025641025641022
2025,A Nortje,45,87,1,11.6,0.13333333333333333,0.0,0.06666666666666667,3.3333333333333335
2025,A Zampa,50,94,2,11.28,0.24,0.0,0.12,6.0
2025,AD Russell,114,218,8,11.473684210526315,0.42105263157894735,0.0,0.21052631578947367,10.526315789473683
2025,AK Markram,68,102,4,9.0,0.3529411764705882,0.16666666666666666,0.1764705882352941,17.15686274509804
2025,AR Patel,219,314,6,8.602739726027398,0.1643835616438356,0.23287671232876703,0.0821917808219178,15.753424657534243
2025,AS Roy,25,27,2,6.48,0.48,0.5866666666666666,0.24,41.33333333333333
2025,Abhishek Sharma,67,113,0,10.119402985074627,0.0,0.0,0.0,0.0
2025,Akash Deep,127,230,3,10.866141732283463,0.14173228346456693,0.0,0.07086614173228346,3.543307086614173
2025,Akash Madhwal,97,167,4,10.329896907216495,0.24742268041237114,0.0,0.12371134020618557,6.185567010309279
2025,Akash Singh,67,99,4,8.865671641791046,0.3582089552238806,0.189054726368159,0.1791044776119403,18.407960199004965
2025,Arshad Khan,136,220,6,9.705882352941178,0.2647058823529412,0.04901960784313708,0.1323529411764706,9.068627450980383
2025,Arshdeep Singh,367,527,22,8.615803814713896,0.35967302452316074,0.23069936421435067,0.17983651226158037,20.526793823796552
2025,Ashwani Kumar,132,234,11,10.636363636363637,0.5,0.0,0.25,12.5
2025,Avesh Khan,294,487,13,9.938775510204081,0.2653061224489796,0.010204081632653109,0.1326530612244898,7.142857142857145
2025,Azmatullah Omarzai,169,282,8,10.011834319526628,0.28402366863905326,0.0,0.14201183431952663,7.100591715976331
2025,B Kumar,318,490,18,9.245283018867925,0.339622641509434,0.12578616352201255,0.169811320754717,14.779874213836477
2025,C Bosch,45,56,1,7.466666666666667,0.13333333333333333,0.4222222222222222,0.06666666666666667,24.444444444444443
2025,C Sakariya,19,39,0,12.315789473684212,0.0,0.0,0.0,0.0
2025,CV Varun,308,390,17,7.597402597402597,0.33116883116883117,0.4004329004329004,0.16558441558441558,28.3008658008658
2025,DL Chahar,263,378,12,8.623574144486692,0.2737642585551331,0.22940430925221791,0.13688212927756654,18.314321926489225
2025,DS Rathi,321,435,14,8.130841121495328,0.2616822429906542,0.3115264797507787,0.1308411214953271,22.118380062305288
2025,E Malinga,165,244,14,8.872727272727273,0.5090909090909091,0.18787878787878784,0.2545454545454546,22.121212121212118
2025,Fazalhaq Farooqi,104,211,0,12.173076923076923,0.0,0.0,0.0,0.0
2025,G Coetzee,76,133,2,10.5,0.15789473684210525,0.0,0.07894736842105263,3.9473684210526314
2025,GJ Maxwell,82,111,4,8.121951219512196,0.29268292682926833,0.31300813008130063,0.14634146341463417,22.96747967479674
2025,HH Pandya,229,345,14,9.039301310043669,0.3668122270742358,0.16011644832605518,0.1834061135371179,17.176128093158656
2025,HV Patel,286,434,17,9.104895104895105,0.35664335664335667,0.14918414918414916,0.17832167832167833,16.375291375291372
2025,Harpreet Brar,134,190,10,8.507462686567164,0.4477611940298507,0.24875621890547261,0.22388059701492535,23.631840796019898
2025,Harsh Dubey,61,98,5,9.639344262295083,0.4918032786885246,0.060109289617486183,0.2459016393442623,15.300546448087424
2025,Harshit Rana,276,457,15,9.934782608695652,0.32608695652173914,0.010869565217391278,0.16304347826086957,8.695652173913041
2025,I Sharma,117,210,4,10.76923076923077,0.20512820512820515,0.0,0.10256410256410257,5.128205128205129
2025,J Overton,41,84,0,12.292682926829269,0.0,0.0,0.0,0.0
2025,JC Archer,292,445,12,9.143835616438356,0.2465753424657534,0.14269406392694073,0.1232876712328767,13.299086757990871
2025,JD Unadkat,146,177,12,7.273972602739725,0.4931506849315068,0.4543378995433791,0.2465753424657534,35.045662100456624
2025,JJ Bumrah,289,322,21,6.685121107266436,0.4359861591695502,0.552479815455594,0.2179930795847751,38.523644752018456
2025,JR Hazlewood,270,389,22,8.644444444444444,0.48888888888888893,0.225925925925926,0.24444444444444446,23.518518518518523
2025,K Kartikeya,49,78,2,9.551020408163264,0.24489795918367346,0.07482993197278927,0.12244897959183673,9.8639455782313
2025,K Khejroliya,19,29,1,9.157894736842106,0.3157894736842105,0.1403508771929823,0.15789473684210525,14.912280701754376
2025,K Rabada,88,164,2,11.181818181818182,0.13636363636363635,0.0,0.06818181818181818,3.4090909090909087
2025,KA Jamieson,94,147,5,9.382978723404255,0.3191489361702128,0.10283687943262414,0.1595744680851064,13.120567375886527
2025,KH Pandya,283,380,17,8.056537102473499,0.36042402826855124,0.32391048292108354,0.18021201413427562,25.206124852767957
2025,KK Ahmed,290,454,16,9.393103448275863,0.3310344827586207,0.10114942528735622,0.16551724137931034,13.333333333333327
2025,KT Maphaka,32,58,1,10.875,0.1875,0.0,0.09375,4.6875
2025,KV Sharma,91,133,7,8.769230769230768,0.46153846153846156,0.2051282051282053,0.23076923076923078,21.794871794871803
2025,Kuldeep Yadav,324,392,16,7.2592592592592595,0.2962962962962963,0.4567901234567901,0.14814814814814814,30.246913580246915
2025,L Ngidi,48,81,4,10.125,0.5,0.0,0.25,12.5
2025,LH Ferguson,76,107,6,8.447368421052632,0.47368421052631576,0.2587719298245614,0.23684210526315788,24.780701754385966
2025,LS Livingstone,54,76,2,8.444444444444445,0.2222222222222222,0.25925925925925924,0.1111111111111111,18.51851851851852
2025,M Jansen,300,448,16,8.96,0.32,0.1733333333333332,0.16,16.66666666666666
2025,M Pathirana,284,430,15,9.08450704225352,0.31690140845070425,0.15258215962441332,0.15845070422535212,15.551643192488275
2025,M Prasidh Krishna,364,506,26,8.34065934065934,0.42857142857142855,0.27655677655677674,0.21428571428571427,24.54212454212455
2025,M Siddharth,43,68,2,9.488372093023255,0.27906976744186046,0.08527131782945752,0.13953488372093023,11.240310077519387
2025,M Theekshana,271,412,11,9.121771217712178,0.24354243542435422,0.14637146371463702,0.12177121771217711,13.407134071340707
2025,MA Starc,239,402,17,10.092050209205022,0.42677824267782427,0.0,0.21338912133891214,10.669456066945607
2025,MJ Santner,247,316,10,7.676113360323887,0.24291497975708504,0.38731443994601883,0.12145748987854252,25.438596491228065
2025,MM Ali,99,136,6,8.242424242424242,0.36363636363636365,0.292929292929293,0.18181818181818182,23.73737373737374
2025,MM Sharma,163,259,2,9.533742331288343,0.0736196319018405,0.07770961145194288,0.03680981595092025,5.7259713701431565
2025,MP Stoinis,91,177,1,11.67032967032967,0.06593406593406594,0.0,0.03296703296703297,1.6483516483516485
2025,MP Yadav,53,100,2,11.320754716981131,0.22641509433962265,0.0,0.11320754716981132,5.660377358490567
2025,Mohammed Shami,187,348,6,11.165775401069519,0.19251336898395724,0.0,0.09625668449197862,4.812834224598931
2025,Mohammed Siraj,367,540,16,8.8283378746594,0.2615803814713896,0.19527702089009993,0.1307901907356948,16.303360581289738
2025,Mujeeb Ur Rahman,13,28,1,12.923076923076923,0.46153846153846156,0.0,0.23076923076923078,11.538461538461538
2025,Mukesh Choudhary,36,71,1,11.833333333333334,0.16666666666666666,0.0,0.08333333333333333,4.166666666666666
2025,Mukesh Kumar,255,411,14,9.670588235294119,0.32941176470588235,0.05490196078431353,0.16470588235294117,10.980392156862735
2025,Musheer Khan,12,27,1,13.5,0.5,0.0,0.25,12.5
2025,Mustafizur Rahman,66,87,4,7.909090909090908,0.36363636363636365,0.3484848484848486,0.18181818181818182,26.515151515151526
2025,N Rana,12,18,0,9.0,0.0,0.16666666666666666,0.0,8.333333333333332
2025,N Thushara,26,30,1,6.9230769230769225,0.23076923076923078,0.5128205128205129,0.11538461538461539,31.410256410256416
2025,NT Ellis,25,39,1,9.36,0.24,0.10666666666666676,0.12,11.333333333333337
2025,Naman Dhir,24,21,1,5.25,0.25,0.7916666666666666,0.125,45.83333333333333
2025,Nithish Kumar Reddy,34,47,4,8.294117647058822,0.7058823529411764,0.28431372549019623,0.3529411764705882,31.862745098039223
2025,Noor Ahmad,314,416,24,7.949044585987261,0.4585987261146497,0.34182590233545646,0.22929936305732485,28.556263269639064
2025,P Dubey,12,21,1,10.5,0.5,0.0,0.25,12.5
2025,PHKD Mendis,42,60,2,8.571428571428571,0.2857142857142857,0.23809523809523814,0.14285714285714285,19.04761904761905
2025,PJ Cummins,312,460,16,8.846153846153847,0.3076923076923077,0.1923076923076922,0.15384615384615385,17.307692307692303
2025,PVD Chameera,111,198,4,10.702702702702702,0.21621621621621623,0.0,0.10810810810810811,5.405405405405405
2025,PVSN Raju,29,54,2,11.172413793103448,0.41379310344827586,0.0,0.20689655172413793,10.344827586206897
2025,PWH de Silva,251,376,11,8.98804780876494,0.26294820717131473,0.16865869853917678,0.13147410358565736,15.006640106241708
2025,Prince Yadav,144,226,5,9.416666666666666,0.20833333333333334,0.09722222222222232,0.10416666666666667,10.06944444444445
2025,R Ashwin,189,286,7,9.079365079365079,0.2222222222222222,0.1534391534391535,0.1111111111111111,13.22751322751323
2025,R Parag,128,171,4,8.015625,0.1875,0.3307291666666667,0.09375,21.223958333333336
2025,R Sai Kishore,262,396,19,9.068702290076336,0.43511450381679384,0.15521628498727727,0.21755725190839692,18.63867684478371
2025,R Shepherd,90,156,6,10.4,0.4,0.0,0.2,10.0
2025,RA Jadeja,232,325,10,8.405172413793103,0.25862068965517243,0.26580459770114945,0.12931034482758622,19.755747126436784
2025,RJ Gleeson,22,39,1,10.636363636363637,0.2727272727272727,0.0,0.13636363636363635,6.8181818181818175
2025,RJW Topley,18,40,0,13.333333333333334,0.0,0.0,0.0,0.0
2025,Rashid Khan,336,523,9,9.339285714285715,0.1607142857142857,0.11011904761904745,0.08035714285714285,9.523809523809515
2025,Rasikh Salam,38,71,1,11.210526315789474,0.15789473684210525,0.0,0.07894736842105263,3.9473684210526314
2025,Ravi Bishnoi,233,402,9,10.351931330472103,0.23175965665236054,0.0,0.11587982832618027,5.793991416309013
2025,S Dube,13,33,0,15.23076923076923,0.0,0.0,0.0,0.0
2025,SH Johnson,73,134,1,11.013698630136986,0.0821917808219178,0.0,0.0410958904109589,2.054794520547945
2025,SM Curran,74,135,1,10.945945945945946,0.08108108108108109,0.0,0.04054054054054054,2.027027027027027
2025,SN Thakur,226,376,15,9.982300884955752,0.3982300884955753,0.0029498525073747097,0.19911504424778764,10.103244837758117
2025,SP Narine,275,357,12,7.789090909090909,0.26181818181818184,0.36848484848484847,0.13090909090909092,24.96969696969697
2025,Sandeep Sharma,239,363,10,9.112970711297072,0.2510460251046025,0.1478382147838214,0.12552301255230125,13.668061366806134
2025,Shahbaz Ahmed,56,103,1,11.035714285714285,0.10714285714285714,0.0,0.05357142857142857,2.6785714285714284
2025,Shashank Singh,12,27,0,13.5,0.0,0.0,0.0,0.0
2025,Simarjeet Singh,63,146,2,13.904761904761905,0.19047619047619047,0.0,0.09523809523809523,4.761904761904762
2025,Suryansh Shedge,19,40,0,12.631578947368421,0.0,0.0,0.0,0.0
2025,Suyash Sharma,305,454,9,8.931147540983606,0.17704918032786887,0.1781420765027324,0.08852459016393444,13.333333333333341
2025,T Natarajan,25,53,1,12.72,0.24,0.0,0.12,6.0
2025,T Stubbs,12,40,0,20.0,0.0,0.0,0.0,0.0
2025,TA Boult,357,520,23,8.739495798319327,0.38655462184873945,0.21008403361344552,0.19327731092436973,20.168067226890763
2025,TU Deshpande,212,342,9,9.679245283018869,0.25471698113207547,0.05345911949685522,0.12735849056603774,9.040880503144647
2025,V Nigam,244,361,12,8.87704918032787,0.29508196721311475,0.1871584699453551,0.14754098360655737,16.73497267759562
2025,V Puthur,73,109,6,8.95890410958904,0.4931506849315068,0.17351598173515992,0.2465753424657534,21.004566210045667
2025,VG Arora,272,431,19,9.507352941176471,0.41911764705882354,0.08210784313725483,0.20955882352941177,14.583333333333332
2025,Vijaykumar Vyshak,113,181,4,9.610619469026549,0.21238938053097345,0.06489675516224185,0.10619469026548672,8.55457227138643
2025,W O'Rourke,64,132,6,12.375,0.5625,0.0,0.28125,14.0625
2025,WG Jacks,90,121,6,8.066666666666666,0.4,0.32222222222222224,0.2,26.111111111111114
2025,Washington Sundar,67,112,2,10.029850746268657,0.1791044776119403,0.0,0.08955223880597014,4.477611940298507
2025,XC Bartlett,60,96,2,9.600000000000001,0.2,0.06666666666666643,0.1,8.333333333333321
2025,YS Chahal,277,431,16,9.335740072202166,0.3465703971119134,0.11070998796630575,0.1732851985559567,14.199759326113123
2025,Yash Dayal,305,479,14,9.422950819672131,0.2754098360655738,0.09617486338797814,0.1377049180327869,11.693989071038253
2025,Yash Thakur,43,80,1,11.162790697674419,0.13953488372093023,0.0,0.06976744186046512,3.488372093023256
2025,Yudhvir Singh,71,132,4,11.154929577464788,0.3380281690140845,0.0,0.16901408450704225,8.450704225352112
2025,Zeeshan Ansari,209,334,8,9.588516746411482,0.2296650717703349,0.06858054226475296,0.11483253588516745,9.170653907496021
