file_id,innings,batting_team,phase,wicket_bucket,role,prior_matches,prior_wins,prior_win_rate
335982,2,Royal Challengers Bangalore,pp,3,bat_second,0,0,
335982,2,Royal Challengers Bangalore,middle,3,bat_second,0,0,
335982,2,Royal Challengers Bangalore,death,1,bat_second,0,0,
335982,1,Kolkata Knight Riders,pp,1,bat_first,0,0,
335982,1,Kolkata Knight Riders,middle,1,bat_first,0,0,
335982,1,Kolkata Knight Riders,death,1,bat_first,0,0,
335984,2,Delhi Daredevils,pp,1,bat_second,0,0,
335984,2,Delhi Daredevils,middle,0,bat_second,0,0,
335984,2,Delhi Daredevils,death,0,bat_second,0,0,
335983,1,Chennai Super Kings,pp,1,bat_first,0,0,
335983,1,Chennai Super Kings,middle,3,bat_first,0,0,
335983,1,Chennai Super Kings,death,1,bat_first,0,0,
335984,1,Rajasthan Royals,pp,2,bat_first,0,0,
335984,1,Rajasthan Royals,middle,3,bat_first,0,0,
335984,1,Rajasthan Royals,death,1,bat_first,0,0,
335983,2,Kings XI Punjab,pp,1,bat_second,0,0,
335983,2,Kings XI Punjab,middle,2,bat_second,0,0,
335983,2,Kings XI Punjab,death,1,bat_second,0,0,
335986,2,Kolkata Knight Riders,pp,3,bat_second,0,0,
335986,2,Kolkata Knight Riders,middle,1,bat_second,0,0,
335986,2,Kolkata Knight Riders,death,1,bat_second,0,0,
335985,1,Mumbai Indians,pp,3,bat_first,0,0,
335985,1,Mumbai Indians,middle,1,bat_first,0,0,
335985,1,Mumbai Indians,death,3,bat_first,0,0,
335985,2,Royal Challengers Bangalore,pp,1,bat_second,0,0,
335985,2,Royal Challengers Bangalore,middle,3,bat_second,1,0,
335985,2,Royal Challengers Bangalore,death,1,bat_second,1,0,
335986,1,Deccan Chargers,pp,2,bat_first,0,0,
335986,1,Deccan Chargers,middle,3,bat_first,0,0,
335986,1,Deccan Chargers,death,3,bat_first,0,0,
335987,1,Kings XI Punjab,pp,1,bat_first,0,0,
335987,1,Kings XI Punjab,middle,3,bat_first,0,0,
335987,1,Kings XI Punjab,death,3,bat_first,0,0,
335987,2,Rajasthan Royals,pp,3,bat_second,0,0,
335987,2,Rajasthan Royals,middle,1,bat_second,0,0,
335987,2,Rajasthan Royals,death,0,bat_second,0,0,
335988,2,Delhi Daredevils,pp,1,bat_second,1,1,
335988,2,Delhi Daredevils,middle,0,bat_second,1,1,
335988,2,Delhi Daredevils,death,0,bat_second,1,1,
335988,1,Deccan Chargers,pp,2,bat_first,1,0,
335988,1,Deccan Chargers,middle,3,bat_first,1,0,
335988,1,Deccan Chargers,death,3,bat_first,1,0,
335989,1,Chennai Super Kings,pp,2,bat_first,0,0,
335989,1,Chennai Super Kings,middle,1,bat_first,0,0,
335989,1,Chennai Super Kings,death,2,bat_first,0,0,
335989,2,Mumbai Indians,pp,2,bat_second,0,0,
335989,2,Mumbai Indians,middle,3,bat_second,0,0,
335989,2,Mumbai Indians,death,2,bat_second,0,0,
335990,1,Deccan Chargers,pp,2,bat_first,2,0,
335990,1,Deccan Chargers,middle,1,bat_first,0,0,
335990,1,Deccan Chargers,death,2,bat_first,0,0,
335990,2,Rajasthan Royals,pp,1,bat_second,0,0,
335990,2,Rajasthan Royals,middle,2,bat_second,0,0,
335990,2,Rajasthan Royals,death,3,bat_second,0,0,
335991,1,Kings XI Punjab,pp,1,bat_first,1,0,
335991,1,Kings XI Punjab,middle,3,bat_first,1,0,
335991,1,Kings XI Punjab,death,3,bat_first,1,0,
335991,2,Mumbai Indians,pp,2,bat_second,1,0,
335991,2,Mumbai Indians,middle,3,bat_second,1,0,
335991,2,Mumbai Indians,death,2,bat_second,1,0,
335992,1,Royal Challengers Bangalore,pp,2,bat_first,0,0,
335992,1,Royal Challengers Bangalore,middle,3,bat_first,0,0,
335992,1,Royal Challengers Bangalore,death,1,bat_first,0,0,
335993,1,Kolkata Knight Riders,pp,3,bat_first,0,0,
335993,1,Kolkata Knight Riders,middle,3,bat_first,0,0,
335993,1,Kolkata Knight Riders,death,3,bat_first,0,0,
335993,2,Chennai Super Kings,pp,0,bat_second,0,0,
335993,2,Chennai Super Kings,middle,1,bat_second,0,0,
335993,2,Chennai Super Kings,death,0,bat_second,0,0,
335992,2,Rajasthan Royals,pp,2,bat_second,0,0,
335992,2,Rajasthan Royals,middle,0,bat_second,0,0,
335992,2,Rajasthan Royals,death,1,bat_second,0,0,
335994,1,Mumbai Indians,pp,3,bat_first,1,0,
335994,1,Mumbai Indians,middle,2,bat_first,0,0,
335994,1,Mumbai Indians,death,2,bat_first,0,0,
335994,2,Deccan Chargers,pp,0,bat_second,0,0,
335994,2,Deccan Chargers,middle,0,bat_second,0,0,
335994,2,Deccan Chargers,death,0,bat_second,0,0,
335995,1,Delhi Daredevils,pp,3,bat_first,0,0,
335995,1,Delhi Daredevils,middle,2,bat_first,0,0,
335995,1,Delhi Daredevils,death,3,bat_first,0,0,
335995,2,Kings XI Punjab,pp,2,bat_second,0,0,
335995,2,Kings XI Punjab,middle,2,bat_second,1,0,
335995,2,Kings XI Punjab,death,2,bat_second,0,0,
335996,2,Royal Challengers Bangalore,pp,1,bat_second,1,1,
335996,2,Royal Challengers Bangalore,middle,2,bat_second,0,0,
335996,2,Royal Challengers Bangalore,death,3,bat_second,0,0,
335996,1,Chennai Super Kings,pp,1,bat_first,1,1,
335996,1,Chennai Super Kings,middle,2,bat_first,0,0,
335996,1,Chennai Super Kings,death,2,bat_first,1,1,
335997,2,Mumbai Indians,pp,3,bat_second,0,0,
335997,2,Mumbai Indians,middle,0,bat_second,0,0,
335997,2,Mumbai Indians,death,0,bat_second,0,0,
335997,1,Kolkata Knight Riders,pp,3,bat_first,1,0,
335997,1,Kolkata Knight Riders,middle,3,bat_first,1,0,
335997,1,Kolkata Knight Riders,death,2,bat_first,0,0,
335998,1,Delhi Daredevils,pp,1,bat_first,0,0,
335998,1,Delhi Daredevils,middle,1,bat_first,0,0,
335998,1,Delhi Daredevils,death,3,bat_first,1,0,
335998,2,Royal Challengers Bangalore,pp,3,bat_second,1,0,
335998,2,Royal Challengers Bangalore,middle,0,bat_second,0,0,
335998,2,Royal Challengers Bangalore,death,2,bat_second,0,0,
335999,1,Deccan Chargers,pp,1,bat_first,0,0,
335999,1,Deccan Chargers,middle,3,bat_first,2,0,
335999,1,Deccan Chargers,death,2,bat_first,1,0,
335999,2,Kings XI Punjab,pp,1,bat_second,1,0,
335999,2,Kings XI Punjab,middle,2,bat_second,2,1,
335999,2,Kings XI Punjab,death,0,bat_second,0,0,
336000,1,Rajasthan Royals,pp,1,bat_first,0,0,
336000,1,Rajasthan Royals,middle,3,bat_first,1,0,
336000,1,Rajasthan Royals,death,3,bat_first,0,0,
336000,2,Kolkata Knight Riders,pp,3,bat_second,1,1,
336000,2,Kolkata Knight Riders,middle,2,bat_second,0,0,
336000,2,Kolkata Knight Riders,death,3,bat_second,0,0,
336001,1,Chennai Super Kings,pp,1,bat_first,2,2,
336001,1,Chennai Super Kings,middle,2,bat_first,1,1,
336001,1,Chennai Super Kings,death,3,bat_first,0,0,
336001,2,Delhi Daredevils,pp,0,bat_second,0,0,
336001,2,Delhi Daredevils,middle,2,bat_second,0,0,
336001,2,Delhi Daredevils,death,0,bat_second,2,2,
336034,2,Deccan Chargers,pp,2,bat_second,0,0,
336034,2,Deccan Chargers,middle,0,bat_second,1,1,
336034,2,Deccan Chargers,death,3,bat_second,0,0,
336034,1,Royal Challengers Bangalore,pp,1,bat_first,0,0,
336034,1,Royal Challengers Bangalore,middle,3,bat_first,1,0,
336034,1,Royal Challengers Bangalore,death,3,bat_first,0,0,
336003,1,Kings XI Punjab,pp,1,bat_first,2,1,
336003,1,Kings XI Punjab,middle,3,bat_first,2,1,
336003,1,Kings XI Punjab,death,1,bat_first,0,0,
336003,2,Kolkata Knight Riders,pp,3,bat_second,2,1,
336003,2,Kolkata Knight Riders,middle,1,bat_second,1,1,
336003,2,Kolkata Knight Riders,death,1,bat_second,1,1,
336005,2,Rajasthan Royals,pp,0,bat_second,0,0,
336005,2,Rajasthan Royals,middle,2,bat_second,1,1,
336005,2,Rajasthan Royals,death,0,bat_second,1,1,
336004,1,Mumbai Indians,pp,2,bat_first,0,0,
336004,1,Mumbai Indians,middle,3,bat_first,0,0,
336004,1,Mumbai Indians,death,3,bat_first,1,0,
336004,2,Delhi Daredevils,pp,2,bat_second,0,0,
336004,2,Delhi Daredevils,middle,3,bat_second,0,0,
336004,2,Delhi Daredevils,death,3,bat_second,0,0,
336005,1,Chennai Super Kings,pp,3,bat_first,0,0,
336005,1,Chennai Super Kings,middle,3,bat_first,1,1,
336005,1,Chennai Super Kings,death,3,bat_first,1,0,
336006,1,Royal Challengers Bangalore,pp,3,bat_first,0,0,
336006,1,Royal Challengers Bangalore,middle,1,bat_first,0,0,
336006,1,Royal Challengers Bangalore,death,3,bat_first,1,1,
336006,2,Kings XI Punjab,pp,1,bat_second,2,1,
336006,2,Kings XI Punjab,middle,3,bat_second,0,0,
336006,2,Kings XI Punjab,death,0,bat_second,1,1,
336007,1,Chennai Super Kings,pp,3,bat_first,1,0,
336007,1,Chennai Super Kings,middle,3,bat_first,2,1,
336007,1,Chennai Super Kings,death,1,bat_first,1,1,
336007,2,Deccan Chargers,pp,1,bat_second,0,0,
336007,2,Deccan Chargers,middle,1,bat_second,0,0,
336007,2,Deccan Chargers,death,1,bat_second,0,0,
336008,1,Rajasthan Royals,pp,2,bat_first,1,0,
336008,1,Rajasthan Royals,middle,3,bat_first,2,1,
336008,1,Rajasthan Royals,death,3,bat_first,1,1,
336008,2,Mumbai Indians,pp,0,bat_second,0,0,
336008,2,Mumbai Indians,middle,3,bat_second,2,0,
336008,2,Mumbai Indians,death,0,bat_second,1,1,
336009,1,Delhi Daredevils,pp,2,bat_first,0,0,
336009,1,Delhi Daredevils,middle,0,bat_first,0,0,
336009,1,Delhi Daredevils,death,3,bat_first,2,1,
336009,2,Chennai Super Kings,pp,0,bat_second,1,1,
336009,2,Chennai Super Kings,middle,3,bat_second,0,0,
336009,2,Chennai Super Kings,death,2,bat_second,0,0,
336010,1,Kolkata Knight Riders,pp,2,bat_first,0,0,
336010,1,Kolkata Knight Riders,middle,3,bat_first,2,0,
336010,1,Kolkata Knight Riders,death,1,bat_first,1,1,
336010,2,Royal Challengers Bangalore,pp,2,bat_second,0,0,
336010,2,Royal Challengers Bangalore,middle,2,bat_second,1,0,
336010,2,Royal Challengers Bangalore,death,0,bat_second,0,0,
336011,1,Deccan Chargers,pp,0,bat_first,0,0,
336011,1,Deccan Chargers,middle,3,bat_first,3,0,0.0
336011,1,Deccan Chargers,death,3,bat_first,2,0,
336011,2,Rajasthan Royals,pp,0,bat_second,1,1,
336011,2,Rajasthan Royals,middle,1,bat_second,1,1,
336011,2,Rajasthan Royals,death,1,bat_second,1,1,
336013,2,Kings XI Punjab,pp,2,bat_second,1,1,
336013,2,Kings XI Punjab,middle,3,bat_second,1,1,
336013,2,Kings XI Punjab,death,3,bat_second,0,0,
336013,1,Chennai Super Kings,pp,2,bat_first,1,1,
336013,1,Chennai Super Kings,middle,1,bat_first,1,1,
336013,1,Chennai Super Kings,death,1,bat_first,2,1,
336014,1,Kolkata Knight Riders,pp,1,bat_first,1,1,
336014,1,Kolkata Knight Riders,middle,1,bat_first,1,1,
336014,1,Kolkata Knight Riders,death,2,bat_first,1,0,
336014,2,Deccan Chargers,pp,3,bat_second,0,0,
336014,2,Deccan Chargers,middle,3,bat_second,0,0,
336014,2,Deccan Chargers,death,1,bat_second,1,1,
336015,1,Delhi Daredevils,pp,1,bat_first,1,1,
336015,1,Delhi Daredevils,middle,3,bat_first,0,0,
336015,1,Delhi Daredevils,death,2,bat_first,0,0,
336015,2,Rajasthan Royals,pp,2,bat_second,1,1,
336015,2,Rajasthan Royals,middle,2,bat_second,2,2,
336015,2,Rajasthan Royals,death,3,bat_second,1,1,
336016,1,Royal Challengers Bangalore,pp,3,bat_first,1,0,
336016,1,Royal Challengers Bangalore,middle,2,bat_first,0,0,
336016,1,Royal Challengers Bangalore,death,3,bat_first,2,1,
336016,2,Kings XI Punjab,pp,0,bat_second,0,0,
336016,2,Kings XI Punjab,middle,1,bat_second,0,0,
336016,2,Kings XI Punjab,death,0,bat_second,2,2,
336017,1,Kolkata Knight Riders,pp,1,bat_first,2,2,
336017,1,Kolkata Knight Riders,middle,2,bat_first,0,0,
336017,1,Kolkata Knight Riders,death,3,bat_first,1,0,
336017,2,Delhi Daredevils,pp,3,bat_second,0,0,
336017,2,Delhi Daredevils,middle,2,bat_second,1,1,
336017,2,Delhi Daredevils,death,3,bat_second,1,0,
336018,1,Chennai Super Kings,pp,2,bat_first,2,2,
336018,1,Chennai Super Kings,middle,2,bat_first,2,1,
336018,1,Chennai Super Kings,death,2,bat_first,2,2,
336018,2,Mumbai Indians,pp,0,bat_second,1,1,
336018,2,Mumbai Indians,middle,1,bat_second,0,0,
336018,2,Mumbai Indians,death,0,bat_second,2,2,
336020,2,Deccan Chargers,pp,1,bat_second,1,1,
336020,2,Deccan Chargers,middle,3,bat_second,1,0,
336020,2,Deccan Chargers,death,3,bat_second,1,0,
336020,1,Delhi Daredevils,pp,1,bat_first,2,1,
336020,1,Delhi Daredevils,middle,0,bat_first,1,0,
336020,1,Delhi Daredevils,death,3,bat_first,3,1,0.3333333333333333
336021,2,Mumbai Indians,pp,2,bat_second,2,0,
336021,2,Mumbai Indians,middle,0,bat_second,1,1,
336021,2,Mumbai Indians,death,0,bat_second,3,3,1.0
336021,1,Kolkata Knight Riders,pp,3,bat_first,2,0,
336021,1,Kolkata Knight Riders,middle,3,bat_first,3,1,0.3333333333333333
336021,1,Kolkata Knight Riders,death,1,bat_first,2,2,
336022,1,Delhi Daredevils,pp,0,bat_first,0,0,
336022,1,Delhi Daredevils,middle,3,bat_first,1,0,
336022,1,Delhi Daredevils,death,0,bat_first,0,0,
336022,2,Kings XI Punjab,pp,3,bat_second,0,0,
336022,2,Kings XI Punjab,middle,0,bat_second,0,0,
336022,2,Kings XI Punjab,death,0,bat_second,3,3,1.0
336023,1,Rajasthan Royals,pp,0,bat_first,0,0,
336023,1,Rajasthan Royals,middle,1,bat_first,0,0,
336023,1,Rajasthan Royals,death,0,bat_first,0,0,
336023,2,Royal Challengers Bangalore,pp,3,bat_second,2,0,
336023,2,Royal Challengers Bangalore,middle,3,bat_second,2,1,
336023,2,Royal Challengers Bangalore,death,2,bat_second,1,0,
336024,1,Mumbai Indians,pp,1,bat_first,0,0,
336024,1,Mumbai Indians,middle,3,bat_first,1,1,
336024,1,Mumbai Indians,death,3,bat_first,2,1,
336024,2,Deccan Chargers,pp,3,bat_second,1,0,
336024,2,Deccan Chargers,middle,1,bat_second,1,1,
336024,2,Deccan Chargers,death,3,bat_second,2,0,
336025,1,Kolkata Knight Riders,pp,2,bat_first,1,1,
336025,1,Kolkata Knight Riders,middle,0,bat_first,0,0,
336025,1,Kolkata Knight Riders,death,3,bat_first,2,1,
336025,2,Chennai Super Kings,pp,0,bat_second,2,2,
336025,2,Chennai Super Kings,middle,0,bat_second,0,0,
336025,2,Chennai Super Kings,death,0,bat_second,1,1,
336026,1,Royal Challengers Bangalore,pp,1,bat_first,1,1,
336026,1,Royal Challengers Bangalore,middle,2,bat_first,1,0,
336026,1,Royal Challengers Bangalore,death,3,bat_first,3,1,0.3333333333333333
336026,2,Delhi Daredevils,pp,0,bat_second,1,1,
336026,2,Delhi Daredevils,middle,3,bat_second,1,0,
336026,2,Delhi Daredevils,death,1,bat_second,0,0,
336027,1,Kolkata Knight Riders,pp,1,bat_first,3,3,1.0
336027,1,Kolkata Knight Riders,middle,3,bat_first,4,1,0.25
336027,1,Kolkata Knight Riders,death,3,bat_first,3,1,0.3333333333333333
336027,2,Rajasthan Royals,pp,3,bat_second,1,1,
336027,2,Rajasthan Royals,middle,1,bat_second,2,2,
336027,2,Rajasthan Royals,death,0,bat_second,2,2,
336029,2,Chennai Super Kings,pp,0,bat_second,3,3,1.0
336029,2,Chennai Super Kings,middle,3,bat_second,1,1,
336029,2,Chennai Super Kings,death,3,bat_second,0,0,
336029,1,Royal Challengers Bangalore,pp,2,bat_first,1,0,
336029,1,Royal Challengers Bangalore,middle,3,bat_first,2,1,
336029,1,Royal Challengers Bangalore,death,3,bat_first,4,1,0.25
336028,2,Mumbai Indians,pp,1,bat_second,0,0,
336028,2,Mumbai Indians,middle,2,bat_second,0,0,
336028,2,Mumbai Indians,death,3,bat_second,0,0,
336028,1,Kings XI Punjab,pp,1,bat_first,3,2,0.6666666666666666
336028,1,Kings XI Punjab,middle,1,bat_first,0,0,
336028,1,Kings XI Punjab,death,2,bat_first,0,0,
336031,1,Deccan Chargers,pp,0,bat_first,1,0,
336031,1,Deccan Chargers,middle,2,bat_first,0,0,
336031,1,Deccan Chargers,death,2,bat_first,2,0,
336031,2,Kings XI Punjab,pp,0,bat_second,1,1,
336031,2,Kings XI Punjab,middle,2,bat_second,3,2,0.6666666666666666
336031,2,Kings XI Punjab,death,2,bat_second,1,1,
336032,1,Mumbai Indians,pp,0,bat_first,0,0,
336032,1,Mumbai Indians,middle,3,bat_first,2,2,
336032,1,Mumbai Indians,death,3,bat_first,3,2,0.6666666666666666
336032,2,Delhi Daredevils,pp,2,bat_second,1,0,
336032,2,Delhi Daredevils,middle,3,bat_second,2,1,
336032,2,Delhi Daredevils,death,0,bat_second,3,3,1.0
336033,1,Rajasthan Royals,pp,0,bat_first,1,1,
336033,1,Rajasthan Royals,middle,2,bat_first,0,0,
336033,1,Rajasthan Royals,death,3,bat_first,2,1,
336033,2,Chennai Super Kings,pp,1,bat_second,0,0,
336033,2,Chennai Super Kings,middle,2,bat_second,0,0,
336033,2,Chennai Super Kings,death,3,bat_second,1,0,
336002,2,Royal Challengers Bangalore,pp,1,bat_second,2,1,
336002,2,Royal Challengers Bangalore,middle,2,bat_second,2,0,
336002,2,Royal Challengers Bangalore,death,2,bat_second,2,0,
336002,1,Deccan Chargers,pp,0,bat_first,2,0,
336002,1,Deccan Chargers,middle,3,bat_first,4,0,0.0
336002,1,Deccan Chargers,death,3,bat_first,3,0,0.0
336035,1,Kings XI Punjab,pp,1,bat_first,4,3,0.75
336035,1,Kings XI Punjab,middle,2,bat_first,0,0,
336035,1,Kings XI Punjab,death,3,bat_first,2,1,
336035,2,Kolkata Knight Riders,pp,2,bat_second,0,0,
336035,2,Kolkata Knight Riders,middle,3,bat_second,0,0,
336035,2,Kolkata Knight Riders,death,2,bat_second,0,0,
336036,2,Rajasthan Royals,pp,2,bat_second,2,2,
336036,2,Rajasthan Royals,middle,3,bat_second,0,0,
336036,2,Rajasthan Royals,death,0,bat_second,3,3,1.0
336036,1,Mumbai Indians,pp,0,bat_first,1,0,
336036,1,Mumbai Indians,middle,2,bat_first,1,0,
336036,1,Mumbai Indians,death,3,bat_first,4,2,0.5
336037,2,Chennai Super Kings,pp,1,bat_second,1,0,
336037,2,Chennai Super Kings,middle,1,bat_second,1,1,
336037,2,Chennai Super Kings,death,1,bat_second,0,0,
336037,1,Deccan Chargers,pp,2,bat_first,3,0,0.0
336037,1,Deccan Chargers,middle,1,bat_first,1,0,
336037,1,Deccan Chargers,death,3,bat_first,4,0,0.0
336019,2,Rajasthan Royals,pp,2,bat_second,3,3,1.0
336019,2,Rajasthan Royals,middle,3,bat_second,1,1,
336019,2,Rajasthan Royals,death,2,bat_second,0,0,
336019,1,Kings XI Punjab,pp,0,bat_first,0,0,
336019,1,Kings XI Punjab,middle,1,bat_first,1,1,
336019,1,Kings XI Punjab,death,2,bat_first,1,1,
336012,2,Mumbai Indians,pp,0,bat_second,2,2,
336012,2,Mumbai Indians,middle,1,bat_second,1,1,
336012,2,Mumbai Indians,death,0,bat_second,4,4,1.0
336012,1,Royal Challengers Bangalore,pp,2,bat_first,2,1,
336012,1,Royal Challengers Bangalore,middle,3,bat_first,3,2,0.6666666666666666
336012,1,Royal Challengers Bangalore,death,2,bat_first,0,0,
336038,1,Rajasthan Royals,pp,0,bat_first,2,2,
336038,1,Rajasthan Royals,middle,3,bat_first,3,1,0.3333333333333333
336038,1,Rajasthan Royals,death,3,bat_first,3,2,0.6666666666666666
336038,2,Delhi Daredevils,pp,3,bat_second,1,0,
336038,2,Delhi Daredevils,middle,3,bat_second,3,2,0.6666666666666666
336038,2,Delhi Daredevils,death,2,bat_second,0,0,
336039,1,Kings XI Punjab,pp,3,bat_first,0,0,
336039,1,Kings XI Punjab,middle,3,bat_first,3,2,0.6666666666666666
336039,1,Kings XI Punjab,death,1,bat_first,1,1,
336039,2,Chennai Super Kings,pp,1,bat_second,2,1,
336039,2,Chennai Super Kings,middle,0,bat_second,1,1,
336039,2,Chennai Super Kings,death,0,bat_second,2,2,
336040,2,Rajasthan Royals,pp,1,bat_second,1,1,
336040,2,Rajasthan Royals,middle,3,bat_second,2,1,
336040,2,Rajasthan Royals,death,3,bat_second,2,2,
336040,1,Chennai Super Kings,pp,1,bat_first,3,2,0.6666666666666666
336040,1,Chennai Super Kings,middle,2,bat_first,3,1,0.3333333333333333
336040,1,Chennai Super Kings,death,2,bat_first,3,2,0.6666666666666666
392181,1,Mumbai Indians,pp,1,bat_first,1,1,
392181,1,Mumbai Indians,middle,3,bat_first,3,2,0.6666666666666666
392181,1,Mumbai Indians,death,3,bat_first,5,2,0.4
392181,2,Chennai Super Kings,pp,2,bat_second,0,0,
392181,2,Chennai Super Kings,middle,3,bat_second,2,1,
392181,2,Chennai Super Kings,death,2,bat_second,1,1,
392182,1,Royal Challengers Bangalore,pp,3,bat_first,2,0,
392182,1,Royal Challengers Bangalore,middle,2,bat_first,2,0,
392182,1,Royal Challengers Bangalore,death,3,bat_first,5,2,0.4
392182,2,Rajasthan Royals,pp,2,bat_second,4,3,0.75
392182,2,Rajasthan Royals,middle,3,bat_second,3,2,0.6666666666666666
392182,2,Rajasthan Royals,death,1,bat_second,2,2,
392183,1,Kings XI Punjab,pp,1,bat_first,5,3,0.6
392183,1,Kings XI Punjab,middle,3,bat_first,4,2,0.5
392183,1,Kings XI Punjab,death,0,bat_first,0,0,
392183,2,Delhi Daredevils,pp,0,bat_second,2,2,
392183,2,Delhi Daredevils,middle,0,bat_second,2,2,
392183,2,Delhi Daredevils,death,0,bat_second,4,4,1.0
392184,1,Kolkata Knight Riders,pp,3,bat_first,3,0,0.0
392184,1,Kolkata Knight Riders,middle,2,bat_first,1,1,
392184,1,Kolkata Knight Riders,death,3,bat_first,4,1,0.25
392184,2,Deccan Chargers,pp,2,bat_second,1,0,
392184,2,Deccan Chargers,middle,0,bat_second,2,1,
392184,2,Deccan Chargers,death,0,bat_second,1,1,
392185,1,Chennai Super Kings,pp,0,bat_first,0,0,
392185,1,Chennai Super Kings,middle,2,bat_first,4,1,0.25
392185,1,Chennai Super Kings,death,3,bat_first,2,0,
392185,2,Royal Challengers Bangalore,pp,2,bat_second,1,0,
392185,2,Royal Challengers Bangalore,middle,3,bat_second,3,1,0.3333333333333333
392185,2,Royal Challengers Bangalore,death,1,bat_second,2,1,
392186,1,Kings XI Punjab,pp,1,bat_first,6,3,0.5
392186,1,Kings XI Punjab,middle,3,bat_first,5,2,0.4
392186,1,Kings XI Punjab,death,2,bat_first,2,2,
392186,2,Kolkata Knight Riders,pp,1,bat_second,0,0,
392186,2,Kolkata Knight Riders,middle,0,bat_second,0,0,
392186,2,Kolkata Knight Riders,death,0,bat_second,0,0,
392188,1,Deccan Chargers,pp,1,bat_first,1,0,
392188,1,Deccan Chargers,middle,2,bat_first,1,0,
392188,1,Deccan Chargers,death,3,bat_first,5,0,0.0
392188,2,Royal Challengers Bangalore,pp,2,bat_second,2,0,
392188,2,Royal Challengers Bangalore,middle,2,bat_second,3,1,0.3333333333333333
392188,2,Royal Challengers Bangalore,death,3,bat_second,1,0,
392189,1,Delhi Daredevils,pp,2,bat_first,1,0,
392189,1,Delhi Daredevils,middle,2,bat_first,1,0,
392189,1,Delhi Daredevils,death,1,bat_first,0,0,
392189,2,Chennai Super Kings,pp,1,bat_second,3,2,0.6666666666666666
392189,2,Chennai Super Kings,middle,3,bat_second,3,1,0.3333333333333333
392189,2,Chennai Super Kings,death,3,bat_second,2,0,
392190,1,Rajasthan Royals,pp,2,bat_first,2,0,
392190,1,Rajasthan Royals,middle,2,bat_first,1,1,
392190,1,Rajasthan Royals,death,2,bat_first,0,0,
392190,2,Kolkata Knight Riders,pp,1,bat_second,1,1,
392190,2,Kolkata Knight Riders,middle,3,bat_second,1,1,
392190,2,Kolkata Knight Riders,death,3,bat_second,1,0,
392191,1,Royal Challengers Bangalore,pp,3,bat_first,3,1,0.3333333333333333
392191,1,Royal Challengers Bangalore,middle,1,bat_first,1,0,
392191,1,Royal Challengers Bangalore,death,3,bat_first,6,3,0.5
392191,2,Kings XI Punjab,pp,0,bat_second,2,2,
392191,2,Kings XI Punjab,middle,2,bat_second,4,3,0.75
392191,2,Kings XI Punjab,death,1,bat_second,1,0,
392192,1,Deccan Chargers,pp,0,bat_first,3,0,0.0
392192,1,Deccan Chargers,middle,3,bat_first,5,0,0.0
392192,1,Deccan Chargers,death,3,bat_first,6,1,0.16666666666666666
392192,2,Mumbai Indians,pp,1,bat_second,1,0,
392192,2,Mumbai Indians,middle,3,bat_second,3,1,0.3333333333333333
392192,2,Mumbai Indians,death,3,bat_second,1,0,
392194,1,Royal Challengers Bangalore,pp,2,bat_first,3,1,0.3333333333333333
392194,1,Royal Challengers Bangalore,middle,2,bat_first,3,1,0.3333333333333333
392194,1,Royal Challengers Bangalore,death,3,bat_first,7,3,0.42857142857142855
392195,1,Kings XI Punjab,pp,2,bat_first,0,0,
392195,1,Kings XI Punjab,middle,2,bat_first,1,0,
392195,1,Kings XI Punjab,death,2,bat_first,3,2,0.6666666666666666
392195,2,Rajasthan Royals,pp,3,bat_second,2,2,
392195,2,Rajasthan Royals,middle,2,bat_second,3,3,1.0
392195,2,Rajasthan Royals,death,1,bat_second,3,2,0.6666666666666666
392194,2,Delhi Daredevils,pp,2,bat_second,2,1,
392194,2,Delhi Daredevils,middle,1,bat_second,0,0,
392194,2,Delhi Daredevils,death,1,bat_second,1,1,
392196,1,Chennai Super Kings,pp,1,bat_first,4,2,0.5
392196,1,Chennai Super Kings,middle,3,bat_first,3,1,0.3333333333333333
392196,1,Chennai Super Kings,death,2,bat_first,4,2,0.5
392196,2,Deccan Chargers,pp,1,bat_second,2,1,
392196,2,Deccan Chargers,middle,2,bat_second,0,0,
392196,2,Deccan Chargers,death,1,bat_second,2,1,
392197,1,Mumbai Indians,pp,0,bat_first,2,0,
392197,1,Mumbai Indians,middle,3,bat_first,4,3,0.75
392197,1,Mumbai Indians,death,3,bat_first,6,3,0.5
392197,2,Kolkata Knight Riders,pp,2,bat_second,1,1,
392197,2,Kolkata Knight Riders,middle,3,bat_second,2,1,
392197,2,Kolkata Knight Riders,death,2,bat_second,1,1,
392198,2,Rajasthan Royals,pp,2,bat_second,5,3,0.6
392198,2,Rajasthan Royals,middle,3,bat_second,4,2,0.5
392198,2,Rajasthan Royals,death,0,bat_second,4,4,1.0
392198,1,Delhi Daredevils,pp,3,bat_first,1,0,
392198,1,Delhi Daredevils,middle,1,bat_first,1,1,
392198,1,Delhi Daredevils,death,3,bat_first,4,2,0.5
392199,1,Kolkata Knight Riders,pp,2,bat_first,2,1,
392199,1,Kolkata Knight Riders,middle,2,bat_first,2,1,
392199,1,Kolkata Knight Riders,death,2,bat_first,2,1,
392199,2,Royal Challengers Bangalore,pp,0,bat_second,0,0,
392199,2,Royal Challengers Bangalore,middle,2,bat_second,4,1,0.25
392199,2,Royal Challengers Bangalore,death,3,bat_second,2,0,
392200,1,Kings XI Punjab,pp,2,bat_first,1,1,
392200,1,Kings XI Punjab,middle,3,bat_first,6,2,0.3333333333333333
392200,1,Kings XI Punjab,death,3,bat_first,3,1,0.3333333333333333
392200,2,Mumbai Indians,pp,3,bat_second,1,1,
392200,2,Mumbai Indians,middle,1,bat_second,2,2,
392200,2,Mumbai Indians,death,3,bat_second,2,0,
392202,2,Rajasthan Royals,pp,2,bat_second,6,4,0.6666666666666666
392202,2,Rajasthan Royals,middle,3,bat_second,5,3,0.6
392202,2,Rajasthan Royals,death,3,bat_second,3,3,1.0
392201,1,Deccan Chargers,pp,2,bat_first,4,0,0.0
392201,1,Deccan Chargers,middle,3,bat_first,6,1,0.16666666666666666
392201,1,Deccan Chargers,death,3,bat_first,7,2,0.2857142857142857
392201,2,Delhi Daredevils,pp,2,bat_second,3,2,0.6666666666666666
392201,2,Delhi Daredevils,middle,1,bat_second,1,1,
392201,2,Delhi Daredevils,death,1,bat_second,2,2,
392202,1,Chennai Super Kings,pp,2,bat_first,3,2,0.6666666666666666
392202,1,Chennai Super Kings,middle,2,bat_first,5,2,0.4
392202,1,Chennai Super Kings,death,1,bat_first,3,2,0.6666666666666666
392204,2,Kings XI Punjab,pp,0,bat_second,3,3,1.0
392204,2,Kings XI Punjab,middle,3,bat_second,2,1,
392204,2,Kings XI Punjab,death,3,bat_second,1,0,
392203,1,Mumbai Indians,pp,2,bat_first,1,1,
392203,1,Mumbai Indians,middle,2,bat_first,2,0,
392203,1,Mumbai Indians,death,2,bat_first,1,0,
392203,2,Kolkata Knight Riders,pp,2,bat_second,2,1,
392203,2,Kolkata Knight Riders,middle,1,bat_second,2,1,
392203,2,Kolkata Knight Riders,death,3,bat_second,2,0,
392204,1,Royal Challengers Bangalore,pp,2,bat_first,4,1,0.25
392204,1,Royal Challengers Bangalore,middle,3,bat_first,4,2,0.5
392204,1,Royal Challengers Bangalore,death,3,bat_first,8,3,0.375
392205,1,Deccan Chargers,pp,2,bat_first,5,0,0.0
392205,1,Deccan Chargers,middle,1,bat_first,2,0,
392205,1,Deccan Chargers,death,2,bat_first,3,0,0.0
392205,2,Rajasthan Royals,pp,3,bat_second,3,2,0.6666666666666666
392205,2,Rajasthan Royals,middle,3,bat_second,6,3,0.5
392205,2,Rajasthan Royals,death,1,bat_second,4,2,0.5
392206,1,Chennai Super Kings,pp,2,bat_first,4,3,0.75
392206,1,Chennai Super Kings,middle,2,bat_first,6,3,0.5
392206,1,Chennai Super Kings,death,3,bat_first,3,1,0.3333333333333333
392206,2,Delhi Daredevils,pp,2,bat_second,4,3,0.75
392206,2,Delhi Daredevils,middle,1,bat_second,2,2,
392206,2,Delhi Daredevils,death,3,bat_second,2,0,
392207,1,Kolkata Knight Riders,pp,1,bat_first,4,3,0.75
392207,1,Kolkata Knight Riders,middle,1,bat_first,2,2,
392207,1,Kolkata Knight Riders,death,1,bat_first,3,2,0.6666666666666666
392207,2,Kings XI Punjab,pp,2,bat_second,2,1,
392207,2,Kings XI Punjab,middle,2,bat_second,5,4,0.8
392207,2,Kings XI Punjab,death,0,bat_second,4,4,1.0
392208,1,Mumbai Indians,pp,3,bat_first,2,0,
392208,1,Mumbai Indians,middle,1,bat_first,1,0,
392208,1,Mumbai Indians,death,0,bat_first,0,0,
392208,2,Royal Challengers Bangalore,pp,1,bat_second,3,2,0.6666666666666666
392208,2,Royal Challengers Bangalore,middle,0,bat_second,1,0,
392208,2,Royal Challengers Bangalore,death,0,bat_second,1,0,
392209,1,Chennai Super Kings,pp,0,bat_first,1,1,
392209,1,Chennai Super Kings,middle,2,bat_first,7,4,0.5714285714285714
392209,1,Chennai Super Kings,death,1,bat_first,4,3,0.75
392209,2,Deccan Chargers,pp,3,bat_second,2,0,
392209,2,Deccan Chargers,middle,3,bat_second,2,0,
392209,2,Deccan Chargers,death,0,bat_second,2,2,
392211,2,Delhi Daredevils,pp,0,bat_second,3,3,1.0
392211,2,Delhi Daredevils,middle,1,bat_second,3,2,0.6666666666666666
392211,2,Delhi Daredevils,death,0,bat_second,5,5,1.0
392211,1,Kolkata Knight Riders,pp,0,bat_first,0,0,
392211,1,Kolkata Knight Riders,middle,2,bat_first,3,1,0.3333333333333333
392211,1,Kolkata Knight Riders,death,1,bat_first,4,2,0.5
392210,2,Kings XI Punjab,pp,3,bat_second,1,1,
392210,2,Kings XI Punjab,middle,2,bat_second,6,5,0.8333333333333334
392210,2,Kings XI Punjab,death,2,bat_second,2,2,
392210,1,Rajasthan Royals,pp,0,bat_first,3,3,1.0
392210,1,Rajasthan Royals,middle,1,bat_first,1,1,
392210,1,Rajasthan Royals,death,3,bat_first,4,3,0.75
392212,1,Deccan Chargers,pp,2,bat_first,6,0,0.0
392212,1,Deccan Chargers,middle,2,bat_first,2,1,
392212,1,Deccan Chargers,death,2,bat_first,4,0,0.0
392212,2,Mumbai Indians,pp,2,bat_second,3,1,0.3333333333333333
392212,2,Mumbai Indians,middle,2,bat_second,1,0,
392212,2,Mumbai Indians,death,3,bat_second,3,0,0.0
392213,1,Royal Challengers Bangalore,pp,3,bat_first,4,1,0.25
392213,1,Royal Challengers Bangalore,middle,3,bat_first,5,3,0.6
392213,1,Royal Challengers Bangalore,death,3,bat_first,9,4,0.4444444444444444
392213,2,Rajasthan Royals,pp,1,bat_second,2,2,
392213,2,Rajasthan Royals,middle,2,bat_second,4,3,0.75
392213,2,Rajasthan Royals,death,0,bat_second,5,5,1.0
392214,1,Chennai Super Kings,pp,1,bat_first,5,2,0.4
392214,1,Chennai Super Kings,middle,1,bat_first,2,2,
392214,1,Chennai Super Kings,death,1,bat_first,5,4,0.8
392214,2,Kings XI Punjab,pp,1,bat_second,3,2,0.6666666666666666
392214,2,Kings XI Punjab,middle,2,bat_second,7,5,0.7142857142857143
392214,2,Kings XI Punjab,death,0,bat_second,5,5,1.0
392215,1,Mumbai Indians,pp,3,bat_first,3,0,0.0
392215,1,Mumbai Indians,middle,1,bat_first,2,0,
392215,1,Mumbai Indians,death,3,bat_first,7,4,0.5714285714285714
392215,2,Delhi Daredevils,pp,0,bat_second,4,4,1.0
392215,2,Delhi Daredevils,middle,2,bat_second,2,1,
392215,2,Delhi Daredevils,death,1,bat_second,3,3,1.0
392217,2,Chennai Super Kings,pp,2,bat_second,1,0,
392217,2,Chennai Super Kings,middle,0,bat_second,2,2,
392217,2,Chennai Super Kings,death,1,bat_second,1,1,
392217,1,Rajasthan Royals,pp,1,bat_first,1,1,
392217,1,Rajasthan Royals,middle,3,bat_first,4,2,0.5
392217,1,Rajasthan Royals,death,3,bat_first,5,4,0.8
392216,1,Deccan Chargers,pp,1,bat_first,2,1,
392216,1,Deccan Chargers,middle,3,bat_first,7,1,0.14285714285714285
392216,1,Deccan Chargers,death,1,bat_first,0,0,
392216,2,Kings XI Punjab,pp,2,bat_second,3,2,0.6666666666666666
392216,2,Kings XI Punjab,middle,3,bat_second,3,1,0.3333333333333333
392216,2,Kings XI Punjab,death,2,bat_second,3,2,0.6666666666666666
392219,2,Delhi Daredevils,pp,0,bat_second,5,5,1.0
392219,2,Delhi Daredevils,middle,3,bat_second,4,2,0.5
392219,2,Delhi Daredevils,death,0,bat_second,6,6,1.0
392218,1,Mumbai Indians,pp,1,bat_first,2,2,
392218,1,Mumbai Indians,middle,1,bat_first,3,0,0.0
392218,1,Mumbai Indians,death,0,bat_first,1,0,
392219,1,Kolkata Knight Riders,pp,3,bat_first,4,0,0.0
392219,1,Kolkata Knight Riders,middle,3,bat_first,5,1,0.2
392219,1,Kolkata Knight Riders,death,2,bat_first,3,1,0.3333333333333333
392218,2,Royal Challengers Bangalore,pp,2,bat_second,3,0,0.0
392218,2,Royal Challengers Bangalore,middle,3,bat_second,4,1,0.25
392218,2,Royal Challengers Bangalore,death,1,bat_second,3,1,0.3333333333333333
392220,1,Deccan Chargers,pp,2,bat_first,7,1,0.14285714285714285
392220,1,Deccan Chargers,middle,2,bat_first,3,2,0.6666666666666666
392220,1,Deccan Chargers,death,3,bat_first,8,2,0.25
392220,2,Rajasthan Royals,pp,2,bat_second,7,4,0.5714285714285714
392220,2,Rajasthan Royals,middle,3,bat_second,7,4,0.5714285714285714
392220,2,Rajasthan Royals,death,3,bat_second,4,3,0.75
392221,1,Kolkata Knight Riders,pp,2,bat_first,3,1,0.3333333333333333
392221,1,Kolkata Knight Riders,middle,1,bat_first,3,2,0.6666666666666666
392221,1,Kolkata Knight Riders,death,1,bat_first,5,2,0.4
392221,2,Royal Challengers Bangalore,pp,0,bat_second,1,1,
392221,2,Royal Challengers Bangalore,middle,3,bat_second,5,1,0.2
392221,2,Royal Challengers Bangalore,death,1,bat_second,4,1,0.25
392222,1,Kings XI Punjab,pp,3,bat_first,1,0,
392222,1,Kings XI Punjab,middle,3,bat_first,7,3,0.42857142857142855
392222,1,Kings XI Punjab,death,2,bat_first,4,3,0.75
392222,2,Mumbai Indians,pp,2,bat_second,4,1,0.25
392222,2,Mumbai Indians,middle,0,bat_second,2,2,
392222,2,Mumbai Indians,death,0,bat_second,5,5,1.0
392223,1,Delhi Daredevils,pp,1,bat_first,3,2,0.6666666666666666
392223,1,Delhi Daredevils,middle,3,bat_first,2,0,
392223,1,Delhi Daredevils,death,3,bat_first,5,2,0.4
392223,2,Deccan Chargers,pp,2,bat_second,2,1,
392223,2,Deccan Chargers,middle,1,bat_second,2,1,
392223,2,Deccan Chargers,death,3,bat_second,3,0,0.0
392225,2,Mumbai Indians,pp,3,bat_second,2,1,
392225,2,Mumbai Indians,middle,2,bat_second,2,0,
392225,2,Mumbai Indians,death,3,bat_second,4,0,0.0
392224,2,Royal Challengers Bangalore,pp,3,bat_second,3,0,0.0
392224,2,Royal Challengers Bangalore,middle,1,bat_second,0,0,
392224,2,Royal Challengers Bangalore,death,3,bat_second,3,1,0.3333333333333333
392225,1,Rajasthan Royals,pp,0,bat_first,4,4,1.0
392225,1,Rajasthan Royals,middle,2,bat_first,2,1,
392225,1,Rajasthan Royals,death,3,bat_first,6,4,0.6666666666666666
392224,1,Chennai Super Kings,pp,2,bat_first,5,4,0.8
392224,1,Chennai Super Kings,middle,2,bat_first,8,5,0.625
392224,1,Chennai Super Kings,death,3,bat_first,4,2,0.5
392226,2,Kings XI Punjab,pp,3,bat_second,2,1,
392226,2,Kings XI Punjab,middle,0,bat_second,1,1,
392226,2,Kings XI Punjab,death,1,bat_second,2,1,
392226,1,Delhi Daredevils,pp,2,bat_first,2,1,
392226,1,Delhi Daredevils,middle,2,bat_first,2,1,
392226,1,Delhi Daredevils,death,3,bat_first,6,3,0.5
392227,2,Chennai Super Kings,pp,2,bat_second,2,1,
392227,2,Chennai Super Kings,middle,1,bat_second,2,2,
392227,2,Chennai Super Kings,death,0,bat_second,3,3,1.0
392228,1,Kolkata Knight Riders,pp,1,bat_first,5,3,0.6
392228,1,Kolkata Knight Riders,middle,1,bat_first,4,2,0.5
392228,1,Kolkata Knight Riders,death,3,bat_first,5,1,0.2
392228,2,Deccan Chargers,pp,0,bat_second,1,1,
392228,2,Deccan Chargers,middle,2,bat_second,1,1,
392228,2,Deccan Chargers,death,2,bat_second,0,0,
392227,1,Mumbai Indians,pp,2,bat_first,2,2,
392227,1,Mumbai Indians,middle,1,bat_first,4,1,0.25
392227,1,Mumbai Indians,death,2,bat_first,2,1,
392229,1,Kings XI Punjab,pp,3,bat_first,2,0,
392229,1,Kings XI Punjab,middle,1,bat_first,2,2,
392229,1,Kings XI Punjab,death,3,bat_first,4,2,0.5
392230,1,Delhi Daredevils,pp,2,bat_first,3,1,0.3333333333333333
392230,1,Delhi Daredevils,middle,0,bat_first,2,1,
392230,1,Delhi Daredevils,death,1,bat_first,1,1,
392230,2,Rajasthan Royals,pp,2,bat_second,8,4,0.5
392230,2,Rajasthan Royals,middle,3,bat_second,8,4,0.5
392230,2,Rajasthan Royals,death,3,bat_second,5,3,0.6
392229,2,Deccan Chargers,pp,2,bat_second,3,1,0.3333333333333333
392229,2,Deccan Chargers,middle,3,bat_second,3,0,0.0
392229,2,Deccan Chargers,death,3,bat_second,4,0,0.0
392231,1,Chennai Super Kings,pp,0,bat_first,2,2,
392231,1,Chennai Super Kings,middle,2,bat_first,9,5,0.5555555555555556
392231,1,Chennai Super Kings,death,1,bat_first,6,5,0.8333333333333334
392231,2,Kolkata Knight Riders,pp,1,bat_second,2,1,
392231,2,Kolkata Knight Riders,middle,1,bat_second,3,1,0.3333333333333333
392231,2,Kolkata Knight Riders,death,1,bat_second,2,1,
392232,1,Delhi Daredevils,pp,3,bat_first,2,0,
392232,1,Delhi Daredevils,middle,2,bat_first,3,1,0.3333333333333333
392232,1,Delhi Daredevils,death,2,bat_first,1,0,
392232,2,Royal Challengers Bangalore,pp,1,bat_second,4,3,0.75
392232,2,Royal Challengers Bangalore,middle,2,bat_second,5,2,0.4
392232,2,Royal Challengers Bangalore,death,0,bat_second,2,1,
392234,2,Kings XI Punjab,pp,1,bat_second,4,2,0.5
392234,2,Kings XI Punjab,middle,3,bat_second,4,2,0.5
392234,2,Kings XI Punjab,death,3,bat_second,2,0,
392233,2,Kolkata Knight Riders,pp,3,bat_second,3,1,0.3333333333333333
392233,2,Kolkata Knight Riders,middle,3,bat_second,3,1,0.3333333333333333
392233,2,Kolkata Knight Riders,death,0,bat_second,1,1,
392233,1,Rajasthan Royals,pp,3,bat_first,0,0,
392233,1,Rajasthan Royals,middle,3,bat_first,5,2,0.4
392233,1,Rajasthan Royals,death,2,bat_first,1,0,
392234,1,Chennai Super Kings,pp,1,bat_first,6,3,0.5
392234,1,Chennai Super Kings,middle,3,bat_first,4,1,0.25
392234,1,Chennai Super Kings,death,3,bat_first,5,2,0.4
392236,2,Deccan Chargers,pp,0,bat_second,2,2,
392236,2,Deccan Chargers,middle,3,bat_second,4,0,0.0
392236,2,Deccan Chargers,death,3,bat_second,5,0,0.0
392235,1,Mumbai Indians,pp,3,bat_first,4,0,0.0
392235,1,Mumbai Indians,middle,2,bat_first,3,1,0.3333333333333333
392235,1,Mumbai Indians,death,3,bat_first,8,4,0.5
392236,1,Royal Challengers Bangalore,pp,1,bat_first,2,1,
392236,1,Royal Challengers Bangalore,middle,2,bat_first,4,1,0.25
392236,1,Royal Challengers Bangalore,death,1,bat_first,1,0,
392235,2,Delhi Daredevils,pp,1,bat_second,2,2,
392235,2,Delhi Daredevils,middle,3,bat_second,5,3,0.6
392235,2,Delhi Daredevils,death,2,bat_second,1,0,
392237,1,Delhi Daredevils,pp,2,bat_first,4,2,0.5
392237,1,Delhi Daredevils,middle,1,bat_first,2,1,
392237,1,Delhi Daredevils,death,3,bat_first,7,3,0.42857142857142855
392237,2,Deccan Chargers,pp,1,bat_second,3,2,0.6666666666666666
392237,2,Deccan Chargers,middle,3,bat_second,5,0,0.0
392237,2,Deccan Chargers,death,0,bat_second,3,2,0.6666666666666666
392238,2,Royal Challengers Bangalore,pp,2,bat_second,4,0,0.0
392238,2,Royal Challengers Bangalore,middle,1,bat_second,1,1,
392238,2,Royal Challengers Bangalore,death,1,bat_second,5,2,0.4
392238,1,Chennai Super Kings,pp,0,bat_first,3,2,0.6666666666666666
392238,1,Chennai Super Kings,middle,3,bat_first,5,2,0.4
392238,1,Chennai Super Kings,death,2,bat_first,5,2,0.4
392239,1,Deccan Chargers,pp,2,bat_first,8,2,0.25
392239,1,Deccan Chargers,middle,1,bat_first,3,0,0.0
392239,1,Deccan Chargers,death,3,bat_first,9,3,0.3333333333333333
392239,2,Royal Challengers Bangalore,pp,1,bat_second,5,4,0.8
392239,2,Royal Challengers Bangalore,middle,3,bat_second,6,2,0.3333333333333333
392239,2,Royal Challengers Bangalore,death,3,bat_second,4,2,0.5
419106,1,Kolkata Knight Riders,pp,3,bat_first,5,0,0.0
419106,1,Kolkata Knight Riders,middle,0,bat_first,1,0,
419106,1,Kolkata Knight Riders,death,0,bat_first,0,0,
419106,2,Deccan Chargers,pp,1,bat_second,4,3,0.75
419106,2,Deccan Chargers,middle,3,bat_second,6,1,0.16666666666666666
419106,2,Deccan Chargers,death,3,bat_second,6,0,0.0
419107,1,Mumbai Indians,pp,1,bat_first,3,3,1.0
419107,1,Mumbai Indians,middle,2,bat_first,4,1,0.25
419107,1,Mumbai Indians,death,3,bat_first,9,4,0.4444444444444444
419107,2,Rajasthan Royals,pp,2,bat_second,9,4,0.4444444444444444
419107,2,Rajasthan Royals,middle,2,bat_second,5,4,0.8
419107,2,Rajasthan Royals,death,3,bat_second,6,3,0.5
419108,1,Kings XI Punjab,pp,3,bat_first,3,1,0.3333333333333333
419108,1,Kings XI Punjab,middle,3,bat_first,8,3,0.375
419108,1,Kings XI Punjab,death,3,bat_first,5,3,0.6
419108,2,Delhi Daredevils,pp,2,bat_second,5,3,0.6
419108,2,Delhi Daredevils,middle,2,bat_second,3,2,0.6666666666666666
419108,2,Delhi Daredevils,death,1,bat_second,4,4,1.0
419109,1,Royal Challengers Bangalore,pp,3,bat_first,5,1,0.2
419109,1,Royal Challengers Bangalore,middle,2,bat_first,5,2,0.4
419109,1,Royal Challengers Bangalore,death,2,bat_first,1,0,
419109,2,Kolkata Knight Riders,pp,0,bat_second,0,0,
419109,2,Kolkata Knight Riders,middle,2,bat_second,1,0,
419109,2,Kolkata Knight Riders,death,1,bat_second,3,2,0.6666666666666666
419110,1,Deccan Chargers,pp,2,bat_first,9,3,0.3333333333333333
419110,1,Deccan Chargers,middle,0,bat_first,0,0,
419110,1,Deccan Chargers,death,2,bat_first,5,1,0.2
419110,2,Chennai Super Kings,pp,3,bat_second,0,0,
419110,2,Chennai Super Kings,middle,2,bat_second,1,0,
419110,2,Chennai Super Kings,death,3,bat_second,3,0,0.0
419111,2,Delhi Daredevils,pp,2,bat_second,6,4,0.6666666666666666
419111,2,Delhi Daredevils,middle,2,bat_second,4,3,0.75
419111,2,Delhi Daredevils,death,0,bat_second,7,7,1.0
419111,1,Rajasthan Royals,pp,3,bat_first,1,0,
419111,1,Rajasthan Royals,middle,1,bat_first,2,2,
419111,1,Rajasthan Royals,death,2,bat_first,2,0,
419112,2,Royal Challengers Bangalore,pp,0,bat_second,2,2,
419112,2,Royal Challengers Bangalore,middle,2,bat_second,6,3,0.5
419112,2,Royal Challengers Bangalore,death,0,bat_second,3,2,0.6666666666666666
419113,1,Chennai Super Kings,pp,1,bat_first,7,4,0.5714285714285714
419113,1,Chennai Super Kings,middle,2,bat_first,10,5,0.5
419113,1,Chennai Super Kings,death,0,bat_first,0,0,
419113,2,Kolkata Knight Riders,pp,3,bat_second,4,2,0.5
419113,2,Kolkata Knight Riders,middle,3,bat_second,4,2,0.5
419113,2,Kolkata Knight Riders,death,1,bat_second,4,3,0.75
419112,1,Kings XI Punjab,pp,0,bat_first,1,1,
419112,1,Kings XI Punjab,middle,1,bat_first,3,3,1.0
419112,1,Kings XI Punjab,death,2,bat_first,5,3,0.6
419114,1,Mumbai Indians,pp,1,bat_first,4,4,1.0
419114,1,Mumbai Indians,middle,2,bat_first,5,2,0.4
419114,1,Mumbai Indians,death,3,bat_first,10,5,0.5
419114,2,Delhi Daredevils,pp,1,bat_second,3,3,1.0
419114,2,Delhi Daredevils,middle,3,bat_second,6,4,0.6666666666666666
419114,2,Delhi Daredevils,death,1,bat_second,5,5,1.0
419115,1,Rajasthan Royals,pp,1,bat_first,2,1,
419115,1,Rajasthan Royals,middle,3,bat_first,6,2,0.3333333333333333
419115,1,Rajasthan Royals,death,3,bat_first,7,5,0.7142857142857143
419115,2,Royal Challengers Bangalore,pp,0,bat_second,3,3,1.0
419115,2,Royal Challengers Bangalore,middle,0,bat_second,2,1,
419115,2,Royal Challengers Bangalore,death,0,bat_second,4,3,0.75
419116,1,Delhi Daredevils,pp,1,bat_first,4,3,0.75
419116,1,Delhi Daredevils,middle,3,bat_first,3,1,0.3333333333333333
419116,1,Delhi Daredevils,death,2,bat_first,2,0,
419116,2,Chennai Super Kings,pp,1,bat_second,4,2,0.5
419116,2,Chennai Super Kings,middle,2,bat_second,2,0,
419116,2,Chennai Super Kings,death,2,bat_second,2,1,
419117,1,Deccan Chargers,pp,2,bat_first,10,4,0.4
419117,1,Deccan Chargers,middle,3,bat_first,8,1,0.125
419117,1,Deccan Chargers,death,3,bat_first,10,4,0.4
419117,2,Kings XI Punjab,pp,3,bat_second,3,2,0.6666666666666666
419117,2,Kings XI Punjab,middle,3,bat_second,5,2,0.4
419117,2,Kings XI Punjab,death,2,bat_second,4,3,0.75
419119,2,Royal Challengers Bangalore,pp,0,bat_second,4,4,1.0
419119,2,Royal Challengers Bangalore,middle,2,bat_second,7,4,0.5714285714285714
419119,2,Royal Challengers Bangalore,death,1,bat_second,6,3,0.5
419119,1,Mumbai Indians,pp,2,bat_first,3,2,0.6666666666666666
419119,1,Mumbai Indians,middle,3,bat_first,5,4,0.8
419119,1,Mumbai Indians,death,3,bat_first,11,6,0.5454545454545454
419118,1,Rajasthan Royals,pp,2,bat_first,3,0,0.0
419118,1,Rajasthan Royals,middle,2,bat_first,3,2,0.6666666666666666
419118,1,Rajasthan Royals,death,3,bat_first,8,5,0.625
419118,2,Kolkata Knight Riders,pp,1,bat_second,3,2,0.6666666666666666
419118,2,Kolkata Knight Riders,middle,2,bat_second,2,1,
419118,2,Kolkata Knight Riders,death,2,bat_second,2,1,
419121,2,Chennai Super Kings,pp,0,bat_second,4,3,0.75
419121,2,Chennai Super Kings,middle,3,bat_second,4,1,0.25
419121,2,Chennai Super Kings,death,3,bat_second,4,0,0.0
419120,1,Deccan Chargers,pp,2,bat_first,11,5,0.45454545454545453
419120,1,Deccan Chargers,middle,2,bat_first,4,3,0.75
419120,1,Deccan Chargers,death,2,bat_first,6,2,0.3333333333333333
419121,1,Kings XI Punjab,pp,1,bat_first,7,3,0.42857142857142855
419121,1,Kings XI Punjab,middle,3,bat_first,9,3,0.3333333333333333
419121,1,Kings XI Punjab,death,3,bat_first,6,3,0.5
419120,2,Delhi Daredevils,pp,1,bat_second,4,3,0.75
419120,2,Delhi Daredevils,middle,3,bat_second,7,4,0.5714285714285714
419120,2,Delhi Daredevils,death,3,bat_second,3,0,0.0
419122,1,Kolkata Knight Riders,pp,0,bat_first,1,0,
419122,1,Kolkata Knight Riders,middle,1,bat_first,5,2,0.4
419122,1,Kolkata Knight Riders,death,2,bat_first,4,1,0.25
419122,2,Mumbai Indians,pp,0,bat_second,3,3,1.0
419122,2,Mumbai Indians,middle,2,bat_second,3,0,0.0
419122,2,Mumbai Indians,death,1,bat_second,0,0,
419123,1,Royal Challengers Bangalore,pp,1,bat_first,3,2,0.6666666666666666
419123,1,Royal Challengers Bangalore,middle,2,bat_first,6,2,0.3333333333333333
419123,1,Royal Challengers Bangalore,death,2,bat_first,2,0,
419123,2,Chennai Super Kings,pp,1,bat_second,5,3,0.6
419123,2,Chennai Super Kings,middle,3,bat_second,5,1,0.2
419123,2,Chennai Super Kings,death,2,bat_second,3,2,0.6666666666666666
419124,1,Rajasthan Royals,pp,1,bat_first,3,1,0.3333333333333333
419124,1,Rajasthan Royals,middle,2,bat_first,4,3,0.75
419124,1,Rajasthan Royals,death,2,bat_first,3,0,0.0
419124,2,Kings XI Punjab,pp,1,bat_second,5,2,0.4
419124,2,Kings XI Punjab,middle,3,bat_second,6,2,0.3333333333333333
419124,2,Kings XI Punjab,death,3,bat_second,3,0,0.0
419128,1,Delhi Daredevils,pp,2,bat_first,5,2,0.4
419128,1,Delhi Daredevils,middle,1,bat_first,3,1,0.3333333333333333
419128,1,Delhi Daredevils,death,1,bat_first,2,2,
419128,2,Royal Challengers Bangalore,pp,0,bat_second,5,5,1.0
419128,2,Royal Challengers Bangalore,middle,3,bat_second,7,2,0.2857142857142857
419128,2,Royal Challengers Bangalore,death,3,bat_second,5,2,0.4
419125,2,Mumbai Indians,pp,0,bat_second,4,4,1.0
419125,2,Mumbai Indians,middle,3,bat_second,4,1,0.25
419125,2,Mumbai Indians,death,2,bat_second,2,0,
419125,1,Chennai Super Kings,pp,2,bat_first,6,4,0.6666666666666666
419125,1,Chennai Super Kings,middle,0,bat_first,0,0,
419125,1,Chennai Super Kings,death,0,bat_first,1,1,
419126,1,Deccan Chargers,pp,2,bat_first,12,6,0.5
419126,1,Deccan Chargers,middle,3,bat_first,9,2,0.2222222222222222
419126,1,Deccan Chargers,death,3,bat_first,11,5,0.45454545454545453
419126,2,Rajasthan Royals,pp,0,bat_second,2,2,
419126,2,Rajasthan Royals,middle,2,bat_second,6,4,0.6666666666666666
419126,2,Rajasthan Royals,death,0,bat_second,6,6,1.0
419127,1,Kolkata Knight Riders,pp,2,bat_first,4,1,0.25
419127,1,Kolkata Knight Riders,middle,1,bat_first,6,2,0.3333333333333333
419127,1,Kolkata Knight Riders,death,2,bat_first,5,1,0.2
419127,2,Kings XI Punjab,pp,2,bat_second,4,3,0.75
419127,2,Kings XI Punjab,middle,3,bat_second,7,2,0.2857142857142857
419127,2,Kings XI Punjab,death,1,bat_second,3,2,0.6666666666666666
419130,1,Mumbai Indians,pp,1,bat_first,5,5,1.0
419130,1,Mumbai Indians,middle,3,bat_first,6,4,0.6666666666666666
419130,1,Mumbai Indians,death,1,bat_first,0,0,
419130,2,Deccan Chargers,pp,3,bat_second,3,0,0.0
419130,2,Deccan Chargers,middle,3,bat_second,7,1,0.14285714285714285
419130,2,Deccan Chargers,death,3,bat_second,7,0,0.0
419129,1,Rajasthan Royals,pp,1,bat_first,4,2,0.5
419129,1,Rajasthan Royals,middle,2,bat_first,5,4,0.8
419129,1,Rajasthan Royals,death,3,bat_first,9,6,0.6666666666666666
419129,2,Chennai Super Kings,pp,1,bat_second,6,3,0.5
419129,2,Chennai Super Kings,middle,2,bat_second,3,1,0.3333333333333333
419129,2,Chennai Super Kings,death,3,bat_second,5,0,0.0
419131,2,Kolkata Knight Riders,pp,3,bat_second,5,2,0.4
419131,2,Kolkata Knight Riders,middle,2,bat_second,3,1,0.3333333333333333
419131,2,Kolkata Knight Riders,death,3,bat_second,3,0,0.0
419131,1,Delhi Daredevils,pp,3,bat_first,3,0,0.0
419131,1,Delhi Daredevils,middle,0,bat_first,3,2,0.6666666666666666
419131,1,Delhi Daredevils,death,1,bat_first,3,3,1.0
419132,1,Kings XI Punjab,pp,2,bat_first,2,2,
419132,1,Kings XI Punjab,middle,2,bat_first,2,1,
419132,1,Kings XI Punjab,death,3,bat_first,7,3,0.42857142857142855
419132,2,Mumbai Indians,pp,1,bat_second,2,0,
419132,2,Mumbai Indians,middle,2,bat_second,4,1,0.25
419132,2,Mumbai Indians,death,3,bat_second,5,0,0.0
419133,1,Royal Challengers Bangalore,pp,1,bat_first,4,3,0.75
419133,1,Royal Challengers Bangalore,middle,1,bat_first,2,0,
419133,1,Royal Challengers Bangalore,death,2,bat_first,3,1,0.3333333333333333
419133,2,Chennai Super Kings,pp,0,bat_second,5,3,0.6
419133,2,Chennai Super Kings,middle,2,bat_second,4,1,0.25
419133,2,Chennai Super Kings,death,3,bat_second,6,0,0.0
419134,1,Delhi Daredevils,pp,3,bat_first,4,1,0.25
419134,1,Delhi Daredevils,middle,1,bat_first,4,2,0.5
419134,1,Delhi Daredevils,death,2,bat_first,3,0,0.0
419134,2,Rajasthan Royals,pp,3,bat_second,4,3,0.75
419134,2,Rajasthan Royals,middle,3,bat_second,9,4,0.4444444444444444
419134,2,Rajasthan Royals,death,2,bat_second,1,0,
419135,1,Kolkata Knight Riders,pp,2,bat_first,5,2,0.4
419135,1,Kolkata Knight Riders,middle,1,bat_first,7,3,0.42857142857142855
419135,1,Kolkata Knight Riders,death,3,bat_first,6,1,0.16666666666666666
419135,2,Deccan Chargers,pp,1,bat_second,5,3,0.6
419135,2,Deccan Chargers,middle,2,bat_second,2,2,
419135,2,Deccan Chargers,death,2,bat_second,1,1,
419136,2,Royal Challengers Bangalore,pp,1,bat_second,6,4,0.6666666666666666
419136,2,Royal Challengers Bangalore,middle,1,bat_second,2,2,
419136,2,Royal Challengers Bangalore,death,2,bat_second,3,1,0.3333333333333333
419136,1,Kings XI Punjab,pp,1,bat_first,8,3,0.375
419136,1,Kings XI Punjab,middle,2,bat_first,3,1,0.3333333333333333
419136,1,Kings XI Punjab,death,2,bat_first,6,3,0.5
419138,1,Mumbai Indians,pp,0,bat_first,3,1,0.3333333333333333
419138,1,Mumbai Indians,middle,3,bat_first,7,5,0.7142857142857143
419138,1,Mumbai Indians,death,2,bat_first,3,1,0.3333333333333333
419137,1,Chennai Super Kings,pp,1,bat_first,8,5,0.625
419137,1,Chennai Super Kings,middle,1,bat_first,3,3,1.0
419137,1,Chennai Super Kings,death,3,bat_first,6,3,0.5
419137,2,Rajasthan Royals,pp,0,bat_second,3,3,1.0
419137,2,Rajasthan Royals,middle,2,bat_second,7,5,0.7142857142857143
419137,2,Rajasthan Royals,death,3,bat_second,7,3,0.42857142857142855
419138,2,Deccan Chargers,pp,2,bat_second,4,1,0.25
419138,2,Deccan Chargers,middle,3,bat_second,8,1,0.125
419138,2,Deccan Chargers,death,3,bat_second,8,0,0.0
419139,2,Kings XI Punjab,pp,1,bat_second,6,2,0.3333333333333333
419139,2,Kings XI Punjab,middle,1,bat_second,1,1,
419139,2,Kings XI Punjab,death,0,bat_second,6,5,0.8333333333333334
419139,1,Kolkata Knight Riders,pp,0,bat_first,2,0,
419139,1,Kolkata Knight Riders,middle,1,bat_first,8,4,0.5
419139,1,Kolkata Knight Riders,death,2,bat_first,6,2,0.3333333333333333
419140,2,Royal Challengers Bangalore,pp,1,bat_second,7,5,0.7142857142857143
419140,2,Royal Challengers Bangalore,middle,3,bat_second,8,2,0.25
419140,2,Royal Challengers Bangalore,death,3,bat_second,6,2,0.3333333333333333
419140,1,Delhi Daredevils,pp,2,bat_first,6,3,0.5
419140,1,Delhi Daredevils,middle,3,bat_first,4,1,0.25
419140,1,Delhi Daredevils,death,0,bat_first,1,0,
419141,1,Rajasthan Royals,pp,2,bat_first,4,1,0.25
419141,1,Rajasthan Royals,middle,2,bat_first,6,5,0.8333333333333334
419141,1,Rajasthan Royals,death,3,bat_first,10,7,0.7
419141,2,Deccan Chargers,pp,2,bat_second,5,1,0.2
419141,2,Deccan Chargers,middle,2,bat_second,3,2,0.6666666666666666
419141,2,Deccan Chargers,death,3,bat_second,9,0,0.0
419142,2,Mumbai Indians,pp,0,bat_second,5,5,1.0
419142,2,Mumbai Indians,middle,3,bat_second,5,2,0.4
419142,2,Mumbai Indians,death,2,bat_second,3,1,0.3333333333333333
419142,1,Chennai Super Kings,pp,1,bat_first,9,6,0.6666666666666666
419142,1,Chennai Super Kings,middle,3,bat_first,6,2,0.3333333333333333
419142,1,Chennai Super Kings,death,0,bat_first,2,1,
419143,1,Kings XI Punjab,pp,1,bat_first,9,3,0.3333333333333333
419143,1,Kings XI Punjab,middle,3,bat_first,10,3,0.3
419143,1,Kings XI Punjab,death,2,bat_first,7,3,0.42857142857142855
419143,2,Rajasthan Royals,pp,0,bat_second,4,3,0.75
419143,2,Rajasthan Royals,middle,1,bat_second,3,3,1.0
419143,2,Rajasthan Royals,death,0,bat_second,7,7,1.0
419144,1,Kolkata Knight Riders,pp,0,bat_first,3,0,0.0
419144,1,Kolkata Knight Riders,middle,3,bat_first,6,1,0.16666666666666666
419144,1,Kolkata Knight Riders,death,0,bat_first,1,1,
419144,2,Delhi Daredevils,pp,1,bat_second,5,3,0.6
419144,2,Delhi Daredevils,middle,3,bat_second,8,4,0.5
419144,2,Delhi Daredevils,death,3,bat_second,4,0,0.0
419145,1,Royal Challengers Bangalore,pp,1,bat_first,5,3,0.6
419145,1,Royal Challengers Bangalore,middle,3,bat_first,6,3,0.5
419145,1,Royal Challengers Bangalore,death,2,bat_first,4,1,0.25
419145,2,Deccan Chargers,pp,1,bat_second,6,3,0.5
419145,2,Deccan Chargers,middle,2,bat_second,4,2,0.5
419145,2,Deccan Chargers,death,0,bat_second,4,3,0.75
419146,1,Mumbai Indians,pp,2,bat_first,4,2,0.5
419146,1,Mumbai Indians,middle,3,bat_first,8,6,0.75
419146,1,Mumbai Indians,death,3,bat_first,12,6,0.5
419146,2,Kings XI Punjab,pp,1,bat_second,7,3,0.42857142857142855
419146,2,Kings XI Punjab,middle,1,bat_second,2,2,
419146,2,Kings XI Punjab,death,2,bat_second,5,3,0.6
419148,2,Royal Challengers Bangalore,pp,1,bat_second,8,5,0.625
419148,2,Royal Challengers Bangalore,middle,2,bat_second,8,5,0.625
419148,2,Royal Challengers Bangalore,death,0,bat_second,5,4,0.8
419147,2,Deccan Chargers,pp,2,bat_second,6,1,0.16666666666666666
419147,2,Deccan Chargers,middle,1,bat_second,3,1,0.3333333333333333
419147,2,Deccan Chargers,death,1,bat_second,3,2,0.6666666666666666
419148,1,Kolkata Knight Riders,pp,1,bat_first,6,3,0.5
419148,1,Kolkata Knight Riders,middle,3,bat_first,7,2,0.2857142857142857
419148,1,Kolkata Knight Riders,death,3,bat_first,7,2,0.2857142857142857
419147,1,Chennai Super Kings,pp,1,bat_first,10,7,0.7
419147,1,Chennai Super Kings,middle,3,bat_first,7,3,0.42857142857142855
419147,1,Chennai Super Kings,death,3,bat_first,7,4,0.5714285714285714
419150,2,Rajasthan Royals,pp,3,bat_second,5,3,0.6
419150,2,Rajasthan Royals,middle,3,bat_second,10,4,0.4
419150,2,Rajasthan Royals,death,1,bat_second,5,3,0.6
419149,2,Kings XI Punjab,pp,0,bat_second,4,3,0.75
419149,2,Kings XI Punjab,middle,2,bat_second,8,5,0.625
419149,2,Kings XI Punjab,death,1,bat_second,4,2,0.5
419149,1,Delhi Daredevils,pp,3,bat_first,5,2,0.4
419149,1,Delhi Daredevils,middle,3,bat_first,5,2,0.4
419149,1,Delhi Daredevils,death,3,bat_first,8,3,0.375
419150,1,Mumbai Indians,pp,3,bat_first,5,0,0.0
419150,1,Mumbai Indians,middle,1,bat_first,5,1,0.2
419150,1,Mumbai Indians,death,1,bat_first,1,1,
419151,1,Deccan Chargers,pp,3,bat_first,0,0,
419151,1,Deccan Chargers,middle,1,bat_first,4,1,0.25
419151,1,Deccan Chargers,death,2,bat_first,7,3,0.42857142857142855
419151,2,Royal Challengers Bangalore,pp,1,bat_second,9,6,0.6666666666666666
419151,2,Royal Challengers Bangalore,middle,3,bat_second,9,2,0.2222222222222222
419151,2,Royal Challengers Bangalore,death,3,bat_second,7,2,0.2857142857142857
419152,1,Mumbai Indians,pp,1,bat_first,6,6,1.0
419152,1,Mumbai Indians,middle,2,bat_first,6,3,0.5
419152,1,Mumbai Indians,death,1,bat_first,2,2,
419153,1,Kolkata Knight Riders,pp,3,bat_first,6,1,0.16666666666666666
419153,1,Kolkata Knight Riders,middle,1,bat_first,9,4,0.4444444444444444
419153,1,Kolkata Knight Riders,death,3,bat_first,8,2,0.25
419153,2,Chennai Super Kings,pp,1,bat_second,7,3,0.42857142857142855
419153,2,Chennai Super Kings,middle,0,bat_second,3,3,1.0
419153,2,Chennai Super Kings,death,0,bat_second,4,4,1.0
419152,2,Delhi Daredevils,pp,1,bat_second,6,3,0.5
419152,2,Delhi Daredevils,middle,3,bat_second,9,4,0.4444444444444444
419152,2,Delhi Daredevils,death,1,bat_second,6,5,0.8333333333333334
419154,1,Rajasthan Royals,pp,3,bat_first,2,0,
419154,1,Rajasthan Royals,middle,3,bat_first,7,2,0.2857142857142857
419154,1,Rajasthan Royals,death,0,bat_first,1,1,
419154,2,Royal Challengers Bangalore,pp,2,bat_second,5,1,0.2
419154,2,Royal Challengers Bangalore,middle,3,bat_second,10,2,0.2
419154,2,Royal Challengers Bangalore,death,0,bat_second,6,5,0.8333333333333334
419155,1,Chennai Super Kings,pp,3,bat_first,2,0,
419155,1,Chennai Super Kings,middle,3,bat_first,8,3,0.375
419155,1,Chennai Super Kings,death,2,bat_first,6,2,0.3333333333333333
419155,2,Delhi Daredevils,pp,3,bat_second,2,0,
419155,2,Delhi Daredevils,middle,1,bat_second,4,3,0.75
419155,2,Delhi Daredevils,death,0,bat_second,8,8,1.0
419156,2,Deccan Chargers,pp,1,bat_second,7,4,0.5714285714285714
419156,2,Deccan Chargers,middle,3,bat_second,9,1,0.1111111111111111
419156,2,Deccan Chargers,death,1,bat_second,4,3,0.75
419156,1,Kings XI Punjab,pp,1,bat_first,10,3,0.3
419156,1,Kings XI Punjab,middle,1,bat_first,4,3,0.75
419156,1,Kings XI Punjab,death,1,bat_first,2,1,
419157,1,Mumbai Indians,pp,1,bat_first,7,7,1.0
419157,1,Mumbai Indians,middle,1,bat_first,6,2,0.3333333333333333
419157,1,Mumbai Indians,death,2,bat_first,4,2,0.5
419157,2,Royal Challengers Bangalore,pp,2,bat_second,6,2,0.3333333333333333
419157,2,Royal Challengers Bangalore,middle,3,bat_second,11,3,0.2727272727272727
419157,2,Royal Challengers Bangalore,death,3,bat_second,8,2,0.25
419158,1,Rajasthan Royals,pp,0,bat_first,5,5,1.0
419158,1,Rajasthan Royals,middle,3,bat_first,8,2,0.25
419158,1,Rajasthan Royals,death,3,bat_first,11,8,0.7272727272727273
419158,2,Kolkata Knight Riders,pp,2,bat_second,3,1,0.3333333333333333
419158,2,Kolkata Knight Riders,middle,0,bat_second,1,1,
419158,2,Kolkata Knight Riders,death,0,bat_second,2,2,
419159,1,Kings XI Punjab,pp,1,bat_first,11,3,0.2727272727272727
419159,1,Kings XI Punjab,middle,2,bat_first,4,1,0.25
419159,1,Kings XI Punjab,death,0,bat_first,1,0,
419159,2,Chennai Super Kings,pp,2,bat_second,3,2,0.6666666666666666
419159,2,Chennai Super Kings,middle,1,bat_second,3,3,1.0
419159,2,Chennai Super Kings,death,1,bat_second,2,2,
419160,1,Deccan Chargers,pp,2,bat_first,13,6,0.46153846153846156
419160,1,Deccan Chargers,middle,3,bat_first,10,2,0.2
419160,1,Deccan Chargers,death,2,bat_first,8,4,0.5
419160,2,Delhi Daredevils,pp,3,bat_second,3,1,0.3333333333333333
419160,2,Delhi Daredevils,middle,3,bat_second,10,4,0.4
419160,2,Delhi Daredevils,death,1,bat_second,7,5,0.7142857142857143
419161,1,Mumbai Indians,pp,2,bat_first,5,2,0.4
419161,1,Mumbai Indians,middle,2,bat_first,7,4,0.5714285714285714
419161,1,Mumbai Indians,death,3,bat_first,13,6,0.46153846153846156
419161,2,Kolkata Knight Riders,pp,0,bat_second,1,1,
419161,2,Kolkata Knight Riders,middle,1,bat_second,4,2,0.5
419161,2,Kolkata Knight Riders,death,0,bat_second,3,3,1.0
419162,1,Mumbai Indians,pp,2,bat_first,6,2,0.3333333333333333
419162,1,Mumbai Indians,middle,2,bat_first,8,4,0.5
419162,1,Mumbai Indians,death,1,bat_first,3,3,1.0
419162,2,Royal Challengers Bangalore,pp,1,bat_second,10,6,0.6
419162,2,Royal Challengers Bangalore,middle,3,bat_second,12,3,0.25
419162,2,Royal Challengers Bangalore,death,2,bat_second,4,2,0.5
419163,1,Chennai Super Kings,pp,3,bat_first,3,0,0.0
419163,1,Chennai Super Kings,middle,2,bat_first,11,6,0.5454545454545454
419163,1,Chennai Super Kings,death,2,bat_first,7,2,0.2857142857142857
419163,2,Deccan Chargers,pp,2,bat_second,7,2,0.2857142857142857
419163,2,Deccan Chargers,middle,3,bat_second,10,2,0.2
419163,2,Deccan Chargers,death,3,bat_second,10,0,0.0
419164,1,Deccan Chargers,pp,3,bat_first,1,1,
419164,1,Deccan Chargers,middle,2,bat_first,5,4,0.8
419164,1,Deccan Chargers,death,3,bat_first,12,5,0.4166666666666667
419164,2,Royal Challengers Bangalore,pp,0,bat_second,6,5,0.8333333333333334
419164,2,Royal Challengers Bangalore,middle,1,bat_second,3,3,1.0
419164,2,Royal Challengers Bangalore,death,0,bat_second,7,6,0.8571428571428571
419165,2,Mumbai Indians,pp,1,bat_second,3,1,0.3333333333333333
419165,2,Mumbai Indians,middle,3,bat_second,6,2,0.3333333333333333
419165,2,Mumbai Indians,death,3,bat_second,6,1,0.16666666666666666
419165,1,Chennai Super Kings,pp,0,bat_first,4,2,0.5
419165,1,Chennai Super Kings,middle,3,bat_first,9,3,0.3333333333333333
419165,1,Chennai Super Kings,death,2,bat_first,8,3,0.375
501198,2,Kolkata Knight Riders,pp,0,bat_second,2,2,
501198,2,Kolkata Knight Riders,middle,2,bat_second,4,1,0.25
501198,2,Kolkata Knight Riders,death,3,bat_second,4,0,0.0
501198,1,Chennai Super Kings,pp,1,bat_first,11,7,0.6363636363636364
501198,1,Chennai Super Kings,middle,1,bat_first,4,4,1.0
501198,1,Chennai Super Kings,death,2,bat_first,9,4,0.4444444444444444
501199,1,Deccan Chargers,pp,2,bat_first,14,7,0.5
501199,1,Deccan Chargers,middle,3,bat_first,11,3,0.2727272727272727
501199,1,Deccan Chargers,death,3,bat_first,13,5,0.38461538461538464
501199,2,Rajasthan Royals,pp,1,bat_second,3,3,1.0
501199,2,Rajasthan Royals,middle,1,bat_second,4,4,1.0
501199,2,Rajasthan Royals,death,0,bat_second,8,8,1.0
501200,1,Kochi Tuskers Kerala,pp,0,bat_first,0,0,
501200,1,Kochi Tuskers Kerala,middle,2,bat_first,0,0,
501200,1,Kochi Tuskers Kerala,death,3,bat_first,0,0,
501200,2,Royal Challengers Bangalore,pp,2,bat_second,7,2,0.2857142857142857
501200,2,Royal Challengers Bangalore,middle,1,bat_second,4,4,1.0
501200,2,Royal Challengers Bangalore,death,1,bat_second,7,4,0.5714285714285714
501201,1,Delhi Daredevils,pp,3,bat_first,6,2,0.3333333333333333
501201,1,Delhi Daredevils,middle,3,bat_first,6,2,0.3333333333333333
501201,1,Delhi Daredevils,death,3,bat_first,9,3,0.3333333333333333
501201,2,Mumbai Indians,pp,1,bat_second,4,1,0.25
501201,2,Mumbai Indians,middle,1,bat_second,3,2,0.6666666666666666
501201,2,Mumbai Indians,death,0,bat_second,6,6,1.0
501202,1,Kings XI Punjab,pp,3,bat_first,4,1,0.25
501202,1,Kings XI Punjab,middle,1,bat_first,5,3,0.6
501202,1,Kings XI Punjab,death,2,bat_first,8,3,0.375
501202,2,Pune Warriors,pp,1,bat_second,0,0,
501202,2,Pune Warriors,middle,2,bat_second,0,0,
501202,2,Pune Warriors,death,0,bat_second,0,0,
501203,1,Kolkata Knight Riders,pp,0,bat_first,4,1,0.25
501203,1,Kolkata Knight Riders,middle,2,bat_first,4,1,0.25
501203,1,Kolkata Knight Riders,death,2,bat_first,7,2,0.2857142857142857
501203,2,Deccan Chargers,pp,2,bat_second,8,2,0.25
501203,2,Deccan Chargers,middle,3,bat_second,11,2,0.18181818181818182
501203,2,Deccan Chargers,death,3,bat_second,11,0,0.0
501205,2,Mumbai Indians,pp,1,bat_second,5,2,0.4
501205,2,Mumbai Indians,middle,0,bat_second,3,3,1.0
501205,2,Mumbai Indians,death,0,bat_second,7,7,1.0
501204,2,Rajasthan Royals,pp,1,bat_second,4,4,1.0
501204,2,Rajasthan Royals,middle,2,bat_second,8,5,0.625
501204,2,Rajasthan Royals,death,1,bat_second,6,3,0.5
501204,1,Delhi Daredevils,pp,2,bat_first,7,4,0.5714285714285714
501204,1,Delhi Daredevils,middle,2,bat_first,4,1,0.25
501204,1,Delhi Daredevils,death,2,bat_first,4,1,0.25
501205,1,Royal Challengers Bangalore,pp,2,bat_first,5,2,0.4
501205,1,Royal Challengers Bangalore,middle,0,bat_first,0,0,
501205,1,Royal Challengers Bangalore,death,2,bat_first,5,1,0.2
501207,1,Kochi Tuskers Kerala,pp,3,bat_first,0,0,
501207,1,Kochi Tuskers Kerala,middle,0,bat_first,0,0,
501207,1,Kochi Tuskers Kerala,death,3,bat_first,1,0,
501206,1,Chennai Super Kings,pp,2,bat_first,7,4,0.5714285714285714
501206,1,Chennai Super Kings,middle,1,bat_first,5,5,1.0
501206,1,Chennai Super Kings,death,1,bat_first,7,5,0.7142857142857143
501206,2,Kings XI Punjab,pp,1,bat_second,8,4,0.5
501206,2,Kings XI Punjab,middle,3,bat_second,8,2,0.25
501206,2,Kings XI Punjab,death,0,bat_second,7,6,0.8571428571428571
501207,2,Pune Warriors,pp,1,bat_second,1,1,
501207,2,Pune Warriors,middle,3,bat_second,0,0,
501207,2,Pune Warriors,death,1,bat_second,0,0,
501208,2,Royal Challengers Bangalore,pp,3,bat_second,4,1,0.25
501208,2,Royal Challengers Bangalore,middle,2,bat_second,9,6,0.6666666666666666
501208,2,Royal Challengers Bangalore,death,3,bat_second,9,2,0.2222222222222222
501208,1,Deccan Chargers,pp,1,bat_first,3,1,0.3333333333333333
501208,1,Deccan Chargers,middle,2,bat_first,6,4,0.6666666666666666
501208,1,Deccan Chargers,death,2,bat_first,9,5,0.5555555555555556
501209,1,Rajasthan Royals,pp,1,bat_first,5,3,0.6
501209,1,Rajasthan Royals,middle,2,bat_first,7,6,0.8571428571428571
501209,1,Rajasthan Royals,death,1,bat_first,1,0,
501209,2,Kolkata Knight Riders,pp,1,bat_second,4,2,0.5
501209,2,Kolkata Knight Riders,middle,0,bat_second,2,2,
501209,2,Kolkata Knight Riders,death,0,bat_second,4,4,1.0
501210,1,Mumbai Indians,pp,0,bat_first,4,2,0.5
501210,1,Mumbai Indians,middle,1,bat_first,7,3,0.42857142857142855
501210,1,Mumbai Indians,death,1,bat_first,4,4,1.0
501210,2,Kochi Tuskers Kerala,pp,0,bat_second,0,0,
501210,2,Kochi Tuskers Kerala,middle,1,bat_second,0,0,
501210,2,Kochi Tuskers Kerala,death,1,bat_second,0,0,
501211,1,Chennai Super Kings,pp,0,bat_first,5,3,0.6
501211,1,Chennai Super Kings,middle,2,bat_first,12,7,0.5833333333333334
501211,1,Chennai Super Kings,death,3,bat_first,8,4,0.5
501211,2,Royal Challengers Bangalore,pp,3,bat_second,5,1,0.2
501211,2,Royal Challengers Bangalore,middle,2,bat_second,10,6,0.6
501211,2,Royal Challengers Bangalore,death,2,bat_second,5,2,0.4
501212,1,Deccan Chargers,pp,1,bat_first,4,2,0.5
501212,1,Deccan Chargers,middle,3,bat_first,12,3,0.25
501212,1,Deccan Chargers,death,3,bat_first,14,5,0.35714285714285715
501212,2,Kings XI Punjab,pp,0,bat_second,5,4,0.8
501212,2,Kings XI Punjab,middle,1,bat_second,3,3,1.0
501212,2,Kings XI Punjab,death,1,bat_second,5,3,0.6
501214,2,Kolkata Knight Riders,pp,1,bat_second,5,3,0.6
501214,2,Kolkata Knight Riders,middle,1,bat_second,5,3,0.6
501214,2,Kolkata Knight Riders,death,0,bat_second,5,5,1.0
501213,2,Delhi Daredevils,pp,0,bat_second,6,6,1.0
501213,2,Delhi Daredevils,middle,3,bat_second,11,4,0.36363636363636365
501213,2,Delhi Daredevils,death,2,bat_second,2,1,
501214,1,Rajasthan Royals,pp,2,bat_first,5,2,0.4
501214,1,Rajasthan Royals,middle,3,bat_first,9,2,0.2222222222222222
501214,1,Rajasthan Royals,death,1,bat_first,2,0,
501213,1,Pune Warriors,pp,1,bat_first,0,0,
501213,1,Pune Warriors,middle,3,bat_first,0,0,
501213,1,Pune Warriors,death,1,bat_first,0,0,
501215,2,Kochi Tuskers Kerala,pp,1,bat_second,0,0,
501215,2,Kochi Tuskers Kerala,middle,2,bat_second,0,0,
501215,2,Kochi Tuskers Kerala,death,0,bat_second,0,0,
501215,1,Chennai Super Kings,pp,1,bat_first,12,8,0.6666666666666666
501215,1,Chennai Super Kings,middle,2,bat_first,13,8,0.6153846153846154
501215,1,Chennai Super Kings,death,1,bat_first,8,5,0.625
501216,2,Delhi Daredevils,pp,3,bat_second,4,1,0.25
501216,2,Delhi Daredevils,middle,2,bat_second,5,4,0.8
501216,2,Delhi Daredevils,death,2,bat_second,3,2,0.6666666666666666
501216,1,Deccan Chargers,pp,1,bat_first,5,2,0.4
501216,1,Deccan Chargers,middle,2,bat_first,7,5,0.7142857142857143
501216,1,Deccan Chargers,death,1,bat_first,1,0,
501218,1,Pune Warriors,pp,3,bat_first,0,0,
501218,1,Pune Warriors,middle,3,bat_first,1,0,
501218,1,Pune Warriors,death,3,bat_first,0,0,
501218,2,Mumbai Indians,pp,1,bat_second,6,3,0.5
501218,2,Mumbai Indians,middle,2,bat_second,5,2,0.4
501218,2,Mumbai Indians,death,0,bat_second,8,8,1.0
501219,1,Kochi Tuskers Kerala,pp,0,bat_first,1,0,
501219,1,Kochi Tuskers Kerala,middle,3,bat_first,0,0,
501219,1,Kochi Tuskers Kerala,death,2,bat_first,0,0,
501219,2,Kolkata Knight Riders,pp,3,bat_second,6,2,0.3333333333333333
501219,2,Kolkata Knight Riders,middle,2,bat_second,5,1,0.2
501219,2,Kolkata Knight Riders,death,3,bat_second,5,0,0.0
501220,1,Kings XI Punjab,pp,1,bat_first,12,3,0.25
501220,1,Kings XI Punjab,middle,1,bat_first,6,3,0.5
501220,1,Kings XI Punjab,death,3,bat_first,8,3,0.375
501220,2,Rajasthan Royals,pp,2,bat_second,10,4,0.4
501220,2,Rajasthan Royals,middle,3,bat_second,11,4,0.36363636363636365
501220,2,Rajasthan Royals,death,2,bat_second,2,0,
501221,1,Mumbai Indians,pp,2,bat_first,7,3,0.42857142857142855
501221,1,Mumbai Indians,middle,1,bat_first,8,3,0.375
501221,1,Mumbai Indians,death,1,bat_first,5,4,0.8
501221,2,Chennai Super Kings,pp,2,bat_second,4,3,0.75
501221,2,Chennai Super Kings,middle,2,bat_second,5,2,0.4
501221,2,Chennai Super Kings,death,3,bat_second,7,1,0.14285714285714285
501222,1,Kolkata Knight Riders,pp,1,bat_first,7,3,0.42857142857142855
501222,1,Kolkata Knight Riders,middle,1,bat_first,10,4,0.4
501222,1,Kolkata Knight Riders,death,3,bat_first,9,2,0.2222222222222222
501222,2,Royal Challengers Bangalore,pp,0,bat_second,7,6,0.8571428571428571
501222,2,Royal Challengers Bangalore,middle,1,bat_second,5,5,1.0
501222,2,Royal Challengers Bangalore,death,0,bat_second,8,7,0.875
501223,2,Kings XI Punjab,pp,1,bat_second,9,5,0.5555555555555556
501223,2,Kings XI Punjab,middle,2,bat_second,9,6,0.6666666666666666
501223,2,Kings XI Punjab,death,3,bat_second,4,0,0.0
501223,1,Delhi Daredevils,pp,0,bat_first,1,0,
501223,1,Delhi Daredevils,middle,2,bat_first,5,1,0.2
501223,1,Delhi Daredevils,death,2,bat_first,5,1,0.2
501224,2,Deccan Chargers,pp,2,bat_second,9,2,0.2222222222222222
501224,2,Deccan Chargers,middle,3,bat_second,12,2,0.16666666666666666
501224,2,Deccan Chargers,death,2,bat_second,2,1,
501225,1,Kochi Tuskers Kerala,pp,2,bat_first,0,0,
501225,1,Kochi Tuskers Kerala,middle,1,bat_first,0,0,
501225,1,Kochi Tuskers Kerala,death,3,bat_first,2,0,
501225,2,Rajasthan Royals,pp,0,bat_second,5,4,0.8
501225,2,Rajasthan Royals,middle,2,bat_second,9,6,0.6666666666666666
501225,2,Rajasthan Royals,death,0,bat_second,9,9,1.0
501224,1,Mumbai Indians,pp,1,bat_first,8,8,1.0
501224,1,Mumbai Indians,middle,3,bat_first,9,6,0.6666666666666666
501224,1,Mumbai Indians,death,0,bat_first,2,1,
501226,1,Chennai Super Kings,pp,0,bat_first,6,4,0.6666666666666666
501226,1,Chennai Super Kings,middle,2,bat_first,14,8,0.5714285714285714
501226,1,Chennai Super Kings,death,3,bat_first,9,5,0.5555555555555556
501226,2,Pune Warriors,pp,3,bat_second,0,0,
501226,2,Pune Warriors,middle,1,bat_second,0,0,
501226,2,Pune Warriors,death,3,bat_second,0,0,
501227,1,Delhi Daredevils,pp,1,bat_first,5,3,0.6
501227,1,Delhi Daredevils,middle,2,bat_first,6,2,0.3333333333333333
501227,1,Delhi Daredevils,death,3,bat_first,10,3,0.3
501227,2,Royal Challengers Bangalore,pp,1,bat_second,11,6,0.5454545454545454
501227,2,Royal Challengers Bangalore,middle,3,bat_second,13,3,0.23076923076923078
501227,2,Royal Challengers Bangalore,death,2,bat_second,6,2,0.3333333333333333
501228,1,Pune Warriors,pp,3,bat_first,1,0,
501228,1,Pune Warriors,middle,2,bat_first,0,0,
501228,1,Pune Warriors,death,1,bat_first,1,0,
501228,2,Chennai Super Kings,pp,1,bat_second,8,4,0.5
501228,2,Chennai Super Kings,middle,1,bat_second,4,4,1.0
501228,2,Chennai Super Kings,death,0,bat_second,5,5,1.0
501229,1,Deccan Chargers,pp,3,bat_first,2,1,
501229,1,Deccan Chargers,middle,0,bat_first,1,1,
501229,1,Deccan Chargers,death,3,bat_first,15,5,0.3333333333333333
501229,2,Kochi Tuskers Kerala,pp,3,bat_second,0,0,
501229,2,Kochi Tuskers Kerala,middle,1,bat_second,1,1,
501229,2,Kochi Tuskers Kerala,death,3,bat_second,0,0,
501230,1,Kolkata Knight Riders,pp,1,bat_first,8,3,0.375
501230,1,Kolkata Knight Riders,middle,3,bat_first,8,2,0.25
501230,1,Kolkata Knight Riders,death,2,bat_first,8,3,0.375
501230,2,Delhi Daredevils,pp,1,bat_second,7,3,0.42857142857142855
501230,2,Delhi Daredevils,middle,3,bat_second,12,5,0.4166666666666667
501230,2,Delhi Daredevils,death,3,bat_second,5,0,0.0
501232,2,Pune Warriors,pp,1,bat_second,2,2,
501232,2,Pune Warriors,middle,2,bat_second,1,1,
501232,2,Pune Warriors,death,2,bat_second,0,0,
501231,2,Rajasthan Royals,pp,1,bat_second,5,5,1.0
501231,2,Rajasthan Royals,middle,1,bat_second,5,5,1.0
501231,2,Rajasthan Royals,death,1,bat_second,7,4,0.5714285714285714
501231,1,Mumbai Indians,pp,2,bat_first,8,4,0.5
501231,1,Mumbai Indians,middle,2,bat_first,9,5,0.5555555555555556
501231,1,Mumbai Indians,death,3,bat_first,14,6,0.42857142857142855
501232,1,Royal Challengers Bangalore,pp,0,bat_first,0,0,
501232,1,Royal Challengers Bangalore,middle,2,bat_first,7,3,0.42857142857142855
501232,1,Royal Challengers Bangalore,death,3,bat_first,10,4,0.4
501233,1,Delhi Daredevils,pp,2,bat_first,8,4,0.5
501233,1,Delhi Daredevils,middle,2,bat_first,7,2,0.2857142857142857
501233,1,Delhi Daredevils,death,3,bat_first,11,3,0.2727272727272727
501233,2,Kochi Tuskers Kerala,pp,3,bat_second,1,0,
501233,2,Kochi Tuskers Kerala,middle,2,bat_second,1,1,
501233,2,Kochi Tuskers Kerala,death,3,bat_second,1,0,
501234,1,Kings XI Punjab,pp,2,bat_first,3,2,0.6666666666666666
501234,1,Kings XI Punjab,middle,3,bat_first,11,3,0.2727272727272727
501234,1,Kings XI Punjab,death,1,bat_first,3,1,0.3333333333333333
501234,2,Kolkata Knight Riders,pp,2,bat_second,4,2,0.5
501234,2,Kolkata Knight Riders,middle,0,bat_second,3,3,1.0
501234,2,Kolkata Knight Riders,death,0,bat_second,6,6,1.0
501236,2,Deccan Chargers,pp,0,bat_second,3,2,0.6666666666666666
501236,2,Deccan Chargers,middle,3,bat_second,13,2,0.15384615384615385
501236,2,Deccan Chargers,death,3,bat_second,12,0,0.0
501235,2,Rajasthan Royals,pp,1,bat_second,6,6,1.0
501235,2,Rajasthan Royals,middle,3,bat_second,12,4,0.3333333333333333
501235,2,Rajasthan Royals,death,0,bat_second,10,10,1.0
501235,1,Pune Warriors,pp,1,bat_first,1,0,
501235,1,Pune Warriors,middle,3,bat_first,2,0,
501235,1,Pune Warriors,death,3,bat_first,1,0,
501236,1,Chennai Super Kings,pp,1,bat_first,13,8,0.6153846153846154
501236,1,Chennai Super Kings,middle,1,bat_first,6,5,0.8333333333333334
501236,1,Chennai Super Kings,death,3,bat_first,10,6,0.6
501237,1,Mumbai Indians,pp,1,bat_first,9,9,1.0
501237,1,Mumbai Indians,middle,1,bat_first,9,4,0.4444444444444444
501237,1,Mumbai Indians,death,3,bat_first,15,6,0.4
501237,2,Kings XI Punjab,pp,1,bat_second,10,5,0.5
501237,2,Kings XI Punjab,middle,3,bat_second,9,3,0.3333333333333333
501237,2,Kings XI Punjab,death,3,bat_second,5,0,0.0
501238,1,Delhi Daredevils,pp,2,bat_first,9,5,0.5555555555555556
501238,1,Delhi Daredevils,middle,2,bat_first,8,3,0.375
501238,1,Delhi Daredevils,death,2,bat_first,6,2,0.3333333333333333
501238,2,Kochi Tuskers Kerala,pp,1,bat_second,1,1,
501238,2,Kochi Tuskers Kerala,middle,2,bat_second,2,1,
501238,2,Kochi Tuskers Kerala,death,0,bat_second,1,1,
501239,1,Kolkata Knight Riders,pp,1,bat_first,9,4,0.4444444444444444
501239,1,Kolkata Knight Riders,middle,2,bat_first,5,2,0.4
501239,1,Kolkata Knight Riders,death,1,bat_first,6,2,0.3333333333333333
501239,2,Deccan Chargers,pp,2,bat_second,10,2,0.2
501239,2,Deccan Chargers,middle,2,bat_second,5,3,0.6
501239,2,Deccan Chargers,death,2,bat_second,3,1,0.3333333333333333
501241,2,Pune Warriors,pp,2,bat_second,0,0,
501241,2,Pune Warriors,middle,2,bat_second,2,1,
501241,2,Pune Warriors,death,3,bat_second,1,0,
501241,1,Mumbai Indians,pp,1,bat_first,10,10,1.0
501241,1,Mumbai Indians,middle,3,bat_first,10,7,0.7
501241,1,Mumbai Indians,death,3,bat_first,16,7,0.4375
501240,1,Rajasthan Royals,pp,0,bat_first,6,5,0.8333333333333334
501240,1,Rajasthan Royals,middle,3,bat_first,10,2,0.2
501240,1,Rajasthan Royals,death,3,bat_first,12,8,0.6666666666666666
501240,2,Chennai Super Kings,pp,1,bat_second,9,5,0.5555555555555556
501240,2,Chennai Super Kings,middle,0,bat_second,4,4,1.0
501240,2,Chennai Super Kings,death,1,bat_second,3,3,1.0
501243,2,Delhi Daredevils,pp,3,bat_second,5,1,0.2
501243,2,Delhi Daredevils,middle,1,bat_second,5,4,0.8
501243,2,Delhi Daredevils,death,2,bat_second,4,2,0.5
501242,1,Kochi Tuskers Kerala,pp,2,bat_first,1,0,
501242,1,Kochi Tuskers Kerala,middle,2,bat_first,1,0,
501242,1,Kochi Tuskers Kerala,death,1,bat_first,0,0,
501242,2,Kolkata Knight Riders,pp,0,bat_second,3,2,0.6666666666666666
501242,2,Kolkata Knight Riders,middle,3,bat_second,5,2,0.4
501242,2,Kolkata Knight Riders,death,3,bat_second,6,0,0.0
501243,1,Deccan Chargers,pp,1,bat_first,6,3,0.5
501243,1,Deccan Chargers,middle,2,bat_first,8,6,0.75
501243,1,Deccan Chargers,death,2,bat_first,10,6,0.6
501244,1,Royal Challengers Bangalore,pp,1,bat_first,6,3,0.5
501244,1,Royal Challengers Bangalore,middle,2,bat_first,8,4,0.5
501244,1,Royal Challengers Bangalore,death,3,bat_first,11,5,0.45454545454545453
501244,2,Kings XI Punjab,pp,3,bat_second,4,2,0.5
501244,2,Kings XI Punjab,middle,3,bat_second,10,3,0.3
501244,2,Kings XI Punjab,death,2,bat_second,6,4,0.6666666666666666
501245,2,Kolkata Knight Riders,pp,2,bat_second,5,3,0.6
501245,2,Kolkata Knight Riders,middle,0,bat_second,4,4,1.0
501245,2,Kolkata Knight Riders,death,0,bat_second,7,7,1.0
501245,1,Chennai Super Kings,pp,2,bat_first,8,4,0.5
501245,1,Chennai Super Kings,middle,1,bat_first,7,6,0.8571428571428571
501245,1,Chennai Super Kings,death,1,bat_first,9,5,0.5555555555555556
501246,1,Mumbai Indians,pp,1,bat_first,11,11,1.0
501246,1,Mumbai Indians,middle,1,bat_first,10,5,0.5
501246,1,Mumbai Indians,death,2,bat_first,5,3,0.6
501246,2,Delhi Daredevils,pp,3,bat_second,6,2,0.3333333333333333
501246,2,Delhi Daredevils,middle,1,bat_second,6,5,0.8333333333333334
501246,2,Delhi Daredevils,death,3,bat_second,6,0,0.0
501247,1,Kochi Tuskers Kerala,pp,1,bat_first,0,0,
501247,1,Kochi Tuskers Kerala,middle,3,bat_first,1,1,
501247,1,Kochi Tuskers Kerala,death,3,bat_first,3,0,0.0
501247,2,Royal Challengers Bangalore,pp,1,bat_second,12,7,0.5833333333333334
501247,2,Royal Challengers Bangalore,middle,0,bat_second,3,2,0.6666666666666666
501247,2,Royal Challengers Bangalore,death,0,bat_second,9,8,0.8888888888888888
501248,1,Kings XI Punjab,pp,1,bat_first,13,4,0.3076923076923077
501248,1,Kings XI Punjab,middle,3,bat_first,12,3,0.25
501248,1,Kings XI Punjab,death,3,bat_first,9,4,0.4444444444444444
501248,2,Pune Warriors,pp,1,bat_second,3,2,0.6666666666666666
501248,2,Pune Warriors,middle,2,bat_second,3,1,0.3333333333333333
501248,2,Pune Warriors,death,2,bat_second,1,0,
501249,1,Chennai Super Kings,pp,0,bat_first,7,5,0.7142857142857143
501249,1,Chennai Super Kings,middle,2,bat_first,15,9,0.6
501249,1,Chennai Super Kings,death,1,bat_first,10,5,0.5
501249,2,Rajasthan Royals,pp,2,bat_second,11,4,0.36363636363636365
501249,2,Rajasthan Royals,middle,3,bat_second,13,5,0.38461538461538464
501249,2,Rajasthan Royals,death,3,bat_second,8,3,0.375
501250,1,Deccan Chargers,pp,0,bat_first,4,1,0.25
501250,1,Deccan Chargers,middle,3,bat_first,13,3,0.23076923076923078
501250,1,Deccan Chargers,death,3,bat_first,16,6,0.375
501250,2,Pune Warriors,pp,0,bat_second,0,0,
501250,2,Pune Warriors,middle,3,bat_second,1,1,
501250,2,Pune Warriors,death,1,bat_second,1,1,
501251,1,Kings XI Punjab,pp,1,bat_first,14,4,0.2857142857142857
501251,1,Kings XI Punjab,middle,1,bat_first,7,4,0.5714285714285714
501251,1,Kings XI Punjab,death,3,bat_first,10,4,0.4
501251,2,Mumbai Indians,pp,3,bat_second,3,1,0.3333333333333333
501251,2,Mumbai Indians,middle,3,bat_second,7,2,0.2857142857142857
501251,2,Mumbai Indians,death,0,bat_second,9,9,1.0
501252,1,Rajasthan Royals,pp,0,bat_first,7,5,0.7142857142857143
501252,1,Rajasthan Royals,middle,3,bat_first,11,2,0.18181818181818182
501252,1,Rajasthan Royals,death,3,bat_first,13,8,0.6153846153846154
501252,2,Royal Challengers Bangalore,pp,0,bat_second,8,7,0.875
501252,2,Royal Challengers Bangalore,middle,1,bat_second,6,6,1.0
501252,2,Royal Challengers Bangalore,death,0,bat_second,10,9,0.9
501253,2,Delhi Daredevils,pp,1,bat_second,8,3,0.375
501253,2,Delhi Daredevils,middle,2,bat_second,6,4,0.6666666666666666
501253,2,Delhi Daredevils,death,3,bat_second,7,0,0.0
501253,1,Chennai Super Kings,pp,2,bat_first,9,4,0.4444444444444444
501253,1,Chennai Super Kings,middle,1,bat_first,8,6,0.75
501253,1,Chennai Super Kings,death,1,bat_first,11,6,0.5454545454545454
501254,2,Kings XI Punjab,pp,2,bat_second,5,3,0.6
501254,2,Kings XI Punjab,middle,2,bat_second,10,6,0.6
501254,2,Kings XI Punjab,death,0,bat_second,8,7,0.875
501254,1,Kochi Tuskers Kerala,pp,0,bat_first,2,1,
501254,1,Kochi Tuskers Kerala,middle,3,bat_first,2,1,
501254,1,Kochi Tuskers Kerala,death,3,bat_first,4,0,0.0
501255,1,Kolkata Knight Riders,pp,3,bat_first,7,1,0.14285714285714285
501255,1,Kolkata Knight Riders,middle,1,bat_first,11,4,0.36363636363636365
501255,1,Kolkata Knight Riders,death,0,bat_first,2,2,
501255,2,Royal Challengers Bangalore,pp,2,bat_second,8,3,0.375
501255,2,Royal Challengers Bangalore,middle,3,bat_second,14,4,0.2857142857142857
501255,2,Royal Challengers Bangalore,death,0,bat_second,11,10,0.9090909090909091
501256,1,Deccan Chargers,pp,1,bat_first,7,3,0.42857142857142855
501256,1,Deccan Chargers,middle,3,bat_first,14,3,0.21428571428571427
501256,1,Deccan Chargers,death,1,bat_first,2,1,
501256,2,Mumbai Indians,pp,3,bat_second,4,1,0.25
501256,2,Mumbai Indians,middle,1,bat_second,4,3,0.75
501256,2,Mumbai Indians,death,3,bat_second,7,1,0.14285714285714285
501257,1,Kings XI Punjab,pp,1,bat_first,15,5,0.3333333333333333
501257,1,Kings XI Punjab,middle,2,bat_first,5,1,0.2
501257,1,Kings XI Punjab,death,3,bat_first,11,5,0.45454545454545453
501257,2,Delhi Daredevils,pp,0,bat_second,7,7,1.0
501257,2,Delhi Daredevils,middle,3,bat_second,13,5,0.38461538461538464
501257,2,Delhi Daredevils,death,3,bat_second,8,0,0.0
501258,1,Rajasthan Royals,pp,3,bat_first,3,0,0.0
501258,1,Rajasthan Royals,middle,3,bat_first,12,2,0.16666666666666666
501258,1,Rajasthan Royals,death,2,bat_first,4,1,0.25
501258,2,Kochi Tuskers Kerala,pp,2,bat_second,0,0,
501258,2,Kochi Tuskers Kerala,middle,0,bat_second,0,0,
501258,2,Kochi Tuskers Kerala,death,0,bat_second,2,2,
501259,1,Pune Warriors,pp,2,bat_first,0,0,
501259,1,Pune Warriors,middle,3,bat_first,3,0,0.0
501259,1,Pune Warriors,death,2,bat_first,0,0,
501259,2,Deccan Chargers,pp,0,bat_second,4,2,0.5
501259,2,Deccan Chargers,middle,2,bat_second,6,3,0.5
501259,2,Deccan Chargers,death,2,bat_second,4,1,0.25
501260,1,Kings XI Punjab,pp,1,bat_first,16,6,0.375
501260,1,Kings XI Punjab,middle,0,bat_first,0,0,
501260,1,Kings XI Punjab,death,1,bat_first,4,1,0.25
501260,2,Royal Challengers Bangalore,pp,3,bat_second,6,1,0.16666666666666666
501260,2,Royal Challengers Bangalore,middle,3,bat_second,15,5,0.3333333333333333
501260,2,Royal Challengers Bangalore,death,2,bat_second,7,3,0.42857142857142855
501261,2,Kochi Tuskers Kerala,pp,1,bat_second,2,2,
501261,2,Kochi Tuskers Kerala,middle,2,bat_second,3,2,0.6666666666666666
501261,2,Kochi Tuskers Kerala,death,2,bat_second,0,0,
501261,1,Chennai Super Kings,pp,2,bat_first,10,5,0.5
501261,1,Chennai Super Kings,middle,2,bat_first,16,10,0.625
501261,1,Chennai Super Kings,death,1,bat_first,12,7,0.5833333333333334
501262,2,Kolkata Knight Riders,pp,1,bat_second,6,4,0.6666666666666666
501262,2,Kolkata Knight Riders,middle,1,bat_second,6,4,0.6666666666666666
501262,2,Kolkata Knight Riders,death,1,bat_second,5,3,0.6
501262,1,Pune Warriors,pp,2,bat_first,1,0,
501262,1,Pune Warriors,middle,3,bat_first,4,0,0.0
501262,1,Pune Warriors,death,2,bat_first,1,0,
501263,1,Mumbai Indians,pp,2,bat_first,9,4,0.4444444444444444
501263,1,Mumbai Indians,middle,1,bat_first,11,6,0.5454545454545454
501263,1,Mumbai Indians,death,2,bat_first,6,4,0.6666666666666666
501263,2,Rajasthan Royals,pp,0,bat_second,6,5,0.8333333333333334
501263,2,Rajasthan Royals,middle,0,bat_second,1,1,
501263,2,Rajasthan Royals,death,0,bat_second,11,11,1.0
501264,1,Deccan Chargers,pp,0,bat_first,5,1,0.2
501264,1,Deccan Chargers,middle,1,bat_first,5,2,0.4
501264,1,Deccan Chargers,death,1,bat_first,3,2,0.6666666666666666
501264,2,Kings XI Punjab,pp,2,bat_second,6,4,0.6666666666666666
501264,2,Kings XI Punjab,middle,3,bat_second,11,3,0.2727272727272727
501264,2,Kings XI Punjab,death,3,bat_second,6,0,0.0
501265,1,Delhi Daredevils,pp,2,bat_first,10,5,0.5
501265,1,Delhi Daredevils,middle,1,bat_first,5,3,0.6
501265,1,Delhi Daredevils,death,0,bat_first,2,1,
501266,1,Chennai Super Kings,pp,3,bat_first,4,1,0.25
501266,1,Chennai Super Kings,middle,1,bat_first,9,7,0.7777777777777778
501266,1,Chennai Super Kings,death,3,bat_first,11,7,0.6363636363636364
501266,2,Royal Challengers Bangalore,pp,1,bat_second,13,8,0.6153846153846154
501266,2,Royal Challengers Bangalore,middle,1,bat_second,7,7,1.0
501266,2,Royal Challengers Bangalore,death,0,bat_second,12,11,0.9166666666666666
501267,1,Kolkata Knight Riders,pp,2,bat_first,6,3,0.5
501267,1,Kolkata Knight Riders,middle,1,bat_first,12,4,0.3333333333333333
501267,1,Kolkata Knight Riders,death,3,bat_first,10,2,0.2
501267,2,Mumbai Indians,pp,1,bat_second,7,4,0.5714285714285714
501267,2,Mumbai Indians,middle,3,bat_second,8,2,0.25
501267,2,Mumbai Indians,death,1,bat_second,1,1,
501268,1,Royal Challengers Bangalore,pp,1,bat_first,7,4,0.5714285714285714
501268,1,Royal Challengers Bangalore,middle,2,bat_first,9,5,0.5555555555555556
501268,1,Royal Challengers Bangalore,death,1,bat_first,2,1,
501268,2,Chennai Super Kings,pp,2,bat_second,5,3,0.6
501268,2,Chennai Super Kings,middle,1,bat_second,5,5,1.0
501268,2,Chennai Super Kings,death,1,bat_second,4,4,1.0
501269,2,Mumbai Indians,pp,0,bat_second,6,5,0.8333333333333334
501269,2,Mumbai Indians,middle,3,bat_second,9,3,0.3333333333333333
501269,2,Mumbai Indians,death,2,bat_second,4,1,0.25
501269,1,Kolkata Knight Riders,pp,3,bat_first,8,1,0.125
501269,1,Kolkata Knight Riders,middle,1,bat_first,13,4,0.3076923076923077
501269,1,Kolkata Knight Riders,death,2,bat_first,9,4,0.4444444444444444
501270,2,Mumbai Indians,pp,2,bat_second,5,2,0.4
501270,2,Mumbai Indians,middle,3,bat_second,10,4,0.4
501270,2,Mumbai Indians,death,1,bat_second,2,2,
501270,1,Royal Challengers Bangalore,pp,0,bat_first,1,1,
501270,1,Royal Challengers Bangalore,middle,2,bat_first,10,5,0.5
501270,1,Royal Challengers Bangalore,death,2,bat_first,6,1,0.16666666666666666
501271,1,Chennai Super Kings,pp,0,bat_first,8,6,0.75
501271,1,Chennai Super Kings,middle,1,bat_first,10,7,0.7
501271,1,Chennai Super Kings,death,3,bat_first,12,7,0.5833333333333334
501271,2,Royal Challengers Bangalore,pp,2,bat_second,9,4,0.4444444444444444
501271,2,Royal Challengers Bangalore,middle,3,bat_second,16,5,0.3125
501271,2,Royal Challengers Bangalore,death,1,bat_second,8,5,0.625
548306,1,Chennai Super Kings,pp,2,bat_first,11,6,0.5454545454545454
548306,1,Chennai Super Kings,middle,3,bat_first,10,4,0.4
548306,1,Chennai Super Kings,death,3,bat_first,13,8,0.6153846153846154
548306,2,Mumbai Indians,pp,0,bat_second,7,6,0.8571428571428571
548306,2,Mumbai Indians,middle,3,bat_second,11,4,0.36363636363636365
548306,2,Mumbai Indians,death,0,bat_second,10,9,0.9
548307,1,Kolkata Knight Riders,pp,3,bat_first,9,1,0.1111111111111111
548307,1,Kolkata Knight Riders,middle,3,bat_first,9,3,0.3333333333333333
548307,1,Kolkata Knight Riders,death,0,bat_first,3,2,0.6666666666666666
548307,2,Delhi Daredevils,pp,0,bat_second,8,7,0.875
548307,2,Delhi Daredevils,middle,2,bat_second,7,4,0.5714285714285714
548307,2,Delhi Daredevils,death,0,bat_second,9,9,1.0
548308,1,Pune Warriors,pp,3,bat_first,2,0,
548308,1,Pune Warriors,middle,1,bat_first,0,0,
548308,1,Pune Warriors,death,3,bat_first,2,0,
548308,2,Mumbai Indians,pp,3,bat_second,5,1,0.2
548308,2,Mumbai Indians,middle,2,bat_second,6,3,0.5
548308,2,Mumbai Indians,death,3,bat_second,8,1,0.125
548309,1,Rajasthan Royals,pp,0,bat_first,8,5,0.625
548309,1,Rajasthan Royals,middle,2,bat_first,8,6,0.75
548309,1,Rajasthan Royals,death,2,bat_first,5,1,0.2
548309,2,Kings XI Punjab,pp,2,bat_second,7,4,0.5714285714285714
548309,2,Kings XI Punjab,middle,3,bat_second,12,3,0.25
548309,2,Kings XI Punjab,death,3,bat_second,7,0,0.0
548311,2,Deccan Chargers,pp,1,bat_second,8,5,0.625
548311,2,Deccan Chargers,middle,3,bat_second,14,2,0.14285714285714285
548311,2,Deccan Chargers,death,2,bat_second,5,2,0.4
548311,1,Chennai Super Kings,pp,2,bat_first,12,6,0.5
548311,1,Chennai Super Kings,middle,3,bat_first,11,4,0.36363636363636365
548311,1,Chennai Super Kings,death,1,bat_first,13,8,0.6153846153846154
548310,1,Royal Challengers Bangalore,pp,2,bat_first,6,2,0.3333333333333333
548310,1,Royal Challengers Bangalore,middle,3,bat_first,7,3,0.42857142857142855
548310,1,Royal Challengers Bangalore,death,2,bat_first,7,2,0.2857142857142857
548310,2,Delhi Daredevils,pp,1,bat_second,9,3,0.3333333333333333
548310,2,Delhi Daredevils,middle,3,bat_second,14,5,0.35714285714285715
548310,2,Delhi Daredevils,death,2,bat_second,5,3,0.6
548313,2,Kings XI Punjab,pp,2,bat_second,8,4,0.5
548313,2,Kings XI Punjab,middle,3,bat_second,13,3,0.23076923076923078
548313,2,Kings XI Punjab,death,3,bat_second,8,0,0.0
548312,1,Rajasthan Royals,pp,1,bat_first,6,3,0.5
548312,1,Rajasthan Royals,middle,2,bat_first,9,7,0.7777777777777778
548312,1,Rajasthan Royals,death,2,bat_first,6,2,0.3333333333333333
548312,2,Kolkata Knight Riders,pp,3,bat_second,7,2,0.2857142857142857
548312,2,Kolkata Knight Riders,middle,3,bat_second,6,2,0.3333333333333333
548312,2,Kolkata Knight Riders,death,3,bat_second,7,0,0.0
548313,1,Pune Warriors,pp,2,bat_first,2,0,
548313,1,Pune Warriors,middle,1,bat_first,1,1,
548313,1,Pune Warriors,death,3,bat_first,3,1,0.3333333333333333
548314,1,Deccan Chargers,pp,2,bat_first,15,7,0.4666666666666667
548314,1,Deccan Chargers,middle,2,bat_first,9,6,0.6666666666666666
548314,1,Deccan Chargers,death,3,bat_first,17,6,0.35294117647058826
548314,2,Mumbai Indians,pp,2,bat_second,6,2,0.3333333333333333
548314,2,Mumbai Indians,middle,1,bat_second,5,3,0.6
548314,2,Mumbai Indians,death,2,bat_second,5,2,0.4
548315,1,Kolkata Knight Riders,pp,0,bat_first,5,2,0.4
548315,1,Kolkata Knight Riders,middle,3,bat_first,10,3,0.3
548315,1,Kolkata Knight Riders,death,3,bat_first,11,2,0.18181818181818182
548315,2,Royal Challengers Bangalore,pp,3,bat_second,7,1,0.14285714285714285
548315,2,Royal Challengers Bangalore,middle,3,bat_second,17,5,0.29411764705882354
548315,2,Royal Challengers Bangalore,death,2,bat_second,8,3,0.375
548316,1,Chennai Super Kings,pp,2,bat_first,13,7,0.5384615384615384
548316,1,Chennai Super Kings,middle,3,bat_first,12,5,0.4166666666666667
548316,1,Chennai Super Kings,death,3,bat_first,14,8,0.5714285714285714
548316,2,Delhi Daredevils,pp,2,bat_second,7,5,0.7142857142857143
548316,2,Delhi Daredevils,middle,0,bat_second,3,3,1.0
548316,2,Delhi Daredevils,death,0,bat_second,10,10,1.0
548317,1,Mumbai Indians,pp,1,bat_first,12,12,1.0
548317,1,Mumbai Indians,middle,2,bat_first,10,5,0.5
548317,1,Mumbai Indians,death,3,bat_first,17,8,0.47058823529411764
548317,2,Rajasthan Royals,pp,2,bat_second,12,4,0.3333333333333333
548317,2,Rajasthan Royals,middle,3,bat_second,14,5,0.35714285714285715
548317,2,Rajasthan Royals,death,3,bat_second,9,3,0.3333333333333333
548318,1,Royal Challengers Bangalore,pp,1,bat_first,8,4,0.5
548318,1,Royal Challengers Bangalore,middle,0,bat_first,1,0,
548318,1,Royal Challengers Bangalore,death,3,bat_first,12,6,0.5
548318,2,Chennai Super Kings,pp,0,bat_second,6,4,0.6666666666666666
548318,2,Chennai Super Kings,middle,3,bat_second,6,1,0.16666666666666666
548318,2,Chennai Super Kings,death,2,bat_second,4,2,0.5
548319,1,Pune Warriors,pp,3,bat_first,3,1,0.3333333333333333
548319,1,Pune Warriors,middle,2,bat_first,1,0,
548319,1,Pune Warriors,death,3,bat_first,4,2,0.5
548319,2,Kings XI Punjab,pp,1,bat_second,11,5,0.45454545454545453
548319,2,Kings XI Punjab,middle,2,bat_second,11,7,0.6363636363636364
548319,2,Kings XI Punjab,death,0,bat_second,9,8,0.8888888888888888
548320,2,Kolkata Knight Riders,pp,1,bat_second,7,5,0.7142857142857143
548320,2,Kolkata Knight Riders,middle,2,bat_second,6,1,0.16666666666666666
548320,2,Kolkata Knight Riders,death,2,bat_second,3,1,0.3333333333333333
548320,1,Rajasthan Royals,pp,0,bat_first,9,6,0.6666666666666666
548320,1,Rajasthan Royals,middle,3,bat_first,13,2,0.15384615384615385
548320,1,Rajasthan Royals,death,2,bat_first,7,3,0.42857142857142855
548322,1,Chennai Super Kings,pp,0,bat_first,9,7,0.7777777777777778
548322,1,Chennai Super Kings,middle,3,bat_first,13,5,0.38461538461538464
548322,1,Chennai Super Kings,death,2,bat_first,10,5,0.5
548322,2,Pune Warriors,pp,1,bat_second,4,3,0.75
548322,2,Pune Warriors,middle,2,bat_second,4,2,0.5
548322,2,Pune Warriors,death,0,bat_second,1,1,
548323,1,Kings XI Punjab,pp,2,bat_first,4,2,0.5
548323,1,Kings XI Punjab,middle,2,bat_first,6,2,0.3333333333333333
548323,1,Kings XI Punjab,death,3,bat_first,12,6,0.5
548323,2,Kolkata Knight Riders,pp,2,bat_second,6,4,0.6666666666666666
548323,2,Kolkata Knight Riders,middle,3,bat_second,7,2,0.2857142857142857
548323,2,Kolkata Knight Riders,death,1,bat_second,6,4,0.6666666666666666
548324,1,Rajasthan Royals,pp,0,bat_first,10,6,0.6
548324,1,Rajasthan Royals,middle,1,bat_first,3,2,0.6666666666666666
548324,1,Rajasthan Royals,death,1,bat_first,3,0,0.0
548324,2,Royal Challengers Bangalore,pp,2,bat_second,10,4,0.4
548324,2,Royal Challengers Bangalore,middle,3,bat_second,18,5,0.2777777777777778
548324,2,Royal Challengers Bangalore,death,3,bat_second,10,2,0.2
548325,1,Mumbai Indians,pp,2,bat_first,10,4,0.4
548325,1,Mumbai Indians,middle,3,bat_first,11,8,0.7272727272727273
548325,1,Mumbai Indians,death,3,bat_first,18,9,0.5
548325,2,Delhi Daredevils,pp,1,bat_second,10,3,0.3
548325,2,Delhi Daredevils,middle,2,bat_second,8,5,0.625
548325,2,Delhi Daredevils,death,0,bat_second,11,11,1.0
548326,1,Deccan Chargers,pp,0,bat_first,6,2,0.3333333333333333
548326,1,Deccan Chargers,middle,2,bat_first,10,6,0.6
548326,1,Deccan Chargers,death,0,bat_first,0,0,
548326,2,Rajasthan Royals,pp,1,bat_second,7,7,1.0
548326,2,Rajasthan Royals,middle,2,bat_second,10,7,0.7
548326,2,Rajasthan Royals,death,2,bat_second,3,0,0.0
548327,1,Pune Warriors,pp,0,bat_first,0,0,
548327,1,Pune Warriors,middle,3,bat_first,5,0,0.0
548327,1,Pune Warriors,death,3,bat_first,5,2,0.4
548327,2,Royal Challengers Bangalore,pp,2,bat_second,11,4,0.36363636363636365
548327,2,Royal Challengers Bangalore,middle,1,bat_second,8,8,1.0
548327,2,Royal Challengers Bangalore,death,1,bat_second,9,5,0.5555555555555556
548328,2,Kolkata Knight Riders,pp,1,bat_second,8,6,0.75
548328,2,Kolkata Knight Riders,middle,1,bat_second,7,5,0.7142857142857143
548328,2,Kolkata Knight Riders,death,0,bat_second,8,8,1.0
548328,1,Kings XI Punjab,pp,1,bat_first,17,7,0.4117647058823529
548328,1,Kings XI Punjab,middle,3,bat_first,13,3,0.23076923076923078
548328,1,Kings XI Punjab,death,3,bat_first,13,7,0.5384615384615384
548321,2,Delhi Daredevils,pp,3,bat_second,7,2,0.2857142857142857
548321,2,Delhi Daredevils,middle,2,bat_second,9,6,0.6666666666666666
548321,2,Delhi Daredevils,death,0,bat_second,12,12,1.0
548330,2,Pune Warriors,pp,2,bat_second,1,0,
548330,2,Pune Warriors,middle,3,bat_second,2,2,
548330,2,Pune Warriors,death,2,bat_second,2,1,
548330,1,Chennai Super Kings,pp,0,bat_first,10,7,0.7
548330,1,Chennai Super Kings,middle,0,bat_first,1,0,
548330,1,Chennai Super Kings,death,3,bat_first,15,8,0.5333333333333333
548321,1,Deccan Chargers,pp,1,bat_first,8,4,0.5
548321,1,Deccan Chargers,middle,3,bat_first,15,4,0.26666666666666666
548321,1,Deccan Chargers,death,3,bat_first,18,6,0.3333333333333333
548331,1,Kings XI Punjab,pp,2,bat_first,5,3,0.6
548331,1,Kings XI Punjab,middle,3,bat_first,14,3,0.21428571428571427
548331,1,Kings XI Punjab,death,1,bat_first,5,2,0.4
548331,2,Royal Challengers Bangalore,pp,3,bat_second,8,1,0.125
548331,2,Royal Challengers Bangalore,middle,0,bat_second,4,3,0.75
548331,2,Royal Challengers Bangalore,death,2,bat_second,9,3,0.3333333333333333
548332,1,Rajasthan Royals,pp,1,bat_first,7,4,0.5714285714285714
548332,1,Rajasthan Royals,middle,1,bat_first,4,3,0.75
548332,1,Rajasthan Royals,death,2,bat_first,8,3,0.375
548332,2,Chennai Super Kings,pp,0,bat_second,7,5,0.7142857142857143
548332,2,Chennai Super Kings,middle,1,bat_second,6,6,1.0
548332,2,Chennai Super Kings,death,2,bat_second,5,3,0.6
548333,1,Pune Warriors,pp,1,bat_first,2,0,
548333,1,Pune Warriors,middle,1,bat_first,2,2,
548333,1,Pune Warriors,death,1,bat_first,2,0,
548333,2,Delhi Daredevils,pp,1,bat_second,11,4,0.36363636363636365
548333,2,Delhi Daredevils,middle,3,bat_second,15,5,0.3333333333333333
548333,2,Delhi Daredevils,death,2,bat_second,6,3,0.5
548334,1,Mumbai Indians,pp,0,bat_first,5,2,0.4
548334,1,Mumbai Indians,middle,2,bat_first,11,6,0.5454545454545454
548334,1,Mumbai Indians,death,3,bat_first,19,9,0.47368421052631576
548334,2,Kings XI Punjab,pp,0,bat_second,6,5,0.8333333333333334
548334,2,Kings XI Punjab,middle,2,bat_second,12,8,0.6666666666666666
548334,2,Kings XI Punjab,death,2,bat_second,7,4,0.5714285714285714
548335,1,Deccan Chargers,pp,1,bat_first,9,4,0.4444444444444444
548335,1,Deccan Chargers,middle,2,bat_first,11,6,0.5454545454545454
548335,1,Deccan Chargers,death,3,bat_first,19,6,0.3157894736842105
548335,2,Kolkata Knight Riders,pp,1,bat_second,9,7,0.7777777777777778
548335,2,Kolkata Knight Riders,middle,3,bat_second,8,2,0.25
548335,2,Kolkata Knight Riders,death,1,bat_second,7,4,0.5714285714285714
548336,1,Royal Challengers Bangalore,pp,1,bat_first,9,4,0.4444444444444444
548336,1,Royal Challengers Bangalore,middle,2,bat_first,11,6,0.5454545454545454
548336,1,Royal Challengers Bangalore,death,0,bat_first,0,0,
548336,2,Rajasthan Royals,pp,0,bat_second,7,6,0.8571428571428571
548336,2,Rajasthan Royals,middle,3,bat_second,15,5,0.3333333333333333
548336,2,Rajasthan Royals,death,2,bat_second,4,1,0.25
548337,1,Pune Warriors,pp,2,bat_first,3,1,0.3333333333333333
548337,1,Pune Warriors,middle,0,bat_first,0,0,
548337,1,Pune Warriors,death,0,bat_first,0,0,
548337,2,Delhi Daredevils,pp,1,bat_second,12,4,0.3333333333333333
548337,2,Delhi Daredevils,middle,1,bat_second,7,5,0.7142857142857143
548337,2,Delhi Daredevils,death,0,bat_second,13,13,1.0
548339,2,Mumbai Indians,pp,0,bat_second,8,7,0.875
548339,2,Mumbai Indians,middle,3,bat_second,12,5,0.4166666666666667
548339,2,Mumbai Indians,death,2,bat_second,6,3,0.5
548339,1,Kings XI Punjab,pp,1,bat_first,18,7,0.3888888888888889
548339,1,Kings XI Punjab,middle,2,bat_first,7,3,0.42857142857142855
548339,1,Kings XI Punjab,death,0,bat_first,2,0,
548341,2,Pune Warriors,pp,2,bat_second,2,0,
548341,2,Pune Warriors,middle,3,bat_second,3,2,0.6666666666666666
548341,2,Pune Warriors,death,2,bat_second,3,1,0.3333333333333333
548341,1,Deccan Chargers,pp,2,bat_first,16,7,0.4375
548341,1,Deccan Chargers,middle,1,bat_first,6,3,0.5
548341,1,Deccan Chargers,death,1,bat_first,4,3,0.75
548342,1,Delhi Daredevils,pp,0,bat_first,2,1,
548342,1,Delhi Daredevils,middle,1,bat_first,6,3,0.5
548342,1,Delhi Daredevils,death,3,bat_first,12,4,0.3333333333333333
548342,2,Mumbai Indians,pp,3,bat_second,6,1,0.16666666666666666
548342,2,Mumbai Indians,middle,1,bat_second,6,4,0.6666666666666666
548342,2,Mumbai Indians,death,3,bat_second,9,1,0.1111111111111111
548343,1,Kings XI Punjab,pp,0,bat_first,2,1,
548343,1,Kings XI Punjab,middle,2,bat_first,8,3,0.375
548343,1,Kings XI Punjab,death,3,bat_first,14,7,0.5
548343,2,Chennai Super Kings,pp,1,bat_second,10,6,0.6
548343,2,Chennai Super Kings,middle,3,bat_second,7,2,0.2857142857142857
548343,2,Chennai Super Kings,death,2,bat_second,6,4,0.6666666666666666
548344,1,Kolkata Knight Riders,pp,0,bat_first,6,3,0.5
548344,1,Kolkata Knight Riders,middle,1,bat_first,14,4,0.2857142857142857
548344,1,Kolkata Knight Riders,death,3,bat_first,12,3,0.25
548344,2,Royal Challengers Bangalore,pp,3,bat_second,9,2,0.2222222222222222
548344,2,Royal Challengers Bangalore,middle,1,bat_second,9,9,1.0
548344,2,Royal Challengers Bangalore,death,2,bat_second,10,4,0.4
548345,1,Delhi Daredevils,pp,2,bat_first,11,5,0.45454545454545453
548345,1,Delhi Daredevils,middle,2,bat_first,9,3,0.3333333333333333
548345,1,Delhi Daredevils,death,2,bat_first,7,2,0.2857142857142857
548345,2,Rajasthan Royals,pp,0,bat_second,8,6,0.75
548345,2,Rajasthan Royals,middle,1,bat_second,6,6,1.0
548345,2,Rajasthan Royals,death,2,bat_second,5,1,0.2
548346,1,Deccan Chargers,pp,1,bat_first,10,4,0.4
548346,1,Deccan Chargers,middle,3,bat_first,16,4,0.25
548346,1,Deccan Chargers,death,3,bat_first,20,6,0.3
548346,2,Mumbai Indians,pp,2,bat_second,7,3,0.42857142857142855
548346,2,Mumbai Indians,middle,2,bat_second,7,3,0.42857142857142855
548346,2,Mumbai Indians,death,1,bat_second,3,2,0.6666666666666666
548347,1,Chennai Super Kings,pp,2,bat_first,14,7,0.5
548347,1,Chennai Super Kings,middle,2,bat_first,17,11,0.6470588235294118
548347,1,Chennai Super Kings,death,1,bat_first,14,9,0.6428571428571429
548347,2,Kolkata Knight Riders,pp,1,bat_second,10,8,0.8
548347,2,Kolkata Knight Riders,middle,1,bat_second,8,6,0.75
548347,2,Kolkata Knight Riders,death,3,bat_second,8,0,0.0
548348,1,Deccan Chargers,pp,2,bat_first,17,8,0.47058823529411764
548348,1,Deccan Chargers,middle,0,bat_first,2,2,
548348,1,Deccan Chargers,death,2,bat_first,11,6,0.5454545454545454
548349,2,Delhi Daredevils,pp,1,bat_second,13,5,0.38461538461538464
548349,2,Delhi Daredevils,middle,3,bat_second,16,5,0.3125
548349,2,Delhi Daredevils,death,0,bat_second,14,14,1.0
548349,1,Rajasthan Royals,pp,0,bat_first,11,7,0.6363636363636364
548349,1,Rajasthan Royals,middle,3,bat_first,14,2,0.14285714285714285
548349,1,Rajasthan Royals,death,1,bat_first,4,1,0.25
548348,2,Pune Warriors,pp,1,bat_second,5,4,0.8
548348,2,Pune Warriors,middle,2,bat_second,5,3,0.6
548348,2,Pune Warriors,death,2,bat_second,4,1,0.25
548350,1,Royal Challengers Bangalore,pp,1,bat_first,10,5,0.5
548350,1,Royal Challengers Bangalore,middle,0,bat_first,2,0,
548350,1,Royal Challengers Bangalore,death,3,bat_first,13,6,0.46153846153846156
548350,2,Kings XI Punjab,pp,1,bat_second,12,6,0.5
548350,2,Kings XI Punjab,middle,1,bat_second,4,4,1.0
548350,2,Kings XI Punjab,death,3,bat_second,9,0,0.0
548351,1,Mumbai Indians,pp,0,bat_first,6,2,0.3333333333333333
548351,1,Mumbai Indians,middle,3,bat_first,12,8,0.6666666666666666
548351,1,Mumbai Indians,death,3,bat_first,20,9,0.45
548351,2,Pune Warriors,pp,1,bat_second,6,4,0.6666666666666666
548351,2,Pune Warriors,middle,3,bat_second,4,2,0.5
548351,2,Pune Warriors,death,2,bat_second,5,1,0.2
548352,2,Deccan Chargers,pp,1,bat_second,9,5,0.5555555555555556
548352,2,Deccan Chargers,middle,2,bat_second,7,4,0.5714285714285714
548352,2,Deccan Chargers,death,2,bat_second,6,2,0.3333333333333333
548352,1,Chennai Super Kings,pp,1,bat_first,14,9,0.6428571428571429
548352,1,Chennai Super Kings,middle,3,bat_first,14,5,0.35714285714285715
548352,1,Chennai Super Kings,death,2,bat_first,11,5,0.45454545454545453
548354,1,Rajasthan Royals,pp,1,bat_first,8,4,0.5
548354,1,Rajasthan Royals,middle,2,bat_first,10,8,0.8
548354,1,Rajasthan Royals,death,3,bat_first,14,8,0.5714285714285714
548353,1,Kolkata Knight Riders,pp,0,bat_first,7,4,0.5714285714285714
548353,1,Kolkata Knight Riders,middle,2,bat_first,6,3,0.5
548353,1,Kolkata Knight Riders,death,3,bat_first,13,4,0.3076923076923077
548353,2,Pune Warriors,pp,2,bat_second,3,0,0.0
548353,2,Pune Warriors,middle,3,bat_second,5,2,0.4
548353,2,Pune Warriors,death,3,bat_second,2,0,
548354,2,Kings XI Punjab,pp,2,bat_second,9,4,0.4444444444444444
548354,2,Kings XI Punjab,middle,3,bat_second,14,3,0.21428571428571427
548354,2,Kings XI Punjab,death,3,bat_second,10,1,0.1
548355,2,Mumbai Indians,pp,1,bat_second,8,5,0.625
548355,2,Mumbai Indians,middle,0,bat_second,4,4,1.0
548355,2,Mumbai Indians,death,3,bat_second,10,1,0.1
548355,1,Chennai Super Kings,pp,1,bat_first,15,10,0.6666666666666666
548355,1,Chennai Super Kings,middle,2,bat_first,18,11,0.6111111111111112
548355,1,Chennai Super Kings,death,3,bat_first,16,9,0.5625
548356,1,Deccan Chargers,pp,0,bat_first,7,2,0.2857142857142857
548356,1,Deccan Chargers,middle,1,bat_first,7,4,0.5714285714285714
548356,1,Deccan Chargers,death,1,bat_first,5,4,0.8
548356,2,Royal Challengers Bangalore,pp,0,bat_second,9,8,0.8888888888888888
548356,2,Royal Challengers Bangalore,middle,3,bat_second,19,5,0.2631578947368421
548356,2,Royal Challengers Bangalore,death,2,bat_second,11,4,0.36363636363636365
548357,1,Delhi Daredevils,pp,2,bat_first,12,6,0.5
548357,1,Delhi Daredevils,middle,2,bat_first,10,4,0.4
548357,1,Delhi Daredevils,death,3,bat_first,13,5,0.38461538461538464
548357,2,Kolkata Knight Riders,pp,0,bat_second,4,2,0.5
548357,2,Kolkata Knight Riders,middle,1,bat_second,9,7,0.7777777777777778
548357,2,Kolkata Knight Riders,death,3,bat_second,9,1,0.1111111111111111
548358,1,Pune Warriors,pp,1,bat_first,3,1,0.3333333333333333
548358,1,Pune Warriors,middle,3,bat_first,6,0,0.0
548358,1,Pune Warriors,death,2,bat_first,2,0,
548358,2,Rajasthan Royals,pp,2,bat_second,13,4,0.3076923076923077
548358,2,Rajasthan Royals,middle,1,bat_second,7,6,0.8571428571428571
548358,2,Rajasthan Royals,death,0,bat_second,12,12,1.0
548359,1,Kings XI Punjab,pp,0,bat_first,3,2,0.6666666666666666
548359,1,Kings XI Punjab,middle,3,bat_first,15,3,0.2
548359,1,Kings XI Punjab,death,2,bat_first,9,3,0.3333333333333333
548359,2,Deccan Chargers,pp,2,bat_second,11,2,0.18181818181818182
548359,2,Deccan Chargers,middle,3,bat_second,15,2,0.13333333333333333
548359,2,Deccan Chargers,death,3,bat_second,13,0,0.0
548360,1,Mumbai Indians,pp,2,bat_first,11,4,0.36363636363636365
548360,1,Mumbai Indians,middle,2,bat_first,12,6,0.5
548360,1,Mumbai Indians,death,2,bat_first,7,4,0.5714285714285714
548360,2,Royal Challengers Bangalore,pp,0,bat_second,10,9,0.9
548360,2,Royal Challengers Bangalore,middle,1,bat_second,10,9,0.9
548360,2,Royal Challengers Bangalore,death,0,bat_second,13,12,0.9230769230769231
548361,1,Rajasthan Royals,pp,2,bat_first,6,2,0.3333333333333333
548361,1,Rajasthan Royals,middle,2,bat_first,11,9,0.8181818181818182
548361,1,Rajasthan Royals,death,2,bat_first,9,3,0.3333333333333333
548361,2,Chennai Super Kings,pp,2,bat_second,6,4,0.6666666666666666
548361,2,Chennai Super Kings,middle,2,bat_second,6,2,0.3333333333333333
548361,2,Chennai Super Kings,death,2,bat_second,7,4,0.5714285714285714
548329,1,Deccan Chargers,pp,2,bat_first,18,9,0.5
548329,1,Deccan Chargers,middle,0,bat_first,3,3,1.0
548329,1,Deccan Chargers,death,2,bat_first,12,7,0.5833333333333334
548329,2,Delhi Daredevils,pp,1,bat_second,14,6,0.42857142857142855
548329,2,Delhi Daredevils,middle,0,bat_second,4,4,1.0
548329,2,Delhi Daredevils,death,0,bat_second,15,15,1.0
548362,1,Royal Challengers Bangalore,pp,0,bat_first,2,2,
548362,1,Royal Challengers Bangalore,middle,2,bat_first,12,7,0.5833333333333334
548362,1,Royal Challengers Bangalore,death,1,bat_first,3,1,0.3333333333333333
548362,2,Pune Warriors,pp,3,bat_second,1,0,
548362,2,Pune Warriors,middle,3,bat_second,6,2,0.3333333333333333
548362,2,Pune Warriors,death,3,bat_second,3,0,0.0
548363,2,Kolkata Knight Riders,pp,2,bat_second,7,4,0.5714285714285714
548363,2,Kolkata Knight Riders,middle,1,bat_second,10,8,0.8
548363,2,Kolkata Knight Riders,death,1,bat_second,8,5,0.625
548364,2,Chennai Super Kings,pp,0,bat_second,8,6,0.75
548364,2,Chennai Super Kings,middle,1,bat_second,7,7,1.0
548364,2,Chennai Super Kings,death,0,bat_second,6,6,1.0
548364,1,Delhi Daredevils,pp,3,bat_first,7,2,0.2857142857142857
548364,1,Delhi Daredevils,middle,1,bat_first,7,4,0.5714285714285714
548364,1,Delhi Daredevils,death,0,bat_first,3,1,0.3333333333333333
548363,1,Mumbai Indians,pp,1,bat_first,13,13,1.0
548363,1,Mumbai Indians,middle,0,bat_first,0,0,
548363,1,Mumbai Indians,death,0,bat_first,3,2,0.6666666666666666
548365,2,Pune Warriors,pp,3,bat_second,2,0,
548365,2,Pune Warriors,middle,2,bat_second,6,3,0.5
548365,2,Pune Warriors,death,3,bat_second,4,0,0.0
548366,1,Deccan Chargers,pp,1,bat_first,11,4,0.36363636363636365
548366,1,Deccan Chargers,middle,1,bat_first,8,4,0.5
548366,1,Deccan Chargers,death,2,bat_first,13,7,0.5384615384615384
548366,2,Kings XI Punjab,pp,2,bat_second,10,4,0.4
548366,2,Kings XI Punjab,middle,2,bat_second,13,9,0.6923076923076923
548366,2,Kings XI Punjab,death,2,bat_second,8,5,0.625
548365,1,Rajasthan Royals,pp,1,bat_first,9,5,0.5555555555555556
548365,1,Rajasthan Royals,middle,1,bat_first,5,3,0.6
548365,1,Rajasthan Royals,death,2,bat_first,10,3,0.3
548367,1,Royal Challengers Bangalore,pp,2,bat_first,7,3,0.42857142857142855
548367,1,Royal Challengers Bangalore,middle,2,bat_first,13,8,0.6153846153846154
548367,1,Royal Challengers Bangalore,death,2,bat_first,8,3,0.375
548367,2,Mumbai Indians,pp,3,bat_second,7,1,0.14285714285714285
548367,2,Mumbai Indians,middle,2,bat_second,8,4,0.5
548367,2,Mumbai Indians,death,0,bat_second,11,10,0.9090909090909091
548368,1,Kolkata Knight Riders,pp,0,bat_first,8,5,0.625
548368,1,Kolkata Knight Riders,middle,3,bat_first,11,4,0.36363636363636365
548368,1,Kolkata Knight Riders,death,3,bat_first,14,5,0.35714285714285715
548368,2,Chennai Super Kings,pp,0,bat_second,9,7,0.7777777777777778
548368,2,Chennai Super Kings,middle,3,bat_second,8,2,0.25
548368,2,Chennai Super Kings,death,2,bat_second,8,5,0.625
548369,1,Kings XI Punjab,pp,2,bat_first,6,3,0.5
548369,1,Kings XI Punjab,middle,3,bat_first,16,4,0.25
548369,1,Kings XI Punjab,death,2,bat_first,10,4,0.4
548369,2,Delhi Daredevils,pp,3,bat_second,8,3,0.375
548369,2,Delhi Daredevils,middle,1,bat_second,8,6,0.75
548369,2,Delhi Daredevils,death,0,bat_second,16,16,1.0
548370,2,Mumbai Indians,pp,1,bat_second,9,6,0.6666666666666666
548370,2,Mumbai Indians,middle,2,bat_second,9,5,0.5555555555555556
548370,2,Mumbai Indians,death,3,bat_second,11,2,0.18181818181818182
548370,1,Kolkata Knight Riders,pp,2,bat_first,7,3,0.42857142857142855
548370,1,Kolkata Knight Riders,middle,3,bat_first,12,4,0.3333333333333333
548370,1,Kolkata Knight Riders,death,2,bat_first,10,4,0.4
548372,1,Royal Challengers Bangalore,pp,1,bat_first,11,5,0.45454545454545453
548372,1,Royal Challengers Bangalore,middle,0,bat_first,3,0,0.0
548372,1,Royal Challengers Bangalore,death,0,bat_first,1,1,
548372,2,Delhi Daredevils,pp,2,bat_second,8,6,0.75
548372,2,Delhi Daredevils,middle,2,bat_second,10,7,0.7
548372,2,Delhi Daredevils,death,3,bat_second,9,0,0.0
548371,1,Chennai Super Kings,pp,2,bat_first,15,7,0.4666666666666667
548371,1,Chennai Super Kings,middle,2,bat_first,19,11,0.5789473684210527
548371,1,Chennai Super Kings,death,3,bat_first,17,9,0.5294117647058824
548371,2,Kings XI Punjab,pp,0,bat_second,7,6,0.8571428571428571
548371,2,Kings XI Punjab,middle,3,bat_second,15,3,0.2
548371,2,Kings XI Punjab,death,1,bat_second,6,4,0.6666666666666666
548373,1,Rajasthan Royals,pp,1,bat_first,10,6,0.6
548373,1,Rajasthan Royals,middle,3,bat_first,15,2,0.13333333333333333
548373,1,Rajasthan Royals,death,3,bat_first,15,9,0.6
548373,2,Deccan Chargers,pp,0,bat_second,5,3,0.6
548373,2,Deccan Chargers,middle,3,bat_second,16,2,0.125
548373,2,Deccan Chargers,death,2,bat_second,7,2,0.2857142857142857
548374,1,Kings XI Punjab,pp,3,bat_first,5,1,0.2
548374,1,Kings XI Punjab,middle,1,bat_first,8,5,0.625
548374,1,Kings XI Punjab,death,3,bat_first,15,8,0.5333333333333333
548374,2,Delhi Daredevils,pp,0,bat_second,9,8,0.8888888888888888
548374,2,Delhi Daredevils,middle,3,bat_second,17,6,0.35294117647058826
548374,2,Delhi Daredevils,death,1,bat_second,8,5,0.625
548375,1,Kolkata Knight Riders,pp,1,bat_first,10,5,0.5
548375,1,Kolkata Knight Riders,middle,1,bat_first,15,5,0.3333333333333333
548375,1,Kolkata Knight Riders,death,2,bat_first,11,5,0.45454545454545453
548375,2,Pune Warriors,pp,1,bat_second,7,4,0.5714285714285714
548375,2,Pune Warriors,middle,3,bat_second,7,2,0.2857142857142857
548375,2,Pune Warriors,death,3,bat_second,5,0,0.0
548376,1,Deccan Chargers,pp,3,bat_first,3,2,0.6666666666666666
548376,1,Deccan Chargers,middle,1,bat_first,9,4,0.4444444444444444
548376,1,Deccan Chargers,death,3,bat_first,21,6,0.2857142857142857
548376,2,Royal Challengers Bangalore,pp,2,bat_second,12,5,0.4166666666666667
548376,2,Royal Challengers Bangalore,middle,2,bat_second,11,6,0.5454545454545454
548376,2,Royal Challengers Bangalore,death,3,bat_second,11,2,0.18181818181818182
548377,1,Rajasthan Royals,pp,2,bat_first,7,2,0.2857142857142857
548377,1,Rajasthan Royals,middle,2,bat_first,12,9,0.75
548377,1,Rajasthan Royals,death,2,bat_first,11,4,0.36363636363636365
548377,2,Mumbai Indians,pp,0,bat_second,9,8,0.8888888888888888
548377,2,Mumbai Indians,middle,0,bat_second,5,5,1.0
548377,2,Mumbai Indians,death,0,bat_second,12,11,0.9166666666666666
548378,2,Delhi Daredevils,pp,2,bat_second,9,6,0.6666666666666666
548378,2,Delhi Daredevils,middle,2,bat_second,11,7,0.6363636363636364
548378,2,Delhi Daredevils,death,3,bat_second,10,0,0.0
548378,1,Kolkata Knight Riders,pp,1,bat_first,11,6,0.5454545454545454
548378,1,Kolkata Knight Riders,middle,2,bat_first,7,4,0.5714285714285714
548378,1,Kolkata Knight Riders,death,1,bat_first,7,3,0.42857142857142855
548379,2,Mumbai Indians,pp,1,bat_second,10,6,0.6
548379,2,Mumbai Indians,middle,3,bat_second,13,6,0.46153846153846156
548379,2,Mumbai Indians,death,2,bat_second,7,4,0.5714285714285714
548379,1,Chennai Super Kings,pp,2,bat_first,16,7,0.4375
548379,1,Chennai Super Kings,middle,2,bat_first,20,11,0.55
548379,1,Chennai Super Kings,death,1,bat_first,15,9,0.6
548380,1,Chennai Super Kings,pp,0,bat_first,11,8,0.7272727272727273
548380,1,Chennai Super Kings,middle,2,bat_first,21,12,0.5714285714285714
548380,1,Chennai Super Kings,death,3,bat_first,18,9,0.5
548380,2,Delhi Daredevils,pp,2,bat_second,10,6,0.6
548380,2,Delhi Daredevils,middle,3,bat_second,18,7,0.3888888888888889
548380,2,Delhi Daredevils,death,3,bat_second,11,0,0.0
548381,1,Chennai Super Kings,pp,0,bat_first,12,9,0.75
548381,1,Chennai Super Kings,middle,1,bat_first,11,8,0.7272727272727273
548381,1,Chennai Super Kings,death,2,bat_first,12,6,0.5
548381,2,Kolkata Knight Riders,pp,1,bat_second,11,9,0.8181818181818182
548381,2,Kolkata Knight Riders,middle,1,bat_second,11,8,0.7272727272727273
548381,2,Kolkata Knight Riders,death,3,bat_second,10,2,0.2
597998,1,Delhi Daredevils,pp,2,bat_first,13,6,0.46153846153846156
597998,1,Delhi Daredevils,middle,3,bat_first,7,2,0.2857142857142857
597998,1,Delhi Daredevils,death,3,bat_first,14,5,0.35714285714285715
597998,2,Kolkata Knight Riders,pp,1,bat_second,12,10,0.8333333333333334
597998,2,Kolkata Knight Riders,middle,3,bat_second,9,3,0.3333333333333333
597998,2,Kolkata Knight Riders,death,0,bat_second,9,9,1.0
597999,1,Royal Challengers Bangalore,pp,2,bat_first,8,3,0.375
597999,1,Royal Challengers Bangalore,middle,3,bat_first,8,4,0.5
597999,1,Royal Challengers Bangalore,death,0,bat_first,2,2,
597999,2,Mumbai Indians,pp,0,bat_second,10,9,0.9
597999,2,Mumbai Indians,middle,3,bat_second,14,6,0.42857142857142855
597999,2,Mumbai Indians,death,2,bat_second,8,4,0.5
598000,1,Sunrisers Hyderabad,pp,1,bat_first,0,0,
598000,1,Sunrisers Hyderabad,middle,3,bat_first,0,0,
598000,1,Sunrisers Hyderabad,death,2,bat_first,0,0,
598000,2,Pune Warriors,pp,0,bat_second,1,1,
598000,2,Pune Warriors,middle,3,bat_second,8,2,0.25
598000,2,Pune Warriors,death,3,bat_second,6,0,0.0
598002,2,Chennai Super Kings,pp,2,bat_second,7,5,0.7142857142857143
598002,2,Chennai Super Kings,middle,3,bat_second,9,3,0.3333333333333333
598002,2,Chennai Super Kings,death,3,bat_second,8,1,0.125
598001,2,Delhi Daredevils,pp,1,bat_second,15,7,0.4666666666666667
598001,2,Delhi Daredevils,middle,1,bat_second,9,7,0.7777777777777778
598001,2,Delhi Daredevils,death,3,bat_second,12,0,0.0
598001,1,Rajasthan Royals,pp,1,bat_first,11,6,0.5454545454545454
598001,1,Rajasthan Royals,middle,1,bat_first,6,4,0.6666666666666666
598001,1,Rajasthan Royals,death,3,bat_first,16,9,0.5625
598002,1,Mumbai Indians,pp,2,bat_first,12,4,0.3333333333333333
598002,1,Mumbai Indians,middle,3,bat_first,13,9,0.6923076923076923
598002,1,Mumbai Indians,death,0,bat_first,4,3,0.75
598003,1,Pune Warriors,pp,2,bat_first,4,1,0.25
598003,1,Pune Warriors,middle,3,bat_first,7,0,0.0
598003,1,Pune Warriors,death,3,bat_first,6,2,0.3333333333333333
598003,2,Kings XI Punjab,pp,1,bat_second,13,7,0.5384615384615384
598003,2,Kings XI Punjab,middle,1,bat_second,5,5,1.0
598003,2,Kings XI Punjab,death,0,bat_second,10,9,0.9
598004,1,Royal Challengers Bangalore,pp,2,bat_first,9,4,0.4444444444444444
598004,1,Royal Challengers Bangalore,middle,2,bat_first,14,8,0.5714285714285714
598004,1,Royal Challengers Bangalore,death,3,bat_first,14,6,0.42857142857142855
598004,2,Sunrisers Hyderabad,pp,2,bat_second,0,0,
598004,2,Sunrisers Hyderabad,middle,2,bat_second,0,0,
598004,2,Sunrisers Hyderabad,death,3,bat_second,0,0,
598005,1,Rajasthan Royals,pp,1,bat_first,12,7,0.5833333333333334
598005,1,Rajasthan Royals,middle,2,bat_first,13,9,0.6923076923076923
598005,1,Rajasthan Royals,death,3,bat_first,17,10,0.5882352941176471
598005,2,Kolkata Knight Riders,pp,2,bat_second,8,4,0.5
598005,2,Kolkata Knight Riders,middle,3,bat_second,10,4,0.4
598005,2,Kolkata Knight Riders,death,3,bat_second,11,3,0.2727272727272727
598048,2,Royal Challengers Bangalore,pp,1,bat_second,14,9,0.6428571428571429
598048,2,Royal Challengers Bangalore,middle,2,bat_second,12,6,0.5
598048,2,Royal Challengers Bangalore,death,0,bat_second,14,13,0.9285714285714286
598048,1,Sunrisers Hyderabad,pp,1,bat_first,1,1,
598048,1,Sunrisers Hyderabad,middle,2,bat_first,0,0,
598048,1,Sunrisers Hyderabad,death,3,bat_first,0,0,
598006,1,Mumbai Indians,pp,2,bat_first,13,5,0.38461538461538464
598006,1,Mumbai Indians,middle,1,bat_first,12,6,0.5
598006,1,Mumbai Indians,death,2,bat_first,8,4,0.5
598006,2,Delhi Daredevils,pp,2,bat_second,11,6,0.5454545454545454
598006,2,Delhi Daredevils,middle,3,bat_second,19,7,0.3684210526315789
598006,2,Delhi Daredevils,death,3,bat_second,13,0,0.0
598007,2,Chennai Super Kings,pp,0,bat_second,10,8,0.8
598007,2,Chennai Super Kings,middle,0,bat_second,5,5,1.0
598007,2,Chennai Super Kings,death,0,bat_second,7,7,1.0
598007,1,Kings XI Punjab,pp,2,bat_first,7,3,0.42857142857142855
598007,1,Kings XI Punjab,middle,2,bat_first,9,4,0.4444444444444444
598007,1,Kings XI Punjab,death,3,bat_first,16,8,0.5
598008,1,Kolkata Knight Riders,pp,1,bat_first,12,7,0.5833333333333334
598008,1,Kolkata Knight Riders,middle,2,bat_first,8,5,0.625
598008,1,Kolkata Knight Riders,death,3,bat_first,15,5,0.3333333333333333
598008,2,Royal Challengers Bangalore,pp,1,bat_second,15,10,0.6666666666666666
598008,2,Royal Challengers Bangalore,middle,1,bat_second,11,10,0.9090909090909091
598008,2,Royal Challengers Bangalore,death,0,bat_second,15,14,0.9333333333333333
598009,1,Rajasthan Royals,pp,1,bat_first,13,8,0.6153846153846154
598009,1,Rajasthan Royals,middle,3,bat_first,16,2,0.125
598009,1,Rajasthan Royals,death,1,bat_first,5,1,0.2
598009,2,Pune Warriors,pp,1,bat_second,8,4,0.5
598009,2,Pune Warriors,middle,1,bat_second,1,0,
598009,2,Pune Warriors,death,1,bat_second,2,2,
598010,2,Sunrisers Hyderabad,pp,1,bat_second,0,0,
598010,2,Sunrisers Hyderabad,middle,3,bat_second,0,0,
598010,2,Sunrisers Hyderabad,death,2,bat_second,0,0,
598010,1,Delhi Daredevils,pp,3,bat_first,8,2,0.25
598010,1,Delhi Daredevils,middle,2,bat_first,11,4,0.36363636363636365
598010,1,Delhi Daredevils,death,3,bat_first,15,5,0.3333333333333333
598011,1,Mumbai Indians,pp,0,bat_first,7,3,0.42857142857142855
598011,1,Mumbai Indians,middle,2,bat_first,13,6,0.46153846153846156
598011,1,Mumbai Indians,death,1,bat_first,6,5,0.8333333333333334
598011,2,Pune Warriors,pp,3,bat_second,3,0,0.0
598011,2,Pune Warriors,middle,2,bat_second,7,3,0.42857142857142855
598011,2,Pune Warriors,death,2,bat_second,6,1,0.16666666666666666
598012,1,Royal Challengers Bangalore,pp,1,bat_first,12,6,0.5
598012,1,Royal Challengers Bangalore,middle,1,bat_first,3,0,0.0
598012,1,Royal Challengers Bangalore,death,3,bat_first,15,6,0.4
598012,2,Chennai Super Kings,pp,2,bat_second,8,5,0.625
598012,2,Chennai Super Kings,middle,2,bat_second,7,3,0.42857142857142855
598012,2,Chennai Super Kings,death,2,bat_second,9,6,0.6666666666666666
598014,2,Rajasthan Royals,pp,1,bat_second,8,8,1.0
598014,2,Rajasthan Royals,middle,3,bat_second,16,5,0.3125
598014,2,Rajasthan Royals,death,0,bat_second,13,13,1.0
598014,1,Kings XI Punjab,pp,3,bat_first,6,1,0.16666666666666666
598014,1,Kings XI Punjab,middle,3,bat_first,17,4,0.23529411764705882
598014,1,Kings XI Punjab,death,3,bat_first,17,8,0.47058823529411764
598013,2,Sunrisers Hyderabad,pp,0,bat_second,0,0,
598013,2,Sunrisers Hyderabad,middle,3,bat_second,1,1,
598013,2,Sunrisers Hyderabad,death,3,bat_second,1,0,
598013,1,Kolkata Knight Riders,pp,0,bat_first,9,5,0.5555555555555556
598013,1,Kolkata Knight Riders,middle,2,bat_first,9,5,0.5555555555555556
598013,1,Kolkata Knight Riders,death,2,bat_first,12,6,0.5
598015,2,Chennai Super Kings,pp,2,bat_second,9,6,0.6666666666666666
598015,2,Chennai Super Kings,middle,3,bat_second,10,3,0.3
598015,2,Chennai Super Kings,death,3,bat_second,9,1,0.1111111111111111
598015,1,Pune Warriors,pp,0,bat_first,1,0,
598015,1,Pune Warriors,middle,2,bat_first,2,0,
598015,1,Pune Warriors,death,3,bat_first,7,2,0.2857142857142857
598016,2,Kolkata Knight Riders,pp,2,bat_second,9,4,0.4444444444444444
598016,2,Kolkata Knight Riders,middle,2,bat_second,7,2,0.2857142857142857
598016,2,Kolkata Knight Riders,death,3,bat_second,12,3,0.25
598017,1,Delhi Daredevils,pp,1,bat_first,6,3,0.5
598017,1,Delhi Daredevils,middle,3,bat_first,8,2,0.25
598017,1,Delhi Daredevils,death,1,bat_first,4,4,1.0
598017,2,Royal Challengers Bangalore,pp,2,bat_second,13,5,0.38461538461538464
598017,2,Royal Challengers Bangalore,middle,0,bat_second,5,4,0.8
598017,2,Royal Challengers Bangalore,death,3,bat_second,12,2,0.16666666666666666
598016,1,Kings XI Punjab,pp,1,bat_first,19,7,0.3684210526315789
598016,1,Kings XI Punjab,middle,3,bat_first,18,4,0.2222222222222222
598016,1,Kings XI Punjab,death,3,bat_first,18,8,0.4444444444444444
598018,1,Sunrisers Hyderabad,pp,3,bat_first,0,0,
598018,1,Sunrisers Hyderabad,middle,3,bat_first,1,1,
598018,1,Sunrisers Hyderabad,death,1,bat_first,0,0,
598018,2,Pune Warriors,pp,2,bat_second,4,0,0.0
598018,2,Pune Warriors,middle,2,bat_second,8,3,0.375
598018,2,Pune Warriors,death,3,bat_second,7,0,0.0
598019,1,Rajasthan Royals,pp,0,bat_first,12,7,0.5833333333333334
598019,1,Rajasthan Royals,middle,2,bat_first,14,10,0.7142857142857143
598019,1,Rajasthan Royals,death,1,bat_first,6,1,0.16666666666666666
598019,2,Mumbai Indians,pp,2,bat_second,8,4,0.5
598019,2,Mumbai Indians,middle,3,bat_second,15,6,0.4
598019,2,Mumbai Indians,death,3,bat_second,12,2,0.16666666666666666
598020,1,Chennai Super Kings,pp,1,bat_first,16,10,0.625
598020,1,Chennai Super Kings,middle,1,bat_first,12,8,0.6666666666666666
598020,1,Chennai Super Kings,death,2,bat_first,13,6,0.46153846153846156
598020,2,Delhi Daredevils,pp,3,bat_second,9,4,0.4444444444444444
598020,2,Delhi Daredevils,middle,3,bat_second,20,7,0.35
598020,2,Delhi Daredevils,death,3,bat_second,14,0,0.0
598021,2,Sunrisers Hyderabad,pp,1,bat_second,1,1,
598021,2,Sunrisers Hyderabad,middle,2,bat_second,1,0,
598021,2,Sunrisers Hyderabad,death,2,bat_second,1,1,
598021,1,Kings XI Punjab,pp,1,bat_first,20,8,0.4
598021,1,Kings XI Punjab,middle,3,bat_first,19,5,0.2631578947368421
598021,1,Kings XI Punjab,death,3,bat_first,19,9,0.47368421052631576
598022,1,Kolkata Knight Riders,pp,1,bat_first,13,7,0.5384615384615384
598022,1,Kolkata Knight Riders,middle,3,bat_first,13,5,0.38461538461538464
598022,1,Kolkata Knight Riders,death,3,bat_first,16,5,0.3125
598022,2,Chennai Super Kings,pp,1,bat_second,11,6,0.5454545454545454
598022,2,Chennai Super Kings,middle,3,bat_second,11,3,0.2727272727272727
598022,2,Chennai Super Kings,death,2,bat_second,10,7,0.7
598023,2,Royal Challengers Bangalore,pp,0,bat_second,11,10,0.9090909090909091
598023,2,Royal Challengers Bangalore,middle,3,bat_second,20,6,0.3
598023,2,Royal Challengers Bangalore,death,0,bat_second,16,15,0.9375
598023,1,Rajasthan Royals,pp,2,bat_first,8,2,0.25
598023,1,Rajasthan Royals,middle,2,bat_first,15,11,0.7333333333333333
598023,1,Rajasthan Royals,death,3,bat_first,18,11,0.6111111111111112
598025,1,Pune Warriors,pp,0,bat_first,2,1,
598025,1,Pune Warriors,middle,1,bat_first,3,3,1.0
598025,1,Pune Warriors,death,3,bat_first,8,3,0.375
598025,2,Kings XI Punjab,pp,2,bat_second,11,5,0.45454545454545453
598025,2,Kings XI Punjab,middle,1,bat_second,6,6,1.0
598025,2,Kings XI Punjab,death,0,bat_second,11,10,0.9090909090909091
598024,1,Mumbai Indians,pp,2,bat_first,14,6,0.42857142857142855
598024,1,Mumbai Indians,middle,0,bat_first,1,1,
598024,1,Mumbai Indians,death,2,bat_first,9,5,0.5555555555555556
598024,2,Delhi Daredevils,pp,0,bat_second,10,9,0.9
598024,2,Delhi Daredevils,middle,0,bat_second,5,5,1.0
598024,2,Delhi Daredevils,death,1,bat_second,9,6,0.6666666666666666
598026,1,Rajasthan Royals,pp,0,bat_first,13,8,0.6153846153846154
598026,1,Rajasthan Royals,middle,3,bat_first,17,2,0.11764705882352941
598026,1,Rajasthan Royals,death,1,bat_first,7,2,0.2857142857142857
598026,2,Chennai Super Kings,pp,1,bat_second,12,7,0.5833333333333334
598026,2,Chennai Super Kings,middle,1,bat_second,8,8,1.0
598026,2,Chennai Super Kings,death,3,bat_second,10,1,0.1
598027,1,Royal Challengers Bangalore,pp,0,bat_first,3,3,1.0
598027,1,Royal Challengers Bangalore,middle,1,bat_first,4,0,0.0
598027,1,Royal Challengers Bangalore,death,3,bat_first,16,6,0.375
598027,2,Pune Warriors,pp,3,bat_second,4,0,0.0
598027,2,Pune Warriors,middle,1,bat_second,2,1,
598027,2,Pune Warriors,death,3,bat_second,8,0,0.0
598059,2,Kings XI Punjab,pp,3,bat_second,5,2,0.4
598059,2,Kings XI Punjab,middle,1,bat_second,7,7,1.0
598059,2,Kings XI Punjab,death,1,bat_second,7,5,0.7142857142857143
598059,1,Delhi Daredevils,pp,2,bat_first,14,6,0.42857142857142855
598059,1,Delhi Daredevils,middle,3,bat_first,9,2,0.2222222222222222
598059,1,Delhi Daredevils,death,1,bat_first,5,4,0.8
598029,1,Kolkata Knight Riders,pp,1,bat_first,14,7,0.5
598029,1,Kolkata Knight Riders,middle,2,bat_first,10,6,0.6
598029,1,Kolkata Knight Riders,death,3,bat_first,17,5,0.29411764705882354
598029,2,Mumbai Indians,pp,1,bat_second,11,6,0.5454545454545454
598029,2,Mumbai Indians,middle,2,bat_second,10,5,0.5
598029,2,Mumbai Indians,death,2,bat_second,9,4,0.4444444444444444
598030,1,Sunrisers Hyderabad,pp,3,bat_first,1,1,
598030,1,Sunrisers Hyderabad,middle,1,bat_first,0,0,
598030,1,Sunrisers Hyderabad,death,2,bat_first,1,1,
598030,2,Chennai Super Kings,pp,0,bat_second,11,9,0.8181818181818182
598030,2,Chennai Super Kings,middle,3,bat_second,12,4,0.3333333333333333
598030,2,Chennai Super Kings,death,2,bat_second,11,8,0.7272727272727273
598031,2,Kolkata Knight Riders,pp,2,bat_second,10,4,0.4
598031,2,Kolkata Knight Riders,middle,1,bat_second,12,9,0.75
598031,2,Kolkata Knight Riders,death,1,bat_second,9,5,0.5555555555555556
598031,1,Kings XI Punjab,pp,0,bat_first,4,3,0.75
598031,1,Kings XI Punjab,middle,3,bat_first,20,5,0.25
598031,1,Kings XI Punjab,death,2,bat_first,11,4,0.36363636363636365
598032,2,Rajasthan Royals,pp,1,bat_second,9,9,1.0
598032,2,Rajasthan Royals,middle,1,bat_second,8,7,0.875
598032,2,Rajasthan Royals,death,0,bat_second,14,14,1.0
598033,1,Mumbai Indians,pp,1,bat_first,14,14,1.0
598033,1,Mumbai Indians,middle,2,bat_first,14,7,0.5
598033,1,Mumbai Indians,death,3,bat_first,21,10,0.47619047619047616
598033,2,Royal Challengers Bangalore,pp,1,bat_second,16,11,0.6875
598033,2,Royal Challengers Bangalore,middle,3,bat_second,21,7,0.3333333333333333
598033,2,Royal Challengers Bangalore,death,0,bat_second,17,16,0.9411764705882353
598032,1,Sunrisers Hyderabad,pp,3,bat_first,2,1,
598032,1,Sunrisers Hyderabad,middle,2,bat_first,1,0,
598032,1,Sunrisers Hyderabad,death,2,bat_first,2,1,
598034,1,Chennai Super Kings,pp,0,bat_first,13,9,0.6923076923076923
598034,1,Chennai Super Kings,middle,1,bat_first,13,9,0.6923076923076923
598034,1,Chennai Super Kings,death,2,bat_first,14,7,0.5
598034,2,Kolkata Knight Riders,pp,2,bat_second,11,5,0.45454545454545453
598034,2,Kolkata Knight Riders,middle,1,bat_second,13,10,0.7692307692307693
598034,2,Kolkata Knight Riders,death,1,bat_second,10,6,0.6
598035,1,Delhi Daredevils,pp,1,bat_first,7,3,0.42857142857142855
598035,1,Delhi Daredevils,middle,3,bat_first,10,2,0.2
598035,1,Delhi Daredevils,death,1,bat_first,6,4,0.6666666666666666
598035,2,Pune Warriors,pp,0,bat_second,2,1,
598035,2,Pune Warriors,middle,2,bat_second,9,3,0.3333333333333333
598035,2,Pune Warriors,death,2,bat_second,7,1,0.14285714285714285
598037,2,Kings XI Punjab,pp,2,bat_second,12,6,0.5
598037,2,Kings XI Punjab,middle,3,bat_second,16,4,0.25
598037,2,Kings XI Punjab,death,3,bat_second,11,1,0.09090909090909091
598037,1,Mumbai Indians,pp,1,bat_first,15,15,1.0
598037,1,Mumbai Indians,middle,2,bat_first,15,8,0.5333333333333333
598037,1,Mumbai Indians,death,0,bat_first,5,4,0.8
598036,1,Royal Challengers Bangalore,pp,1,bat_first,13,6,0.46153846153846156
598036,1,Royal Challengers Bangalore,middle,2,bat_first,15,8,0.5333333333333333
598036,1,Royal Challengers Bangalore,death,3,bat_first,17,7,0.4117647058823529
598036,2,Rajasthan Royals,pp,1,bat_second,10,10,1.0
598036,2,Rajasthan Royals,middle,2,bat_second,11,8,0.7272727272727273
598036,2,Rajasthan Royals,death,3,bat_second,10,3,0.3
598038,1,Chennai Super Kings,pp,2,bat_first,17,8,0.47058823529411764
598038,1,Chennai Super Kings,middle,0,bat_first,2,1,
598038,1,Chennai Super Kings,death,1,bat_first,16,10,0.625
598038,2,Pune Warriors,pp,3,bat_second,5,0,0.0
598038,2,Pune Warriors,middle,3,bat_second,9,2,0.2222222222222222
598038,2,Pune Warriors,death,2,bat_second,8,1,0.125
598040,2,Delhi Daredevils,pp,2,bat_second,12,6,0.5
598040,2,Delhi Daredevils,middle,0,bat_second,6,6,1.0
598040,2,Delhi Daredevils,death,1,bat_second,10,7,0.7
598039,2,Sunrisers Hyderabad,pp,1,bat_second,2,2,
598039,2,Sunrisers Hyderabad,middle,1,bat_second,0,0,
598039,2,Sunrisers Hyderabad,death,1,bat_second,0,0,
598039,1,Mumbai Indians,pp,2,bat_first,15,6,0.4
598039,1,Mumbai Indians,middle,2,bat_first,16,9,0.5625
598039,1,Mumbai Indians,death,0,bat_first,6,5,0.8333333333333334
598040,1,Kolkata Knight Riders,pp,3,bat_first,10,1,0.1
598040,1,Kolkata Knight Riders,middle,2,bat_first,11,6,0.5454545454545454
598040,1,Kolkata Knight Riders,death,2,bat_first,13,7,0.5384615384615384
598041,1,Chennai Super Kings,pp,1,bat_first,17,11,0.6470588235294118
598041,1,Chennai Super Kings,middle,2,bat_first,22,13,0.5909090909090909
598041,1,Chennai Super Kings,death,1,bat_first,17,11,0.6470588235294118
598042,1,Royal Challengers Bangalore,pp,0,bat_first,4,4,1.0
598042,1,Royal Challengers Bangalore,middle,2,bat_first,16,8,0.5
598042,1,Royal Challengers Bangalore,death,1,bat_first,4,2,0.5
598042,2,Pune Warriors,pp,1,bat_second,9,5,0.5555555555555556
598042,2,Pune Warriors,middle,3,bat_second,10,2,0.2
598042,2,Pune Warriors,death,3,bat_second,9,0,0.0
598041,2,Kings XI Punjab,pp,2,bat_second,13,6,0.46153846153846156
598041,2,Kings XI Punjab,middle,1,bat_second,8,8,1.0
598041,2,Kings XI Punjab,death,3,bat_second,12,1,0.08333333333333333
598043,2,Kolkata Knight Riders,pp,1,bat_second,13,11,0.8461538461538461
598043,2,Kolkata Knight Riders,middle,1,bat_second,14,10,0.7142857142857143
598043,2,Kolkata Knight Riders,death,0,bat_second,10,10,1.0
598043,1,Rajasthan Royals,pp,2,bat_first,9,2,0.2222222222222222
598043,1,Rajasthan Royals,middle,2,bat_first,16,11,0.6875
598043,1,Rajasthan Royals,death,2,bat_first,12,4,0.3333333333333333
598044,2,Sunrisers Hyderabad,pp,2,bat_second,1,0,
598044,2,Sunrisers Hyderabad,middle,2,bat_second,2,1,
598044,2,Sunrisers Hyderabad,death,0,bat_second,0,0,
598044,1,Delhi Daredevils,pp,1,bat_first,8,4,0.5
598044,1,Delhi Daredevils,middle,3,bat_first,11,3,0.2727272727272727
598044,1,Delhi Daredevils,death,3,bat_first,16,5,0.3125
598046,1,Mumbai Indians,pp,0,bat_first,8,4,0.5
598046,1,Mumbai Indians,middle,3,bat_first,14,10,0.7142857142857143
598046,1,Mumbai Indians,death,1,bat_first,7,6,0.8571428571428571
598046,2,Chennai Super Kings,pp,3,bat_second,1,0,
598046,2,Chennai Super Kings,middle,3,bat_second,13,5,0.38461538461538464
598046,2,Chennai Super Kings,death,1,bat_second,5,5,1.0
598047,1,Pune Warriors,pp,0,bat_first,3,1,0.3333333333333333
598047,1,Pune Warriors,middle,2,bat_first,3,1,0.3333333333333333
598047,1,Pune Warriors,death,2,bat_first,3,0,0.0
598047,2,Rajasthan Royals,pp,0,bat_second,9,6,0.6666666666666666
598047,2,Rajasthan Royals,middle,2,bat_second,12,9,0.75
598047,2,Rajasthan Royals,death,3,bat_second,11,4,0.36363636363636365
598064,2,Kings XI Punjab,pp,2,bat_second,14,6,0.42857142857142855
598064,2,Kings XI Punjab,middle,2,bat_second,14,10,0.7142857142857143
598064,2,Kings XI Punjab,death,0,bat_second,12,11,0.9166666666666666
598064,1,Royal Challengers Bangalore,pp,0,bat_first,5,5,1.0
598064,1,Royal Challengers Bangalore,middle,1,bat_first,5,1,0.2
598064,1,Royal Challengers Bangalore,death,2,bat_first,9,3,0.3333333333333333
598050,2,Kolkata Knight Riders,pp,1,bat_second,14,12,0.8571428571428571
598050,2,Kolkata Knight Riders,middle,3,bat_second,11,4,0.36363636363636365
598050,2,Kolkata Knight Riders,death,3,bat_second,13,3,0.23076923076923078
598049,2,Rajasthan Royals,pp,0,bat_second,10,7,0.7
598049,2,Rajasthan Royals,middle,1,bat_second,9,8,0.8888888888888888
598049,2,Rajasthan Royals,death,0,bat_second,15,15,1.0
598049,1,Delhi Daredevils,pp,2,bat_first,15,6,0.4
598049,1,Delhi Daredevils,middle,2,bat_first,12,4,0.3333333333333333
598049,1,Delhi Daredevils,death,0,bat_first,4,1,0.25
598050,1,Mumbai Indians,pp,0,bat_first,9,5,0.5555555555555556
598050,1,Mumbai Indians,middle,2,bat_first,17,9,0.5294117647058824
598050,1,Mumbai Indians,death,3,bat_first,22,11,0.5
598051,1,Chennai Super Kings,pp,1,bat_first,18,12,0.6666666666666666
598051,1,Chennai Super Kings,middle,0,bat_first,3,2,0.6666666666666666
598051,1,Chennai Super Kings,death,2,bat_first,15,8,0.5333333333333333
598051,2,Sunrisers Hyderabad,pp,2,bat_second,2,1,
598051,2,Sunrisers Hyderabad,middle,3,bat_second,2,1,
598051,2,Sunrisers Hyderabad,death,2,bat_second,2,2,
598052,1,Kings XI Punjab,pp,1,bat_first,21,8,0.38095238095238093
598052,1,Kings XI Punjab,middle,2,bat_first,10,4,0.4
598052,1,Kings XI Punjab,death,3,bat_first,20,9,0.45
598052,2,Rajasthan Royals,pp,1,bat_second,11,11,1.0
598052,2,Rajasthan Royals,middle,1,bat_second,10,9,0.9
598052,2,Rajasthan Royals,death,0,bat_second,16,16,1.0
598053,1,Kolkata Knight Riders,pp,1,bat_first,15,7,0.4666666666666667
598053,1,Kolkata Knight Riders,middle,3,bat_first,14,5,0.35714285714285715
598053,1,Kolkata Knight Riders,death,2,bat_first,14,7,0.5
598053,2,Pune Warriors,pp,2,bat_second,5,0,0.0
598053,2,Pune Warriors,middle,3,bat_second,11,2,0.18181818181818182
598053,2,Pune Warriors,death,3,bat_second,10,0,0.0
598054,1,Royal Challengers Bangalore,pp,2,bat_first,10,4,0.4
598054,1,Royal Challengers Bangalore,middle,1,bat_first,6,1,0.16666666666666666
598054,1,Royal Challengers Bangalore,death,1,bat_first,5,3,0.6
598054,2,Delhi Daredevils,pp,2,bat_second,13,7,0.5384615384615384
598054,2,Delhi Daredevils,middle,2,bat_second,12,7,0.5833333333333334
598054,2,Delhi Daredevils,death,3,bat_second,15,0,0.0
598055,1,Pune Warriors,pp,2,bat_first,5,1,0.2
598055,1,Pune Warriors,middle,3,bat_first,8,0,0.0
598055,1,Pune Warriors,death,3,bat_first,9,3,0.3333333333333333
598055,2,Mumbai Indians,pp,2,bat_second,9,4,0.4444444444444444
598055,2,Mumbai Indians,middle,1,bat_second,7,4,0.5714285714285714
598055,2,Mumbai Indians,death,2,bat_second,10,5,0.5
598056,1,Sunrisers Hyderabad,pp,2,bat_first,0,0,
598056,1,Sunrisers Hyderabad,middle,3,bat_first,2,2,
598056,1,Sunrisers Hyderabad,death,1,bat_first,1,1,
598056,2,Kings XI Punjab,pp,1,bat_second,14,8,0.5714285714285714
598056,2,Kings XI Punjab,middle,3,bat_second,17,4,0.23529411764705882
598056,2,Kings XI Punjab,death,3,bat_second,13,1,0.07692307692307693
598058,2,Rajasthan Royals,pp,3,bat_second,6,3,0.5
598058,2,Rajasthan Royals,middle,1,bat_second,11,10,0.9090909090909091
598058,2,Rajasthan Royals,death,1,bat_second,8,5,0.625
598057,2,Kolkata Knight Riders,pp,2,bat_second,12,5,0.4166666666666667
598057,2,Kolkata Knight Riders,middle,1,bat_second,15,11,0.7333333333333333
598057,2,Kolkata Knight Riders,death,2,bat_second,4,2,0.5
598058,1,Chennai Super Kings,pp,0,bat_first,14,10,0.7142857142857143
598058,1,Chennai Super Kings,middle,3,bat_first,15,6,0.4
598058,1,Chennai Super Kings,death,1,bat_first,18,12,0.6666666666666666
598057,1,Royal Challengers Bangalore,pp,1,bat_first,14,6,0.42857142857142855
598057,1,Royal Challengers Bangalore,middle,2,bat_first,17,9,0.5294117647058824
598057,1,Royal Challengers Bangalore,death,3,bat_first,18,7,0.3888888888888889
598060,1,Sunrisers Hyderabad,pp,1,bat_first,2,1,
598060,1,Sunrisers Hyderabad,middle,1,bat_first,1,0,
598060,1,Sunrisers Hyderabad,death,1,bat_first,2,2,
598060,2,Mumbai Indians,pp,1,bat_second,12,7,0.5833333333333334
598060,2,Mumbai Indians,middle,3,bat_second,16,6,0.375
598060,2,Mumbai Indians,death,0,bat_second,13,12,0.9230769230769231
598062,1,Chennai Super Kings,pp,0,bat_first,15,10,0.6666666666666666
598062,1,Chennai Super Kings,middle,3,bat_first,16,6,0.375
598062,1,Chennai Super Kings,death,1,bat_first,19,12,0.631578947368421
598062,2,Delhi Daredevils,pp,2,bat_second,14,7,0.5
598062,2,Delhi Daredevils,middle,3,bat_second,21,7,0.3333333333333333
598062,2,Delhi Daredevils,death,3,bat_second,16,0,0.0
598045,2,Kings XI Punjab,pp,1,bat_second,15,8,0.5333333333333333
598045,2,Kings XI Punjab,middle,0,bat_second,2,2,
598045,2,Kings XI Punjab,death,2,bat_second,9,6,0.6666666666666666
598045,1,Royal Challengers Bangalore,pp,1,bat_first,15,6,0.4
598045,1,Royal Challengers Bangalore,middle,0,bat_first,4,1,0.25
598045,1,Royal Challengers Bangalore,death,3,bat_first,19,7,0.3684210526315789
598061,1,Pune Warriors,pp,1,bat_first,4,1,0.25
598061,1,Pune Warriors,middle,1,bat_first,4,3,0.75
598061,1,Pune Warriors,death,2,bat_first,4,0,0.0
598061,2,Kolkata Knight Riders,pp,3,bat_second,8,2,0.25
598061,2,Kolkata Knight Riders,middle,0,bat_second,5,5,1.0
598061,2,Kolkata Knight Riders,death,3,bat_second,14,3,0.21428571428571427
598063,1,Mumbai Indians,pp,1,bat_first,16,16,1.0
598063,1,Mumbai Indians,middle,2,bat_first,18,10,0.5555555555555556
598063,1,Mumbai Indians,death,3,bat_first,23,12,0.5217391304347826
598063,2,Rajasthan Royals,pp,3,bat_second,7,4,0.5714285714285714
598063,2,Rajasthan Royals,middle,2,bat_second,13,10,0.7692307692307693
598063,2,Rajasthan Royals,death,1,bat_second,9,6,0.6666666666666666
598028,1,Kings XI Punjab,pp,0,bat_first,5,3,0.6
598028,1,Kings XI Punjab,middle,2,bat_first,11,4,0.36363636363636365
598028,1,Kings XI Punjab,death,2,bat_first,12,4,0.3333333333333333
598028,2,Delhi Daredevils,pp,3,bat_second,10,4,0.4
598028,2,Delhi Daredevils,middle,1,bat_second,10,7,0.7
598028,2,Delhi Daredevils,death,3,bat_second,17,0,0.0
598065,1,Sunrisers Hyderabad,pp,3,bat_first,3,1,0.3333333333333333
598065,1,Sunrisers Hyderabad,middle,1,bat_first,2,0,
598065,1,Sunrisers Hyderabad,death,3,bat_first,1,0,
598065,2,Rajasthan Royals,pp,0,bat_second,11,8,0.7272727272727273
598065,2,Rajasthan Royals,middle,3,bat_second,17,6,0.35294117647058826
598065,2,Rajasthan Royals,death,3,bat_second,12,5,0.4166666666666667
598068,2,Chennai Super Kings,pp,3,bat_second,2,0,
598068,2,Chennai Super Kings,middle,3,bat_second,14,5,0.35714285714285715
598068,2,Chennai Super Kings,death,0,bat_second,8,8,1.0
598068,1,Royal Challengers Bangalore,pp,1,bat_first,16,6,0.375
598068,1,Royal Challengers Bangalore,middle,1,bat_first,7,2,0.2857142857142857
598068,1,Royal Challengers Bangalore,death,0,bat_first,3,3,1.0
598066,2,Mumbai Indians,pp,2,bat_second,10,5,0.5
598066,2,Mumbai Indians,middle,3,bat_second,17,7,0.4117647058823529
598066,2,Mumbai Indians,death,3,bat_second,13,2,0.15384615384615385
598066,1,Kings XI Punjab,pp,2,bat_first,8,3,0.375
598066,1,Kings XI Punjab,middle,0,bat_first,1,1,
598066,1,Kings XI Punjab,death,3,bat_first,21,9,0.42857142857142855
598067,1,Pune Warriors,pp,1,bat_first,5,2,0.4
598067,1,Pune Warriors,middle,3,bat_first,9,0,0.0
598067,1,Pune Warriors,death,1,bat_first,3,1,0.3333333333333333
598069,1,Kolkata Knight Riders,pp,1,bat_first,16,8,0.5
598069,1,Kolkata Knight Riders,middle,2,bat_first,12,6,0.5
598069,1,Kolkata Knight Riders,death,3,bat_first,18,5,0.2777777777777778
598069,2,Sunrisers Hyderabad,pp,0,bat_second,1,0,
598069,2,Sunrisers Hyderabad,middle,3,bat_second,3,1,0.3333333333333333
598069,2,Sunrisers Hyderabad,death,2,bat_second,3,2,0.6666666666666666
598067,2,Delhi Daredevils,pp,2,bat_second,15,7,0.4666666666666667
598067,2,Delhi Daredevils,middle,3,bat_second,22,7,0.3181818181818182
598067,2,Delhi Daredevils,death,3,bat_second,18,0,0.0
598070,1,Chennai Super Kings,pp,0,bat_first,16,11,0.6875
598070,1,Chennai Super Kings,middle,1,bat_first,14,10,0.7142857142857143
598070,1,Chennai Super Kings,death,0,bat_first,3,2,0.6666666666666666
598070,2,Mumbai Indians,pp,1,bat_second,13,8,0.6153846153846154
598070,2,Mumbai Indians,middle,3,bat_second,18,7,0.3888888888888889
598070,2,Mumbai Indians,death,3,bat_second,14,2,0.14285714285714285
598071,1,Sunrisers Hyderabad,pp,2,bat_first,1,1,
598071,1,Sunrisers Hyderabad,middle,1,bat_first,3,1,0.3333333333333333
598071,1,Sunrisers Hyderabad,death,3,bat_first,2,1,
598071,2,Rajasthan Royals,pp,1,bat_second,12,12,1.0
598071,2,Rajasthan Royals,middle,3,bat_second,18,6,0.3333333333333333
598071,2,Rajasthan Royals,death,1,bat_second,10,6,0.6
598072,1,Rajasthan Royals,pp,0,bat_first,14,8,0.5714285714285714
598072,1,Rajasthan Royals,middle,3,bat_first,18,2,0.1111111111111111
598072,1,Rajasthan Royals,death,2,bat_first,13,4,0.3076923076923077
598072,2,Mumbai Indians,pp,0,bat_second,11,9,0.8181818181818182
598072,2,Mumbai Indians,middle,2,bat_second,11,6,0.5454545454545454
598072,2,Mumbai Indians,death,3,bat_second,15,2,0.13333333333333333
598073,1,Mumbai Indians,pp,3,bat_first,6,1,0.16666666666666666
598073,1,Mumbai Indians,middle,1,bat_first,13,7,0.5384615384615384
598073,1,Mumbai Indians,death,3,bat_first,24,13,0.5416666666666666
598073,2,Chennai Super Kings,pp,3,bat_second,3,0,0.0
598073,2,Chennai Super Kings,middle,3,bat_second,15,5,0.3333333333333333
598073,2,Chennai Super Kings,death,1,bat_second,6,5,0.8333333333333334
729279,1,Kolkata Knight Riders,pp,1,bat_first,17,8,0.47058823529411764
729279,1,Kolkata Knight Riders,middle,0,bat_first,2,1,
729279,1,Kolkata Knight Riders,death,3,bat_first,19,5,0.2631578947368421
729279,2,Mumbai Indians,pp,1,bat_second,14,8,0.5714285714285714
729279,2,Mumbai Indians,middle,1,bat_second,8,5,0.625
729279,2,Mumbai Indians,death,3,bat_second,16,3,0.1875
729281,2,Royal Challengers Bangalore,pp,1,bat_second,17,11,0.6470588235294118
729281,2,Royal Challengers Bangalore,middle,1,bat_second,12,11,0.9166666666666666
729281,2,Royal Challengers Bangalore,death,0,bat_second,18,16,0.8888888888888888
729281,1,Delhi Daredevils,pp,3,bat_first,9,2,0.2222222222222222
729281,1,Delhi Daredevils,middle,1,bat_first,8,4,0.5
729281,1,Delhi Daredevils,death,0,bat_first,5,1,0.2
729285,2,Rajasthan Royals,pp,2,bat_second,14,5,0.35714285714285715
729285,2,Rajasthan Royals,middle,1,bat_second,12,11,0.9166666666666666
729285,2,Rajasthan Royals,death,3,bat_second,13,5,0.38461538461538464
729283,1,Chennai Super Kings,pp,0,bat_first,17,12,0.7058823529411765
729283,1,Chennai Super Kings,middle,1,bat_first,15,11,0.7333333333333333
729283,1,Chennai Super Kings,death,3,bat_first,19,10,0.5263157894736842
729285,1,Sunrisers Hyderabad,pp,1,bat_first,3,1,0.3333333333333333
729285,1,Sunrisers Hyderabad,middle,2,bat_first,2,0,
729285,1,Sunrisers Hyderabad,death,3,bat_first,3,1,0.3333333333333333
729283,2,Kings XI Punjab,pp,3,bat_second,6,3,0.5
729283,2,Kings XI Punjab,middle,0,bat_second,3,3,1.0
729283,2,Kings XI Punjab,death,1,bat_second,8,6,0.75
729287,1,Mumbai Indians,pp,1,bat_first,17,17,1.0
729287,1,Mumbai Indians,middle,3,bat_first,15,11,0.7333333333333333
729287,1,Mumbai Indians,death,3,bat_first,25,14,0.56
729287,2,Royal Challengers Bangalore,pp,3,bat_second,10,2,0.2
729287,2,Royal Challengers Bangalore,middle,0,bat_second,6,4,0.6666666666666666
729287,2,Royal Challengers Bangalore,death,0,bat_second,19,17,0.8947368421052632
729289,1,Kolkata Knight Riders,pp,2,bat_first,8,4,0.5
729289,1,Kolkata Knight Riders,middle,1,bat_first,16,6,0.375
729289,1,Kolkata Knight Riders,death,2,bat_first,15,8,0.5333333333333333
729289,2,Delhi Daredevils,pp,2,bat_second,16,7,0.4375
729289,2,Delhi Daredevils,middle,2,bat_second,13,7,0.5384615384615384
729289,2,Delhi Daredevils,death,2,bat_second,7,3,0.42857142857142855
729291,1,Rajasthan Royals,pp,1,bat_first,14,8,0.5714285714285714
729291,1,Rajasthan Royals,middle,2,bat_first,17,11,0.6470588235294118
729291,1,Rajasthan Royals,death,2,bat_first,14,4,0.2857142857142857
729291,2,Kings XI Punjab,pp,2,bat_second,15,7,0.4666666666666667
729291,2,Kings XI Punjab,middle,1,bat_second,9,8,0.8888888888888888
729291,2,Kings XI Punjab,death,0,bat_second,13,12,0.9230769230769231
729293,1,Chennai Super Kings,pp,1,bat_first,19,13,0.6842105263157895
729293,1,Chennai Super Kings,middle,2,bat_first,23,14,0.6086956521739131
729293,1,Chennai Super Kings,death,3,bat_first,20,10,0.5
729293,2,Delhi Daredevils,pp,3,bat_second,11,4,0.36363636363636365
729293,2,Delhi Daredevils,middle,3,bat_second,23,7,0.30434782608695654
729293,2,Delhi Daredevils,death,1,bat_second,11,8,0.7272727272727273
729295,1,Kings XI Punjab,pp,0,bat_first,6,4,0.6666666666666666
729295,1,Kings XI Punjab,middle,2,bat_first,12,5,0.4166666666666667
729295,1,Kings XI Punjab,death,3,bat_first,22,10,0.45454545454545453
729295,2,Sunrisers Hyderabad,pp,3,bat_second,0,0,
729295,2,Sunrisers Hyderabad,middle,3,bat_second,4,2,0.5
729295,2,Sunrisers Hyderabad,death,3,bat_second,2,0,
729297,2,Rajasthan Royals,pp,2,bat_second,15,6,0.4
729297,2,Rajasthan Royals,middle,3,bat_second,19,7,0.3684210526315789
729297,2,Rajasthan Royals,death,2,bat_second,6,1,0.16666666666666666
729297,1,Chennai Super Kings,pp,1,bat_first,20,14,0.7
729297,1,Chennai Super Kings,middle,3,bat_first,17,7,0.4117647058823529
729297,1,Chennai Super Kings,death,0,bat_first,4,3,0.75
729299,1,Kolkata Knight Riders,pp,2,bat_first,9,4,0.4444444444444444
729299,1,Kolkata Knight Riders,middle,2,bat_first,13,6,0.46153846153846156
729299,1,Kolkata Knight Riders,death,3,bat_first,20,6,0.3
729299,2,Royal Challengers Bangalore,pp,0,bat_second,12,11,0.9166666666666666
729299,2,Royal Challengers Bangalore,middle,2,bat_second,13,7,0.5384615384615384
729299,2,Royal Challengers Bangalore,death,3,bat_second,13,2,0.15384615384615385
729301,1,Sunrisers Hyderabad,pp,0,bat_first,0,0,
729301,1,Sunrisers Hyderabad,middle,1,bat_first,4,1,0.25
729301,1,Sunrisers Hyderabad,death,0,bat_first,0,0,
729301,2,Delhi Daredevils,pp,0,bat_second,11,10,0.9090909090909091
729301,2,Delhi Daredevils,middle,2,bat_second,14,8,0.5714285714285714
729301,2,Delhi Daredevils,death,2,bat_second,8,4,0.5
729303,1,Mumbai Indians,pp,2,bat_first,16,6,0.375
729303,1,Mumbai Indians,middle,0,bat_first,2,1,
729303,1,Mumbai Indians,death,3,bat_first,26,14,0.5384615384615384
729303,2,Chennai Super Kings,pp,0,bat_second,12,10,0.8333333333333334
729303,2,Chennai Super Kings,middle,2,bat_second,8,4,0.5
729303,2,Chennai Super Kings,death,1,bat_second,7,5,0.7142857142857143
729305,1,Royal Challengers Bangalore,pp,3,bat_first,6,1,0.16666666666666666
729305,1,Royal Challengers Bangalore,middle,3,bat_first,9,5,0.5555555555555556
729305,1,Royal Challengers Bangalore,death,0,bat_first,4,4,1.0
729305,2,Rajasthan Royals,pp,2,bat_second,16,6,0.375
729305,2,Rajasthan Royals,middle,2,bat_second,14,10,0.7142857142857143
729305,2,Rajasthan Royals,death,0,bat_second,17,17,1.0
729307,1,Kings XI Punjab,pp,2,bat_first,9,4,0.4444444444444444
729307,1,Kings XI Punjab,middle,3,bat_first,21,5,0.23809523809523808
729307,1,Kings XI Punjab,death,3,bat_first,23,11,0.4782608695652174
729307,2,Kolkata Knight Riders,pp,3,bat_second,9,2,0.2222222222222222
729307,2,Kolkata Knight Riders,middle,3,bat_second,12,4,0.3333333333333333
729307,2,Kolkata Knight Riders,death,3,bat_second,15,3,0.2
729309,1,Mumbai Indians,pp,2,bat_first,17,6,0.35294117647058826
729309,1,Mumbai Indians,middle,3,bat_first,16,11,0.6875
729309,1,Mumbai Indians,death,2,bat_first,10,5,0.5
729309,2,Delhi Daredevils,pp,0,bat_second,12,10,0.8333333333333334
729309,2,Delhi Daredevils,middle,2,bat_second,15,8,0.5333333333333333
729309,2,Delhi Daredevils,death,2,bat_second,9,4,0.4444444444444444
729311,1,Sunrisers Hyderabad,pp,2,bat_first,2,1,
729311,1,Sunrisers Hyderabad,middle,2,bat_first,3,0,0.0
729311,1,Sunrisers Hyderabad,death,1,bat_first,3,2,0.6666666666666666
729311,2,Chennai Super Kings,pp,0,bat_second,13,11,0.8461538461538461
729311,2,Chennai Super Kings,middle,2,bat_second,9,5,0.5555555555555556
729311,2,Chennai Super Kings,death,3,bat_second,11,2,0.18181818181818182
729313,1,Royal Challengers Bangalore,pp,3,bat_first,7,1,0.14285714285714285
729313,1,Royal Challengers Bangalore,middle,3,bat_first,10,5,0.5
729313,1,Royal Challengers Bangalore,death,1,bat_first,6,4,0.6666666666666666
729313,2,Kings XI Punjab,pp,2,bat_second,16,8,0.5
729313,2,Kings XI Punjab,middle,3,bat_second,18,4,0.2222222222222222
729313,2,Kings XI Punjab,death,0,bat_second,14,13,0.9285714285714286
729315,2,Kolkata Knight Riders,pp,1,bat_second,15,12,0.8
729315,2,Kolkata Knight Riders,middle,3,bat_second,13,4,0.3076923076923077
729315,2,Kolkata Knight Riders,death,3,bat_second,16,3,0.1875
729315,1,Rajasthan Royals,pp,1,bat_first,15,8,0.5333333333333333
729315,1,Rajasthan Royals,middle,1,bat_first,7,5,0.7142857142857143
729315,1,Rajasthan Royals,death,3,bat_first,19,11,0.5789473684210527
729317,1,Sunrisers Hyderabad,pp,2,bat_first,3,1,0.3333333333333333
729317,1,Sunrisers Hyderabad,middle,0,bat_first,0,0,
729317,1,Sunrisers Hyderabad,death,3,bat_first,4,1,0.25
729317,2,Mumbai Indians,pp,3,bat_second,8,2,0.25
729317,2,Mumbai Indians,middle,0,bat_second,6,6,1.0
729317,2,Mumbai Indians,death,3,bat_second,17,3,0.17647058823529413
733971,1,Chennai Super Kings,pp,1,bat_first,21,15,0.7142857142857143
733971,1,Chennai Super Kings,middle,2,bat_first,24,15,0.625
733971,1,Chennai Super Kings,death,0,bat_first,5,4,0.8
733971,2,Kolkata Knight Riders,pp,3,bat_second,10,2,0.2
733971,2,Kolkata Knight Riders,middle,3,bat_second,14,4,0.2857142857142857
733971,2,Kolkata Knight Riders,death,2,bat_second,5,3,0.6
733973,1,Kings XI Punjab,pp,2,bat_first,10,5,0.5
733973,1,Kings XI Punjab,middle,1,bat_first,9,5,0.5555555555555556
733973,1,Kings XI Punjab,death,2,bat_first,13,5,0.38461538461538464
733973,2,Mumbai Indians,pp,2,bat_second,11,5,0.45454545454545453
733973,2,Mumbai Indians,middle,1,bat_second,9,5,0.5555555555555556
733973,2,Mumbai Indians,death,2,bat_second,11,6,0.5454545454545454
733975,1,Delhi Daredevils,pp,1,bat_first,9,4,0.4444444444444444
733975,1,Delhi Daredevils,middle,2,bat_first,13,4,0.3076923076923077
733975,1,Delhi Daredevils,death,2,bat_first,8,3,0.375
733975,2,Rajasthan Royals,pp,1,bat_second,13,13,1.0
733975,2,Rajasthan Royals,middle,2,bat_second,15,11,0.7333333333333333
733975,2,Rajasthan Royals,death,0,bat_second,18,18,1.0
733977,1,Sunrisers Hyderabad,pp,2,bat_first,4,2,0.5
733977,1,Sunrisers Hyderabad,middle,1,bat_first,5,2,0.4
733977,1,Sunrisers Hyderabad,death,3,bat_first,5,2,0.4
733977,2,Royal Challengers Bangalore,pp,2,bat_second,14,5,0.35714285714285715
733977,2,Royal Challengers Bangalore,middle,3,bat_second,22,7,0.3181818181818182
733977,2,Royal Challengers Bangalore,death,1,bat_second,10,6,0.6
733979,1,Rajasthan Royals,pp,0,bat_first,15,8,0.5333333333333333
733979,1,Rajasthan Royals,middle,2,bat_first,18,11,0.6111111111111112
733979,1,Rajasthan Royals,death,3,bat_first,20,11,0.55
733979,2,Kolkata Knight Riders,pp,0,bat_second,5,3,0.6
733979,2,Kolkata Knight Riders,middle,3,bat_second,15,4,0.26666666666666666
733979,2,Kolkata Knight Riders,death,3,bat_second,17,3,0.17647058823529413
733981,1,Delhi Daredevils,pp,2,bat_first,16,6,0.375
733981,1,Delhi Daredevils,middle,3,bat_first,12,3,0.25
733981,1,Delhi Daredevils,death,0,bat_first,6,1,0.16666666666666666
733981,2,Chennai Super Kings,pp,0,bat_second,14,12,0.8571428571428571
733981,2,Chennai Super Kings,middle,1,bat_second,9,9,1.0
733981,2,Chennai Super Kings,death,1,bat_second,8,6,0.75
733983,1,Mumbai Indians,pp,1,bat_first,18,17,0.9444444444444444
733983,1,Mumbai Indians,middle,3,bat_first,17,11,0.6470588235294118
733983,1,Mumbai Indians,death,1,bat_first,8,7,0.875
733983,2,Royal Challengers Bangalore,pp,1,bat_second,18,12,0.6666666666666666
733983,2,Royal Challengers Bangalore,middle,3,bat_second,23,8,0.34782608695652173
733983,2,Royal Challengers Bangalore,death,3,bat_second,14,2,0.14285714285714285
733985,2,Kolkata Knight Riders,pp,0,bat_second,6,3,0.5
733985,2,Kolkata Knight Riders,middle,1,bat_second,16,12,0.75
733985,2,Kolkata Knight Riders,death,1,bat_second,11,6,0.5454545454545454
733987,1,Kings XI Punjab,pp,2,bat_first,11,5,0.45454545454545453
733987,1,Kings XI Punjab,middle,0,bat_first,2,2,
733987,1,Kings XI Punjab,death,2,bat_first,14,5,0.35714285714285715
733987,2,Chennai Super Kings,pp,1,bat_second,13,8,0.6153846153846154
733987,2,Chennai Super Kings,middle,3,bat_second,16,5,0.3125
733987,2,Chennai Super Kings,death,2,bat_second,12,9,0.75
733985,1,Delhi Daredevils,pp,2,bat_first,17,6,0.35294117647058826
733985,1,Delhi Daredevils,middle,2,bat_first,14,4,0.2857142857142857
733985,1,Delhi Daredevils,death,1,bat_first,7,5,0.7142857142857143
733989,1,Sunrisers Hyderabad,pp,1,bat_first,4,1,0.25
733989,1,Sunrisers Hyderabad,middle,3,bat_first,3,3,1.0
733989,1,Sunrisers Hyderabad,death,3,bat_first,6,2,0.3333333333333333
733989,2,Rajasthan Royals,pp,3,bat_second,8,4,0.5
733989,2,Rajasthan Royals,middle,2,bat_second,16,12,0.75
733989,2,Rajasthan Royals,death,3,bat_second,14,6,0.42857142857142855
733991,1,Kings XI Punjab,pp,1,bat_first,22,8,0.36363636363636365
733991,1,Kings XI Punjab,middle,3,bat_first,22,6,0.2727272727272727
733991,1,Kings XI Punjab,death,3,bat_first,24,12,0.5
733991,2,Royal Challengers Bangalore,pp,3,bat_second,11,3,0.2727272727272727
733991,2,Royal Challengers Bangalore,middle,3,bat_second,24,8,0.3333333333333333
733991,2,Royal Challengers Bangalore,death,3,bat_second,15,2,0.13333333333333333
733993,1,Delhi Daredevils,pp,1,bat_first,10,4,0.4
733993,1,Delhi Daredevils,middle,2,bat_first,15,4,0.26666666666666666
733993,1,Delhi Daredevils,death,3,bat_first,17,5,0.29411764705882354
733993,2,Sunrisers Hyderabad,pp,2,bat_second,3,1,0.3333333333333333
733993,2,Sunrisers Hyderabad,middle,0,bat_second,0,0,
733993,2,Sunrisers Hyderabad,death,0,bat_second,1,1,
733995,1,Mumbai Indians,pp,1,bat_first,19,18,0.9473684210526315
733995,1,Mumbai Indians,middle,1,bat_first,14,8,0.5714285714285714
733995,1,Mumbai Indians,death,3,bat_first,27,14,0.5185185185185185
733995,2,Chennai Super Kings,pp,1,bat_second,14,8,0.5714285714285714
733995,2,Chennai Super Kings,middle,1,bat_second,10,10,1.0
733995,2,Chennai Super Kings,death,3,bat_second,12,3,0.25
733999,2,Rajasthan Royals,pp,0,bat_second,12,8,0.6666666666666666
733999,2,Rajasthan Royals,middle,3,bat_second,20,7,0.35
733999,2,Rajasthan Royals,death,0,bat_second,19,19,1.0
733999,1,Royal Challengers Bangalore,pp,1,bat_first,17,7,0.4117647058823529
733999,1,Royal Challengers Bangalore,middle,2,bat_first,18,9,0.5
733999,1,Royal Challengers Bangalore,death,2,bat_first,10,3,0.3
733997,1,Kings XI Punjab,pp,2,bat_first,12,6,0.5
733997,1,Kings XI Punjab,middle,2,bat_first,13,6,0.46153846153846156
733997,1,Kings XI Punjab,death,3,bat_first,25,13,0.52
733997,2,Kolkata Knight Riders,pp,0,bat_second,7,4,0.5714285714285714
733997,2,Kolkata Knight Riders,middle,1,bat_second,17,13,0.7647058823529411
733997,2,Kolkata Knight Riders,death,0,bat_second,11,11,1.0
734001,1,Sunrisers Hyderabad,pp,1,bat_first,5,2,0.4
734001,1,Sunrisers Hyderabad,middle,1,bat_first,6,2,0.3333333333333333
734001,1,Sunrisers Hyderabad,death,1,bat_first,4,2,0.5
734001,2,Mumbai Indians,pp,1,bat_second,15,8,0.5333333333333333
734001,2,Mumbai Indians,middle,0,bat_second,7,6,0.8571428571428571
734001,2,Mumbai Indians,death,2,bat_second,12,7,0.5833333333333334
734003,2,Chennai Super Kings,pp,2,bat_second,10,6,0.6
734003,2,Chennai Super Kings,middle,2,bat_second,10,6,0.6
734003,2,Chennai Super Kings,death,1,bat_second,9,7,0.7777777777777778
734003,1,Rajasthan Royals,pp,0,bat_first,16,9,0.5625
734003,1,Rajasthan Royals,middle,3,bat_first,19,2,0.10526315789473684
734003,1,Rajasthan Royals,death,3,bat_first,21,12,0.5714285714285714
734005,1,Royal Challengers Bangalore,pp,1,bat_first,18,7,0.3888888888888889
734005,1,Royal Challengers Bangalore,middle,3,bat_first,11,5,0.45454545454545453
734005,1,Royal Challengers Bangalore,death,0,bat_first,5,4,0.8
734005,2,Delhi Daredevils,pp,2,bat_second,17,8,0.47058823529411764
734005,2,Delhi Daredevils,middle,3,bat_second,24,7,0.2916666666666667
734005,2,Delhi Daredevils,death,2,bat_second,10,5,0.5
734007,1,Sunrisers Hyderabad,pp,0,bat_first,1,1,
734007,1,Sunrisers Hyderabad,middle,2,bat_first,4,0,0.0
734007,1,Sunrisers Hyderabad,death,3,bat_first,7,3,0.42857142857142855
734007,2,Kings XI Punjab,pp,1,bat_second,16,9,0.5625
734007,2,Kings XI Punjab,middle,3,bat_second,19,5,0.2631578947368421
734007,2,Kings XI Punjab,death,0,bat_second,15,14,0.9333333333333333
734009,1,Mumbai Indians,pp,2,bat_first,18,6,0.3333333333333333
734009,1,Mumbai Indians,middle,1,bat_first,15,8,0.5333333333333333
734009,1,Mumbai Indians,death,2,bat_first,11,5,0.45454545454545453
734009,2,Kolkata Knight Riders,pp,0,bat_second,8,5,0.625
734009,2,Kolkata Knight Riders,middle,2,bat_second,8,2,0.25
734009,2,Kolkata Knight Riders,death,2,bat_second,6,3,0.5
734011,1,Rajasthan Royals,pp,1,bat_first,16,8,0.5
734011,1,Rajasthan Royals,middle,1,bat_first,8,5,0.625
734011,1,Rajasthan Royals,death,3,bat_first,22,12,0.5454545454545454
734011,2,Delhi Daredevils,pp,2,bat_second,18,8,0.4444444444444444
734011,2,Delhi Daredevils,middle,3,bat_second,25,7,0.28
734011,2,Delhi Daredevils,death,1,bat_second,12,8,0.6666666666666666
734013,1,Chennai Super Kings,pp,2,bat_first,18,9,0.5
734013,1,Chennai Super Kings,middle,1,bat_first,16,11,0.6875
734013,1,Chennai Super Kings,death,1,bat_first,20,13,0.65
734013,2,Royal Challengers Bangalore,pp,1,bat_second,19,12,0.631578947368421
734013,2,Royal Challengers Bangalore,middle,1,bat_second,13,12,0.9230769230769231
734013,2,Royal Challengers Bangalore,death,3,bat_second,16,2,0.125
734015,1,Sunrisers Hyderabad,pp,2,bat_first,5,2,0.4
734015,1,Sunrisers Hyderabad,middle,3,bat_first,4,4,1.0
734015,1,Sunrisers Hyderabad,death,3,bat_first,8,3,0.375
734015,2,Kolkata Knight Riders,pp,1,bat_second,16,12,0.75
734015,2,Kolkata Knight Riders,middle,1,bat_second,18,14,0.7777777777777778
734015,2,Kolkata Knight Riders,death,1,bat_second,12,7,0.5833333333333334
734017,1,Mumbai Indians,pp,0,bat_first,10,6,0.6
734017,1,Mumbai Indians,middle,2,bat_first,19,11,0.5789473684210527
734017,1,Mumbai Indians,death,1,bat_first,9,8,0.8888888888888888
734017,2,Rajasthan Royals,pp,3,bat_second,9,4,0.4444444444444444
734017,2,Rajasthan Royals,middle,3,bat_second,21,8,0.38095238095238093
734017,2,Rajasthan Royals,death,1,bat_second,11,7,0.6363636363636364
734019,1,Delhi Daredevils,pp,1,bat_first,11,4,0.36363636363636365
734019,1,Delhi Daredevils,middle,1,bat_first,9,4,0.4444444444444444
734019,1,Delhi Daredevils,death,3,bat_first,18,5,0.2777777777777778
734019,2,Kings XI Punjab,pp,0,bat_second,8,7,0.875
734019,2,Kings XI Punjab,middle,3,bat_second,20,6,0.3
734019,2,Kings XI Punjab,death,1,bat_second,9,7,0.7777777777777778
734023,2,Kolkata Knight Riders,pp,0,bat_second,9,6,0.6666666666666666
734023,2,Kolkata Knight Riders,middle,2,bat_second,9,3,0.3333333333333333
734023,2,Kolkata Knight Riders,death,0,bat_second,12,12,1.0
734021,2,Sunrisers Hyderabad,pp,0,bat_second,2,1,
734021,2,Sunrisers Hyderabad,middle,1,bat_second,1,1,
734021,2,Sunrisers Hyderabad,death,2,bat_second,4,3,0.75
734021,1,Royal Challengers Bangalore,pp,2,bat_first,11,5,0.45454545454545453
734021,1,Royal Challengers Bangalore,middle,1,bat_first,8,3,0.375
734021,1,Royal Challengers Bangalore,death,3,bat_first,20,7,0.35
734023,1,Chennai Super Kings,pp,1,bat_first,22,16,0.7272727272727273
734023,1,Chennai Super Kings,middle,1,bat_first,17,11,0.6470588235294118
734023,1,Chennai Super Kings,death,2,bat_first,16,9,0.5625
734025,1,Kings XI Punjab,pp,1,bat_first,23,9,0.391304347826087
734025,1,Kings XI Punjab,middle,3,bat_first,23,7,0.30434782608695654
734025,1,Kings XI Punjab,death,3,bat_first,26,13,0.5
734025,2,Mumbai Indians,pp,0,bat_second,12,10,0.8333333333333334
734025,2,Mumbai Indians,middle,2,bat_second,12,7,0.5833333333333334
734025,2,Mumbai Indians,death,1,bat_second,4,3,0.75
734027,1,Kolkata Knight Riders,pp,2,bat_first,10,5,0.5
734027,1,Kolkata Knight Riders,middle,1,bat_first,17,6,0.35294117647058826
734027,1,Kolkata Knight Riders,death,1,bat_first,8,4,0.5
734027,2,Royal Challengers Bangalore,pp,1,bat_second,20,13,0.65
734027,2,Royal Challengers Bangalore,middle,2,bat_second,14,7,0.5
734027,2,Royal Challengers Bangalore,death,2,bat_second,12,5,0.4166666666666667
734029,1,Chennai Super Kings,pp,1,bat_first,23,16,0.6956521739130435
734029,1,Chennai Super Kings,middle,2,bat_first,25,16,0.64
734029,1,Chennai Super Kings,death,0,bat_first,6,5,0.8333333333333334
734029,2,Sunrisers Hyderabad,pp,0,bat_second,3,2,0.6666666666666666
734029,2,Sunrisers Hyderabad,middle,1,bat_second,2,2,
734029,2,Sunrisers Hyderabad,death,3,bat_second,3,0,0.0
734033,2,Rajasthan Royals,pp,1,bat_second,14,14,1.0
734033,2,Rajasthan Royals,middle,3,bat_second,22,8,0.36363636363636365
734033,2,Rajasthan Royals,death,3,bat_second,15,6,0.4
734031,2,Delhi Daredevils,pp,1,bat_second,16,7,0.4375
734031,2,Delhi Daredevils,middle,2,bat_second,16,9,0.5625
734031,2,Delhi Daredevils,death,1,bat_second,13,8,0.6153846153846154
734031,1,Mumbai Indians,pp,0,bat_first,11,7,0.6363636363636364
734031,1,Mumbai Indians,middle,3,bat_first,18,12,0.6666666666666666
734031,1,Mumbai Indians,death,3,bat_first,28,14,0.5
734033,1,Kings XI Punjab,pp,1,bat_first,24,9,0.375
734033,1,Kings XI Punjab,middle,3,bat_first,24,7,0.2916666666666667
734033,1,Kings XI Punjab,death,0,bat_first,3,0,0.0
734035,1,Royal Challengers Bangalore,pp,3,bat_first,8,1,0.125
734035,1,Royal Challengers Bangalore,middle,1,bat_first,9,3,0.3333333333333333
734035,1,Royal Challengers Bangalore,death,2,bat_first,11,3,0.2727272727272727
734035,2,Chennai Super Kings,pp,1,bat_second,15,9,0.6
734035,2,Chennai Super Kings,middle,1,bat_second,11,11,1.0
734035,2,Chennai Super Kings,death,0,bat_second,9,8,0.8888888888888888
734037,1,Sunrisers Hyderabad,pp,1,bat_first,6,2,0.3333333333333333
734037,1,Sunrisers Hyderabad,middle,3,bat_first,5,4,0.8
734037,1,Sunrisers Hyderabad,death,3,bat_first,9,3,0.3333333333333333
734037,2,Kolkata Knight Riders,pp,1,bat_second,17,13,0.7647058823529411
734037,2,Kolkata Knight Riders,middle,3,bat_second,16,4,0.25
734037,2,Kolkata Knight Riders,death,0,bat_second,13,13,1.0
734041,2,Mumbai Indians,pp,3,bat_second,9,2,0.2222222222222222
734041,2,Mumbai Indians,middle,2,bat_second,13,8,0.6153846153846154
734041,2,Mumbai Indians,death,0,bat_second,14,13,0.9285714285714286
734039,1,Delhi Daredevils,pp,3,bat_first,10,2,0.2
734039,1,Delhi Daredevils,middle,3,bat_first,13,3,0.23076923076923078
734039,1,Delhi Daredevils,death,3,bat_first,19,5,0.2631578947368421
734039,2,Kings XI Punjab,pp,2,bat_second,17,9,0.5294117647058824
734039,2,Kings XI Punjab,middle,1,bat_second,10,9,0.9
734039,2,Kings XI Punjab,death,0,bat_second,16,15,0.9375
734041,1,Rajasthan Royals,pp,1,bat_first,17,9,0.5294117647058824
734041,1,Rajasthan Royals,middle,1,bat_first,9,6,0.6666666666666666
734041,1,Rajasthan Royals,death,2,bat_first,15,4,0.26666666666666666
734043,1,Kolkata Knight Riders,pp,1,bat_first,18,9,0.5
734043,1,Kolkata Knight Riders,middle,3,bat_first,15,6,0.4
734043,1,Kolkata Knight Riders,death,3,bat_first,21,7,0.3333333333333333
734043,2,Kings XI Punjab,pp,2,bat_second,18,10,0.5555555555555556
734043,2,Kings XI Punjab,middle,3,bat_second,21,7,0.3333333333333333
734043,2,Kings XI Punjab,death,2,bat_second,10,7,0.7
734045,1,Mumbai Indians,pp,0,bat_first,12,8,0.6666666666666666
734045,1,Mumbai Indians,middle,2,bat_first,20,12,0.6
734045,1,Mumbai Indians,death,3,bat_first,29,15,0.5172413793103449
734045,2,Chennai Super Kings,pp,0,bat_second,15,13,0.8666666666666667
734045,2,Chennai Super Kings,middle,3,bat_second,17,5,0.29411764705882354
734045,2,Chennai Super Kings,death,0,bat_second,10,9,0.9
734047,1,Kings XI Punjab,pp,0,bat_first,7,5,0.7142857142857143
734047,1,Kings XI Punjab,middle,2,bat_first,14,6,0.42857142857142855
734047,1,Kings XI Punjab,death,3,bat_first,27,13,0.48148148148148145
734047,2,Chennai Super Kings,pp,2,bat_second,11,7,0.6363636363636364
734047,2,Chennai Super Kings,middle,3,bat_second,18,6,0.3333333333333333
734047,2,Chennai Super Kings,death,1,bat_second,10,8,0.8
734049,1,Kings XI Punjab,pp,2,bat_first,13,6,0.46153846153846156
734049,1,Kings XI Punjab,middle,0,bat_first,3,3,1.0
734049,1,Kings XI Punjab,death,2,bat_first,15,6,0.4
734049,2,Kolkata Knight Riders,pp,1,bat_second,18,14,0.7777777777777778
734049,2,Kolkata Knight Riders,middle,2,bat_second,10,4,0.4
734049,2,Kolkata Knight Riders,death,3,bat_second,18,3,0.16666666666666666
829705,1,Mumbai Indians,pp,3,bat_first,7,2,0.2857142857142857
829705,1,Mumbai Indians,middle,0,bat_first,3,1,0.3333333333333333
829705,1,Mumbai Indians,death,0,bat_first,7,5,0.7142857142857143
829705,2,Kolkata Knight Riders,pp,1,bat_second,19,15,0.7894736842105263
829705,2,Kolkata Knight Riders,middle,2,bat_second,11,5,0.45454545454545453
829705,2,Kolkata Knight Riders,death,0,bat_second,14,14,1.0
829707,2,Delhi Daredevils,pp,3,bat_second,12,4,0.3333333333333333
829707,2,Delhi Daredevils,middle,2,bat_second,17,9,0.5294117647058824
829707,2,Delhi Daredevils,death,3,bat_second,19,0,0.0
829707,1,Chennai Super Kings,pp,2,bat_first,19,9,0.47368421052631576
829707,1,Chennai Super Kings,middle,2,bat_first,26,16,0.6153846153846154
829707,1,Chennai Super Kings,death,3,bat_first,21,11,0.5238095238095238
829709,1,Rajasthan Royals,pp,3,bat_first,4,0,0.0
829709,1,Rajasthan Royals,middle,2,bat_first,19,12,0.631578947368421
829709,1,Rajasthan Royals,death,2,bat_first,16,4,0.25
829709,2,Kings XI Punjab,pp,3,bat_second,7,4,0.5714285714285714
829709,2,Kings XI Punjab,middle,2,bat_second,15,11,0.7333333333333333
829709,2,Kings XI Punjab,death,3,bat_second,14,1,0.07142857142857142
829713,2,Royal Challengers Bangalore,pp,1,bat_second,21,13,0.6190476190476191
829713,2,Royal Challengers Bangalore,middle,3,bat_second,25,8,0.32
829713,2,Royal Challengers Bangalore,death,2,bat_second,13,5,0.38461538461538464
829711,1,Chennai Super Kings,pp,0,bat_first,18,12,0.6666666666666666
829711,1,Chennai Super Kings,middle,2,bat_first,27,17,0.6296296296296297
829711,1,Chennai Super Kings,death,2,bat_first,17,9,0.5294117647058824
829711,2,Sunrisers Hyderabad,pp,2,bat_second,4,2,0.5
829711,2,Sunrisers Hyderabad,middle,2,bat_second,3,2,0.6666666666666666
829711,2,Sunrisers Hyderabad,death,2,bat_second,5,4,0.8
829713,1,Kolkata Knight Riders,pp,0,bat_first,10,6,0.6
829713,1,Kolkata Knight Riders,middle,2,bat_first,14,7,0.5
829713,1,Kolkata Knight Riders,death,3,bat_first,22,8,0.36363636363636365
829715,1,Delhi Daredevils,pp,1,bat_first,12,4,0.3333333333333333
829715,1,Delhi Daredevils,middle,1,bat_first,10,4,0.4
829715,1,Delhi Daredevils,death,1,bat_first,8,5,0.625
829715,2,Rajasthan Royals,pp,1,bat_second,15,14,0.9333333333333333
829715,2,Rajasthan Royals,middle,3,bat_second,23,8,0.34782608695652173
829715,2,Rajasthan Royals,death,3,bat_second,16,6,0.375
829717,1,Kings XI Punjab,pp,0,bat_first,8,6,0.75
829717,1,Kings XI Punjab,middle,3,bat_first,25,8,0.32
829717,1,Kings XI Punjab,death,2,bat_first,16,6,0.375
829717,2,Mumbai Indians,pp,3,bat_second,10,3,0.3
829717,2,Mumbai Indians,middle,3,bat_second,19,7,0.3684210526315789
829717,2,Mumbai Indians,death,1,bat_second,5,4,0.8
829719,1,Royal Challengers Bangalore,pp,1,bat_first,19,8,0.42105263157894735
829719,1,Royal Challengers Bangalore,middle,3,bat_first,12,6,0.5
829719,1,Royal Challengers Bangalore,death,3,bat_first,21,7,0.3333333333333333
829719,2,Sunrisers Hyderabad,pp,0,bat_second,4,3,0.75
829719,2,Sunrisers Hyderabad,middle,2,bat_second,4,2,0.5
829719,2,Sunrisers Hyderabad,death,0,bat_second,2,2,
829721,1,Mumbai Indians,pp,2,bat_first,19,6,0.3157894736842105
829721,1,Mumbai Indians,middle,2,bat_first,21,12,0.5714285714285714
829721,1,Mumbai Indians,death,2,bat_first,12,5,0.4166666666666667
829721,2,Rajasthan Royals,pp,1,bat_second,16,15,0.9375
829721,2,Rajasthan Royals,middle,2,bat_second,17,12,0.7058823529411765
829721,2,Rajasthan Royals,death,0,bat_second,20,20,1.0
829725,1,Kings XI Punjab,pp,1,bat_first,25,10,0.4
829725,1,Kings XI Punjab,middle,2,bat_first,15,7,0.4666666666666667
829725,1,Kings XI Punjab,death,3,bat_first,28,14,0.5
829725,2,Delhi Daredevils,pp,1,bat_second,17,7,0.4117647058823529
829725,2,Delhi Daredevils,middle,1,bat_second,11,7,0.6363636363636364
829725,2,Delhi Daredevils,death,3,bat_second,20,0,0.0
829727,2,Rajasthan Royals,pp,0,bat_second,13,9,0.6923076923076923
829727,2,Rajasthan Royals,middle,3,bat_second,24,9,0.375
829727,2,Rajasthan Royals,death,1,bat_second,12,7,0.5833333333333334
829727,1,Sunrisers Hyderabad,pp,3,bat_first,4,2,0.5
829727,1,Sunrisers Hyderabad,middle,1,bat_first,7,2,0.2857142857142857
829727,1,Sunrisers Hyderabad,death,1,bat_first,5,2,0.4
829729,2,Chennai Super Kings,pp,0,bat_second,16,14,0.875
829729,2,Chennai Super Kings,middle,3,bat_second,19,6,0.3157894736842105
829729,2,Chennai Super Kings,death,0,bat_second,11,10,0.9090909090909091
829729,1,Mumbai Indians,pp,3,bat_first,8,2,0.25
829729,1,Mumbai Indians,middle,2,bat_first,22,12,0.5454545454545454
829729,1,Mumbai Indians,death,2,bat_first,13,5,0.38461538461538464
829731,1,Delhi Daredevils,pp,1,bat_first,13,4,0.3076923076923077
829731,1,Delhi Daredevils,middle,1,bat_first,11,4,0.36363636363636365
829731,1,Delhi Daredevils,death,2,bat_first,9,3,0.3333333333333333
829731,2,Sunrisers Hyderabad,pp,0,bat_second,5,4,0.8
829731,2,Sunrisers Hyderabad,middle,3,bat_second,5,2,0.4
829731,2,Sunrisers Hyderabad,death,3,bat_second,4,1,0.25
829733,1,Kings XI Punjab,pp,3,bat_first,7,1,0.14285714285714285
829733,1,Kings XI Punjab,middle,2,bat_first,16,7,0.4375
829733,1,Kings XI Punjab,death,3,bat_first,29,14,0.4827586206896552
829733,2,Kolkata Knight Riders,pp,2,bat_second,13,6,0.46153846153846156
829733,2,Kolkata Knight Riders,middle,3,bat_second,17,5,0.29411764705882354
829733,2,Kolkata Knight Riders,death,1,bat_second,13,8,0.6153846153846154
829737,2,Royal Challengers Bangalore,pp,1,bat_second,22,14,0.6363636363636364
829737,2,Royal Challengers Bangalore,middle,3,bat_second,26,9,0.34615384615384615
829737,2,Royal Challengers Bangalore,death,1,bat_second,11,7,0.6363636363636364
829737,1,Mumbai Indians,pp,1,bat_first,20,18,0.9
829737,1,Mumbai Indians,middle,1,bat_first,16,8,0.5
829737,1,Mumbai Indians,death,3,bat_first,30,15,0.5
829735,2,Rajasthan Royals,pp,0,bat_second,14,10,0.7142857142857143
829735,2,Rajasthan Royals,middle,0,bat_second,2,2,
829735,2,Rajasthan Royals,death,2,bat_second,7,1,0.14285714285714285
829735,1,Chennai Super Kings,pp,2,bat_first,20,10,0.5
829735,1,Chennai Super Kings,middle,2,bat_first,28,18,0.6428571428571429
829735,1,Chennai Super Kings,death,0,bat_first,7,5,0.7142857142857143
829739,1,Delhi Daredevils,pp,2,bat_first,18,6,0.3333333333333333
829739,1,Delhi Daredevils,middle,3,bat_first,14,3,0.21428571428571427
829739,1,Delhi Daredevils,death,3,bat_first,20,5,0.25
829739,2,Kolkata Knight Riders,pp,2,bat_second,14,7,0.5
829739,2,Kolkata Knight Riders,middle,1,bat_second,19,15,0.7894736842105263
829739,2,Kolkata Knight Riders,death,1,bat_second,14,9,0.6428571428571429
829741,1,Rajasthan Royals,pp,0,bat_first,17,9,0.5294117647058824
829741,1,Rajasthan Royals,middle,2,bat_first,20,13,0.65
829741,1,Rajasthan Royals,death,3,bat_first,23,13,0.5652173913043478
829741,2,Kings XI Punjab,pp,1,bat_second,17,10,0.5882352941176471
829741,2,Kings XI Punjab,middle,3,bat_second,22,7,0.3181818181818182
829741,2,Kings XI Punjab,death,2,bat_second,11,7,0.6363636363636364
829745,2,Royal Challengers Bangalore,pp,2,bat_second,15,6,0.4
829745,2,Royal Challengers Bangalore,middle,3,bat_second,27,9,0.3333333333333333
829745,2,Royal Challengers Bangalore,death,3,bat_second,17,3,0.17647058823529413
829745,1,Chennai Super Kings,pp,1,bat_first,24,16,0.6666666666666666
829745,1,Chennai Super Kings,middle,3,bat_first,18,8,0.4444444444444444
829745,1,Chennai Super Kings,death,3,bat_first,22,12,0.5454545454545454
829743,1,Sunrisers Hyderabad,pp,0,bat_first,2,1,
829743,1,Sunrisers Hyderabad,middle,1,bat_first,8,2,0.25
829743,1,Sunrisers Hyderabad,death,3,bat_first,10,3,0.3
829743,2,Kolkata Knight Riders,pp,2,bat_second,15,8,0.5333333333333333
829743,2,Kolkata Knight Riders,middle,2,bat_second,12,6,0.5
829743,2,Kolkata Knight Riders,death,0,bat_second,15,15,1.0
829747,1,Delhi Daredevils,pp,1,bat_first,14,5,0.35714285714285715
829747,1,Delhi Daredevils,middle,0,bat_first,4,3,0.75
829747,1,Delhi Daredevils,death,3,bat_first,21,5,0.23809523809523808
829747,2,Mumbai Indians,pp,2,bat_second,12,6,0.5
829747,2,Mumbai Indians,middle,2,bat_second,14,9,0.6428571428571429
829747,2,Mumbai Indians,death,3,bat_second,18,3,0.16666666666666666
829749,1,Rajasthan Royals,pp,2,bat_first,10,2,0.2
829749,1,Rajasthan Royals,middle,3,bat_first,20,2,0.1
829749,1,Rajasthan Royals,death,3,bat_first,24,13,0.5416666666666666
829749,2,Royal Challengers Bangalore,pp,1,bat_second,23,14,0.6086956521739131
829749,2,Royal Challengers Bangalore,middle,0,bat_second,7,5,0.7142857142857143
829749,2,Royal Challengers Bangalore,death,0,bat_second,20,18,0.9
829751,1,Mumbai Indians,pp,1,bat_first,21,19,0.9047619047619048
829751,1,Mumbai Indians,middle,3,bat_first,19,13,0.6842105263157895
829751,1,Mumbai Indians,death,3,bat_first,31,16,0.5161290322580645
829751,2,Sunrisers Hyderabad,pp,2,bat_second,5,2,0.4
829751,2,Sunrisers Hyderabad,middle,2,bat_second,5,3,0.6
829751,2,Sunrisers Hyderabad,death,3,bat_second,5,1,0.2
829753,1,Chennai Super Kings,pp,1,bat_first,25,17,0.68
829753,1,Chennai Super Kings,middle,1,bat_first,18,11,0.6111111111111112
829753,1,Chennai Super Kings,death,1,bat_first,21,13,0.6190476190476191
829753,2,Kings XI Punjab,pp,2,bat_second,19,10,0.5263157894736842
829753,2,Kings XI Punjab,middle,3,bat_second,23,7,0.30434782608695654
829753,2,Kings XI Punjab,death,2,bat_second,12,7,0.5833333333333334
829757,1,Delhi Daredevils,pp,2,bat_first,19,6,0.3157894736842105
829757,1,Delhi Daredevils,middle,3,bat_first,15,3,0.2
829757,1,Delhi Daredevils,death,3,bat_first,22,6,0.2727272727272727
829757,2,Royal Challengers Bangalore,pp,0,bat_second,13,11,0.8461538461538461
829757,2,Royal Challengers Bangalore,middle,0,bat_second,8,6,0.75
829757,2,Royal Challengers Bangalore,death,0,bat_second,21,19,0.9047619047619048
829759,2,Kings XI Punjab,pp,2,bat_second,20,10,0.5
829759,2,Kings XI Punjab,middle,3,bat_second,24,7,0.2916666666666667
829759,2,Kings XI Punjab,death,3,bat_second,15,1,0.06666666666666667
829759,1,Sunrisers Hyderabad,pp,2,bat_first,6,2,0.3333333333333333
829759,1,Sunrisers Hyderabad,middle,1,bat_first,9,3,0.3333333333333333
829759,1,Sunrisers Hyderabad,death,3,bat_first,11,4,0.36363636363636365
829765,1,Chennai Super Kings,pp,1,bat_first,26,18,0.6923076923076923
829765,1,Chennai Super Kings,middle,3,bat_first,19,9,0.47368421052631576
829765,1,Chennai Super Kings,death,1,bat_first,22,14,0.6363636363636364
829765,2,Kolkata Knight Riders,pp,2,bat_second,16,8,0.5
829765,2,Kolkata Knight Riders,middle,2,bat_second,13,6,0.46153846153846156
829765,2,Kolkata Knight Riders,death,3,bat_second,19,4,0.21052631578947367
829763,1,Royal Challengers Bangalore,pp,2,bat_first,12,5,0.4166666666666667
829763,1,Royal Challengers Bangalore,middle,2,bat_first,19,9,0.47368421052631576
829763,1,Royal Challengers Bangalore,death,3,bat_first,22,7,0.3181818181818182
829723,1,Chennai Super Kings,pp,3,bat_first,5,1,0.2
829723,1,Chennai Super Kings,middle,1,bat_first,19,12,0.631578947368421
829723,1,Chennai Super Kings,death,3,bat_first,23,13,0.5652173913043478
829723,2,Kolkata Knight Riders,pp,1,bat_second,20,16,0.8
829723,2,Kolkata Knight Riders,middle,2,bat_second,14,6,0.42857142857142855
829723,2,Kolkata Knight Riders,death,0,bat_second,16,15,0.9375
829767,1,Kings XI Punjab,pp,3,bat_first,8,1,0.125
829767,1,Kings XI Punjab,middle,2,bat_first,17,7,0.4117647058823529
829767,1,Kings XI Punjab,death,2,bat_first,17,7,0.4117647058823529
829767,2,Delhi Daredevils,pp,0,bat_second,13,11,0.8461538461538461
829767,2,Delhi Daredevils,middle,1,bat_second,12,8,0.6666666666666666
829767,2,Delhi Daredevils,death,0,bat_second,17,17,1.0
829769,1,Mumbai Indians,pp,1,bat_first,22,20,0.9090909090909091
829769,1,Mumbai Indians,middle,3,bat_first,20,14,0.7
829769,1,Mumbai Indians,death,1,bat_first,10,9,0.9
829769,2,Rajasthan Royals,pp,1,bat_second,17,16,0.9411764705882353
829769,2,Rajasthan Royals,middle,2,bat_second,18,13,0.7222222222222222
829769,2,Rajasthan Royals,death,3,bat_second,17,7,0.4117647058823529
829771,1,Kolkata Knight Riders,pp,1,bat_first,19,10,0.5263157894736842
829771,1,Kolkata Knight Riders,middle,3,bat_first,16,7,0.4375
829771,1,Kolkata Knight Riders,death,0,bat_first,4,2,0.5
829771,2,Royal Challengers Bangalore,pp,2,bat_second,16,6,0.375
829771,2,Royal Challengers Bangalore,middle,1,bat_second,14,13,0.9285714285714286
829771,2,Royal Challengers Bangalore,death,0,bat_second,22,20,0.9090909090909091
829773,1,Sunrisers Hyderabad,pp,0,bat_first,3,2,0.6666666666666666
829773,1,Sunrisers Hyderabad,middle,3,bat_first,6,4,0.6666666666666666
829773,1,Sunrisers Hyderabad,death,3,bat_first,12,5,0.4166666666666667
829773,2,Chennai Super Kings,pp,2,bat_second,12,7,0.5833333333333334
829773,2,Chennai Super Kings,middle,3,bat_second,20,7,0.35
829773,2,Chennai Super Kings,death,1,bat_second,11,8,0.7272727272727273
829775,1,Mumbai Indians,pp,0,bat_first,13,8,0.6153846153846154
829775,1,Mumbai Indians,middle,1,bat_first,17,9,0.5294117647058824
829775,1,Mumbai Indians,death,2,bat_first,14,5,0.35714285714285715
829775,2,Kings XI Punjab,pp,2,bat_second,21,10,0.47619047619047616
829775,2,Kings XI Punjab,middle,1,bat_second,11,10,0.9090909090909091
829775,2,Kings XI Punjab,death,3,bat_second,16,1,0.0625
829777,1,Rajasthan Royals,pp,0,bat_first,18,9,0.5
829777,1,Rajasthan Royals,middle,1,bat_first,10,6,0.6
829777,1,Rajasthan Royals,death,1,bat_first,8,2,0.25
829777,2,Delhi Daredevils,pp,2,bat_second,19,8,0.42105263157894735
829777,2,Delhi Daredevils,middle,2,bat_second,18,9,0.5
829777,2,Delhi Daredevils,death,3,bat_second,21,1,0.047619047619047616
829779,1,Chennai Super Kings,pp,2,bat_first,21,10,0.47619047619047616
829779,1,Chennai Super Kings,middle,2,bat_first,29,18,0.6206896551724138
829779,1,Chennai Super Kings,death,3,bat_first,24,13,0.5416666666666666
829779,2,Royal Challengers Bangalore,pp,3,bat_second,12,3,0.25
829779,2,Royal Challengers Bangalore,middle,2,bat_second,15,7,0.4666666666666667
829779,2,Royal Challengers Bangalore,death,3,bat_second,18,3,0.16666666666666666
829781,1,Kolkata Knight Riders,pp,0,bat_first,11,6,0.5454545454545454
829781,1,Kolkata Knight Riders,middle,3,bat_first,17,7,0.4117647058823529
829781,1,Kolkata Knight Riders,death,2,bat_first,16,8,0.5
829781,2,Sunrisers Hyderabad,pp,3,bat_second,1,0,
829781,2,Sunrisers Hyderabad,middle,3,bat_second,6,2,0.3333333333333333
829781,2,Sunrisers Hyderabad,death,2,bat_second,6,4,0.6666666666666666
829783,2,Mumbai Indians,pp,3,bat_second,11,3,0.2727272727272727
829783,2,Mumbai Indians,middle,0,bat_second,8,7,0.875
829783,2,Mumbai Indians,death,1,bat_second,6,4,0.6666666666666666
829783,1,Delhi Daredevils,pp,2,bat_first,20,6,0.3
829783,1,Delhi Daredevils,middle,2,bat_first,16,4,0.25
829783,1,Delhi Daredevils,death,2,bat_first,10,4,0.4
829785,1,Royal Challengers Bangalore,pp,0,bat_first,6,5,0.8333333333333334
829785,1,Royal Challengers Bangalore,middle,1,bat_first,10,3,0.3
829785,1,Royal Challengers Bangalore,death,2,bat_first,12,3,0.25
829785,2,Kings XI Punjab,pp,3,bat_second,8,4,0.5
829785,2,Kings XI Punjab,middle,3,bat_second,25,7,0.28
829785,2,Kings XI Punjab,death,0,bat_second,17,16,0.9411764705882353
829761,2,Delhi Daredevils,pp,0,bat_second,14,12,0.8571428571428571
829761,2,Delhi Daredevils,middle,3,bat_second,26,7,0.2692307692307692
829761,2,Delhi Daredevils,death,2,bat_second,11,5,0.45454545454545453
829761,1,Kolkata Knight Riders,pp,1,bat_first,20,10,0.5
829761,1,Kolkata Knight Riders,middle,3,bat_first,18,8,0.4444444444444444
829761,1,Kolkata Knight Riders,death,3,bat_first,23,8,0.34782608695652173
829787,1,Sunrisers Hyderabad,pp,1,bat_first,7,2,0.2857142857142857
829787,1,Sunrisers Hyderabad,middle,2,bat_first,5,0,0.0
829787,1,Sunrisers Hyderabad,death,1,bat_first,6,2,0.3333333333333333
829787,2,Rajasthan Royals,pp,2,bat_second,17,7,0.4117647058823529
829787,2,Rajasthan Royals,middle,3,bat_second,25,10,0.4
829787,2,Rajasthan Royals,death,2,bat_second,8,2,0.25
829789,1,Chennai Super Kings,pp,1,bat_first,27,19,0.7037037037037037
829789,1,Chennai Super Kings,middle,2,bat_first,30,19,0.6333333333333333
829789,1,Chennai Super Kings,death,2,bat_first,18,10,0.5555555555555556
829789,2,Mumbai Indians,pp,0,bat_second,13,11,0.8461538461538461
829789,2,Mumbai Indians,middle,3,bat_second,20,7,0.35
829789,2,Mumbai Indians,death,1,bat_second,7,5,0.7142857142857143
829791,1,Kings XI Punjab,pp,1,bat_first,26,10,0.38461538461538464
829791,1,Kings XI Punjab,middle,1,bat_first,10,5,0.5
829791,1,Kings XI Punjab,death,3,bat_first,30,14,0.4666666666666667
829791,2,Kolkata Knight Riders,pp,1,bat_second,21,17,0.8095238095238095
829791,2,Kolkata Knight Riders,middle,3,bat_second,18,6,0.3333333333333333
829791,2,Kolkata Knight Riders,death,3,bat_second,20,4,0.2
829793,2,Delhi Daredevils,pp,1,bat_second,18,8,0.4444444444444444
829793,2,Delhi Daredevils,middle,3,bat_second,27,7,0.25925925925925924
829793,2,Delhi Daredevils,death,0,bat_second,18,18,1.0
829793,1,Sunrisers Hyderabad,pp,2,bat_first,7,3,0.42857142857142855
829793,1,Sunrisers Hyderabad,middle,2,bat_first,6,1,0.16666666666666666
829793,1,Sunrisers Hyderabad,death,0,bat_first,1,1,
829795,1,Royal Challengers Bangalore,pp,1,bat_first,20,8,0.4
829795,1,Royal Challengers Bangalore,middle,0,bat_first,5,1,0.2
829795,1,Royal Challengers Bangalore,death,0,bat_first,6,5,0.8333333333333334
829795,2,Mumbai Indians,pp,1,bat_second,16,9,0.5625
829795,2,Mumbai Indians,middle,2,bat_second,15,9,0.6
829795,2,Mumbai Indians,death,3,bat_second,19,3,0.15789473684210525
829797,1,Chennai Super Kings,pp,2,bat_first,22,11,0.5
829797,1,Chennai Super Kings,middle,0,bat_first,4,3,0.75
829797,1,Chennai Super Kings,death,3,bat_first,25,14,0.56
829797,2,Rajasthan Royals,pp,1,bat_second,18,16,0.8888888888888888
829797,2,Rajasthan Royals,middle,3,bat_second,26,10,0.38461538461538464
829797,2,Rajasthan Royals,death,3,bat_second,18,7,0.3888888888888889
829799,1,Sunrisers Hyderabad,pp,0,bat_first,4,3,0.75
829799,1,Sunrisers Hyderabad,middle,2,bat_first,7,2,0.2857142857142857
829799,1,Sunrisers Hyderabad,death,3,bat_first,13,6,0.46153846153846156
829799,2,Kings XI Punjab,pp,1,bat_second,18,10,0.5555555555555556
829799,2,Kings XI Punjab,middle,3,bat_second,26,7,0.2692307692307692
829799,2,Kings XI Punjab,death,1,bat_second,10,8,0.8
829801,2,Delhi Daredevils,pp,2,bat_second,20,8,0.4
829801,2,Delhi Daredevils,middle,1,bat_second,13,9,0.6923076923076923
829801,2,Delhi Daredevils,death,1,bat_second,14,8,0.5714285714285714
829801,1,Chennai Super Kings,pp,1,bat_first,28,19,0.6785714285714286
829801,1,Chennai Super Kings,middle,2,bat_first,31,19,0.6129032258064516
829801,1,Chennai Super Kings,death,3,bat_first,26,15,0.5769230769230769
829803,1,Kings XI Punjab,pp,3,bat_first,9,1,0.1111111111111111
829803,1,Kings XI Punjab,middle,2,bat_first,18,7,0.3888888888888889
829803,1,Kings XI Punjab,death,0,bat_first,4,1,0.25
829803,2,Royal Challengers Bangalore,pp,2,bat_second,17,7,0.4117647058823529
829803,2,Royal Challengers Bangalore,middle,3,bat_second,28,9,0.32142857142857145
829803,2,Royal Challengers Bangalore,death,0,bat_second,23,21,0.9130434782608695
829805,1,Mumbai Indians,pp,2,bat_first,20,6,0.3
829805,1,Mumbai Indians,middle,2,bat_first,23,12,0.5217391304347826
829805,1,Mumbai Indians,death,0,bat_first,8,5,0.625
829805,2,Kolkata Knight Riders,pp,2,bat_second,17,8,0.47058823529411764
829805,2,Kolkata Knight Riders,middle,2,bat_second,15,7,0.4666666666666667
829805,2,Kolkata Knight Riders,death,3,bat_second,21,5,0.23809523809523808
829807,1,Sunrisers Hyderabad,pp,1,bat_first,8,3,0.375
829807,1,Sunrisers Hyderabad,middle,2,bat_first,8,3,0.375
829807,1,Sunrisers Hyderabad,death,0,bat_first,2,2,
829807,2,Royal Challengers Bangalore,pp,3,bat_second,13,3,0.23076923076923078
829807,2,Royal Challengers Bangalore,middle,0,bat_second,9,7,0.7777777777777778
829807,2,Royal Challengers Bangalore,death,0,bat_second,24,21,0.875
829809,1,Kings XI Punjab,pp,3,bat_first,10,2,0.2
829809,1,Kings XI Punjab,middle,3,bat_first,26,9,0.34615384615384615
829809,1,Kings XI Punjab,death,1,bat_first,6,2,0.3333333333333333
829809,2,Chennai Super Kings,pp,2,bat_second,13,7,0.5384615384615384
829809,2,Chennai Super Kings,middle,1,bat_second,12,12,1.0
829809,2,Chennai Super Kings,death,0,bat_second,12,11,0.9166666666666666
829811,1,Rajasthan Royals,pp,0,bat_first,19,10,0.5263157894736842
829811,1,Rajasthan Royals,middle,3,bat_first,21,2,0.09523809523809523
829811,1,Rajasthan Royals,death,2,bat_first,17,5,0.29411764705882354
829811,2,Kolkata Knight Riders,pp,2,bat_second,18,8,0.4444444444444444
829811,2,Kolkata Knight Riders,middle,3,bat_second,19,7,0.3684210526315789
829811,2,Kolkata Knight Riders,death,3,bat_second,22,5,0.22727272727272727
829813,1,Delhi Daredevils,pp,0,bat_first,3,2,0.6666666666666666
829813,1,Delhi Daredevils,middle,3,bat_first,16,3,0.1875
829813,1,Delhi Daredevils,death,1,bat_first,9,5,0.5555555555555556
829813,2,Royal Challengers Bangalore,pp,0,bat_second,14,12,0.8571428571428571
829813,2,Royal Challengers Bangalore,middle,0,bat_second,10,8,0.8
829813,2,Royal Challengers Bangalore,death,0,bat_second,25,22,0.88
829815,1,Sunrisers Hyderabad,pp,3,bat_first,5,2,0.4
829815,1,Sunrisers Hyderabad,middle,3,bat_first,7,5,0.7142857142857143
829815,1,Sunrisers Hyderabad,death,3,bat_first,14,7,0.5
829815,2,Mumbai Indians,pp,0,bat_second,14,12,0.8571428571428571
829815,2,Mumbai Indians,middle,1,bat_second,10,6,0.6
829815,2,Mumbai Indians,death,0,bat_second,15,14,0.9333333333333333
829817,1,Mumbai Indians,pp,0,bat_first,14,9,0.6428571428571429
829817,1,Mumbai Indians,middle,2,bat_first,24,13,0.5416666666666666
829817,1,Mumbai Indians,death,3,bat_first,32,17,0.53125
829817,2,Chennai Super Kings,pp,2,bat_second,14,8,0.5714285714285714
829817,2,Chennai Super Kings,middle,3,bat_second,21,7,0.3333333333333333
829817,2,Chennai Super Kings,death,3,bat_second,13,4,0.3076923076923077
829819,1,Royal Challengers Bangalore,pp,1,bat_first,21,9,0.42857142857142855
829819,1,Royal Challengers Bangalore,middle,1,bat_first,11,4,0.36363636363636365
829819,1,Royal Challengers Bangalore,death,2,bat_first,13,4,0.3076923076923077
829819,2,Rajasthan Royals,pp,2,bat_second,18,7,0.3888888888888889
829819,2,Rajasthan Royals,middle,3,bat_second,27,10,0.37037037037037035
829819,2,Rajasthan Royals,death,3,bat_second,19,7,0.3684210526315789
829821,1,Royal Challengers Bangalore,pp,2,bat_first,13,5,0.38461538461538464
829821,1,Royal Challengers Bangalore,middle,2,bat_first,20,9,0.45
829821,1,Royal Challengers Bangalore,death,3,bat_first,23,7,0.30434782608695654
829821,2,Chennai Super Kings,pp,1,bat_second,16,10,0.625
829821,2,Chennai Super Kings,middle,2,bat_second,11,7,0.6363636363636364
829821,2,Chennai Super Kings,death,3,bat_second,14,4,0.2857142857142857
829823,1,Mumbai Indians,pp,1,bat_first,23,21,0.9130434782608695
829823,1,Mumbai Indians,middle,2,bat_first,25,14,0.56
829823,1,Mumbai Indians,death,2,bat_first,15,6,0.4
829823,2,Chennai Super Kings,pp,1,bat_second,17,11,0.6470588235294118
829823,2,Chennai Super Kings,middle,3,bat_second,22,7,0.3181818181818182
829823,2,Chennai Super Kings,death,3,bat_second,15,5,0.3333333333333333
980901,2,Rising Pune Supergiants,pp,0,bat_second,0,0,
980901,2,Rising Pune Supergiants,middle,1,bat_second,0,0,
980901,2,Rising Pune Supergiants,death,0,bat_second,0,0,
980901,1,Mumbai Indians,pp,3,bat_first,9,2,0.2222222222222222
980901,1,Mumbai Indians,middle,2,bat_first,26,15,0.5769230769230769
980901,1,Mumbai Indians,death,2,bat_first,16,7,0.4375
980903,2,Kolkata Knight Riders,pp,0,bat_second,10,7,0.7
980903,2,Kolkata Knight Riders,middle,1,bat_second,20,16,0.8
980903,2,Kolkata Knight Riders,death,0,bat_second,17,16,0.9411764705882353
980903,1,Delhi Daredevils,pp,3,bat_first,11,2,0.18181818181818182
980903,1,Delhi Daredevils,middle,3,bat_first,17,3,0.17647058823529413
980903,1,Delhi Daredevils,death,2,bat_first,11,4,0.36363636363636365
980905,1,Kings XI Punjab,pp,0,bat_first,9,7,0.7777777777777778
980905,1,Kings XI Punjab,middle,3,bat_first,27,9,0.3333333333333333
980905,1,Kings XI Punjab,death,2,bat_first,18,7,0.3888888888888889
980905,2,Gujarat Lions,pp,2,bat_second,0,0,
980905,2,Gujarat Lions,middle,2,bat_second,0,0,
980905,2,Gujarat Lions,death,1,bat_second,0,0,
980907,1,Royal Challengers Bangalore,pp,1,bat_first,22,10,0.45454545454545453
980907,1,Royal Challengers Bangalore,middle,0,bat_first,6,2,0.3333333333333333
980907,1,Royal Challengers Bangalore,death,3,bat_first,24,7,0.2916666666666667
980907,2,Sunrisers Hyderabad,pp,1,bat_second,3,3,1.0
980907,2,Sunrisers Hyderabad,middle,3,bat_second,7,2,0.2857142857142857
980907,2,Sunrisers Hyderabad,death,1,bat_second,1,1,
980909,1,Kolkata Knight Riders,pp,1,bat_first,21,11,0.5238095238095238
980909,1,Kolkata Knight Riders,middle,1,bat_first,18,7,0.3888888888888889
980909,1,Kolkata Knight Riders,death,3,bat_first,24,9,0.375
980909,2,Mumbai Indians,pp,1,bat_second,17,9,0.5294117647058824
980909,2,Mumbai Indians,middle,2,bat_second,16,9,0.5625
980909,2,Mumbai Indians,death,1,bat_second,8,6,0.75
980911,1,Rising Pune Supergiants,pp,1,bat_first,0,0,
980911,1,Rising Pune Supergiants,middle,1,bat_first,0,0,
980911,1,Rising Pune Supergiants,death,3,bat_first,0,0,
980911,2,Gujarat Lions,pp,0,bat_second,0,0,
980911,2,Gujarat Lions,middle,2,bat_second,1,1,
980911,2,Gujarat Lions,death,1,bat_second,1,1,
980913,1,Kings XI Punjab,pp,1,bat_first,27,10,0.37037037037037035
980913,1,Kings XI Punjab,middle,3,bat_first,28,9,0.32142857142857145
980913,1,Kings XI Punjab,death,3,bat_first,31,14,0.45161290322580644
980913,2,Delhi Daredevils,pp,1,bat_second,19,8,0.42105263157894735
980913,2,Delhi Daredevils,middle,1,bat_second,14,10,0.7142857142857143
980913,2,Delhi Daredevils,death,0,bat_second,19,18,0.9473684210526315
980917,2,Gujarat Lions,pp,1,bat_second,0,0,
980917,2,Gujarat Lions,middle,3,bat_second,0,0,
980917,2,Gujarat Lions,death,3,bat_second,0,0,
980915,1,Sunrisers Hyderabad,pp,3,bat_first,6,2,0.3333333333333333
980915,1,Sunrisers Hyderabad,middle,1,bat_first,10,4,0.4
980915,1,Sunrisers Hyderabad,death,3,bat_first,15,7,0.4666666666666667
980917,1,Mumbai Indians,pp,2,bat_first,21,7,0.3333333333333333
980917,1,Mumbai Indians,middle,3,bat_first,21,15,0.7142857142857143
980917,1,Mumbai Indians,death,3,bat_first,33,18,0.5454545454545454
980915,2,Kolkata Knight Riders,pp,0,bat_second,11,8,0.7272727272727273
980915,2,Kolkata Knight Riders,middle,2,bat_second,16,7,0.4375
980915,2,Kolkata Knight Riders,death,0,bat_second,18,17,0.9444444444444444
980921,1,Royal Challengers Bangalore,pp,1,bat_first,23,11,0.4782608695652174
980921,1,Royal Challengers Bangalore,middle,1,bat_first,12,5,0.4166666666666667
980921,1,Royal Challengers Bangalore,death,3,bat_first,25,8,0.32
980921,2,Delhi Daredevils,pp,2,bat_second,21,9,0.42857142857142855
980921,2,Delhi Daredevils,middle,0,bat_second,7,7,1.0
980921,2,Delhi Daredevils,death,1,bat_second,15,9,0.6
980919,1,Rising Pune Supergiants,pp,1,bat_first,1,0,
980919,1,Rising Pune Supergiants,middle,2,bat_first,0,0,
980919,1,Rising Pune Supergiants,death,3,bat_first,1,0,
980919,2,Kings XI Punjab,pp,0,bat_second,9,8,0.8888888888888888
980919,2,Kings XI Punjab,middle,3,bat_second,27,7,0.25925925925925924
980919,2,Kings XI Punjab,death,1,bat_second,11,8,0.7272727272727273
980923,1,Mumbai Indians,pp,2,bat_first,22,7,0.3181818181818182
980923,1,Mumbai Indians,middle,2,bat_first,27,15,0.5555555555555556
980923,1,Mumbai Indians,death,2,bat_first,17,7,0.4117647058823529
980923,2,Sunrisers Hyderabad,pp,1,bat_second,4,3,0.75
980923,2,Sunrisers Hyderabad,middle,2,bat_second,6,3,0.5
980923,2,Sunrisers Hyderabad,death,0,bat_second,3,3,1.0
980925,1,Kings XI Punjab,pp,1,bat_first,28,10,0.35714285714285715
980925,1,Kings XI Punjab,middle,3,bat_first,29,9,0.3103448275862069
980925,1,Kings XI Punjab,death,3,bat_first,32,14,0.4375
980925,2,Kolkata Knight Riders,pp,0,bat_second,12,9,0.75
980925,2,Kolkata Knight Riders,middle,3,bat_second,20,7,0.35
980925,2,Kolkata Knight Riders,death,1,bat_second,15,10,0.6666666666666666
980927,1,Royal Challengers Bangalore,pp,1,bat_first,24,11,0.4583333333333333
980927,1,Royal Challengers Bangalore,middle,3,bat_first,13,6,0.46153846153846156
980927,1,Royal Challengers Bangalore,death,3,bat_first,26,8,0.3076923076923077
980927,2,Mumbai Indians,pp,1,bat_second,18,10,0.5555555555555556
980927,2,Mumbai Indians,middle,2,bat_second,17,10,0.5882352941176471
980927,2,Mumbai Indians,death,1,bat_second,9,7,0.7777777777777778
980929,1,Gujarat Lions,pp,1,bat_first,0,0,
980929,1,Gujarat Lions,middle,3,bat_first,0,0,
980929,1,Gujarat Lions,death,3,bat_first,0,0,
980929,2,Sunrisers Hyderabad,pp,0,bat_second,6,4,0.6666666666666666
980929,2,Sunrisers Hyderabad,middle,0,bat_second,1,1,
980929,2,Sunrisers Hyderabad,death,0,bat_second,4,4,1.0
980931,1,Royal Challengers Bangalore,pp,1,bat_first,25,11,0.44
980931,1,Royal Challengers Bangalore,middle,0,bat_first,7,3,0.42857142857142855
980931,1,Royal Challengers Bangalore,death,2,bat_first,14,5,0.35714285714285715
980931,2,Rising Pune Supergiants,pp,3,bat_second,0,0,
980931,2,Rising Pune Supergiants,middle,1,bat_second,1,1,
980931,2,Rising Pune Supergiants,death,3,bat_second,0,0,
980935,2,Sunrisers Hyderabad,pp,0,bat_second,7,5,0.7142857142857143
980935,2,Sunrisers Hyderabad,middle,3,bat_second,8,2,0.25
980935,2,Sunrisers Hyderabad,death,2,bat_second,7,4,0.5714285714285714
980935,1,Kings XI Punjab,pp,2,bat_first,14,6,0.42857142857142855
980935,1,Kings XI Punjab,middle,3,bat_first,30,9,0.3
980935,1,Kings XI Punjab,death,1,bat_first,7,2,0.2857142857142857
980933,1,Delhi Daredevils,pp,1,bat_first,15,6,0.4
980933,1,Delhi Daredevils,middle,2,bat_first,17,4,0.23529411764705882
980933,1,Delhi Daredevils,death,1,bat_first,10,5,0.5
980933,2,Mumbai Indians,pp,1,bat_second,19,11,0.5789473684210527
980933,2,Mumbai Indians,middle,3,bat_second,21,8,0.38095238095238093
980933,2,Mumbai Indians,death,3,bat_second,20,3,0.15
980937,1,Royal Challengers Bangalore,pp,1,bat_first,26,12,0.46153846153846156
980937,1,Royal Challengers Bangalore,middle,1,bat_first,13,5,0.38461538461538464
980937,1,Royal Challengers Bangalore,death,0,bat_first,7,6,0.8571428571428571
980937,2,Gujarat Lions,pp,1,bat_second,1,1,
980937,2,Gujarat Lions,middle,1,bat_second,0,0,
980937,2,Gujarat Lions,death,2,bat_second,0,0,
980939,1,Rising Pune Supergiants,pp,1,bat_first,2,0,
980939,1,Rising Pune Supergiants,middle,2,bat_first,1,0,
980939,1,Rising Pune Supergiants,death,2,bat_first,0,0,
980939,2,Kolkata Knight Riders,pp,2,bat_second,19,8,0.42105263157894735
980939,2,Kolkata Knight Riders,middle,2,bat_second,17,8,0.47058823529411764
980939,2,Kolkata Knight Riders,death,3,bat_second,23,5,0.21739130434782608
980941,1,Mumbai Indians,pp,1,bat_first,24,22,0.9166666666666666
980941,1,Mumbai Indians,middle,1,bat_first,18,10,0.5555555555555556
980941,1,Mumbai Indians,death,3,bat_first,34,18,0.5294117647058824
980941,2,Kings XI Punjab,pp,2,bat_second,22,10,0.45454545454545453
980941,2,Kings XI Punjab,middle,1,bat_second,12,10,0.8333333333333334
980941,2,Kings XI Punjab,death,3,bat_second,17,1,0.058823529411764705
980943,1,Sunrisers Hyderabad,pp,3,bat_first,7,2,0.2857142857142857
980943,1,Sunrisers Hyderabad,middle,2,bat_first,9,3,0.3333333333333333
980943,1,Sunrisers Hyderabad,death,3,bat_first,16,7,0.4375
980943,2,Rising Pune Supergiants,pp,1,bat_second,0,0,
980943,2,Rising Pune Supergiants,middle,2,bat_second,0,0,
980943,2,Rising Pune Supergiants,death,0,bat_second,1,1,
980945,1,Gujarat Lions,pp,0,bat_first,0,0,
980945,1,Gujarat Lions,middle,3,bat_first,1,0,
980945,1,Gujarat Lions,death,2,bat_first,0,0,
980945,2,Delhi Daredevils,pp,3,bat_second,13,4,0.3076923076923077
980945,2,Delhi Daredevils,middle,1,bat_second,15,11,0.7333333333333333
980945,2,Delhi Daredevils,death,1,bat_second,16,10,0.625
980947,1,Kolkata Knight Riders,pp,0,bat_first,12,7,0.5833333333333334
980947,1,Kolkata Knight Riders,middle,3,bat_first,19,9,0.47368421052631576
980947,1,Kolkata Knight Riders,death,2,bat_first,17,9,0.5294117647058824
980947,2,Mumbai Indians,pp,1,bat_second,20,11,0.55
980947,2,Mumbai Indians,middle,3,bat_second,22,8,0.36363636363636365
980947,2,Mumbai Indians,death,0,bat_second,16,15,0.9375
980949,2,Gujarat Lions,pp,0,bat_second,1,1,
980949,2,Gujarat Lions,middle,2,bat_second,2,2,
980949,2,Gujarat Lions,death,3,bat_second,1,1,
980949,1,Rising Pune Supergiants,pp,1,bat_first,3,0,0.0
980949,1,Rising Pune Supergiants,middle,1,bat_first,1,0,
980949,1,Rising Pune Supergiants,death,1,bat_first,0,0,
980951,2,Kolkata Knight Riders,pp,2,bat_second,20,9,0.45
980951,2,Kolkata Knight Riders,middle,3,bat_second,21,8,0.38095238095238093
980951,2,Kolkata Knight Riders,death,3,bat_second,24,6,0.25
980951,1,Delhi Daredevils,pp,3,bat_first,12,2,0.16666666666666666
980951,1,Delhi Daredevils,middle,0,bat_first,5,4,0.8
980951,1,Delhi Daredevils,death,3,bat_first,23,6,0.2608695652173913
980953,1,Sunrisers Hyderabad,pp,1,bat_first,9,3,0.3333333333333333
980953,1,Sunrisers Hyderabad,middle,0,bat_first,1,1,
980953,1,Sunrisers Hyderabad,death,3,bat_first,17,7,0.4117647058823529
980953,2,Royal Challengers Bangalore,pp,1,bat_second,24,15,0.625
980953,2,Royal Challengers Bangalore,middle,3,bat_second,29,9,0.3103448275862069
980953,2,Royal Challengers Bangalore,death,2,bat_second,14,6,0.42857142857142855
980957,2,Mumbai Indians,pp,1,bat_second,21,12,0.5714285714285714
980957,2,Mumbai Indians,middle,1,bat_second,11,7,0.6363636363636364
980957,2,Mumbai Indians,death,0,bat_second,17,16,0.9411764705882353
980955,1,Kings XI Punjab,pp,0,bat_first,10,7,0.7
980955,1,Kings XI Punjab,middle,3,bat_first,31,9,0.2903225806451613
980955,1,Kings XI Punjab,death,3,bat_first,33,14,0.42424242424242425
980957,1,Rising Pune Supergiants,pp,1,bat_first,4,0,0.0
980957,1,Rising Pune Supergiants,middle,2,bat_first,2,0,
980957,1,Rising Pune Supergiants,death,2,bat_first,1,0,
980955,2,Gujarat Lions,pp,2,bat_second,1,1,
980955,2,Gujarat Lions,middle,3,bat_second,1,1,
980955,2,Gujarat Lions,death,2,bat_second,1,1,
980959,1,Royal Challengers Bangalore,pp,1,bat_first,27,12,0.4444444444444444
980959,1,Royal Challengers Bangalore,middle,2,bat_first,21,9,0.42857142857142855
980959,1,Royal Challengers Bangalore,death,3,bat_first,27,8,0.2962962962962963
980959,2,Kolkata Knight Riders,pp,2,bat_second,21,9,0.42857142857142855
980959,2,Kolkata Knight Riders,middle,2,bat_second,18,9,0.5
980959,2,Kolkata Knight Riders,death,1,bat_second,16,11,0.6875
980961,1,Gujarat Lions,pp,3,bat_first,0,0,
980961,1,Gujarat Lions,middle,1,bat_first,0,0,
980961,1,Gujarat Lions,death,3,bat_first,1,0,
980961,2,Delhi Daredevils,pp,0,bat_second,15,12,0.8
980961,2,Delhi Daredevils,middle,2,bat_second,19,9,0.47368421052631576
980961,2,Delhi Daredevils,death,0,bat_second,20,19,0.95
980963,1,Kolkata Knight Riders,pp,0,bat_first,13,7,0.5384615384615384
980963,1,Kolkata Knight Riders,middle,1,bat_first,19,7,0.3684210526315789
980963,1,Kolkata Knight Riders,death,2,bat_first,18,9,0.5
980963,2,Kings XI Punjab,pp,3,bat_second,9,4,0.4444444444444444
980963,2,Kings XI Punjab,middle,1,bat_second,13,10,0.7692307692307693
980963,2,Kings XI Punjab,death,3,bat_second,18,1,0.05555555555555555
980965,1,Delhi Daredevils,pp,2,bat_first,21,6,0.2857142857142857
980965,1,Delhi Daredevils,middle,2,bat_first,18,5,0.2777777777777778
980965,1,Delhi Daredevils,death,3,bat_first,24,7,0.2916666666666667
980965,2,Rising Pune Supergiants,pp,0,bat_second,1,1,
980965,2,Rising Pune Supergiants,middle,2,bat_second,1,1,
980965,2,Rising Pune Supergiants,death,1,bat_second,0,0,
980967,1,Gujarat Lions,pp,3,bat_first,1,0,
980967,1,Gujarat Lions,middle,2,bat_first,0,0,
980967,1,Gujarat Lions,death,1,bat_first,0,0,
980967,2,Sunrisers Hyderabad,pp,2,bat_second,6,2,0.3333333333333333
980967,2,Sunrisers Hyderabad,middle,2,bat_second,7,4,0.5714285714285714
980967,2,Sunrisers Hyderabad,death,1,bat_second,2,1,
980971,2,Delhi Daredevils,pp,0,bat_second,16,13,0.8125
980971,2,Delhi Daredevils,middle,2,bat_second,20,10,0.5
980971,2,Delhi Daredevils,death,3,bat_second,22,1,0.045454545454545456
980969,1,Rising Pune Supergiants,pp,1,bat_first,5,0,0.0
980969,1,Rising Pune Supergiants,middle,1,bat_first,2,0,
980969,1,Rising Pune Supergiants,death,3,bat_first,2,0,
980971,1,Kings XI Punjab,pp,1,bat_first,29,10,0.3448275862068966
980971,1,Kings XI Punjab,middle,2,bat_first,19,8,0.42105263157894735
980971,1,Kings XI Punjab,death,2,bat_first,19,7,0.3684210526315789
980969,2,Royal Challengers Bangalore,pp,0,bat_second,15,12,0.8
980969,2,Royal Challengers Bangalore,middle,2,bat_second,16,7,0.4375
980969,2,Royal Challengers Bangalore,death,1,bat_second,12,7,0.5833333333333334
980973,1,Sunrisers Hyderabad,pp,0,bat_first,5,4,0.8
980973,1,Sunrisers Hyderabad,middle,2,bat_first,10,3,0.3
980973,1,Sunrisers Hyderabad,death,1,bat_first,7,3,0.42857142857142855
980973,2,Mumbai Indians,pp,3,bat_second,12,4,0.3333333333333333
980973,2,Mumbai Indians,middle,3,bat_second,23,9,0.391304347826087
980973,2,Mumbai Indians,death,1,bat_second,10,8,0.8
980975,1,Kolkata Knight Riders,pp,3,bat_first,11,1,0.09090909090909091
980975,1,Kolkata Knight Riders,middle,0,bat_first,3,2,0.6666666666666666
980975,1,Kolkata Knight Riders,death,0,bat_first,5,2,0.4
980975,2,Gujarat Lions,pp,1,bat_second,2,2,
980975,2,Gujarat Lions,middle,2,bat_second,3,3,1.0
980975,2,Gujarat Lions,death,2,bat_second,2,1,
980977,1,Royal Challengers Bangalore,pp,0,bat_first,7,6,0.8571428571428571
980977,1,Royal Challengers Bangalore,middle,3,bat_first,14,6,0.42857142857142855
980977,1,Royal Challengers Bangalore,death,3,bat_first,28,8,0.2857142857142857
980977,2,Kings XI Punjab,pp,1,bat_second,19,10,0.5263157894736842
980977,2,Kings XI Punjab,middle,2,bat_second,16,11,0.6875
980977,2,Kings XI Punjab,death,1,bat_second,12,9,0.75
980979,1,Sunrisers Hyderabad,pp,1,bat_first,10,4,0.4
980979,1,Sunrisers Hyderabad,middle,1,bat_first,11,4,0.36363636363636365
980979,1,Sunrisers Hyderabad,death,3,bat_first,18,8,0.4444444444444444
980979,2,Rising Pune Supergiants,pp,2,bat_second,0,0,
980979,2,Rising Pune Supergiants,middle,3,bat_second,0,0,
980979,2,Rising Pune Supergiants,death,3,bat_second,1,0,
980981,1,Royal Challengers Bangalore,pp,2,bat_first,14,5,0.35714285714285715
980981,1,Royal Challengers Bangalore,middle,1,bat_first,14,5,0.35714285714285715
980981,1,Royal Challengers Bangalore,death,1,bat_first,7,4,0.5714285714285714
980981,2,Mumbai Indians,pp,1,bat_second,22,13,0.5909090909090909
980981,2,Mumbai Indians,middle,2,bat_second,18,11,0.6111111111111112
980981,2,Mumbai Indians,death,1,bat_second,11,8,0.7272727272727273
980983,1,Sunrisers Hyderabad,pp,0,bat_first,6,5,0.8333333333333334
980983,1,Sunrisers Hyderabad,middle,3,bat_first,8,5,0.625
980983,1,Sunrisers Hyderabad,death,3,bat_first,19,9,0.47368421052631576
980983,2,Delhi Daredevils,pp,1,bat_second,20,9,0.45
980983,2,Delhi Daredevils,middle,2,bat_second,21,10,0.47619047619047616
980983,2,Delhi Daredevils,death,0,bat_second,21,20,0.9523809523809523
980985,2,Kings XI Punjab,pp,1,bat_second,20,10,0.5
980985,2,Kings XI Punjab,middle,0,bat_second,4,4,1.0
980985,2,Kings XI Punjab,death,2,bat_second,13,7,0.5384615384615384
980985,1,Mumbai Indians,pp,2,bat_first,23,7,0.30434782608695654
980985,1,Mumbai Indians,middle,3,bat_first,22,15,0.6818181818181818
980985,1,Mumbai Indians,death,3,bat_first,35,19,0.5428571428571428
980987,2,Gujarat Lions,pp,2,bat_second,2,1,
980987,2,Gujarat Lions,middle,3,bat_second,2,1,
980987,2,Gujarat Lions,death,2,bat_second,3,2,0.6666666666666666
980987,1,Royal Challengers Bangalore,pp,1,bat_first,28,12,0.42857142857142855
980987,1,Royal Challengers Bangalore,middle,0,bat_first,8,4,0.5
980987,1,Royal Challengers Bangalore,death,2,bat_first,15,6,0.4
980989,2,Kolkata Knight Riders,pp,2,bat_second,22,10,0.45454545454545453
980989,2,Kolkata Knight Riders,middle,0,bat_second,6,5,0.8333333333333334
980989,2,Kolkata Knight Riders,death,0,bat_second,19,18,0.9473684210526315
980989,1,Rising Pune Supergiants,pp,2,bat_first,0,0,
980989,1,Rising Pune Supergiants,middle,3,bat_first,0,0,
980989,1,Rising Pune Supergiants,death,1,bat_first,1,0,
980991,1,Kings XI Punjab,pp,1,bat_first,30,11,0.36666666666666664
980991,1,Kings XI Punjab,middle,1,bat_first,11,5,0.45454545454545453
980991,1,Kings XI Punjab,death,2,bat_first,20,8,0.4
980991,2,Sunrisers Hyderabad,pp,0,bat_second,8,6,0.75
980991,2,Sunrisers Hyderabad,middle,2,bat_second,8,5,0.625
980991,2,Sunrisers Hyderabad,death,1,bat_second,3,2,0.6666666666666666
980993,1,Mumbai Indians,pp,0,bat_first,15,10,0.6666666666666666
980993,1,Mumbai Indians,middle,2,bat_first,28,15,0.5357142857142857
980993,1,Mumbai Indians,death,2,bat_first,18,7,0.3888888888888889
980993,2,Delhi Daredevils,pp,2,bat_second,22,10,0.45454545454545453
980993,2,Delhi Daredevils,middle,3,bat_second,28,7,0.25
980993,2,Delhi Daredevils,death,3,bat_second,23,1,0.043478260869565216
980995,1,Kolkata Knight Riders,pp,1,bat_first,22,11,0.5
980995,1,Kolkata Knight Riders,middle,3,bat_first,20,9,0.45
980995,1,Kolkata Knight Riders,death,1,bat_first,9,5,0.5555555555555556
980995,2,Royal Challengers Bangalore,pp,0,bat_second,16,13,0.8125
980995,2,Royal Challengers Bangalore,middle,1,bat_second,15,14,0.9333333333333333
980995,2,Royal Challengers Bangalore,death,0,bat_second,26,22,0.8461538461538461
980997,1,Delhi Daredevils,pp,2,bat_first,22,6,0.2727272727272727
980997,1,Delhi Daredevils,middle,3,bat_first,18,3,0.16666666666666666
980997,1,Delhi Daredevils,death,1,bat_first,11,6,0.5454545454545454
980997,2,Rising Pune Supergiants,pp,1,bat_second,1,1,
980997,2,Rising Pune Supergiants,middle,0,bat_second,0,0,
980997,2,Rising Pune Supergiants,death,0,bat_second,2,2,
980999,1,Royal Challengers Bangalore,pp,0,bat_first,8,7,0.875
980999,1,Royal Challengers Bangalore,middle,3,bat_first,15,7,0.4666666666666667
980999,1,Royal Challengers Bangalore,death,0,bat_first,8,6,0.75
980999,2,Kings XI Punjab,pp,3,bat_second,10,4,0.4
980999,2,Kings XI Punjab,middle,3,bat_second,28,8,0.2857142857142857
980999,2,Kings XI Punjab,death,0,bat_second,18,16,0.8888888888888888
981001,1,Kolkata Knight Riders,pp,2,bat_first,11,6,0.5454545454545454
981001,1,Kolkata Knight Riders,middle,3,bat_first,21,9,0.42857142857142855
981001,1,Kolkata Knight Riders,death,3,bat_first,25,9,0.36
981001,2,Gujarat Lions,pp,3,bat_second,0,0,
981001,2,Gujarat Lions,middle,1,bat_second,1,1,
981001,2,Gujarat Lions,death,0,bat_second,0,0,
981003,2,Delhi Daredevils,pp,1,bat_second,21,10,0.47619047619047616
981003,2,Delhi Daredevils,middle,1,bat_second,16,11,0.6875
981003,2,Delhi Daredevils,death,2,bat_second,12,5,0.4166666666666667
981003,1,Sunrisers Hyderabad,pp,1,bat_first,11,5,0.45454545454545453
981003,1,Sunrisers Hyderabad,middle,3,bat_first,9,5,0.5555555555555556
981003,1,Sunrisers Hyderabad,death,3,bat_first,20,9,0.45
981005,2,Rising Pune Supergiants,pp,1,bat_second,2,2,
981005,2,Rising Pune Supergiants,middle,3,bat_second,1,0,
981005,2,Rising Pune Supergiants,death,1,bat_second,1,1,
981007,1,Mumbai Indians,pp,3,bat_first,10,2,0.2
981007,1,Mumbai Indians,middle,1,bat_first,19,11,0.5789473684210527
981007,1,Mumbai Indians,death,3,bat_first,36,19,0.5277777777777778
981007,2,Gujarat Lions,pp,1,bat_second,3,3,1.0
981007,2,Gujarat Lions,middle,3,bat_second,3,1,0.3333333333333333
981007,2,Gujarat Lions,death,0,bat_second,1,1,
981005,1,Kings XI Punjab,pp,0,bat_first,11,8,0.7272727272727273
981005,1,Kings XI Punjab,middle,2,bat_first,20,9,0.45
981005,1,Kings XI Punjab,death,3,bat_first,34,15,0.4411764705882353
981009,1,Kolkata Knight Riders,pp,2,bat_first,12,6,0.5
981009,1,Kolkata Knight Riders,middle,1,bat_first,20,8,0.4
981009,1,Kolkata Knight Riders,death,3,bat_first,26,9,0.34615384615384615
981009,2,Sunrisers Hyderabad,pp,1,bat_second,5,4,0.8
981009,2,Sunrisers Hyderabad,middle,3,bat_second,9,3,0.3333333333333333
981009,2,Sunrisers Hyderabad,death,3,bat_second,6,1,0.16666666666666666
981011,1,Delhi Daredevils,pp,2,bat_first,23,6,0.2608695652173913
981011,1,Delhi Daredevils,middle,3,bat_first,19,3,0.15789473684210525
981011,1,Delhi Daredevils,death,2,bat_first,12,4,0.3333333333333333
981011,2,Royal Challengers Bangalore,pp,2,bat_second,18,7,0.3888888888888889
981011,2,Royal Challengers Bangalore,middle,2,bat_second,17,8,0.47058823529411764
981011,2,Royal Challengers Bangalore,death,0,bat_second,27,23,0.8518518518518519
981013,1,Gujarat Lions,pp,3,bat_first,2,0,
981013,1,Gujarat Lions,middle,1,bat_first,1,0,
981013,1,Gujarat Lions,death,3,bat_first,2,0,
981013,2,Royal Challengers Bangalore,pp,3,bat_second,14,4,0.2857142857142857
981013,2,Royal Challengers Bangalore,middle,1,bat_second,16,15,0.9375
981013,2,Royal Challengers Bangalore,death,0,bat_second,28,24,0.8571428571428571
981015,1,Sunrisers Hyderabad,pp,1,bat_first,12,5,0.4166666666666667
981015,1,Sunrisers Hyderabad,middle,2,bat_first,11,4,0.36363636363636365
981015,1,Sunrisers Hyderabad,death,3,bat_first,21,9,0.42857142857142855
981015,2,Kolkata Knight Riders,pp,1,bat_second,22,18,0.8181818181818182
981015,2,Kolkata Knight Riders,middle,3,bat_second,22,8,0.36363636363636365
981015,2,Kolkata Knight Riders,death,3,bat_second,25,6,0.24
981017,1,Gujarat Lions,pp,2,bat_first,0,0,
981017,1,Gujarat Lions,middle,3,bat_first,2,1,
981017,1,Gujarat Lions,death,2,bat_first,1,1,
981017,2,Sunrisers Hyderabad,pp,2,bat_second,7,3,0.42857142857142855
981017,2,Sunrisers Hyderabad,middle,3,bat_second,10,3,0.3
981017,2,Sunrisers Hyderabad,death,1,bat_second,4,3,0.75
981019,2,Royal Challengers Bangalore,pp,0,bat_second,17,14,0.8235294117647058
981019,2,Royal Challengers Bangalore,middle,3,bat_second,30,9,0.3
981019,2,Royal Challengers Bangalore,death,3,bat_second,19,3,0.15789473684210525
981019,1,Sunrisers Hyderabad,pp,0,bat_first,7,5,0.7142857142857143
981019,1,Sunrisers Hyderabad,middle,3,bat_first,10,5,0.5
981019,1,Sunrisers Hyderabad,death,3,bat_first,22,10,0.45454545454545453
1082591,1,Sunrisers Hyderabad,pp,1,bat_first,13,6,0.46153846153846156
1082591,1,Sunrisers Hyderabad,middle,1,bat_first,12,5,0.4166666666666667
1082591,1,Sunrisers Hyderabad,death,2,bat_first,3,1,0.3333333333333333
1082591,2,Royal Challengers Bangalore,pp,1,bat_second,25,15,0.6
1082591,2,Royal Challengers Bangalore,middle,3,bat_second,31,9,0.2903225806451613
1082591,2,Royal Challengers Bangalore,death,3,bat_second,20,3,0.15
1082592,1,Mumbai Indians,pp,1,bat_first,25,23,0.92
1082592,1,Mumbai Indians,middle,3,bat_first,23,15,0.6521739130434783
1082592,1,Mumbai Indians,death,3,bat_first,37,19,0.5135135135135135
1082592,2,Rising Pune Supergiant,pp,1,bat_second,0,0,
1082592,2,Rising Pune Supergiant,middle,1,bat_second,0,0,
1082592,2,Rising Pune Supergiant,death,1,bat_second,0,0,
1082593,1,Gujarat Lions,pp,1,bat_first,1,0,
1082593,1,Gujarat Lions,middle,2,bat_first,1,0,
1082593,1,Gujarat Lions,death,1,bat_first,1,0,
1082593,2,Kolkata Knight Riders,pp,0,bat_second,13,10,0.7692307692307693
1082593,2,Kolkata Knight Riders,middle,0,bat_second,7,6,0.8571428571428571
1082593,2,Kolkata Knight Riders,death,0,bat_second,20,19,0.95
1082594,1,Rising Pune Supergiant,pp,1,bat_first,0,0,
1082594,1,Rising Pune Supergiant,middle,3,bat_first,0,0,
1082594,1,Rising Pune Supergiant,death,2,bat_first,0,0,
1082594,2,Kings XI Punjab,pp,2,bat_second,23,10,0.43478260869565216
1082594,2,Kings XI Punjab,middle,2,bat_second,17,11,0.6470588235294118
1082594,2,Kings XI Punjab,death,0,bat_second,19,16,0.8421052631578947
1082595,1,Royal Challengers Bangalore,pp,2,bat_first,15,5,0.3333333333333333
1082595,1,Royal Challengers Bangalore,middle,2,bat_first,22,9,0.4090909090909091
1082595,1,Royal Challengers Bangalore,death,3,bat_first,29,9,0.3103448275862069
1082595,2,Delhi Daredevils,pp,2,bat_second,23,10,0.43478260869565216
1082595,2,Delhi Daredevils,middle,3,bat_second,29,7,0.2413793103448276
1082595,2,Delhi Daredevils,death,3,bat_second,24,1,0.041666666666666664
1082597,1,Kolkata Knight Riders,pp,2,bat_first,13,7,0.5384615384615384
1082597,1,Kolkata Knight Riders,middle,2,bat_first,15,7,0.4666666666666667
1082597,1,Kolkata Knight Riders,death,3,bat_first,27,10,0.37037037037037035
1082597,2,Mumbai Indians,pp,0,bat_second,15,13,0.8666666666666667
1082597,2,Mumbai Indians,middle,3,bat_second,24,9,0.375
1082597,2,Mumbai Indians,death,2,bat_second,13,8,0.6153846153846154
1082596,1,Gujarat Lions,pp,2,bat_first,1,0,
1082596,1,Gujarat Lions,middle,2,bat_first,2,0,
1082596,1,Gujarat Lions,death,3,bat_first,3,0,0.0
1082596,2,Sunrisers Hyderabad,pp,1,bat_second,6,4,0.6666666666666666
1082596,2,Sunrisers Hyderabad,middle,0,bat_second,2,2,
1082596,2,Sunrisers Hyderabad,death,0,bat_second,5,5,1.0
1082598,1,Royal Challengers Bangalore,pp,3,bat_first,9,1,0.1111111111111111
1082598,1,Royal Challengers Bangalore,middle,1,bat_first,15,5,0.3333333333333333
1082598,1,Royal Challengers Bangalore,death,0,bat_first,9,7,0.7777777777777778
1082598,2,Kings XI Punjab,pp,1,bat_second,21,11,0.5238095238095238
1082598,2,Kings XI Punjab,middle,1,bat_second,14,10,0.7142857142857143
1082598,2,Kings XI Punjab,death,0,bat_second,20,17,0.85
1082599,1,Delhi Daredevils,pp,1,bat_first,16,7,0.4375
1082599,1,Delhi Daredevils,middle,1,bat_first,12,5,0.4166666666666667
1082599,1,Delhi Daredevils,death,2,bat_first,13,4,0.3076923076923077
1082599,2,Rising Pune Supergiant,pp,3,bat_second,0,0,
1082599,2,Rising Pune Supergiant,middle,3,bat_second,0,0,
1082599,2,Rising Pune Supergiant,death,2,bat_second,0,0,
1082600,1,Sunrisers Hyderabad,pp,0,bat_first,8,6,0.75
1082600,1,Sunrisers Hyderabad,middle,3,bat_first,11,6,0.5454545454545454
1082600,1,Sunrisers Hyderabad,death,3,bat_first,23,11,0.4782608695652174
1082600,2,Mumbai Indians,pp,2,bat_second,13,6,0.46153846153846156
1082600,2,Mumbai Indians,middle,2,bat_second,19,12,0.631578947368421
1082600,2,Mumbai Indians,death,2,bat_second,14,9,0.6428571428571429
1082601,2,Kolkata Knight Riders,pp,1,bat_second,23,18,0.782608695652174
1082601,2,Kolkata Knight Riders,middle,1,bat_second,21,17,0.8095238095238095
1082601,2,Kolkata Knight Riders,death,0,bat_second,21,20,0.9523809523809523
1082601,1,Kings XI Punjab,pp,1,bat_first,31,11,0.3548387096774194
1082601,1,Kings XI Punjab,middle,3,bat_first,32,10,0.3125
1082601,1,Kings XI Punjab,death,3,bat_first,35,15,0.42857142857142855
1082603,2,Gujarat Lions,pp,0,bat_second,2,2,
1082603,2,Gujarat Lions,middle,3,bat_second,4,2,0.5
1082603,2,Gujarat Lions,death,0,bat_second,2,2,
1082602,1,Royal Challengers Bangalore,pp,0,bat_first,9,8,0.8888888888888888
1082602,1,Royal Challengers Bangalore,middle,1,bat_first,16,5,0.3125
1082602,1,Royal Challengers Bangalore,death,3,bat_first,30,10,0.3333333333333333
1082603,1,Rising Pune Supergiant,pp,2,bat_first,0,0,
1082603,1,Rising Pune Supergiant,middle,3,bat_first,1,0,
1082603,1,Rising Pune Supergiant,death,3,bat_first,0,0,
1082602,2,Mumbai Indians,pp,3,bat_second,13,4,0.3076923076923077
1082602,2,Mumbai Indians,middle,1,bat_second,12,8,0.6666666666666666
1082602,2,Mumbai Indians,death,1,bat_second,12,9,0.75
1082604,2,Sunrisers Hyderabad,pp,0,bat_second,9,7,0.7777777777777778
1082604,2,Sunrisers Hyderabad,middle,3,bat_second,11,4,0.36363636363636365
1082604,2,Sunrisers Hyderabad,death,1,bat_second,5,4,0.8
1082604,1,Kolkata Knight Riders,pp,2,bat_first,14,7,0.5
1082604,1,Kolkata Knight Riders,middle,1,bat_first,21,9,0.42857142857142855
1082604,1,Kolkata Knight Riders,death,3,bat_first,28,10,0.35714285714285715
1082605,1,Delhi Daredevils,pp,0,bat_first,4,2,0.5
1082605,1,Delhi Daredevils,middle,3,bat_first,20,3,0.15
1082605,1,Delhi Daredevils,death,2,bat_first,14,5,0.35714285714285715
1082605,2,Kings XI Punjab,pp,3,bat_second,11,4,0.36363636363636365
1082605,2,Kings XI Punjab,middle,3,bat_second,29,8,0.27586206896551724
1082605,2,Kings XI Punjab,death,3,bat_second,19,1,0.05263157894736842
1082607,2,Royal Challengers Bangalore,pp,2,bat_second,19,8,0.42105263157894735
1082607,2,Royal Challengers Bangalore,middle,2,bat_second,18,9,0.5
1082607,2,Royal Challengers Bangalore,death,3,bat_second,21,3,0.14285714285714285
1082606,1,Gujarat Lions,pp,1,bat_first,2,0,
1082606,1,Gujarat Lions,middle,2,bat_first,3,0,0.0
1082606,1,Gujarat Lions,death,1,bat_first,2,0,
1082606,2,Mumbai Indians,pp,1,bat_second,23,14,0.6086956521739131
1082606,2,Mumbai Indians,middle,2,bat_second,20,13,0.65
1082606,2,Mumbai Indians,death,1,bat_second,13,10,0.7692307692307693
1082607,1,Rising Pune Supergiant,pp,0,bat_first,0,0,
1082607,1,Rising Pune Supergiant,middle,2,bat_first,0,0,
1082607,1,Rising Pune Supergiant,death,3,bat_first,1,0,
1082608,2,Kolkata Knight Riders,pp,3,bat_second,11,2,0.18181818181818182
1082608,2,Kolkata Knight Riders,middle,1,bat_second,22,18,0.8181818181818182
1082608,2,Kolkata Knight Riders,death,2,bat_second,7,4,0.5714285714285714
1082609,2,Kings XI Punjab,pp,2,bat_second,24,11,0.4583333333333333
1082609,2,Kings XI Punjab,middle,3,bat_second,30,8,0.26666666666666666
1082609,2,Kings XI Punjab,death,3,bat_second,20,1,0.05
1082608,1,Delhi Daredevils,pp,0,bat_first,5,3,0.6
1082608,1,Delhi Daredevils,middle,3,bat_first,21,4,0.19047619047619047
1082608,1,Delhi Daredevils,death,3,bat_first,25,7,0.28
1082609,1,Sunrisers Hyderabad,pp,1,bat_first,14,7,0.5
1082609,1,Sunrisers Hyderabad,middle,2,bat_first,12,5,0.4166666666666667
1082609,1,Sunrisers Hyderabad,death,3,bat_first,24,11,0.4583333333333333
1082610,1,Royal Challengers Bangalore,pp,0,bat_first,10,8,0.8
1082610,1,Royal Challengers Bangalore,middle,1,bat_first,17,5,0.29411764705882354
1082610,1,Royal Challengers Bangalore,death,1,bat_first,8,4,0.5
1082610,2,Gujarat Lions,pp,2,bat_second,3,1,0.3333333333333333
1082610,2,Gujarat Lions,middle,3,bat_second,5,3,0.6
1082610,2,Gujarat Lions,death,2,bat_second,4,2,0.5
1082611,1,Sunrisers Hyderabad,pp,1,bat_first,15,8,0.5333333333333333
1082611,1,Sunrisers Hyderabad,middle,0,bat_first,2,2,
1082611,1,Sunrisers Hyderabad,death,3,bat_first,25,12,0.48
1082611,2,Delhi Daredevils,pp,1,bat_second,22,11,0.5
1082611,2,Delhi Daredevils,middle,3,bat_second,30,7,0.23333333333333334
1082611,2,Delhi Daredevils,death,1,bat_second,17,10,0.5882352941176471
1082612,1,Kings XI Punjab,pp,1,bat_first,32,11,0.34375
1082612,1,Kings XI Punjab,middle,1,bat_first,12,5,0.4166666666666667
1082612,1,Kings XI Punjab,death,2,bat_first,21,8,0.38095238095238093
1082612,2,Mumbai Indians,pp,1,bat_second,24,15,0.625
1082612,2,Mumbai Indians,middle,1,bat_second,13,9,0.6923076923076923
1082612,2,Mumbai Indians,death,0,bat_second,18,17,0.9444444444444444
1082613,1,Kolkata Knight Riders,pp,1,bat_first,23,11,0.4782608695652174
1082613,1,Kolkata Knight Riders,middle,1,bat_first,22,10,0.45454545454545453
1082613,1,Kolkata Knight Riders,death,3,bat_first,29,11,0.3793103448275862
1082613,2,Gujarat Lions,pp,1,bat_second,4,4,1.0
1082613,2,Gujarat Lions,middle,3,bat_second,6,3,0.5
1082613,2,Gujarat Lions,death,1,bat_second,2,2,
1082615,2,Rising Pune Supergiant,pp,1,bat_second,1,1,
1082615,2,Rising Pune Supergiant,middle,2,bat_second,0,0,
1082615,2,Rising Pune Supergiant,death,1,bat_second,1,1,
1082614,1,Mumbai Indians,pp,2,bat_first,24,7,0.2916666666666667
1082614,1,Mumbai Indians,middle,3,bat_first,24,15,0.625
1082614,1,Mumbai Indians,death,3,bat_first,38,19,0.5
1082614,2,Delhi Daredevils,pp,3,bat_second,14,4,0.2857142857142857
1082614,2,Delhi Daredevils,middle,1,bat_second,17,12,0.7058823529411765
1082614,2,Delhi Daredevils,death,1,bat_second,18,10,0.5555555555555556
1082615,1,Sunrisers Hyderabad,pp,0,bat_first,9,6,0.6666666666666666
1082615,1,Sunrisers Hyderabad,middle,2,bat_first,13,6,0.46153846153846156
1082615,1,Sunrisers Hyderabad,death,1,bat_first,8,4,0.5
1082616,1,Kings XI Punjab,pp,1,bat_first,33,11,0.3333333333333333
1082616,1,Kings XI Punjab,middle,3,bat_first,33,10,0.30303030303030304
1082616,1,Kings XI Punjab,death,3,bat_first,36,15,0.4166666666666667
1082616,2,Gujarat Lions,pp,2,bat_second,4,1,0.25
1082616,2,Gujarat Lions,middle,3,bat_second,7,4,0.5714285714285714
1082616,2,Gujarat Lions,death,1,bat_second,3,3,1.0
1082617,1,Kolkata Knight Riders,pp,2,bat_first,15,8,0.5333333333333333
1082617,1,Kolkata Knight Riders,middle,3,bat_first,22,9,0.4090909090909091
1082617,1,Kolkata Knight Riders,death,3,bat_first,30,11,0.36666666666666664
1082617,2,Royal Challengers Bangalore,pp,3,bat_second,15,5,0.3333333333333333
1082617,2,Royal Challengers Bangalore,middle,3,bat_second,32,9,0.28125
1082617,2,Royal Challengers Bangalore,death,0,bat_second,29,25,0.8620689655172413
1082618,1,Rising Pune Supergiant,pp,0,bat_first,1,1,
1082618,1,Rising Pune Supergiant,middle,3,bat_first,2,0,
1082618,1,Rising Pune Supergiant,death,3,bat_first,2,1,
1082618,2,Mumbai Indians,pp,1,bat_second,25,16,0.64
1082618,2,Mumbai Indians,middle,3,bat_second,25,10,0.4
1082618,2,Mumbai Indians,death,3,bat_second,21,3,0.14285714285714285
1082620,1,Rising Pune Supergiant,pp,0,bat_first,2,2,
1082620,1,Rising Pune Supergiant,middle,2,bat_first,1,1,
1082620,1,Rising Pune Supergiant,death,3,bat_first,3,2,0.6666666666666666
1082620,2,Kolkata Knight Riders,pp,1,bat_second,24,19,0.7916666666666666
1082620,2,Kolkata Knight Riders,middle,0,bat_second,8,7,0.875
1082620,2,Kolkata Knight Riders,death,2,bat_second,8,5,0.625
1082621,1,Royal Challengers Bangalore,pp,3,bat_first,10,1,0.1
1082621,1,Royal Challengers Bangalore,middle,3,bat_first,16,8,0.5
1082621,1,Royal Challengers Bangalore,death,3,bat_first,31,10,0.3225806451612903
1082621,2,Gujarat Lions,pp,2,bat_second,5,1,0.2
1082621,2,Gujarat Lions,middle,1,bat_second,2,2,
1082621,2,Gujarat Lions,death,0,bat_second,3,3,1.0
1082623,2,Kings XI Punjab,pp,3,bat_second,12,4,0.3333333333333333
1082623,2,Kings XI Punjab,middle,2,bat_second,18,12,0.6666666666666666
1082623,2,Kings XI Punjab,death,3,bat_second,21,1,0.047619047619047616
1082622,2,Kolkata Knight Riders,pp,1,bat_second,25,20,0.8
1082622,2,Kolkata Knight Riders,middle,2,bat_second,19,10,0.5263157894736842
1082622,2,Kolkata Knight Riders,death,0,bat_second,22,21,0.9545454545454546
1082622,1,Delhi Daredevils,pp,1,bat_first,17,8,0.47058823529411764
1082622,1,Delhi Daredevils,middle,1,bat_first,13,6,0.46153846153846156
1082622,1,Delhi Daredevils,death,3,bat_first,26,7,0.2692307692307692
1082623,1,Sunrisers Hyderabad,pp,0,bat_first,10,6,0.6
1082623,1,Sunrisers Hyderabad,middle,2,bat_first,14,6,0.42857142857142855
1082623,1,Sunrisers Hyderabad,death,1,bat_first,9,4,0.4444444444444444
1082624,1,Rising Pune Supergiant,pp,1,bat_first,1,0,
1082624,1,Rising Pune Supergiant,middle,2,bat_first,2,1,
1082624,1,Rising Pune Supergiant,death,0,bat_first,0,0,
1082624,2,Royal Challengers Bangalore,pp,2,bat_second,20,8,0.4
1082624,2,Royal Challengers Bangalore,middle,3,bat_second,33,9,0.2727272727272727
1082624,2,Royal Challengers Bangalore,death,2,bat_second,15,6,0.4
1082625,1,Gujarat Lions,pp,3,bat_first,3,0,0.0
1082625,1,Gujarat Lions,middle,3,bat_first,3,1,0.3333333333333333
1082625,1,Gujarat Lions,death,3,bat_first,4,0,0.0
1082625,2,Mumbai Indians,pp,1,bat_second,26,16,0.6153846153846154
1082625,2,Mumbai Indians,middle,3,bat_second,26,10,0.38461538461538464
1082625,2,Mumbai Indians,death,3,bat_second,22,3,0.13636363636363635
1082626,1,Delhi Daredevils,pp,3,bat_first,13,3,0.23076923076923078
1082626,1,Delhi Daredevils,middle,3,bat_first,22,4,0.18181818181818182
1082626,1,Delhi Daredevils,death,3,bat_first,27,7,0.25925925925925924
1082626,2,Kings XI Punjab,pp,0,bat_second,10,9,0.9
1082626,2,Kings XI Punjab,middle,0,bat_second,5,5,1.0
1082626,2,Kings XI Punjab,death,0,bat_second,21,18,0.8571428571428571
1082627,1,Sunrisers Hyderabad,pp,0,bat_first,11,7,0.6363636363636364
1082627,1,Sunrisers Hyderabad,middle,1,bat_first,13,6,0.46153846153846156
1082627,1,Sunrisers Hyderabad,death,2,bat_first,4,2,0.5
1082627,2,Kolkata Knight Riders,pp,2,bat_second,23,11,0.4782608695652174
1082627,2,Kolkata Knight Riders,middle,2,bat_second,20,11,0.55
1082627,2,Kolkata Knight Riders,death,3,bat_second,26,6,0.23076923076923078
1082629,1,Gujarat Lions,pp,1,bat_first,3,0,0.0
1082629,1,Gujarat Lions,middle,3,bat_first,4,1,0.25
1082629,1,Gujarat Lions,death,3,bat_first,5,0,0.0
1082629,2,Rising Pune Supergiant,pp,3,bat_second,1,0,
1082629,2,Rising Pune Supergiant,middle,0,bat_second,0,0,
1082629,2,Rising Pune Supergiant,death,1,bat_second,2,2,
1082628,1,Royal Challengers Bangalore,pp,2,bat_first,16,6,0.375
1082628,1,Royal Challengers Bangalore,middle,3,bat_first,17,8,0.47058823529411764
1082628,1,Royal Challengers Bangalore,death,3,bat_first,32,10,0.3125
1082628,2,Mumbai Indians,pp,1,bat_second,27,16,0.5925925925925926
1082628,2,Mumbai Indians,middle,3,bat_second,27,10,0.37037037037037035
1082628,2,Mumbai Indians,death,1,bat_second,14,11,0.7857142857142857
1082630,1,Sunrisers Hyderabad,pp,1,bat_first,16,9,0.5625
1082630,1,Sunrisers Hyderabad,middle,2,bat_first,15,7,0.4666666666666667
1082630,1,Sunrisers Hyderabad,death,0,bat_first,3,2,0.6666666666666666
1082630,2,Delhi Daredevils,pp,1,bat_second,23,11,0.4782608695652174
1082630,2,Delhi Daredevils,middle,2,bat_second,22,11,0.5
1082630,2,Delhi Daredevils,death,1,bat_second,19,10,0.5263157894736842
1082631,1,Kolkata Knight Riders,pp,3,bat_first,12,1,0.08333333333333333
1082631,1,Kolkata Knight Riders,middle,2,bat_first,16,7,0.4375
1082631,1,Kolkata Knight Riders,death,3,bat_first,31,12,0.3870967741935484
1082631,2,Rising Pune Supergiant,pp,2,bat_second,0,0,
1082631,2,Rising Pune Supergiant,middle,2,bat_second,1,1,
1082631,2,Rising Pune Supergiant,death,2,bat_second,1,0,
1082632,1,Gujarat Lions,pp,2,bat_first,2,0,
1082632,1,Gujarat Lions,middle,2,bat_first,4,0,0.0
1082632,1,Gujarat Lions,death,3,bat_first,6,0,0.0
1082632,2,Delhi Daredevils,pp,1,bat_second,24,12,0.5
1082632,2,Delhi Daredevils,middle,2,bat_second,23,12,0.5217391304347826
1082632,2,Delhi Daredevils,death,0,bat_second,22,21,0.9545454545454546
1082633,1,Kings XI Punjab,pp,2,bat_first,15,6,0.4
1082633,1,Kings XI Punjab,middle,3,bat_first,34,11,0.3235294117647059
1082633,1,Kings XI Punjab,death,2,bat_first,22,8,0.36363636363636365
1082633,2,Royal Challengers Bangalore,pp,3,bat_second,16,5,0.3125
1082633,2,Royal Challengers Bangalore,middle,3,bat_second,34,9,0.2647058823529412
1082633,2,Royal Challengers Bangalore,death,3,bat_second,22,3,0.13636363636363635
1082634,1,Rising Pune Supergiant,pp,1,bat_first,2,1,
1082634,1,Rising Pune Supergiant,middle,2,bat_first,3,2,0.6666666666666666
1082634,1,Rising Pune Supergiant,death,3,bat_first,4,2,0.5
1082634,2,Sunrisers Hyderabad,pp,2,bat_second,8,4,0.5
1082634,2,Sunrisers Hyderabad,middle,2,bat_second,9,6,0.6666666666666666
1082634,2,Sunrisers Hyderabad,death,3,bat_second,7,1,0.14285714285714285
1082635,1,Mumbai Indians,pp,0,bat_first,16,11,0.6875
1082635,1,Mumbai Indians,middle,2,bat_first,29,16,0.5517241379310345
1082635,1,Mumbai Indians,death,1,bat_first,11,10,0.9090909090909091
1082635,2,Delhi Daredevils,pp,3,bat_second,15,4,0.26666666666666666
1082635,2,Delhi Daredevils,middle,3,bat_second,31,7,0.22580645161290322
1082635,2,Delhi Daredevils,death,0,bat_second,23,22,0.9565217391304348
1082637,2,Gujarat Lions,pp,0,bat_second,3,3,1.0
1082637,2,Gujarat Lions,middle,2,bat_second,4,4,1.0
1082637,2,Gujarat Lions,death,2,bat_second,5,2,0.4
1082637,1,Kings XI Punjab,pp,1,bat_first,34,12,0.35294117647058826
1082637,1,Kings XI Punjab,middle,0,bat_first,4,3,0.75
1082637,1,Kings XI Punjab,death,2,bat_first,23,9,0.391304347826087
1082636,1,Royal Challengers Bangalore,pp,3,bat_first,11,1,0.09090909090909091
1082636,1,Royal Challengers Bangalore,middle,0,bat_first,9,5,0.5555555555555556
1082636,1,Royal Challengers Bangalore,death,3,bat_first,33,10,0.30303030303030304
1082636,2,Kolkata Knight Riders,pp,0,bat_second,14,11,0.7857142857142857
1082636,2,Kolkata Knight Riders,middle,3,bat_second,23,8,0.34782608695652173
1082636,2,Kolkata Knight Riders,death,0,bat_second,23,22,0.9565217391304348
1082638,1,Mumbai Indians,pp,2,bat_first,25,8,0.32
1082638,1,Mumbai Indians,middle,2,bat_first,30,17,0.5666666666666667
1082638,1,Mumbai Indians,death,3,bat_first,39,20,0.5128205128205128
1082638,2,Sunrisers Hyderabad,pp,1,bat_second,7,5,0.7142857142857143
1082638,2,Sunrisers Hyderabad,middle,2,bat_second,10,6,0.6
1082638,2,Sunrisers Hyderabad,death,0,bat_second,6,6,1.0
1082639,1,Kings XI Punjab,pp,2,bat_first,16,7,0.4375
1082639,1,Kings XI Punjab,middle,1,bat_first,13,5,0.38461538461538464
1082639,1,Kings XI Punjab,death,3,bat_first,37,16,0.43243243243243246
1082639,2,Kolkata Knight Riders,pp,1,bat_second,26,21,0.8076923076923077
1082639,2,Kolkata Knight Riders,middle,2,bat_second,21,11,0.5238095238095238
1082639,2,Kolkata Knight Riders,death,3,bat_second,27,6,0.2222222222222222
1082640,1,Gujarat Lions,pp,2,bat_first,3,0,0.0
1082640,1,Gujarat Lions,middle,1,bat_first,2,0,
1082640,1,Gujarat Lions,death,2,bat_first,2,1,
1082640,2,Delhi Daredevils,pp,2,bat_second,24,10,0.4166666666666667
1082640,2,Delhi Daredevils,middle,3,bat_second,32,7,0.21875
1082640,2,Delhi Daredevils,death,2,bat_second,13,6,0.46153846153846156
1082641,1,Kings XI Punjab,pp,1,bat_first,35,12,0.34285714285714286
1082641,1,Kings XI Punjab,middle,1,bat_first,14,6,0.42857142857142855
1082641,1,Kings XI Punjab,death,1,bat_first,8,2,0.25
1082641,2,Mumbai Indians,pp,0,bat_second,16,14,0.875
1082641,2,Mumbai Indians,middle,3,bat_second,28,11,0.39285714285714285
1082641,2,Mumbai Indians,death,2,bat_second,15,10,0.6666666666666666
1082642,1,Delhi Daredevils,pp,2,bat_first,24,6,0.25
1082642,1,Delhi Daredevils,middle,2,bat_first,19,5,0.2631578947368421
1082642,1,Delhi Daredevils,death,3,bat_first,28,7,0.25
1082642,2,Rising Pune Supergiant,pp,2,bat_second,1,1,
1082642,2,Rising Pune Supergiant,middle,1,bat_second,1,1,
1082642,2,Rising Pune Supergiant,death,3,bat_second,0,0,
1082644,1,Mumbai Indians,pp,1,bat_first,26,23,0.8846153846153846
1082644,1,Mumbai Indians,middle,1,bat_first,20,11,0.55
1082644,1,Mumbai Indians,death,3,bat_first,40,20,0.5
1082644,2,Kolkata Knight Riders,pp,3,bat_second,12,3,0.25
1082644,2,Kolkata Knight Riders,middle,3,bat_second,24,9,0.375
1082644,2,Kolkata Knight Riders,death,2,bat_second,9,6,0.6666666666666666
1082643,1,Gujarat Lions,pp,0,bat_first,1,1,
1082643,1,Gujarat Lions,middle,3,bat_first,5,1,0.2
1082643,1,Gujarat Lions,death,3,bat_first,7,0,0.0
1082643,2,Sunrisers Hyderabad,pp,2,bat_second,9,4,0.4444444444444444
1082643,2,Sunrisers Hyderabad,middle,0,bat_second,3,3,1.0
1082643,2,Sunrisers Hyderabad,death,0,bat_second,7,7,1.0
1082645,1,Kings XI Punjab,pp,3,bat_first,11,2,0.18181818181818182
1082645,1,Kings XI Punjab,middle,3,bat_first,35,12,0.34285714285714286
1082645,1,Kings XI Punjab,death,2,bat_first,24,9,0.375
1082645,2,Rising Pune Supergiant,pp,1,bat_second,2,2,
1082645,2,Rising Pune Supergiant,middle,0,bat_second,1,1,
1082645,2,Rising Pune Supergiant,death,0,bat_second,0,0,
1082646,1,Royal Challengers Bangalore,pp,1,bat_first,29,13,0.4482758620689655
1082646,1,Royal Challengers Bangalore,middle,2,bat_first,23,10,0.43478260869565216
1082646,1,Royal Challengers Bangalore,death,3,bat_first,34,10,0.29411764705882354
1082646,2,Delhi Daredevils,pp,2,bat_second,25,11,0.44
1082646,2,Delhi Daredevils,middle,2,bat_second,24,13,0.5416666666666666
1082646,2,Delhi Daredevils,death,3,bat_second,25,1,0.04
1082647,1,Rising Pune Supergiant,pp,2,bat_first,1,0,
1082647,1,Rising Pune Supergiant,middle,1,bat_first,0,0,
1082647,1,Rising Pune Supergiant,death,1,bat_first,0,0,
1082647,2,Mumbai Indians,pp,3,bat_second,14,5,0.35714285714285715
1082647,2,Mumbai Indians,middle,3,bat_second,29,11,0.3793103448275862
1082647,2,Mumbai Indians,death,2,bat_second,16,10,0.625
1082648,2,Kolkata Knight Riders,pp,3,bat_second,13,3,0.23076923076923078
1082648,2,Kolkata Knight Riders,middle,0,bat_second,9,8,0.8888888888888888
1082648,2,Kolkata Knight Riders,death,0,bat_second,24,23,0.9583333333333334
1082648,1,Sunrisers Hyderabad,pp,1,bat_first,17,9,0.5294117647058824
1082648,1,Sunrisers Hyderabad,middle,2,bat_first,16,7,0.4375
1082648,1,Sunrisers Hyderabad,death,3,bat_first,26,13,0.5
1082649,1,Kolkata Knight Riders,pp,3,bat_first,13,1,0.07692307692307693
1082649,1,Kolkata Knight Riders,middle,3,bat_first,23,10,0.43478260869565216
1082649,1,Kolkata Knight Riders,death,3,bat_first,32,12,0.375
1082649,2,Mumbai Indians,pp,3,bat_second,15,5,0.3333333333333333
1082649,2,Mumbai Indians,middle,1,bat_second,14,10,0.7142857142857143
1082649,2,Mumbai Indians,death,0,bat_second,19,18,0.9473684210526315
1082650,1,Mumbai Indians,pp,2,bat_first,26,8,0.3076923076923077
1082650,1,Mumbai Indians,middle,3,bat_first,25,16,0.64
1082650,1,Mumbai Indians,death,1,bat_first,12,11,0.9166666666666666
1082650,2,Rising Pune Supergiant,pp,1,bat_second,3,3,1.0
1082650,2,Rising Pune Supergiant,middle,1,bat_second,2,1,
1082650,2,Rising Pune Supergiant,death,3,bat_second,1,0,
1136561,1,Mumbai Indians,pp,2,bat_first,27,9,0.3333333333333333
1136561,1,Mumbai Indians,middle,2,bat_first,31,17,0.5483870967741935
1136561,1,Mumbai Indians,death,0,bat_first,9,6,0.6666666666666666
1136561,2,Chennai Super Kings,pp,2,bat_second,15,8,0.5333333333333333
1136561,2,Chennai Super Kings,middle,3,bat_second,23,7,0.30434782608695654
1136561,2,Chennai Super Kings,death,2,bat_second,13,9,0.6923076923076923
1136563,2,Kolkata Knight Riders,pp,2,bat_second,24,11,0.4583333333333333
1136563,2,Kolkata Knight Riders,middle,2,bat_second,22,11,0.5
1136563,2,Kolkata Knight Riders,death,2,bat_second,10,6,0.6
1136562,1,Delhi Daredevils,pp,1,bat_first,18,8,0.4444444444444444
1136562,1,Delhi Daredevils,middle,3,bat_first,23,4,0.17391304347826086
1136562,1,Delhi Daredevils,death,2,bat_first,15,6,0.4
1136562,2,Kings XI Punjab,pp,2,bat_second,25,11,0.44
1136562,2,Kings XI Punjab,middle,1,bat_second,15,11,0.7333333333333333
1136562,2,Kings XI Punjab,death,1,bat_second,13,9,0.6923076923076923
1136563,1,Royal Challengers Bangalore,pp,1,bat_first,30,14,0.4666666666666667
1136563,1,Royal Challengers Bangalore,middle,3,bat_first,18,8,0.4444444444444444
1136563,1,Royal Challengers Bangalore,death,3,bat_first,35,11,0.3142857142857143
1136564,1,Rajasthan Royals,pp,1,bat_first,18,9,0.5
1136564,1,Rajasthan Royals,middle,3,bat_first,22,3,0.13636363636363635
1136564,1,Rajasthan Royals,death,3,bat_first,25,13,0.52
1136564,2,Sunrisers Hyderabad,pp,1,bat_second,8,6,0.75
1136564,2,Sunrisers Hyderabad,middle,0,bat_second,4,4,1.0
1136564,2,Sunrisers Hyderabad,death,0,bat_second,8,8,1.0
1136565,1,Kolkata Knight Riders,pp,2,bat_first,16,9,0.5625
1136565,1,Kolkata Knight Riders,middle,3,bat_first,24,10,0.4166666666666667
1136565,1,Kolkata Knight Riders,death,1,bat_first,10,5,0.5
1136565,2,Chennai Super Kings,pp,1,bat_second,18,11,0.6111111111111112
1136565,2,Chennai Super Kings,middle,2,bat_second,12,8,0.6666666666666666
1136565,2,Chennai Super Kings,death,2,bat_second,14,10,0.7142857142857143
1136566,1,Rajasthan Royals,pp,2,bat_first,11,2,0.18181818181818182
1136566,1,Rajasthan Royals,middle,2,bat_first,21,13,0.6190476190476191
1136566,1,Rajasthan Royals,death,1,bat_first,9,3,0.3333333333333333
1136566,2,Delhi Daredevils,pp,3,bat_second,16,4,0.25
1136566,2,Delhi Daredevils,middle,0,bat_second,8,8,1.0
1136566,2,Delhi Daredevils,death,0,bat_second,24,22,0.9166666666666666
1136567,1,Mumbai Indians,pp,3,bat_first,11,2,0.18181818181818182
1136567,1,Mumbai Indians,middle,2,bat_first,32,17,0.53125
1136567,1,Mumbai Indians,death,3,bat_first,41,21,0.5121951219512195
1136567,2,Sunrisers Hyderabad,pp,0,bat_second,10,7,0.7
1136567,2,Sunrisers Hyderabad,middle,3,bat_second,12,4,0.3333333333333333
1136567,2,Sunrisers Hyderabad,death,3,bat_second,8,1,0.125
1136568,1,Kings XI Punjab,pp,3,bat_first,12,2,0.16666666666666666
1136568,1,Kings XI Punjab,middle,3,bat_first,36,12,0.3333333333333333
1136568,1,Kings XI Punjab,death,3,bat_first,38,17,0.4473684210526316
1136568,2,Royal Challengers Bangalore,pp,2,bat_second,21,8,0.38095238095238093
1136568,2,Royal Challengers Bangalore,middle,2,bat_second,19,9,0.47368421052631576
1136568,2,Royal Challengers Bangalore,death,2,bat_second,16,6,0.375
1136570,2,Sunrisers Hyderabad,pp,2,bat_second,10,5,0.5
1136570,2,Sunrisers Hyderabad,middle,1,bat_second,3,3,1.0
1136570,2,Sunrisers Hyderabad,death,2,bat_second,8,5,0.625
1136570,1,Kolkata Knight Riders,pp,1,bat_first,24,11,0.4583333333333333
1136570,1,Kolkata Knight Riders,middle,3,bat_first,25,10,0.4
1136570,1,Kolkata Knight Riders,death,3,bat_first,33,12,0.36363636363636365
1136569,1,Mumbai Indians,pp,0,bat_first,17,12,0.7058823529411765
1136569,1,Mumbai Indians,middle,2,bat_first,33,17,0.5151515151515151
1136569,1,Mumbai Indians,death,3,bat_first,42,21,0.5
1136569,2,Delhi Daredevils,pp,1,bat_second,25,13,0.52
1136569,2,Delhi Daredevils,middle,2,bat_second,25,13,0.52
1136569,2,Delhi Daredevils,death,0,bat_second,25,22,0.88
1136571,1,Rajasthan Royals,pp,1,bat_first,19,9,0.47368421052631576
1136571,1,Rajasthan Royals,middle,2,bat_first,22,14,0.6363636363636364
1136571,1,Rajasthan Royals,death,1,bat_first,10,4,0.4
1136571,2,Royal Challengers Bangalore,pp,1,bat_second,26,15,0.5769230769230769
1136571,2,Royal Challengers Bangalore,middle,3,bat_second,35,9,0.2571428571428571
1136571,2,Royal Challengers Bangalore,death,1,bat_second,13,8,0.6153846153846154
1136572,1,Kings XI Punjab,pp,0,bat_first,12,8,0.6666666666666666
1136572,1,Kings XI Punjab,middle,3,bat_first,37,12,0.32432432432432434
1136572,1,Kings XI Punjab,death,3,bat_first,39,17,0.4358974358974359
1136572,2,Chennai Super Kings,pp,2,bat_second,16,9,0.5625
1136572,2,Chennai Super Kings,middle,2,bat_second,13,9,0.6923076923076923
1136572,2,Chennai Super Kings,death,1,bat_second,12,8,0.6666666666666666
1136573,1,Kolkata Knight Riders,pp,1,bat_first,25,11,0.44
1136573,1,Kolkata Knight Riders,middle,3,bat_first,26,10,0.38461538461538464
1136573,1,Kolkata Knight Riders,death,3,bat_first,34,12,0.35294117647058826
1136573,2,Delhi Daredevils,pp,3,bat_second,17,4,0.23529411764705882
1136573,2,Delhi Daredevils,middle,3,bat_second,33,8,0.24242424242424243
1136573,2,Delhi Daredevils,death,0,bat_second,26,23,0.8846153846153846
1136574,1,Mumbai Indians,pp,2,bat_first,28,9,0.32142857142857145
1136574,1,Mumbai Indians,middle,1,bat_first,21,12,0.5714285714285714
1136574,1,Mumbai Indians,death,3,bat_first,43,21,0.4883720930232558
1136574,2,Royal Challengers Bangalore,pp,2,bat_second,22,9,0.4090909090909091
1136574,2,Royal Challengers Bangalore,middle,3,bat_second,36,9,0.25
1136574,2,Royal Challengers Bangalore,death,2,bat_second,17,7,0.4117647058823529
1136575,1,Rajasthan Royals,pp,0,bat_first,20,11,0.55
1136575,1,Rajasthan Royals,middle,3,bat_first,23,3,0.13043478260869565
1136575,1,Rajasthan Royals,death,3,bat_first,26,13,0.5
1136575,2,Kolkata Knight Riders,pp,1,bat_second,27,21,0.7777777777777778
1136575,2,Kolkata Knight Riders,middle,2,bat_second,23,12,0.5217391304347826
1136575,2,Kolkata Knight Riders,death,0,bat_second,25,24,0.96
1136576,1,Kings XI Punjab,pp,0,bat_first,13,9,0.6923076923076923
1136576,1,Kings XI Punjab,middle,2,bat_first,21,9,0.42857142857142855
1136576,1,Kings XI Punjab,death,1,bat_first,9,3,0.3333333333333333
1136576,2,Sunrisers Hyderabad,pp,3,bat_second,2,0,
1136576,2,Sunrisers Hyderabad,middle,1,bat_second,4,4,1.0
1136576,2,Sunrisers Hyderabad,death,1,bat_second,6,4,0.6666666666666666
1136577,2,Rajasthan Royals,pp,3,bat_second,10,4,0.4
1136577,2,Rajasthan Royals,middle,3,bat_second,28,10,0.35714285714285715
1136577,2,Rajasthan Royals,death,3,bat_second,20,7,0.35
1136577,1,Chennai Super Kings,pp,1,bat_first,29,19,0.6551724137931034
1136577,1,Chennai Super Kings,middle,2,bat_first,32,19,0.59375
1136577,1,Chennai Super Kings,death,2,bat_first,19,10,0.5263157894736842
1136579,2,Royal Challengers Bangalore,pp,2,bat_second,23,9,0.391304347826087
1136579,2,Royal Challengers Bangalore,middle,1,bat_second,17,16,0.9411764705882353
1136579,2,Royal Challengers Bangalore,death,1,bat_second,14,8,0.5714285714285714
1136578,1,Kolkata Knight Riders,pp,1,bat_first,26,12,0.46153846153846156
1136578,1,Kolkata Knight Riders,middle,2,bat_first,17,7,0.4117647058823529
1136578,1,Kolkata Knight Riders,death,3,bat_first,35,13,0.37142857142857144
1136578,2,Kings XI Punjab,pp,0,bat_second,11,10,0.9090909090909091
1136578,2,Kings XI Punjab,middle,1,bat_second,16,12,0.75
1136578,2,Kings XI Punjab,death,0,bat_second,22,19,0.8636363636363636
1136579,1,Delhi Daredevils,pp,2,bat_first,25,7,0.28
1136579,1,Delhi Daredevils,middle,1,bat_first,14,6,0.42857142857142855
1136579,1,Delhi Daredevils,death,2,bat_first,16,6,0.375
1136580,2,Sunrisers Hyderabad,pp,3,bat_second,3,0,0.0
1136580,2,Sunrisers Hyderabad,middle,1,bat_second,5,4,0.8
1136580,2,Sunrisers Hyderabad,death,2,bat_second,9,6,0.6666666666666666
1136581,1,Mumbai Indians,pp,1,bat_first,27,24,0.8888888888888888
1136581,1,Mumbai Indians,middle,1,bat_first,22,13,0.5909090909090909
1136581,1,Mumbai Indians,death,3,bat_first,44,22,0.5
1136581,2,Rajasthan Royals,pp,2,bat_second,19,7,0.3684210526315789
1136581,2,Rajasthan Royals,middle,1,bat_second,13,12,0.9230769230769231
1136581,2,Rajasthan Royals,death,3,bat_second,21,7,0.3333333333333333
1136580,1,Chennai Super Kings,pp,1,bat_first,30,20,0.6666666666666666
1136580,1,Chennai Super Kings,middle,1,bat_first,20,12,0.6
1136580,1,Chennai Super Kings,death,1,bat_first,23,15,0.6521739130434783
1136582,1,Kings XI Punjab,pp,2,bat_first,17,8,0.47058823529411764
1136582,1,Kings XI Punjab,middle,2,bat_first,22,10,0.45454545454545453
1136582,1,Kings XI Punjab,death,3,bat_first,40,18,0.45
1136582,2,Delhi Daredevils,pp,3,bat_second,18,4,0.2222222222222222
1136582,2,Delhi Daredevils,middle,2,bat_second,26,14,0.5384615384615384
1136582,2,Delhi Daredevils,death,3,bat_second,26,1,0.038461538461538464
1136583,1,Sunrisers Hyderabad,pp,3,bat_first,8,2,0.25
1136583,1,Sunrisers Hyderabad,middle,3,bat_first,12,6,0.5
1136583,1,Sunrisers Hyderabad,death,3,bat_first,27,13,0.48148148148148145
1136583,2,Mumbai Indians,pp,3,bat_second,16,6,0.375
1136583,2,Mumbai Indians,middle,3,bat_second,30,11,0.36666666666666664
1136583,2,Mumbai Indians,death,3,bat_second,23,3,0.13043478260869565
1136584,1,Royal Challengers Bangalore,pp,1,bat_first,31,14,0.45161290322580644
1136584,1,Royal Challengers Bangalore,middle,3,bat_first,19,8,0.42105263157894735
1136584,1,Royal Challengers Bangalore,death,3,bat_first,36,11,0.3055555555555556
1136584,2,Chennai Super Kings,pp,2,bat_second,17,9,0.5294117647058824
1136584,2,Chennai Super Kings,middle,2,bat_second,14,9,0.6428571428571429
1136584,2,Chennai Super Kings,death,1,bat_second,13,8,0.6153846153846154
1136585,1,Sunrisers Hyderabad,pp,3,bat_first,9,3,0.3333333333333333
1136585,1,Sunrisers Hyderabad,middle,1,bat_first,14,7,0.5
1136585,1,Sunrisers Hyderabad,death,2,bat_first,5,3,0.6
1136585,2,Kings XI Punjab,pp,0,bat_second,12,11,0.9166666666666666
1136585,2,Kings XI Punjab,middle,3,bat_second,31,8,0.25806451612903225
1136585,2,Kings XI Punjab,death,3,bat_second,22,1,0.045454545454545456
1136586,2,Kolkata Knight Riders,pp,3,bat_second,14,4,0.2857142857142857
1136586,2,Kolkata Knight Riders,middle,1,bat_second,23,19,0.8260869565217391
1136586,2,Kolkata Knight Riders,death,3,bat_second,28,6,0.21428571428571427
1136586,1,Delhi Daredevils,pp,0,bat_first,6,3,0.5
1136586,1,Delhi Daredevils,middle,3,bat_first,24,4,0.16666666666666666
1136586,1,Delhi Daredevils,death,1,bat_first,12,6,0.5
1136587,1,Chennai Super Kings,pp,1,bat_first,31,21,0.6774193548387096
1136587,1,Chennai Super Kings,middle,1,bat_first,21,13,0.6190476190476191
1136587,1,Chennai Super Kings,death,3,bat_first,27,15,0.5555555555555556
1136587,2,Mumbai Indians,pp,0,bat_second,17,14,0.8235294117647058
1136587,2,Mumbai Indians,middle,1,bat_second,15,11,0.7333333333333333
1136587,2,Mumbai Indians,death,1,bat_second,15,12,0.8
1136588,1,Sunrisers Hyderabad,pp,1,bat_first,18,9,0.5
1136588,1,Sunrisers Hyderabad,middle,2,bat_first,17,7,0.4117647058823529
1136588,1,Sunrisers Hyderabad,death,3,bat_first,28,14,0.5
1136588,2,Rajasthan Royals,pp,1,bat_second,19,16,0.8421052631578947
1136588,2,Rajasthan Royals,middle,3,bat_second,29,10,0.3448275862068966
1136588,2,Rajasthan Royals,death,2,bat_second,9,2,0.2222222222222222
1136589,1,Royal Challengers Bangalore,pp,0,bat_first,11,9,0.8181818181818182
1136589,1,Royal Challengers Bangalore,middle,3,bat_first,20,8,0.4
1136589,1,Royal Challengers Bangalore,death,1,bat_first,9,5,0.5555555555555556
1136589,2,Kolkata Knight Riders,pp,0,bat_second,15,12,0.8
1136589,2,Kolkata Knight Riders,middle,2,bat_second,24,13,0.5416666666666666
1136589,2,Kolkata Knight Riders,death,3,bat_second,29,6,0.20689655172413793
1136590,1,Chennai Super Kings,pp,0,bat_first,19,13,0.6842105263157895
1136590,1,Chennai Super Kings,middle,3,bat_first,20,10,0.5
1136590,1,Chennai Super Kings,death,1,bat_first,24,16,0.6666666666666666
1136590,2,Delhi Daredevils,pp,2,bat_second,26,11,0.4230769230769231
1136590,2,Delhi Daredevils,middle,2,bat_second,27,14,0.5185185185185185
1136590,2,Delhi Daredevils,death,1,bat_second,20,11,0.55
1136591,1,Royal Challengers Bangalore,pp,1,bat_first,32,14,0.4375
1136591,1,Royal Challengers Bangalore,middle,2,bat_first,24,11,0.4583333333333333
1136591,1,Royal Challengers Bangalore,death,3,bat_first,37,11,0.2972972972972973
1136591,2,Mumbai Indians,pp,3,bat_second,17,6,0.35294117647058826
1136591,2,Mumbai Indians,middle,2,bat_second,21,14,0.6666666666666666
1136591,2,Mumbai Indians,death,2,bat_second,17,10,0.5882352941176471
1136592,1,Delhi Daredevils,pp,1,bat_first,19,8,0.42105263157894735
1136592,1,Delhi Daredevils,middle,3,bat_first,25,5,0.2
1136592,1,Delhi Daredevils,death,2,bat_first,17,6,0.35294117647058826
1136592,2,Rajasthan Royals,pp,0,bat_second,15,11,0.7333333333333333
1136592,2,Rajasthan Royals,middle,3,bat_second,30,10,0.3333333333333333
1136592,2,Rajasthan Royals,death,0,bat_second,21,21,1.0
1136593,2,Kolkata Knight Riders,pp,2,bat_second,25,12,0.48
1136593,2,Kolkata Knight Riders,middle,2,bat_second,25,14,0.56
1136593,2,Kolkata Knight Riders,death,0,bat_second,26,25,0.9615384615384616
1136593,1,Chennai Super Kings,pp,1,bat_first,32,21,0.65625
1136593,1,Chennai Super Kings,middle,3,bat_first,21,11,0.5238095238095238
1136593,1,Chennai Super Kings,death,1,bat_first,25,17,0.68
1136594,1,Kings XI Punjab,pp,0,bat_first,14,10,0.7142857142857143
1136594,1,Kings XI Punjab,middle,3,bat_first,38,13,0.34210526315789475
1136594,1,Kings XI Punjab,death,3,bat_first,41,19,0.4634146341463415
1136594,2,Mumbai Indians,pp,1,bat_second,28,17,0.6071428571428571
1136594,2,Mumbai Indians,middle,2,bat_second,22,14,0.6363636363636364
1136594,2,Mumbai Indians,death,1,bat_second,16,13,0.8125
1136595,1,Royal Challengers Bangalore,pp,1,bat_first,33,15,0.45454545454545453
1136595,1,Royal Challengers Bangalore,middle,3,bat_first,21,8,0.38095238095238093
1136595,1,Royal Challengers Bangalore,death,2,bat_first,16,7,0.4375
1136595,2,Chennai Super Kings,pp,1,bat_second,19,12,0.631578947368421
1136595,2,Chennai Super Kings,middle,3,bat_second,24,8,0.3333333333333333
1136595,2,Chennai Super Kings,death,0,bat_second,13,12,0.9230769230769231
1136596,1,Delhi Daredevils,pp,1,bat_first,20,9,0.45
1136596,1,Delhi Daredevils,middle,1,bat_first,15,6,0.4
1136596,1,Delhi Daredevils,death,3,bat_first,29,8,0.27586206896551724
1136596,2,Sunrisers Hyderabad,pp,0,bat_second,11,8,0.7272727272727273
1136596,2,Sunrisers Hyderabad,middle,2,bat_second,11,7,0.6363636363636364
1136596,2,Sunrisers Hyderabad,death,1,bat_second,7,4,0.5714285714285714
1136597,1,Mumbai Indians,pp,0,bat_first,18,12,0.6666666666666666
1136597,1,Mumbai Indians,middle,3,bat_first,26,17,0.6538461538461539
1136597,1,Mumbai Indians,death,1,bat_first,13,12,0.9230769230769231
1136597,2,Kolkata Knight Riders,pp,2,bat_second,26,13,0.5
1136597,2,Kolkata Knight Riders,middle,2,bat_second,26,15,0.5769230769230769
1136597,2,Kolkata Knight Riders,death,2,bat_second,11,7,0.6363636363636364
1136598,1,Rajasthan Royals,pp,2,bat_first,12,3,0.25
1136598,1,Rajasthan Royals,middle,3,bat_first,24,3,0.125
1136598,1,Rajasthan Royals,death,3,bat_first,27,13,0.48148148148148145
1136598,2,Kings XI Punjab,pp,2,bat_second,26,12,0.46153846153846156
1136598,2,Kings XI Punjab,middle,2,bat_second,19,12,0.631578947368421
1136598,2,Kings XI Punjab,death,0,bat_second,23,20,0.8695652173913043
1136599,1,Sunrisers Hyderabad,pp,2,bat_first,8,4,0.5
1136599,1,Sunrisers Hyderabad,middle,1,bat_first,15,8,0.5333333333333333
1136599,1,Sunrisers Hyderabad,death,3,bat_first,29,15,0.5172413793103449
1136599,2,Royal Challengers Bangalore,pp,1,bat_second,27,15,0.5555555555555556
1136599,2,Royal Challengers Bangalore,middle,3,bat_second,37,9,0.24324324324324326
1136599,2,Royal Challengers Bangalore,death,1,bat_second,15,9,0.6
1136600,1,Rajasthan Royals,pp,1,bat_first,20,10,0.5
1136600,1,Rajasthan Royals,middle,2,bat_first,23,15,0.6521739130434783
1136600,1,Rajasthan Royals,death,3,bat_first,28,13,0.4642857142857143
1136600,2,Kings XI Punjab,pp,3,bat_second,13,4,0.3076923076923077
1136600,2,Kings XI Punjab,middle,3,bat_second,32,8,0.25
1136600,2,Kings XI Punjab,death,1,bat_second,14,10,0.7142857142857143
1136601,2,Kolkata Knight Riders,pp,2,bat_second,27,13,0.48148148148148145
1136601,2,Kolkata Knight Riders,middle,3,bat_second,25,9,0.36
1136601,2,Kolkata Knight Riders,death,2,bat_second,12,7,0.5833333333333334
1136601,1,Mumbai Indians,pp,1,bat_first,28,24,0.8571428571428571
1136601,1,Mumbai Indians,middle,2,bat_first,34,17,0.5
1136601,1,Mumbai Indians,death,3,bat_first,45,22,0.4888888888888889
1136602,1,Delhi Daredevils,pp,2,bat_first,26,7,0.2692307692307692
1136602,1,Delhi Daredevils,middle,2,bat_first,20,6,0.3
1136602,1,Delhi Daredevils,death,1,bat_first,13,7,0.5384615384615384
1136602,2,Sunrisers Hyderabad,pp,1,bat_second,9,7,0.7777777777777778
1136602,2,Sunrisers Hyderabad,middle,0,bat_second,5,5,1.0
1136602,2,Sunrisers Hyderabad,death,0,bat_second,9,9,1.0
1136603,1,Chennai Super Kings,pp,1,bat_first,33,21,0.6363636363636364
1136603,1,Chennai Super Kings,middle,2,bat_first,33,20,0.6060606060606061
1136603,1,Chennai Super Kings,death,1,bat_first,26,17,0.6538461538461539
1136603,2,Rajasthan Royals,pp,2,bat_second,20,8,0.4
1136603,2,Rajasthan Royals,middle,2,bat_second,19,13,0.6842105263157895
1136603,2,Rajasthan Royals,death,2,bat_second,10,2,0.2
1136604,1,Kolkata Knight Riders,pp,1,bat_first,27,12,0.4444444444444444
1136604,1,Kolkata Knight Riders,middle,2,bat_first,18,7,0.3888888888888889
1136604,1,Kolkata Knight Riders,death,3,bat_first,36,13,0.3611111111111111
1136604,2,Kings XI Punjab,pp,2,bat_second,27,13,0.48148148148148145
1136604,2,Kings XI Punjab,middle,3,bat_second,33,8,0.24242424242424243
1136604,2,Kings XI Punjab,death,3,bat_second,23,1,0.043478260869565216
1136605,1,Delhi Daredevils,pp,2,bat_first,27,7,0.25925925925925924
1136605,1,Delhi Daredevils,middle,1,bat_first,16,6,0.375
1136605,1,Delhi Daredevils,death,1,bat_first,14,7,0.5
1136605,2,Royal Challengers Bangalore,pp,2,bat_second,24,10,0.4166666666666667
1136605,2,Royal Challengers Bangalore,middle,1,bat_second,18,17,0.9444444444444444
1136605,2,Royal Challengers Bangalore,death,2,bat_second,18,7,0.3888888888888889
1136606,1,Sunrisers Hyderabad,pp,1,bat_first,19,10,0.5263157894736842
1136606,1,Sunrisers Hyderabad,middle,0,bat_first,3,3,1.0
1136606,1,Sunrisers Hyderabad,death,3,bat_first,30,16,0.5333333333333333
1136606,2,Chennai Super Kings,pp,0,bat_second,17,15,0.8823529411764706
1136606,2,Chennai Super Kings,middle,2,bat_second,15,10,0.6666666666666666
1136606,2,Chennai Super Kings,death,0,bat_second,14,13,0.9285714285714286
1136607,1,Mumbai Indians,pp,0,bat_first,19,13,0.6842105263157895
1136607,1,Mumbai Indians,middle,3,bat_first,27,18,0.6666666666666666
1136607,1,Mumbai Indians,death,2,bat_first,19,8,0.42105263157894735
1136607,2,Rajasthan Royals,pp,1,bat_second,20,16,0.8
1136607,2,Rajasthan Royals,middle,1,bat_second,14,13,0.9285714285714286
1136607,2,Rajasthan Royals,death,1,bat_second,13,8,0.6153846153846154
1136608,1,Kings XI Punjab,pp,3,bat_first,13,2,0.15384615384615385
1136608,1,Kings XI Punjab,middle,3,bat_first,39,13,0.3333333333333333
1136608,1,Kings XI Punjab,death,1,bat_first,10,4,0.4
1136608,2,Royal Challengers Bangalore,pp,0,bat_second,18,14,0.7777777777777778
1136608,2,Royal Challengers Bangalore,middle,0,bat_second,11,8,0.7272727272727273
1136608,2,Royal Challengers Bangalore,death,0,bat_second,30,25,0.8333333333333334
1136609,1,Rajasthan Royals,pp,1,bat_first,21,11,0.5238095238095238
1136609,1,Rajasthan Royals,middle,3,bat_first,25,3,0.12
1136609,1,Rajasthan Royals,death,3,bat_first,29,14,0.4827586206896552
1136609,2,Kolkata Knight Riders,pp,2,bat_second,28,13,0.4642857142857143
1136609,2,Kolkata Knight Riders,middle,1,bat_second,24,19,0.7916666666666666
1136609,2,Kolkata Knight Riders,death,1,bat_second,17,12,0.7058823529411765
1136610,1,Mumbai Indians,pp,3,bat_first,12,2,0.16666666666666666
1136610,1,Mumbai Indians,middle,2,bat_first,35,18,0.5142857142857142
1136610,1,Mumbai Indians,death,3,bat_first,46,23,0.5
1136610,2,Kings XI Punjab,pp,1,bat_second,22,12,0.5454545454545454
1136610,2,Kings XI Punjab,middle,0,bat_second,6,6,1.0
1136610,2,Kings XI Punjab,death,3,bat_second,24,1,0.041666666666666664
1136611,1,Royal Challengers Bangalore,pp,2,bat_first,17,6,0.35294117647058826
1136611,1,Royal Challengers Bangalore,middle,2,bat_first,25,12,0.48
1136611,1,Royal Challengers Bangalore,death,2,bat_first,17,7,0.4117647058823529
1136611,2,Sunrisers Hyderabad,pp,1,bat_second,10,8,0.8
1136611,2,Sunrisers Hyderabad,middle,1,bat_second,6,4,0.6666666666666666
1136611,2,Sunrisers Hyderabad,death,1,bat_second,8,5,0.625
1136612,1,Delhi Daredevils,pp,1,bat_first,21,9,0.42857142857142855
1136612,1,Delhi Daredevils,middle,3,bat_first,26,6,0.23076923076923078
1136612,1,Delhi Daredevils,death,0,bat_first,7,1,0.14285714285714285
1136612,2,Chennai Super Kings,pp,0,bat_second,18,16,0.8888888888888888
1136612,2,Chennai Super Kings,middle,3,bat_second,25,9,0.36
1136612,2,Chennai Super Kings,death,2,bat_second,15,11,0.7333333333333333
1136613,1,Rajasthan Royals,pp,1,bat_first,22,11,0.5
1136613,1,Rajasthan Royals,middle,2,bat_first,24,16,0.6666666666666666
1136613,1,Rajasthan Royals,death,2,bat_first,18,6,0.3333333333333333
1136613,2,Royal Challengers Bangalore,pp,1,bat_second,28,15,0.5357142857142857
1136613,2,Royal Challengers Bangalore,middle,3,bat_second,38,9,0.23684210526315788
1136613,2,Royal Challengers Bangalore,death,3,bat_second,23,3,0.13043478260869565
1136614,1,Sunrisers Hyderabad,pp,0,bat_first,12,8,0.6666666666666666
1136614,1,Sunrisers Hyderabad,middle,2,bat_first,18,8,0.4444444444444444
1136614,1,Sunrisers Hyderabad,death,3,bat_first,31,16,0.5161290322580645
1136614,2,Kolkata Knight Riders,pp,1,bat_second,28,22,0.7857142857142857
1136614,2,Kolkata Knight Riders,middle,1,bat_second,25,20,0.8
1136614,2,Kolkata Knight Riders,death,3,bat_second,30,7,0.23333333333333334
1136616,2,Chennai Super Kings,pp,3,bat_second,4,0,0.0
1136616,2,Chennai Super Kings,middle,1,bat_second,13,13,1.0
1136616,2,Chennai Super Kings,death,1,bat_second,14,9,0.6428571428571429
1136615,2,Mumbai Indians,pp,1,bat_second,29,18,0.6206896551724138
1136615,2,Mumbai Indians,middle,3,bat_second,31,11,0.3548387096774194
1136615,2,Mumbai Indians,death,3,bat_second,24,3,0.125
1136615,1,Delhi Daredevils,pp,2,bat_first,28,7,0.25
1136615,1,Delhi Daredevils,middle,1,bat_first,17,6,0.35294117647058826
1136615,1,Delhi Daredevils,death,1,bat_first,15,7,0.4666666666666667
1136616,1,Kings XI Punjab,pp,3,bat_first,14,2,0.14285714285714285
1136616,1,Kings XI Punjab,middle,2,bat_first,23,11,0.4782608695652174
1136616,1,Kings XI Punjab,death,3,bat_first,42,19,0.4523809523809524
1136617,1,Sunrisers Hyderabad,pp,3,bat_first,10,4,0.4
1136617,1,Sunrisers Hyderabad,middle,3,bat_first,13,7,0.5384615384615384
1136617,1,Sunrisers Hyderabad,death,1,bat_first,10,5,0.5
1136617,2,Chennai Super Kings,pp,3,bat_second,5,1,0.2
1136617,2,Chennai Super Kings,middle,3,bat_second,26,9,0.34615384615384615
1136617,2,Chennai Super Kings,death,1,bat_second,15,10,0.6666666666666666
1136618,1,Kolkata Knight Riders,pp,3,bat_first,14,1,0.07142857142857142
1136618,1,Kolkata Knight Riders,middle,2,bat_first,19,8,0.42105263157894735
1136618,1,Kolkata Knight Riders,death,2,bat_first,19,10,0.5263157894736842
1136618,2,Rajasthan Royals,pp,1,bat_second,21,17,0.8095238095238095
1136618,2,Rajasthan Royals,middle,1,bat_second,15,14,0.9333333333333333
1136618,2,Rajasthan Royals,death,2,bat_second,11,3,0.2727272727272727
1136619,1,Sunrisers Hyderabad,pp,0,bat_first,13,8,0.6153846153846154
1136619,1,Sunrisers Hyderabad,middle,3,bat_first,14,7,0.5
1136619,1,Sunrisers Hyderabad,death,3,bat_first,32,16,0.5
1136619,2,Kolkata Knight Riders,pp,1,bat_second,29,23,0.7931034482758621
1136619,2,Kolkata Knight Riders,middle,3,bat_second,26,9,0.34615384615384615
1136619,2,Kolkata Knight Riders,death,3,bat_second,31,8,0.25806451612903225
1136620,1,Sunrisers Hyderabad,pp,1,bat_first,20,10,0.5
1136620,1,Sunrisers Hyderabad,middle,2,bat_first,19,8,0.42105263157894735
1136620,1,Sunrisers Hyderabad,death,3,bat_first,33,17,0.5151515151515151
1136620,2,Chennai Super Kings,pp,1,bat_second,20,13,0.65
1136620,2,Chennai Super Kings,middle,1,bat_second,14,14,1.0
1136620,2,Chennai Super Kings,death,0,bat_second,15,14,0.9333333333333333
1175356,1,Royal Challengers Bangalore,pp,2,bat_first,18,7,0.3888888888888889
1175356,1,Royal Challengers Bangalore,middle,3,bat_first,22,8,0.36363636363636365
1175356,1,Royal Challengers Bangalore,death,2,bat_first,18,8,0.4444444444444444
1175356,2,Chennai Super Kings,pp,1,bat_second,21,14,0.6666666666666666
1175356,2,Chennai Super Kings,middle,2,bat_second,16,11,0.6875
1175356,2,Chennai Super Kings,death,0,bat_second,16,15,0.9375
1175358,1,Delhi Capitals,pp,2,bat_first,0,0,
1175358,1,Delhi Capitals,middle,1,bat_first,0,0,
1175358,1,Delhi Capitals,death,3,bat_first,0,0,
1175358,2,Mumbai Indians,pp,3,bat_second,18,6,0.3333333333333333
1175358,2,Mumbai Indians,middle,3,bat_second,32,11,0.34375
1175358,2,Mumbai Indians,death,3,bat_second,25,3,0.12
1175357,1,Sunrisers Hyderabad,pp,0,bat_first,14,9,0.6428571428571429
1175357,1,Sunrisers Hyderabad,middle,1,bat_first,16,9,0.5625
1175357,1,Sunrisers Hyderabad,death,2,bat_first,6,4,0.6666666666666666
1175357,2,Kolkata Knight Riders,pp,1,bat_second,30,23,0.7666666666666667
1175357,2,Kolkata Knight Riders,middle,2,bat_second,27,15,0.5555555555555556
1175357,2,Kolkata Knight Riders,death,1,bat_second,18,13,0.7222222222222222
1175359,1,Kings XI Punjab,pp,1,bat_first,36,13,0.3611111111111111
1175359,1,Kings XI Punjab,middle,1,bat_first,15,7,0.4666666666666667
1175359,1,Kings XI Punjab,death,2,bat_first,25,9,0.36
1175359,2,Rajasthan Royals,pp,0,bat_second,16,11,0.6875
1175359,2,Rajasthan Royals,middle,2,bat_second,20,14,0.7
1175359,2,Rajasthan Royals,death,3,bat_second,22,8,0.36363636363636365
1175360,1,Delhi Capitals,pp,1,bat_first,0,0,
1175360,1,Delhi Capitals,middle,1,bat_first,1,1,
1175360,1,Delhi Capitals,death,3,bat_first,1,1,
1175360,2,Chennai Super Kings,pp,1,bat_second,22,15,0.6818181818181818
1175360,2,Chennai Super Kings,middle,2,bat_second,17,12,0.7058823529411765
1175360,2,Chennai Super Kings,death,1,bat_second,16,11,0.6875
1175361,1,Kolkata Knight Riders,pp,2,bat_first,17,9,0.5294117647058824
1175361,1,Kolkata Knight Riders,middle,1,bat_first,23,10,0.43478260869565216
1175361,1,Kolkata Knight Riders,death,1,bat_first,11,5,0.45454545454545453
1175361,2,Kings XI Punjab,pp,2,bat_second,28,13,0.4642857142857143
1175361,2,Kings XI Punjab,middle,1,bat_second,17,13,0.7647058823529411
1175361,2,Kings XI Punjab,death,1,bat_second,15,10,0.6666666666666666
1175362,2,Royal Challengers Bangalore,pp,1,bat_second,29,15,0.5172413793103449
1175362,2,Royal Challengers Bangalore,middle,2,bat_second,20,10,0.5
1175362,2,Royal Challengers Bangalore,death,2,bat_second,19,8,0.42105263157894735
1175362,1,Mumbai Indians,pp,0,bat_first,20,13,0.65
1175362,1,Mumbai Indians,middle,3,bat_first,28,18,0.6428571428571429
1175362,1,Mumbai Indians,death,3,bat_first,47,24,0.5106382978723404
1175363,1,Rajasthan Royals,pp,1,bat_first,23,12,0.5217391304347826
1175363,1,Rajasthan Royals,middle,0,bat_first,0,0,
1175363,1,Rajasthan Royals,death,1,bat_first,11,5,0.45454545454545453
1175363,2,Sunrisers Hyderabad,pp,0,bat_second,12,9,0.75
1175363,2,Sunrisers Hyderabad,middle,3,bat_second,13,5,0.38461538461538464
1175363,2,Sunrisers Hyderabad,death,2,bat_second,10,6,0.6
1175364,1,Mumbai Indians,pp,1,bat_first,29,25,0.8620689655172413
1175364,1,Mumbai Indians,middle,3,bat_first,29,19,0.6551724137931034
1175364,1,Mumbai Indians,death,3,bat_first,48,25,0.5208333333333334
1175364,2,Kings XI Punjab,pp,0,bat_second,13,11,0.8461538461538461
1175364,2,Kings XI Punjab,middle,2,bat_second,20,13,0.65
1175364,2,Kings XI Punjab,death,0,bat_second,24,21,0.875
1175365,1,Kolkata Knight Riders,pp,2,bat_first,18,10,0.5555555555555556
1175365,1,Kolkata Knight Riders,middle,3,bat_first,27,11,0.4074074074074074
1175365,1,Kolkata Knight Riders,death,3,bat_first,37,14,0.3783783783783784
1175365,2,Delhi Capitals,pp,1,bat_second,0,0,
1175365,2,Delhi Capitals,middle,1,bat_second,0,0,
1175365,2,Delhi Capitals,death,3,bat_second,0,0,
1175367,2,Rajasthan Royals,pp,3,bat_second,11,4,0.36363636363636365
1175367,2,Rajasthan Royals,middle,2,bat_second,21,14,0.6666666666666666
1175367,2,Rajasthan Royals,death,3,bat_second,23,8,0.34782608695652173
1175366,1,Sunrisers Hyderabad,pp,0,bat_first,15,9,0.6
1175366,1,Sunrisers Hyderabad,middle,0,bat_first,4,3,0.75
1175366,1,Sunrisers Hyderabad,death,2,bat_first,7,4,0.5714285714285714
1175366,2,Royal Challengers Bangalore,pp,3,bat_second,17,5,0.29411764705882354
1175366,2,Royal Challengers Bangalore,middle,3,bat_second,39,9,0.23076923076923078
1175366,2,Royal Challengers Bangalore,death,3,bat_second,24,3,0.125
1175367,1,Chennai Super Kings,pp,3,bat_first,6,1,0.16666666666666666
1175367,1,Chennai Super Kings,middle,1,bat_first,22,13,0.5909090909090909
1175367,1,Chennai Super Kings,death,1,bat_first,27,17,0.6296296296296297
1175368,1,Kings XI Punjab,pp,2,bat_first,18,9,0.5
1175368,1,Kings XI Punjab,middle,2,bat_first,24,11,0.4583333333333333
1175368,1,Kings XI Punjab,death,3,bat_first,43,19,0.4418604651162791
1175368,2,Delhi Capitals,pp,1,bat_second,1,0,
1175368,2,Delhi Capitals,middle,2,bat_second,0,0,
1175368,2,Delhi Capitals,death,3,bat_second,1,0,
1175369,1,Royal Challengers Bangalore,pp,0,bat_first,12,9,0.75
1175369,1,Royal Challengers Bangalore,middle,3,bat_first,23,8,0.34782608695652173
1175369,1,Royal Challengers Bangalore,death,1,bat_first,10,5,0.5
1175369,2,Rajasthan Royals,pp,0,bat_second,17,11,0.6470588235294118
1175369,2,Rajasthan Royals,middle,2,bat_second,22,14,0.6363636363636364
1175369,2,Rajasthan Royals,death,1,bat_second,14,9,0.6428571428571429
1175370,1,Mumbai Indians,pp,1,bat_first,30,25,0.8333333333333334
1175370,1,Mumbai Indians,middle,2,bat_first,36,19,0.5277777777777778
1175370,1,Mumbai Indians,death,2,bat_first,20,8,0.4
1175370,2,Chennai Super Kings,pp,3,bat_second,6,2,0.3333333333333333
1175370,2,Chennai Super Kings,middle,2,bat_second,18,13,0.7222222222222222
1175370,2,Chennai Super Kings,death,3,bat_second,16,5,0.3125
1175371,1,Delhi Capitals,pp,2,bat_first,1,1,
1175371,1,Delhi Capitals,middle,3,bat_first,0,0,
1175371,1,Delhi Capitals,death,3,bat_first,2,1,
1175371,2,Sunrisers Hyderabad,pp,0,bat_second,13,10,0.7692307692307693
1175371,2,Sunrisers Hyderabad,middle,3,bat_second,14,6,0.42857142857142855
1175371,2,Sunrisers Hyderabad,death,1,bat_second,9,5,0.5555555555555556
1175372,1,Royal Challengers Bangalore,pp,0,bat_first,13,9,0.6923076923076923
1175372,1,Royal Challengers Bangalore,middle,1,bat_first,18,6,0.3333333333333333
1175372,1,Royal Challengers Bangalore,death,2,bat_first,19,8,0.42105263157894735
1175372,2,Kolkata Knight Riders,pp,1,bat_second,31,24,0.7741935483870968
1175372,2,Kolkata Knight Riders,middle,2,bat_second,28,16,0.5714285714285714
1175372,2,Kolkata Knight Riders,death,2,bat_second,13,7,0.5384615384615384
1178394,2,Sunrisers Hyderabad,pp,2,bat_second,11,6,0.5454545454545454
1178394,2,Sunrisers Hyderabad,middle,3,bat_second,15,7,0.4666666666666667
1178394,2,Sunrisers Hyderabad,death,3,bat_second,9,2,0.2222222222222222
1178394,1,Mumbai Indians,pp,2,bat_first,29,10,0.3448275862068966
1178394,1,Mumbai Indians,middle,3,bat_first,30,19,0.6333333333333333
1178394,1,Mumbai Indians,death,2,bat_first,21,9,0.42857142857142855
1178393,2,Kings XI Punjab,pp,2,bat_second,29,13,0.4482758620689655
1178393,2,Kings XI Punjab,middle,0,bat_second,7,6,0.8571428571428571
1178393,2,Kings XI Punjab,death,3,bat_second,25,1,0.04
1178393,1,Chennai Super Kings,pp,0,bat_first,20,14,0.7
1178393,1,Chennai Super Kings,middle,3,bat_first,22,11,0.5
1178393,1,Chennai Super Kings,death,0,bat_first,8,5,0.625
1178395,1,Royal Challengers Bangalore,pp,2,bat_first,19,7,0.3684210526315789
1178395,1,Royal Challengers Bangalore,middle,2,bat_first,26,13,0.5
1178395,1,Royal Challengers Bangalore,death,3,bat_first,38,12,0.3157894736842105
1178395,2,Delhi Capitals,pp,1,bat_second,2,0,
1178395,2,Delhi Capitals,middle,2,bat_second,1,0,
1178395,2,Delhi Capitals,death,3,bat_second,2,0,
1178396,1,Rajasthan Royals,pp,1,bat_first,24,12,0.5
1178396,1,Rajasthan Royals,middle,1,bat_first,11,7,0.6363636363636364
1178396,1,Rajasthan Royals,death,1,bat_first,12,5,0.4166666666666667
1178396,2,Kolkata Knight Riders,pp,0,bat_second,16,13,0.8125
1178396,2,Kolkata Knight Riders,middle,2,bat_second,29,17,0.5862068965517241
1178396,2,Kolkata Knight Riders,death,0,bat_second,27,26,0.9629629629629629
1178397,1,Sunrisers Hyderabad,pp,1,bat_first,21,10,0.47619047619047616
1178397,1,Sunrisers Hyderabad,middle,2,bat_first,20,8,0.4
1178397,1,Sunrisers Hyderabad,death,1,bat_first,11,5,0.45454545454545453
1178397,2,Kings XI Punjab,pp,1,bat_second,23,12,0.5217391304347826
1178397,2,Kings XI Punjab,middle,0,bat_second,8,6,0.75
1178397,2,Kings XI Punjab,death,3,bat_second,26,1,0.038461538461538464
1178398,1,Kolkata Knight Riders,pp,3,bat_first,15,2,0.13333333333333333
1178398,1,Kolkata Knight Riders,middle,2,bat_first,20,9,0.45
1178398,1,Kolkata Knight Riders,death,3,bat_first,38,14,0.3684210526315789
1178398,2,Chennai Super Kings,pp,2,bat_second,18,10,0.5555555555555556
1178398,2,Chennai Super Kings,middle,1,bat_second,15,15,1.0
1178398,2,Chennai Super Kings,death,0,bat_second,17,16,0.9411764705882353
1178399,1,Kings XI Punjab,pp,0,bat_first,15,10,0.6666666666666666
1178399,1,Kings XI Punjab,middle,2,bat_first,25,12,0.48
1178399,1,Kings XI Punjab,death,2,bat_first,26,10,0.38461538461538464
1178399,2,Mumbai Indians,pp,1,bat_second,30,18,0.6
1178399,2,Mumbai Indians,middle,3,bat_second,33,11,0.3333333333333333
1178399,2,Mumbai Indians,death,3,bat_second,26,3,0.11538461538461539
1178400,1,Rajasthan Royals,pp,3,bat_first,5,1,0.2
1178400,1,Rajasthan Royals,middle,3,bat_first,26,3,0.11538461538461539
1178400,1,Rajasthan Royals,death,1,bat_first,13,5,0.38461538461538464
1178400,2,Chennai Super Kings,pp,3,bat_second,7,2,0.2857142857142857
1178400,2,Chennai Super Kings,middle,0,bat_second,6,6,1.0
1178400,2,Chennai Super Kings,death,2,bat_second,16,11,0.6875
1178401,1,Kolkata Knight Riders,pp,1,bat_first,28,13,0.4642857142857143
1178401,1,Kolkata Knight Riders,middle,3,bat_first,28,11,0.39285714285714285
1178401,1,Kolkata Knight Riders,death,3,bat_first,39,14,0.358974358974359
1178401,2,Delhi Capitals,pp,2,bat_second,0,0,
1178401,2,Delhi Capitals,middle,0,bat_second,0,0,
1178401,2,Delhi Capitals,death,1,bat_second,0,0,
1178403,2,Royal Challengers Bangalore,pp,1,bat_second,30,15,0.5
1178403,2,Royal Challengers Bangalore,middle,0,bat_second,12,9,0.75
1178403,2,Royal Challengers Bangalore,death,1,bat_second,16,9,0.5625
1178402,1,Mumbai Indians,pp,0,bat_first,21,14,0.6666666666666666
1178402,1,Mumbai Indians,middle,2,bat_first,37,20,0.5405405405405406
1178402,1,Mumbai Indians,death,3,bat_first,49,25,0.5102040816326531
1178402,2,Rajasthan Royals,pp,0,bat_second,18,12,0.6666666666666666
1178402,2,Rajasthan Royals,middle,2,bat_second,23,15,0.6521739130434783
1178402,2,Rajasthan Royals,death,3,bat_second,24,8,0.3333333333333333
1178403,1,Kings XI Punjab,pp,0,bat_first,16,10,0.625
1178403,1,Kings XI Punjab,middle,3,bat_first,40,13,0.325
1178403,1,Kings XI Punjab,death,0,bat_first,5,2,0.4
1178404,2,Chennai Super Kings,pp,2,bat_second,19,11,0.5789473684210527
1178404,2,Chennai Super Kings,middle,2,bat_second,19,13,0.6842105263157895
1178404,2,Chennai Super Kings,death,1,bat_second,17,12,0.7058823529411765
1178405,1,Delhi Capitals,pp,2,bat_first,2,1,
1178405,1,Delhi Capitals,middle,1,bat_first,2,1,
1178405,1,Delhi Capitals,death,3,bat_first,3,1,0.3333333333333333
1178405,2,Sunrisers Hyderabad,pp,0,bat_second,14,11,0.7857142857142857
1178405,2,Sunrisers Hyderabad,middle,2,bat_second,12,8,0.6666666666666666
1178405,2,Sunrisers Hyderabad,death,3,bat_second,10,2,0.2
1178404,1,Kolkata Knight Riders,pp,1,bat_first,29,13,0.4482758620689655
1178404,1,Kolkata Knight Riders,middle,3,bat_first,29,11,0.3793103448275862
1178404,1,Kolkata Knight Riders,death,3,bat_first,40,14,0.35
1178406,1,Royal Challengers Bangalore,pp,1,bat_first,34,15,0.4411764705882353
1178406,1,Royal Challengers Bangalore,middle,1,bat_first,19,6,0.3157894736842105
1178406,1,Royal Challengers Bangalore,death,3,bat_first,39,12,0.3076923076923077
1178406,2,Mumbai Indians,pp,0,bat_second,18,15,0.8333333333333334
1178406,2,Mumbai Indians,middle,3,bat_second,34,12,0.35294117647058826
1178406,2,Mumbai Indians,death,2,bat_second,18,10,0.5555555555555556
1178407,1,Kings XI Punjab,pp,1,bat_first,37,14,0.3783783783783784
1178407,1,Kings XI Punjab,middle,1,bat_first,16,8,0.5
1178407,1,Kings XI Punjab,death,3,bat_first,44,20,0.45454545454545453
1178407,2,Rajasthan Royals,pp,1,bat_second,22,17,0.7727272727272727
1178407,2,Rajasthan Royals,middle,1,bat_second,16,14,0.875
1178407,2,Rajasthan Royals,death,3,bat_second,25,9,0.36
1178408,1,Chennai Super Kings,pp,0,bat_first,21,15,0.7142857142857143
1178408,1,Chennai Super Kings,middle,3,bat_first,23,12,0.5217391304347826
1178408,1,Chennai Super Kings,death,0,bat_first,9,6,0.6666666666666666
1178408,2,Sunrisers Hyderabad,pp,1,bat_second,11,8,0.7272727272727273
1178408,2,Sunrisers Hyderabad,middle,2,bat_second,13,8,0.6153846153846154
1178408,2,Sunrisers Hyderabad,death,1,bat_second,10,6,0.6
1178409,1,Mumbai Indians,pp,0,bat_first,22,14,0.6363636363636364
1178409,1,Mumbai Indians,middle,3,bat_first,31,20,0.6451612903225806
1178409,1,Mumbai Indians,death,2,bat_first,22,10,0.45454545454545453
1178409,2,Delhi Capitals,pp,0,bat_second,0,0,
1178409,2,Delhi Capitals,middle,3,bat_second,0,0,
1178409,2,Delhi Capitals,death,3,bat_second,3,1,0.3333333333333333
1178410,2,Kolkata Knight Riders,pp,3,bat_second,15,4,0.26666666666666666
1178410,2,Kolkata Knight Riders,middle,1,bat_second,26,21,0.8076923076923077
1178410,2,Kolkata Knight Riders,death,1,bat_second,19,14,0.7368421052631579
1178410,1,Royal Challengers Bangalore,pp,1,bat_first,35,15,0.42857142857142855
1178410,1,Royal Challengers Bangalore,middle,1,bat_first,20,6,0.3
1178410,1,Royal Challengers Bangalore,death,2,bat_first,20,8,0.4
1178411,2,Rajasthan Royals,pp,1,bat_second,23,17,0.7391304347826086
1178411,2,Rajasthan Royals,middle,2,bat_second,24,16,0.6666666666666666
1178411,2,Rajasthan Royals,death,2,bat_second,12,3,0.25
1178412,1,Kings XI Punjab,pp,2,bat_first,19,10,0.5263157894736842
1178412,1,Kings XI Punjab,middle,3,bat_first,41,13,0.3170731707317073
1178412,1,Kings XI Punjab,death,2,bat_first,27,10,0.37037037037037035
1178412,2,Delhi Capitals,pp,1,bat_second,3,1,0.3333333333333333
1178412,2,Delhi Capitals,middle,1,bat_second,1,0,
1178412,2,Delhi Capitals,death,3,bat_second,4,1,0.25
1178411,1,Mumbai Indians,pp,1,bat_first,31,26,0.8387096774193549
1178411,1,Mumbai Indians,middle,2,bat_first,38,20,0.5263157894736842
1178411,1,Mumbai Indians,death,2,bat_first,23,11,0.4782608695652174
1178413,1,Kolkata Knight Riders,pp,2,bat_first,19,10,0.5263157894736842
1178413,1,Kolkata Knight Riders,middle,2,bat_first,21,9,0.42857142857142855
1178413,1,Kolkata Knight Riders,death,3,bat_first,41,14,0.34146341463414637
1178413,2,Sunrisers Hyderabad,pp,0,bat_second,15,11,0.7333333333333333
1178413,2,Sunrisers Hyderabad,middle,1,bat_second,7,4,0.5714285714285714
1178413,2,Sunrisers Hyderabad,death,0,bat_second,10,10,1.0
1178414,1,Royal Challengers Bangalore,pp,1,bat_first,36,16,0.4444444444444444
1178414,1,Royal Challengers Bangalore,middle,2,bat_first,27,13,0.48148148148148145
1178414,1,Royal Challengers Bangalore,death,3,bat_first,40,12,0.3
1178414,2,Chennai Super Kings,pp,3,bat_second,8,3,0.375
1178414,2,Chennai Super Kings,middle,1,bat_second,16,16,1.0
1178414,2,Chennai Super Kings,death,3,bat_second,17,5,0.29411764705882354
1178415,1,Rajasthan Royals,pp,1,bat_first,25,12,0.48
1178415,1,Rajasthan Royals,middle,1,bat_first,12,7,0.5833333333333334
1178415,1,Rajasthan Royals,death,3,bat_first,30,14,0.4666666666666667
1178415,2,Delhi Capitals,pp,0,bat_second,1,0,
1178415,2,Delhi Capitals,middle,2,bat_second,2,1,
1178415,2,Delhi Capitals,death,2,bat_second,0,0,
1178416,1,Sunrisers Hyderabad,pp,1,bat_first,22,10,0.45454545454545453
1178416,1,Sunrisers Hyderabad,middle,1,bat_first,17,9,0.5294117647058824
1178416,1,Sunrisers Hyderabad,death,1,bat_first,12,5,0.4166666666666667
1178416,2,Chennai Super Kings,pp,1,bat_second,23,16,0.6956521739130435
1178416,2,Chennai Super Kings,middle,1,bat_second,17,16,0.9411764705882353
1178416,2,Chennai Super Kings,death,2,bat_second,17,12,0.7058823529411765
1178417,1,Royal Challengers Bangalore,pp,1,bat_first,37,17,0.4594594594594595
1178417,1,Royal Challengers Bangalore,middle,3,bat_first,24,8,0.3333333333333333
1178417,1,Royal Challengers Bangalore,death,0,bat_first,10,7,0.7
1178417,2,Kings XI Punjab,pp,1,bat_second,24,13,0.5416666666666666
1178417,2,Kings XI Punjab,middle,2,bat_second,21,14,0.6666666666666666
1178417,2,Kings XI Punjab,death,3,bat_second,27,2,0.07407407407407407
1178418,2,Rajasthan Royals,pp,1,bat_second,24,18,0.75
1178418,2,Rajasthan Royals,middle,3,bat_second,31,10,0.3225806451612903
1178418,2,Rajasthan Royals,death,2,bat_second,13,4,0.3076923076923077
1178418,1,Kolkata Knight Riders,pp,2,bat_first,20,10,0.5
1178418,1,Kolkata Knight Riders,middle,2,bat_first,22,9,0.4090909090909091
1178418,1,Kolkata Knight Riders,death,2,bat_first,20,11,0.55
1178419,1,Mumbai Indians,pp,1,bat_first,32,26,0.8125
1178419,1,Mumbai Indians,middle,2,bat_first,39,20,0.5128205128205128
1178419,1,Mumbai Indians,death,1,bat_first,14,13,0.9285714285714286
1178419,2,Chennai Super Kings,pp,3,bat_second,9,3,0.3333333333333333
1178419,2,Chennai Super Kings,middle,3,bat_second,27,10,0.37037037037037035
1178419,2,Chennai Super Kings,death,3,bat_second,18,5,0.2777777777777778
1178420,1,Sunrisers Hyderabad,pp,1,bat_first,23,10,0.43478260869565216
1178420,1,Sunrisers Hyderabad,middle,2,bat_first,21,8,0.38095238095238093
1178420,1,Sunrisers Hyderabad,death,3,bat_first,34,17,0.5
1178420,2,Rajasthan Royals,pp,0,bat_second,19,13,0.6842105263157895
1178420,2,Rajasthan Royals,middle,2,bat_second,25,17,0.68
1178420,2,Rajasthan Royals,death,1,bat_second,15,10,0.6666666666666666
1178421,1,Delhi Capitals,pp,1,bat_first,1,0,
1178421,1,Delhi Capitals,middle,2,bat_first,0,0,
1178421,1,Delhi Capitals,death,2,bat_first,0,0,
1178421,2,Royal Challengers Bangalore,pp,1,bat_second,31,16,0.5161290322580645
1178421,2,Royal Challengers Bangalore,middle,3,bat_second,40,9,0.225
1178421,2,Royal Challengers Bangalore,death,2,bat_second,20,8,0.4
1178422,1,Kolkata Knight Riders,pp,0,bat_first,14,8,0.5714285714285714
1178422,1,Kolkata Knight Riders,middle,1,bat_first,24,11,0.4583333333333333
1178422,1,Kolkata Knight Riders,death,1,bat_first,12,6,0.5
1178422,2,Mumbai Indians,pp,2,bat_second,14,7,0.5
1178422,2,Mumbai Indians,middle,3,bat_second,35,13,0.37142857142857144
1178422,2,Mumbai Indians,death,2,bat_second,19,11,0.5789473684210527
1178423,1,Sunrisers Hyderabad,pp,0,bat_first,16,10,0.625
1178423,1,Sunrisers Hyderabad,middle,1,bat_first,18,9,0.5
1178423,1,Sunrisers Hyderabad,death,3,bat_first,35,17,0.4857142857142857
1178423,2,Kings XI Punjab,pp,1,bat_second,25,13,0.52
1178423,2,Kings XI Punjab,middle,3,bat_second,34,8,0.23529411764705882
1178423,2,Kings XI Punjab,death,3,bat_second,28,2,0.07142857142857142
1178424,1,Royal Challengers Bangalore,pp,3,bat_first,12,1,0.08333333333333333
1178424,1,Royal Challengers Bangalore,middle,0,bat_first,10,5,0.5
1178424,1,Royal Challengers Bangalore,death,0,bat_first,11,8,0.7272727272727273
1178424,2,Rajasthan Royals,pp,1,bat_second,25,19,0.76
1178424,2,Rajasthan Royals,middle,0,bat_second,3,3,1.0
1178424,2,Rajasthan Royals,death,0,bat_second,22,21,0.9545454545454546
1178425,1,Chennai Super Kings,pp,1,bat_first,34,21,0.6176470588235294
1178425,1,Chennai Super Kings,middle,2,bat_first,34,20,0.5882352941176471
1178425,1,Chennai Super Kings,death,1,bat_first,28,18,0.6428571428571429
1178425,2,Delhi Capitals,pp,2,bat_second,1,1,
1178425,2,Delhi Capitals,middle,3,bat_second,1,0,
1178425,2,Delhi Capitals,death,2,bat_second,1,1,
1178426,1,Mumbai Indians,pp,1,bat_first,33,27,0.8181818181818182
1178426,1,Mumbai Indians,middle,2,bat_first,40,21,0.525
1178426,1,Mumbai Indians,death,2,bat_first,24,11,0.4583333333333333
1178426,2,Sunrisers Hyderabad,pp,2,bat_second,12,6,0.5
1178426,2,Sunrisers Hyderabad,middle,3,bat_second,16,7,0.4375
1178426,2,Sunrisers Hyderabad,death,1,bat_second,11,7,0.6363636363636364
1178427,2,Kolkata Knight Riders,pp,1,bat_second,32,25,0.78125
1178427,2,Kolkata Knight Riders,middle,2,bat_second,30,18,0.6
1178427,2,Kolkata Knight Riders,death,0,bat_second,28,27,0.9642857142857143
1178427,1,Kings XI Punjab,pp,2,bat_first,20,10,0.5
1178427,1,Kings XI Punjab,middle,2,bat_first,26,12,0.46153846153846156
1178427,1,Kings XI Punjab,death,2,bat_first,28,10,0.35714285714285715
1178428,1,Rajasthan Royals,pp,3,bat_first,6,1,0.16666666666666666
1178428,1,Rajasthan Royals,middle,3,bat_first,27,3,0.1111111111111111
1178428,1,Rajasthan Royals,death,2,bat_first,19,7,0.3684210526315789
1178428,2,Delhi Capitals,pp,2,bat_second,2,1,
1178428,2,Delhi Capitals,middle,2,bat_second,3,2,0.6666666666666666
1178428,2,Delhi Capitals,death,1,bat_second,1,1,
1178429,1,Sunrisers Hyderabad,pp,1,bat_first,24,10,0.4166666666666667
1178429,1,Sunrisers Hyderabad,middle,3,bat_first,15,8,0.5333333333333333
1178429,1,Sunrisers Hyderabad,death,3,bat_first,36,18,0.5
1178429,2,Royal Challengers Bangalore,pp,3,bat_second,18,5,0.2777777777777778
1178429,2,Royal Challengers Bangalore,middle,0,bat_second,13,10,0.7692307692307693
1178429,2,Royal Challengers Bangalore,death,3,bat_second,25,3,0.12
1178430,1,Chennai Super Kings,pp,1,bat_first,35,22,0.6285714285714286
1178430,1,Chennai Super Kings,middle,0,bat_first,5,4,0.8
1178430,1,Chennai Super Kings,death,3,bat_first,28,15,0.5357142857142857
1178430,2,Kings XI Punjab,pp,0,bat_second,14,12,0.8571428571428571
1178430,2,Kings XI Punjab,middle,3,bat_second,35,8,0.22857142857142856
1178430,2,Kings XI Punjab,death,1,bat_second,16,10,0.625
1178431,1,Kolkata Knight Riders,pp,0,bat_first,15,9,0.6
1178431,1,Kolkata Knight Riders,middle,3,bat_first,30,11,0.36666666666666664
1178431,1,Kolkata Knight Riders,death,3,bat_first,42,14,0.3333333333333333
1178431,2,Mumbai Indians,pp,0,bat_second,19,16,0.8421052631578947
1178431,2,Mumbai Indians,middle,1,bat_second,16,12,0.75
1178431,2,Mumbai Indians,death,0,bat_second,20,19,0.95
1181764,1,Chennai Super Kings,pp,3,bat_first,7,2,0.2857142857142857
1181764,1,Chennai Super Kings,middle,1,bat_first,23,14,0.6086956521739131
1181764,1,Chennai Super Kings,death,0,bat_first,10,6,0.6
1181764,2,Mumbai Indians,pp,2,bat_second,15,7,0.4666666666666667
1181764,2,Mumbai Indians,middle,2,bat_second,23,15,0.6521739130434783
1181764,2,Mumbai Indians,death,0,bat_second,21,20,0.9523809523809523
1181766,1,Sunrisers Hyderabad,pp,1,bat_first,25,10,0.4
1181766,1,Sunrisers Hyderabad,middle,2,bat_first,22,8,0.36363636363636365
1181766,1,Sunrisers Hyderabad,death,3,bat_first,37,18,0.4864864864864865
1181766,2,Delhi Capitals,pp,0,bat_second,2,1,
1181766,2,Delhi Capitals,middle,3,bat_second,2,0,
1181766,2,Delhi Capitals,death,3,bat_second,5,2,0.4
1181767,1,Delhi Capitals,pp,2,bat_first,3,2,0.6666666666666666
1181767,1,Delhi Capitals,middle,3,bat_first,1,0,
1181767,1,Delhi Capitals,death,3,bat_first,4,2,0.5
1181767,2,Chennai Super Kings,pp,0,bat_second,19,16,0.8421052631578947
1181767,2,Chennai Super Kings,middle,2,bat_second,20,14,0.7
1181767,2,Chennai Super Kings,death,2,bat_second,18,13,0.7222222222222222
1181768,1,Mumbai Indians,pp,2,bat_first,30,11,0.36666666666666664
1181768,1,Mumbai Indians,middle,3,bat_first,32,21,0.65625
1181768,1,Mumbai Indians,death,3,bat_first,50,25,0.5
1181768,2,Chennai Super Kings,pp,1,bat_second,24,17,0.7083333333333334
1181768,2,Chennai Super Kings,middle,3,bat_second,28,10,0.35714285714285715
1181768,2,Chennai Super Kings,death,3,bat_second,19,5,0.2631578947368421
1216492,1,Mumbai Indians,pp,2,bat_first,31,12,0.3870967741935484
1216492,1,Mumbai Indians,middle,3,bat_first,33,22,0.6666666666666666
1216492,1,Mumbai Indians,death,3,bat_first,51,26,0.5098039215686274
1216492,2,Chennai Super Kings,pp,2,bat_second,20,12,0.6
1216492,2,Chennai Super Kings,middle,0,bat_second,7,7,1.0
1216492,2,Chennai Super Kings,death,3,bat_second,20,5,0.25
1216493,1,Delhi Capitals,pp,3,bat_first,0,0,
1216493,1,Delhi Capitals,middle,2,bat_first,1,1,
1216493,1,Delhi Capitals,death,3,bat_first,5,2,0.4
1216493,2,Kings XI Punjab,pp,3,bat_second,14,4,0.2857142857142857
1216493,2,Kings XI Punjab,middle,2,bat_second,22,14,0.6363636363636364
1216493,2,Kings XI Punjab,death,3,bat_second,29,2,0.06896551724137931
1216534,1,Royal Challengers Bangalore,pp,0,bat_first,14,9,0.6428571428571429
1216534,1,Royal Challengers Bangalore,middle,2,bat_first,28,14,0.5
1216534,1,Royal Challengers Bangalore,death,3,bat_first,41,13,0.3170731707317073
1216534,2,Sunrisers Hyderabad,pp,1,bat_second,12,9,0.75
1216534,2,Sunrisers Hyderabad,middle,1,bat_second,8,5,0.625
1216534,2,Sunrisers Hyderabad,death,3,bat_second,11,2,0.18181818181818182
1216496,1,Rajasthan Royals,pp,1,bat_first,26,12,0.46153846153846156
1216496,1,Rajasthan Royals,middle,3,bat_first,28,3,0.10714285714285714
1216496,1,Rajasthan Royals,death,3,bat_first,31,14,0.45161290322580644
1216496,2,Chennai Super Kings,pp,0,bat_second,20,17,0.85
1216496,2,Chennai Super Kings,middle,3,bat_second,29,10,0.3448275862068966
1216496,2,Chennai Super Kings,death,1,bat_second,18,13,0.7222222222222222
1216508,2,Kolkata Knight Riders,pp,2,bat_second,29,14,0.4827586206896552
1216508,2,Kolkata Knight Riders,middle,2,bat_second,31,19,0.6129032258064516
1216508,2,Kolkata Knight Riders,death,3,bat_second,32,8,0.25
1216508,1,Mumbai Indians,pp,1,bat_first,34,27,0.7941176470588235
1216508,1,Mumbai Indians,middle,1,bat_first,23,13,0.5652173913043478
1216508,1,Mumbai Indians,death,3,bat_first,52,26,0.5
1216510,2,Royal Challengers Bangalore,pp,3,bat_second,19,6,0.3157894736842105
1216510,2,Royal Challengers Bangalore,middle,3,bat_second,41,9,0.21951219512195122
1216510,2,Royal Challengers Bangalore,death,3,bat_second,26,4,0.15384615384615385
1216510,1,Kings XI Punjab,pp,0,bat_first,17,10,0.5882352941176471
1216510,1,Kings XI Punjab,middle,2,bat_first,27,12,0.4444444444444444
1216510,1,Kings XI Punjab,death,1,bat_first,11,4,0.36363636363636365
1216539,1,Delhi Capitals,pp,0,bat_first,0,0,
1216539,1,Delhi Capitals,middle,2,bat_first,2,1,
1216539,1,Delhi Capitals,death,1,bat_first,0,0,
1216539,2,Chennai Super Kings,pp,2,bat_second,21,13,0.6190476190476191
1216539,2,Chennai Super Kings,middle,1,bat_second,18,17,0.9444444444444444
1216539,2,Chennai Super Kings,death,3,bat_second,21,6,0.2857142857142857
1216545,2,Kolkata Knight Riders,pp,2,bat_second,30,14,0.4666666666666667
1216545,2,Kolkata Knight Riders,middle,1,bat_second,27,21,0.7777777777777778
1216545,2,Kolkata Knight Riders,death,0,bat_second,29,28,0.9655172413793104
1216545,1,Sunrisers Hyderabad,pp,1,bat_first,26,10,0.38461538461538464
1216545,1,Sunrisers Hyderabad,middle,1,bat_first,19,10,0.5263157894736842
1216545,1,Sunrisers Hyderabad,death,2,bat_first,8,5,0.625
1216527,1,Kings XI Punjab,pp,0,bat_first,18,11,0.6111111111111112
1216527,1,Kings XI Punjab,middle,0,bat_first,5,3,0.6
1216527,1,Kings XI Punjab,death,2,bat_first,29,10,0.3448275862068966
1216527,2,Rajasthan Royals,pp,1,bat_second,26,19,0.7307692307692307
1216527,2,Rajasthan Royals,middle,1,bat_second,17,14,0.8235294117647058
1216527,2,Rajasthan Royals,death,3,bat_second,26,9,0.34615384615384615
1216547,1,Royal Challengers Bangalore,pp,0,bat_first,15,10,0.6666666666666666
1216547,1,Royal Challengers Bangalore,middle,2,bat_first,29,15,0.5172413793103449
1216547,1,Royal Challengers Bangalore,death,1,bat_first,11,5,0.45454545454545453
1216547,2,Mumbai Indians,pp,2,bat_second,16,8,0.5
1216547,2,Mumbai Indians,middle,2,bat_second,24,16,0.6666666666666666
1216547,2,Mumbai Indians,death,1,bat_second,17,14,0.8235294117647058
1216532,2,Delhi Capitals,pp,1,bat_second,4,2,0.5
1216532,2,Delhi Capitals,middle,2,bat_second,4,3,0.75
1216532,2,Delhi Capitals,death,3,bat_second,6,3,0.5
1216532,1,Sunrisers Hyderabad,pp,0,bat_first,17,11,0.6470588235294118
1216532,1,Sunrisers Hyderabad,middle,2,bat_first,23,8,0.34782608695652173
1216532,1,Sunrisers Hyderabad,death,2,bat_first,9,5,0.5555555555555556
1216504,1,Kolkata Knight Riders,pp,1,bat_first,30,13,0.43333333333333335
1216504,1,Kolkata Knight Riders,middle,3,bat_first,31,11,0.3548387096774194
1216504,1,Kolkata Knight Riders,death,1,bat_first,13,7,0.5384615384615384
1216504,2,Rajasthan Royals,pp,2,bat_second,21,9,0.42857142857142855
1216504,2,Rajasthan Royals,middle,3,bat_second,32,11,0.34375
1216504,2,Rajasthan Royals,death,1,bat_second,16,11,0.6875
1216503,1,Mumbai Indians,pp,2,bat_first,32,12,0.375
1216503,1,Mumbai Indians,middle,1,bat_first,24,14,0.5833333333333334
1216503,1,Mumbai Indians,death,1,bat_first,15,14,0.9333333333333333
1216503,2,Kings XI Punjab,pp,2,bat_second,30,13,0.43333333333333335
1216503,2,Kings XI Punjab,middle,3,bat_second,36,9,0.25
1216503,2,Kings XI Punjab,death,3,bat_second,30,2,0.06666666666666667
1216516,1,Sunrisers Hyderabad,pp,1,bat_first,27,10,0.37037037037037035
1216516,1,Sunrisers Hyderabad,middle,3,bat_first,16,8,0.5
1216516,1,Sunrisers Hyderabad,death,1,bat_first,13,5,0.38461538461538464
1216516,2,Chennai Super Kings,pp,3,bat_second,10,3,0.3
1216516,2,Chennai Super Kings,middle,1,bat_second,19,17,0.8947368421052632
1216516,2,Chennai Super Kings,death,1,bat_second,19,13,0.6842105263157895
1216515,2,Kolkata Knight Riders,pp,1,bat_second,33,26,0.7878787878787878
1216515,2,Kolkata Knight Riders,middle,3,bat_second,27,9,0.3333333333333333
1216515,2,Kolkata Knight Riders,death,2,bat_second,14,8,0.5714285714285714
1216515,1,Delhi Capitals,pp,1,bat_first,2,1,
1216515,1,Delhi Capitals,middle,1,bat_first,3,2,0.6666666666666666
1216515,1,Delhi Capitals,death,2,bat_first,1,1,
1216514,2,Royal Challengers Bangalore,pp,1,bat_second,32,16,0.5
1216514,2,Royal Challengers Bangalore,middle,0,bat_second,14,11,0.7857142857142857
1216514,2,Royal Challengers Bangalore,death,1,bat_second,17,10,0.5882352941176471
1216514,1,Rajasthan Royals,pp,3,bat_first,7,1,0.14285714285714285
1216514,1,Rajasthan Royals,middle,1,bat_first,13,7,0.5384615384615384
1216514,1,Rajasthan Royals,death,2,bat_first,20,7,0.35
1216538,2,Sunrisers Hyderabad,pp,1,bat_second,13,9,0.6923076923076923
1216538,2,Sunrisers Hyderabad,middle,3,bat_second,17,7,0.4117647058823529
1216538,2,Sunrisers Hyderabad,death,3,bat_second,12,2,0.16666666666666666
1216513,2,Chennai Super Kings,pp,0,bat_second,21,17,0.8095238095238095
1216513,2,Chennai Super Kings,middle,0,bat_second,8,8,1.0
1216513,2,Chennai Super Kings,death,0,bat_second,18,17,0.9444444444444444
1216513,1,Kings XI Punjab,pp,0,bat_first,19,11,0.5789473684210527
1216513,1,Kings XI Punjab,middle,2,bat_first,28,13,0.4642857142857143
1216513,1,Kings XI Punjab,death,2,bat_first,30,10,0.3333333333333333
1216538,1,Mumbai Indians,pp,2,bat_first,33,13,0.3939393939393939
1216538,1,Mumbai Indians,middle,2,bat_first,41,21,0.5121951219512195
1216538,1,Mumbai Indians,death,1,bat_first,16,15,0.9375
1216519,1,Delhi Capitals,pp,0,bat_first,1,1,
1216519,1,Delhi Capitals,middle,3,bat_first,2,0,
1216519,1,Delhi Capitals,death,1,bat_first,1,1,
1216519,2,Royal Challengers Bangalore,pp,3,bat_second,20,6,0.3
1216519,2,Royal Challengers Bangalore,middle,2,bat_second,21,10,0.47619047619047616
1216519,2,Royal Challengers Bangalore,death,3,bat_second,27,4,0.14814814814814814
1216511,2,Rajasthan Royals,pp,3,bat_second,12,4,0.3333333333333333
1216511,2,Rajasthan Royals,middle,3,bat_second,33,11,0.3333333333333333
1216511,2,Rajasthan Royals,death,3,bat_second,27,10,0.37037037037037035
1216511,1,Mumbai Indians,pp,1,bat_first,35,28,0.8
1216511,1,Mumbai Indians,middle,3,bat_first,34,22,0.6470588235294118
1216511,1,Mumbai Indians,death,0,bat_first,10,6,0.6
1216501,1,Kolkata Knight Riders,pp,1,bat_first,31,14,0.45161290322580644
1216501,1,Kolkata Knight Riders,middle,3,bat_first,32,12,0.375
1216501,1,Kolkata Knight Riders,death,3,bat_first,43,14,0.32558139534883723
1216501,2,Chennai Super Kings,pp,1,bat_second,25,17,0.68
1216501,2,Chennai Super Kings,middle,2,bat_second,21,15,0.7142857142857143
1216501,2,Chennai Super Kings,death,2,bat_second,19,14,0.7368421052631579
1216542,2,Kings XI Punjab,pp,2,bat_second,31,13,0.41935483870967744
1216542,2,Kings XI Punjab,middle,3,bat_second,37,9,0.24324324324324326
1216542,2,Kings XI Punjab,death,2,bat_second,14,8,0.5714285714285714
1216542,1,Sunrisers Hyderabad,pp,0,bat_first,18,12,0.6666666666666666
1216542,1,Sunrisers Hyderabad,middle,0,bat_first,5,4,0.8
1216542,1,Sunrisers Hyderabad,death,3,bat_first,38,18,0.47368421052631576
1216500,1,Delhi Capitals,pp,3,bat_first,1,0,
1216500,1,Delhi Capitals,middle,2,bat_first,3,2,0.6666666666666666
1216500,1,Delhi Capitals,death,3,bat_first,6,2,0.3333333333333333
1216500,2,Rajasthan Royals,pp,1,bat_second,27,20,0.7407407407407407
1216500,2,Rajasthan Royals,middle,3,bat_second,34,11,0.3235294117647059
1216500,2,Rajasthan Royals,death,3,bat_second,28,10,0.35714285714285715
1216523,1,Kolkata Knight Riders,pp,2,bat_first,21,10,0.47619047619047616
1216523,1,Kolkata Knight Riders,middle,1,bat_first,25,12,0.48
1216523,1,Kolkata Knight Riders,death,3,bat_first,44,15,0.3409090909090909
1216525,2,Chennai Super Kings,pp,2,bat_second,22,13,0.5909090909090909
1216525,2,Chennai Super Kings,middle,1,bat_second,20,17,0.85
1216525,2,Chennai Super Kings,death,3,bat_second,22,6,0.2727272727272727
1216523,2,Kings XI Punjab,pp,0,bat_second,15,13,0.8666666666666667
1216523,2,Kings XI Punjab,middle,1,bat_second,18,13,0.7222222222222222
1216523,2,Kings XI Punjab,death,3,bat_second,31,2,0.06451612903225806
1216525,1,Royal Challengers Bangalore,pp,1,bat_first,38,18,0.47368421052631576
1216525,1,Royal Challengers Bangalore,middle,3,bat_first,25,9,0.36
1216525,1,Royal Challengers Bangalore,death,0,bat_first,12,8,0.6666666666666666
1216529,1,Delhi Capitals,pp,2,bat_first,4,2,0.5
1216529,1,Delhi Capitals,middle,1,bat_first,4,3,0.75
1216529,1,Delhi Capitals,death,1,bat_first,2,2,
1216507,2,Rajasthan Royals,pp,3,bat_second,13,4,0.3076923076923077
1216507,2,Rajasthan Royals,middle,2,bat_second,26,18,0.6923076923076923
1216507,2,Rajasthan Royals,death,0,bat_second,23,21,0.9130434782608695
1216507,1,Sunrisers Hyderabad,pp,1,bat_first,28,11,0.39285714285714285
1216507,1,Sunrisers Hyderabad,middle,1,bat_first,20,10,0.5
1216507,1,Sunrisers Hyderabad,death,2,bat_first,10,6,0.6
1216529,2,Mumbai Indians,pp,1,bat_second,31,19,0.6129032258064516
1216529,2,Mumbai Indians,middle,2,bat_second,25,16,0.64
1216529,2,Mumbai Indians,death,2,bat_second,20,11,0.55
1216540,1,Royal Challengers Bangalore,pp,0,bat_first,16,10,0.625
1216540,1,Royal Challengers Bangalore,middle,2,bat_first,30,15,0.5
1216540,1,Royal Challengers Bangalore,death,0,bat_first,13,9,0.6923076923076923
1216540,2,Kolkata Knight Riders,pp,1,bat_second,34,26,0.7647058823529411
1216540,2,Kolkata Knight Riders,middle,3,bat_second,28,9,0.32142857142857145
1216540,2,Kolkata Knight Riders,death,2,bat_second,15,8,0.5333333333333333
1216528,2,Sunrisers Hyderabad,pp,2,bat_second,13,6,0.46153846153846156
1216528,2,Sunrisers Hyderabad,middle,2,bat_second,14,9,0.6428571428571429
1216528,2,Sunrisers Hyderabad,death,3,bat_second,13,2,0.15384615384615385
1216528,1,Chennai Super Kings,pp,2,bat_first,23,12,0.5217391304347826
1216528,1,Chennai Super Kings,middle,0,bat_first,6,4,0.6666666666666666
1216528,1,Chennai Super Kings,death,3,bat_first,29,15,0.5172413793103449
1216543,2,Rajasthan Royals,pp,2,bat_second,22,9,0.4090909090909091
1216543,2,Rajasthan Royals,middle,3,bat_second,35,11,0.3142857142857143
1216543,2,Rajasthan Royals,death,3,bat_second,29,10,0.3448275862068966
1216543,1,Delhi Capitals,pp,2,bat_first,5,2,0.4
1216543,1,Delhi Capitals,middle,1,bat_first,5,3,0.6
1216543,1,Delhi Capitals,death,3,bat_first,7,3,0.42857142857142855
1216531,1,Royal Challengers Bangalore,pp,1,bat_first,39,19,0.48717948717948717
1216531,1,Royal Challengers Bangalore,middle,2,bat_first,31,16,0.5161290322580645
1216531,1,Royal Challengers Bangalore,death,3,bat_first,42,14,0.3333333333333333
1216531,2,Kings XI Punjab,pp,0,bat_second,16,13,0.8125
1216531,2,Kings XI Punjab,middle,1,bat_second,19,13,0.6842105263157895
1216531,2,Kings XI Punjab,death,1,bat_second,17,11,0.6470588235294118
1216526,2,Mumbai Indians,pp,0,bat_second,20,17,0.85
1216526,2,Mumbai Indians,middle,2,bat_second,26,17,0.6538461538461539
1216526,2,Mumbai Indians,death,0,bat_second,22,21,0.9545454545454546
1216526,1,Kolkata Knight Riders,pp,2,bat_first,22,11,0.5
1216526,1,Kolkata Knight Riders,middle,3,bat_first,33,13,0.3939393939393939
1216526,1,Kolkata Knight Riders,death,0,bat_first,6,2,0.3333333333333333
1216522,1,Rajasthan Royals,pp,1,bat_first,27,13,0.48148148148148145
1216522,1,Rajasthan Royals,middle,2,bat_first,25,17,0.68
1216522,1,Rajasthan Royals,death,3,bat_first,32,15,0.46875
1216522,2,Royal Challengers Bangalore,pp,1,bat_second,33,17,0.5151515151515151
1216522,2,Royal Challengers Bangalore,middle,2,bat_second,22,10,0.45454545454545453
1216522,2,Royal Challengers Bangalore,death,0,bat_second,31,26,0.8387096774193549
1216509,1,Chennai Super Kings,pp,1,bat_first,36,22,0.6111111111111112
1216509,1,Chennai Super Kings,middle,2,bat_first,35,21,0.6
1216509,1,Chennai Super Kings,death,1,bat_first,29,19,0.6551724137931034
1216509,2,Delhi Capitals,pp,2,bat_second,3,2,0.6666666666666666
1216509,2,Delhi Capitals,middle,1,bat_second,2,1,
1216509,2,Delhi Capitals,death,2,bat_second,2,1,
1216512,1,Kolkata Knight Riders,pp,1,bat_first,32,15,0.46875
1216512,1,Kolkata Knight Riders,middle,3,bat_first,34,13,0.38235294117647056
1216512,1,Kolkata Knight Riders,death,1,bat_first,14,8,0.5714285714285714
1216517,2,Kings XI Punjab,pp,1,bat_second,26,13,0.5
1216517,2,Kings XI Punjab,middle,3,bat_second,38,9,0.23684210526315788
1216517,2,Kings XI Punjab,death,2,bat_second,15,8,0.5333333333333333
1216517,1,Mumbai Indians,pp,3,bat_first,13,3,0.23076923076923078
1216517,1,Mumbai Indians,middle,1,bat_first,25,15,0.6
1216517,1,Mumbai Indians,death,2,bat_first,25,11,0.44
1216512,2,Sunrisers Hyderabad,pp,0,bat_second,16,12,0.75
1216512,2,Sunrisers Hyderabad,middle,3,bat_second,18,7,0.3888888888888889
1216512,2,Sunrisers Hyderabad,death,2,bat_second,11,7,0.6363636363636364
1216533,2,Rajasthan Royals,pp,3,bat_second,14,5,0.35714285714285715
1216533,2,Rajasthan Royals,middle,0,bat_second,4,3,0.75
1216533,2,Rajasthan Royals,death,0,bat_second,24,22,0.9166666666666666
1216533,1,Chennai Super Kings,pp,2,bat_first,24,13,0.5416666666666666
1216533,1,Chennai Super Kings,middle,2,bat_first,36,21,0.5833333333333334
1216533,1,Chennai Super Kings,death,1,bat_first,30,19,0.6333333333333333
1216546,1,Delhi Capitals,pp,1,bat_first,3,2,0.6666666666666666
1216546,1,Delhi Capitals,middle,2,bat_first,4,3,0.75
1216546,1,Delhi Capitals,death,2,bat_first,2,2,
1216546,2,Kings XI Punjab,pp,3,bat_second,15,4,0.26666666666666666
1216546,2,Kings XI Punjab,middle,1,bat_second,20,14,0.7
1216546,2,Kings XI Punjab,death,1,bat_second,18,12,0.6666666666666666
1216494,1,Kolkata Knight Riders,pp,3,bat_first,16,2,0.125
1216494,1,Kolkata Knight Riders,middle,2,bat_first,23,9,0.391304347826087
1216494,1,Kolkata Knight Riders,death,2,bat_first,21,11,0.5238095238095238
1216494,2,Royal Challengers Bangalore,pp,0,bat_second,19,15,0.7894736842105263
1216494,2,Royal Challengers Bangalore,middle,2,bat_second,23,11,0.4782608695652174
1216494,2,Royal Challengers Bangalore,death,0,bat_second,32,27,0.84375
1216518,2,Sunrisers Hyderabad,pp,2,bat_second,14,6,0.42857142857142855
1216518,2,Sunrisers Hyderabad,middle,0,bat_second,6,6,1.0
1216518,2,Sunrisers Hyderabad,death,0,bat_second,11,11,1.0
1216518,1,Rajasthan Royals,pp,1,bat_first,28,13,0.4642857142857143
1216518,1,Rajasthan Royals,middle,2,bat_first,26,17,0.6538461538461539
1216518,1,Rajasthan Royals,death,3,bat_first,33,15,0.45454545454545453
1216521,1,Chennai Super Kings,pp,3,bat_first,8,2,0.25
1216521,1,Chennai Super Kings,middle,3,bat_first,24,12,0.5
1216521,1,Chennai Super Kings,death,1,bat_first,31,19,0.6129032258064516
1216521,2,Mumbai Indians,pp,0,bat_second,21,18,0.8571428571428571
1216521,2,Mumbai Indians,middle,0,bat_second,9,8,0.8888888888888888
1216521,2,Mumbai Indians,death,0,bat_second,23,22,0.9565217391304348
1216497,1,Kolkata Knight Riders,pp,2,bat_first,23,11,0.4782608695652174
1216497,1,Kolkata Knight Riders,middle,1,bat_first,26,13,0.5
1216497,1,Kolkata Knight Riders,death,3,bat_first,45,16,0.35555555555555557
1216497,2,Delhi Capitals,pp,2,bat_second,4,3,0.75
1216497,2,Delhi Capitals,middle,3,bat_second,3,1,0.3333333333333333
1216497,2,Delhi Capitals,death,3,bat_second,7,3,0.42857142857142855
1216498,1,Kings XI Punjab,pp,1,bat_first,38,15,0.39473684210526316
1216498,1,Kings XI Punjab,middle,3,bat_first,42,13,0.30952380952380953
1216498,1,Kings XI Punjab,death,2,bat_first,31,10,0.3225806451612903
1216498,2,Sunrisers Hyderabad,pp,0,bat_second,17,12,0.7058823529411765
1216498,2,Sunrisers Hyderabad,middle,3,bat_second,19,7,0.3684210526315789
1216498,2,Sunrisers Hyderabad,death,3,bat_second,14,2,0.14285714285714285
1216544,2,Chennai Super Kings,pp,1,bat_second,26,17,0.6538461538461539
1216544,2,Chennai Super Kings,middle,1,bat_second,21,17,0.8095238095238095
1216544,2,Chennai Super Kings,death,0,bat_second,19,18,0.9473684210526315
1216544,1,Royal Challengers Bangalore,pp,1,bat_first,40,19,0.475
1216544,1,Royal Challengers Bangalore,middle,1,bat_first,21,7,0.3333333333333333
1216544,1,Royal Challengers Bangalore,death,3,bat_first,43,14,0.32558139534883723
1216541,2,Rajasthan Royals,pp,2,bat_second,23,9,0.391304347826087
1216541,2,Rajasthan Royals,middle,0,bat_second,5,4,0.8
1216541,2,Rajasthan Royals,death,0,bat_second,25,23,0.92
1216541,1,Mumbai Indians,pp,1,bat_first,36,29,0.8055555555555556
1216541,1,Mumbai Indians,middle,3,bat_first,35,23,0.6571428571428571
1216541,1,Mumbai Indians,death,1,bat_first,17,16,0.9411764705882353
1216520,1,Kolkata Knight Riders,pp,3,bat_first,17,2,0.11764705882352941
1216520,1,Kolkata Knight Riders,middle,3,bat_first,35,13,0.37142857142857144
1216520,1,Kolkata Knight Riders,death,3,bat_first,46,17,0.3695652173913043
1216520,2,Kings XI Punjab,pp,0,bat_second,17,14,0.8235294117647058
1216520,2,Kings XI Punjab,middle,1,bat_second,21,15,0.7142857142857143
1216520,2,Kings XI Punjab,death,1,bat_second,19,13,0.6842105263157895
1216524,2,Delhi Capitals,pp,2,bat_second,5,3,0.6
1216524,2,Delhi Capitals,middle,3,bat_second,4,1,0.25
1216524,2,Delhi Capitals,death,3,bat_second,8,3,0.375
1216524,1,Sunrisers Hyderabad,pp,0,bat_first,19,13,0.6842105263157895
1216524,1,Sunrisers Hyderabad,middle,2,bat_first,24,9,0.375
1216524,1,Sunrisers Hyderabad,death,0,bat_first,4,2,0.5
1216499,2,Mumbai Indians,pp,1,bat_second,32,20,0.625
1216499,2,Mumbai Indians,middle,3,bat_second,36,13,0.3611111111111111
1216499,2,Mumbai Indians,death,1,bat_second,18,14,0.7777777777777778
1216499,1,Royal Challengers Bangalore,pp,0,bat_first,17,11,0.6470588235294118
1216499,1,Royal Challengers Bangalore,middle,2,bat_first,32,16,0.5
1216499,1,Royal Challengers Bangalore,death,3,bat_first,44,14,0.3181818181818182
1216536,2,Chennai Super Kings,pp,0,bat_second,22,18,0.8181818181818182
1216536,2,Chennai Super Kings,middle,3,bat_second,30,10,0.3333333333333333
1216536,2,Chennai Super Kings,death,1,bat_second,20,13,0.65
1216536,1,Kolkata Knight Riders,pp,0,bat_first,16,9,0.5625
1216536,1,Kolkata Knight Riders,middle,3,bat_first,36,13,0.3611111111111111
1216536,1,Kolkata Knight Riders,death,2,bat_first,22,11,0.5
1216537,2,Rajasthan Royals,pp,1,bat_second,28,20,0.7142857142857143
1216537,2,Rajasthan Royals,middle,2,bat_second,27,19,0.7037037037037037
1216537,2,Rajasthan Royals,death,0,bat_second,26,24,0.9230769230769231
1216537,1,Kings XI Punjab,pp,1,bat_first,39,16,0.41025641025641024
1216537,1,Kings XI Punjab,middle,1,bat_first,17,9,0.5294117647058824
1216537,1,Kings XI Punjab,death,2,bat_first,32,11,0.34375
1216502,1,Royal Challengers Bangalore,pp,2,bat_first,20,7,0.35
1216502,1,Royal Challengers Bangalore,middle,2,bat_first,33,16,0.48484848484848486
1216502,1,Royal Challengers Bangalore,death,3,bat_first,45,14,0.3111111111111111
1216535,1,Delhi Capitals,pp,2,bat_first,6,3,0.5
1216535,1,Delhi Capitals,middle,3,bat_first,3,1,0.3333333333333333
1216535,1,Delhi Capitals,death,3,bat_first,8,4,0.5
1216535,2,Mumbai Indians,pp,0,bat_second,22,19,0.8636363636363636
1216535,2,Mumbai Indians,middle,1,bat_second,17,13,0.7647058823529411
1216535,2,Mumbai Indians,death,0,bat_second,24,23,0.9583333333333334
1216502,2,Sunrisers Hyderabad,pp,1,bat_second,14,9,0.6428571428571429
1216502,2,Sunrisers Hyderabad,middle,3,bat_second,20,7,0.35
1216502,2,Sunrisers Hyderabad,death,0,bat_second,12,12,1.0
1216530,2,Rajasthan Royals,pp,3,bat_second,15,6,0.4
1216530,2,Rajasthan Royals,middle,2,bat_second,28,20,0.7142857142857143
1216530,2,Rajasthan Royals,death,2,bat_second,14,5,0.35714285714285715
1216530,1,Kolkata Knight Riders,pp,1,bat_first,33,15,0.45454545454545453
1216530,1,Kolkata Knight Riders,middle,3,bat_first,37,13,0.35135135135135137
1216530,1,Kolkata Knight Riders,death,2,bat_first,23,11,0.4782608695652174
1216506,1,Kings XI Punjab,pp,1,bat_first,40,16,0.4
1216506,1,Kings XI Punjab,middle,3,bat_first,43,14,0.32558139534883723
1216506,1,Kings XI Punjab,death,2,bat_first,33,11,0.3333333333333333
1216506,2,Chennai Super Kings,pp,0,bat_second,23,19,0.8260869565217391
1216506,2,Chennai Super Kings,middle,1,bat_second,22,18,0.8181818181818182
1216506,2,Chennai Super Kings,death,0,bat_second,20,19,0.95
1216505,2,Delhi Capitals,pp,1,bat_second,5,2,0.4
1216505,2,Delhi Capitals,middle,1,bat_second,3,2,0.6666666666666666
1216505,2,Delhi Capitals,death,2,bat_second,3,2,0.6666666666666666
1216505,1,Royal Challengers Bangalore,pp,1,bat_first,41,19,0.4634146341463415
1216505,1,Royal Challengers Bangalore,middle,1,bat_first,22,7,0.3181818181818182
1216505,1,Royal Challengers Bangalore,death,3,bat_first,46,14,0.30434782608695654
1216495,1,Mumbai Indians,pp,2,bat_first,34,14,0.4117647058823529
1216495,1,Mumbai Indians,middle,3,bat_first,36,23,0.6388888888888888
1216495,1,Mumbai Indians,death,3,bat_first,53,27,0.5094339622641509
1216495,2,Sunrisers Hyderabad,pp,0,bat_second,18,12,0.6666666666666666
1216495,2,Sunrisers Hyderabad,middle,0,bat_second,7,7,1.0
1216495,2,Sunrisers Hyderabad,death,0,bat_second,13,13,1.0
1237177,1,Mumbai Indians,pp,1,bat_first,37,29,0.7837837837837838
1237177,1,Mumbai Indians,middle,3,bat_first,37,23,0.6216216216216216
1237177,1,Mumbai Indians,death,1,bat_first,18,16,0.8888888888888888
1237177,2,Delhi Capitals,pp,3,bat_second,0,0,
1237177,2,Delhi Capitals,middle,1,bat_second,4,3,0.75
1237177,2,Delhi Capitals,death,3,bat_second,9,3,0.3333333333333333
1237178,1,Royal Challengers Bangalore,pp,2,bat_first,21,7,0.3333333333333333
1237178,1,Royal Challengers Bangalore,middle,2,bat_first,34,16,0.47058823529411764
1237178,1,Royal Challengers Bangalore,death,3,bat_first,47,14,0.2978723404255319
1237178,2,Sunrisers Hyderabad,pp,2,bat_second,15,7,0.4666666666666667
1237178,2,Sunrisers Hyderabad,middle,2,bat_second,15,9,0.6
1237178,2,Sunrisers Hyderabad,death,0,bat_second,14,14,1.0
1237180,1,Delhi Capitals,pp,0,bat_first,2,2,
1237180,1,Delhi Capitals,middle,2,bat_first,5,3,0.6
1237180,1,Delhi Capitals,death,1,bat_first,3,2,0.6666666666666666
1237180,2,Sunrisers Hyderabad,pp,3,bat_second,4,0,0.0
1237180,2,Sunrisers Hyderabad,middle,1,bat_second,9,5,0.5555555555555556
1237180,2,Sunrisers Hyderabad,death,3,bat_second,15,2,0.13333333333333333
1237181,1,Delhi Capitals,pp,3,bat_first,2,1,
1237181,1,Delhi Capitals,middle,1,bat_first,6,4,0.6666666666666666
1237181,1,Delhi Capitals,death,3,bat_first,9,4,0.4444444444444444
1237181,2,Mumbai Indians,pp,1,bat_second,33,21,0.6363636363636364
1237181,2,Mumbai Indians,middle,1,bat_second,18,14,0.7777777777777778
1237181,2,Mumbai Indians,death,3,bat_second,27,4,0.14814814814814814
1254058,1,Mumbai Indians,pp,1,bat_first,38,30,0.7894736842105263
1254058,1,Mumbai Indians,middle,2,bat_first,42,22,0.5238095238095238
1254058,1,Mumbai Indians,death,3,bat_first,54,27,0.5
1254058,2,Royal Challengers Bangalore,pp,2,bat_second,25,11,0.44
1254058,2,Royal Challengers Bangalore,middle,3,bat_second,42,9,0.21428571428571427
1254058,2,Royal Challengers Bangalore,death,3,bat_second,28,4,0.14285714285714285
1254059,1,Chennai Super Kings,pp,2,bat_first,25,13,0.52
1254059,1,Chennai Super Kings,middle,2,bat_first,37,21,0.5675675675675675
1254059,1,Chennai Super Kings,death,3,bat_first,30,16,0.5333333333333333
1254059,2,Delhi Capitals,pp,0,bat_second,3,2,0.6666666666666666
1254059,2,Delhi Capitals,middle,1,bat_second,5,3,0.6
1254059,2,Delhi Capitals,death,2,bat_second,4,3,0.75
1254060,1,Kolkata Knight Riders,pp,0,bat_first,17,9,0.5294117647058824
1254060,1,Kolkata Knight Riders,middle,1,bat_first,27,14,0.5185185185185185
1254060,1,Kolkata Knight Riders,death,3,bat_first,47,17,0.3617021276595745
1254060,2,Sunrisers Hyderabad,pp,2,bat_second,16,8,0.5
1254060,2,Sunrisers Hyderabad,middle,1,bat_second,10,5,0.5
1254060,2,Sunrisers Hyderabad,death,2,bat_second,12,7,0.5833333333333334
1254061,2,Rajasthan Royals,pp,2,bat_second,24,10,0.4166666666666667
1254061,2,Rajasthan Royals,middle,2,bat_second,29,20,0.6896551724137931
1254061,2,Rajasthan Royals,death,3,bat_second,30,10,0.3333333333333333
1254061,1,Punjab Kings,pp,1,bat_first,0,0,
1254061,1,Punjab Kings,middle,1,bat_first,0,0,
1254061,1,Punjab Kings,death,3,bat_first,0,0,
1254062,1,Mumbai Indians,pp,1,bat_first,39,30,0.7692307692307693
1254062,1,Mumbai Indians,middle,2,bat_first,43,22,0.5116279069767442
1254062,1,Mumbai Indians,death,3,bat_first,55,27,0.4909090909090909
1254062,2,Kolkata Knight Riders,pp,0,bat_second,17,14,0.8235294117647058
1254062,2,Kolkata Knight Riders,middle,3,bat_second,29,9,0.3103448275862069
1254062,2,Kolkata Knight Riders,death,3,bat_second,33,8,0.24242424242424243
1254063,1,Royal Challengers Bangalore,pp,1,bat_first,42,19,0.4523809523809524
1254063,1,Royal Challengers Bangalore,middle,3,bat_first,26,10,0.38461538461538464
1254063,1,Royal Challengers Bangalore,death,3,bat_first,48,14,0.2916666666666667
1254063,2,Sunrisers Hyderabad,pp,1,bat_second,15,10,0.6666666666666666
1254063,2,Sunrisers Hyderabad,middle,1,bat_second,11,5,0.45454545454545453
1254063,2,Sunrisers Hyderabad,death,3,bat_second,16,2,0.125
1254064,1,Delhi Capitals,pp,3,bat_first,3,1,0.3333333333333333
1254064,1,Delhi Capitals,middle,3,bat_first,4,1,0.25
1254064,1,Delhi Capitals,death,2,bat_first,3,2,0.6666666666666666
1254064,2,Rajasthan Royals,pp,3,bat_second,16,6,0.375
1254064,2,Rajasthan Royals,middle,3,bat_second,36,11,0.3055555555555556
1254064,2,Rajasthan Royals,death,1,bat_second,17,11,0.6470588235294118
1254065,1,Punjab Kings,pp,3,bat_first,0,0,
1254065,1,Punjab Kings,middle,2,bat_first,0,0,
1254065,1,Punjab Kings,death,2,bat_first,0,0,
1254065,2,Chennai Super Kings,pp,1,bat_second,27,18,0.6666666666666666
1254065,2,Chennai Super Kings,middle,3,bat_second,31,11,0.3548387096774194
1254065,2,Chennai Super Kings,death,0,bat_second,21,20,0.9523809523809523
1254066,1,Mumbai Indians,pp,0,bat_first,23,15,0.6521739130434783
1254066,1,Mumbai Indians,middle,3,bat_first,38,24,0.631578947368421
1254066,1,Mumbai Indians,death,2,bat_first,26,11,0.4230769230769231
1254066,2,Sunrisers Hyderabad,pp,0,bat_second,19,13,0.6842105263157895
1254066,2,Sunrisers Hyderabad,middle,3,bat_second,21,8,0.38095238095238093
1254066,2,Sunrisers Hyderabad,death,3,bat_second,17,2,0.11764705882352941
1254067,1,Royal Challengers Bangalore,pp,2,bat_first,22,7,0.3181818181818182
1254067,1,Royal Challengers Bangalore,middle,1,bat_first,23,7,0.30434782608695654
1254067,1,Royal Challengers Bangalore,death,1,bat_first,12,5,0.4166666666666667
1254067,2,Kolkata Knight Riders,pp,2,bat_second,31,15,0.4838709677419355
1254067,2,Kolkata Knight Riders,middle,3,bat_second,30,9,0.3
1254067,2,Kolkata Knight Riders,death,3,bat_second,34,8,0.23529411764705882
1254068,1,Punjab Kings,pp,0,bat_first,0,0,
1254068,1,Punjab Kings,middle,1,bat_first,1,1,
1254068,1,Punjab Kings,death,3,bat_first,1,1,
1254068,2,Delhi Capitals,pp,1,bat_second,6,3,0.5
1254068,2,Delhi Capitals,middle,2,bat_second,5,3,0.6
1254068,2,Delhi Capitals,death,1,bat_second,2,2,
1254069,1,Chennai Super Kings,pp,2,bat_first,26,13,0.5
1254069,1,Chennai Super Kings,middle,3,bat_first,25,12,0.48
1254069,1,Chennai Super Kings,death,3,bat_first,31,16,0.5161290322580645
1254069,2,Rajasthan Royals,pp,2,bat_second,25,10,0.4
1254069,2,Rajasthan Royals,middle,3,bat_second,37,12,0.32432432432432434
1254069,2,Rajasthan Royals,death,2,bat_second,15,5,0.3333333333333333
1254070,1,Mumbai Indians,pp,1,bat_first,40,31,0.775
1254070,1,Mumbai Indians,middle,3,bat_first,39,25,0.6410256410256411
1254070,1,Mumbai Indians,death,3,bat_first,56,28,0.5
1254070,2,Delhi Capitals,pp,1,bat_second,7,4,0.5714285714285714
1254070,2,Delhi Capitals,middle,2,bat_second,6,4,0.6666666666666666
1254070,2,Delhi Capitals,death,1,bat_second,3,3,1.0
1254071,1,Punjab Kings,pp,1,bat_first,1,1,
1254071,1,Punjab Kings,middle,3,bat_first,0,0,
1254071,1,Punjab Kings,death,3,bat_first,2,1,
1254071,2,Sunrisers Hyderabad,pp,0,bat_second,20,13,0.65
1254071,2,Sunrisers Hyderabad,middle,1,bat_second,12,5,0.4166666666666667
1254071,2,Sunrisers Hyderabad,death,0,bat_second,15,15,1.0
1254072,1,Chennai Super Kings,pp,0,bat_first,22,15,0.6818181818181818
1254072,1,Chennai Super Kings,middle,1,bat_first,24,14,0.5833333333333334
1254072,1,Chennai Super Kings,death,2,bat_first,20,11,0.55
1254072,2,Kolkata Knight Riders,pp,3,bat_second,16,4,0.25
1254072,2,Kolkata Knight Riders,middle,2,bat_second,32,19,0.59375
1254072,2,Kolkata Knight Riders,death,3,bat_second,35,8,0.22857142857142856
1254073,1,Rajasthan Royals,pp,3,bat_first,8,1,0.125
1254073,1,Rajasthan Royals,middle,2,bat_first,27,17,0.6296296296296297
1254073,1,Rajasthan Royals,death,3,bat_first,34,15,0.4411764705882353
1254073,2,Royal Challengers Bangalore,pp,0,bat_second,20,16,0.8
1254073,2,Royal Challengers Bangalore,middle,0,bat_second,15,12,0.8
1254073,2,Royal Challengers Bangalore,death,0,bat_second,33,28,0.8484848484848485
1254074,1,Mumbai Indians,pp,1,bat_first,41,31,0.7560975609756098
1254074,1,Mumbai Indians,middle,1,bat_first,26,15,0.5769230769230769
1254074,1,Mumbai Indians,death,3,bat_first,57,28,0.49122807017543857
1254074,2,Punjab Kings,pp,0,bat_second,0,0,
1254074,2,Punjab Kings,middle,1,bat_second,0,0,
1254074,2,Punjab Kings,death,0,bat_second,0,0,
1254075,1,Kolkata Knight Riders,pp,1,bat_first,34,16,0.47058823529411764
1254075,1,Kolkata Knight Riders,middle,3,bat_first,38,14,0.3684210526315789
1254075,1,Kolkata Knight Riders,death,3,bat_first,48,18,0.375
1254075,2,Rajasthan Royals,pp,2,bat_second,26,10,0.38461538461538464
1254075,2,Rajasthan Royals,middle,2,bat_second,30,20,0.6666666666666666
1254075,2,Rajasthan Royals,death,0,bat_second,27,25,0.9259259259259259
1254077,2,Sunrisers Hyderabad,pp,2,bat_second,17,8,0.47058823529411764
1254077,2,Sunrisers Hyderabad,middle,2,bat_second,16,10,0.625
1254077,2,Sunrisers Hyderabad,death,3,bat_second,18,2,0.1111111111111111
1254077,1,Delhi Capitals,pp,0,bat_first,3,3,1.0
1254077,1,Delhi Capitals,middle,2,bat_first,6,4,0.6666666666666666
1254077,1,Delhi Capitals,death,2,bat_first,4,2,0.5
1254076,2,Royal Challengers Bangalore,pp,2,bat_second,26,12,0.46153846153846156
1254076,2,Royal Challengers Bangalore,middle,3,bat_second,43,10,0.23255813953488372
1254076,2,Royal Challengers Bangalore,death,1,bat_second,18,11,0.6111111111111112
1254076,1,Chennai Super Kings,pp,0,bat_first,23,16,0.6956521739130435
1254076,1,Chennai Super Kings,middle,3,bat_first,26,13,0.5
1254076,1,Chennai Super Kings,death,1,bat_first,32,19,0.59375
1254078,1,Punjab Kings,pp,1,bat_first,2,1,
1254078,1,Punjab Kings,middle,3,bat_first,1,0,
1254078,1,Punjab Kings,death,3,bat_first,3,1,0.3333333333333333
1254078,2,Kolkata Knight Riders,pp,3,bat_second,17,4,0.23529411764705882
1254078,2,Kolkata Knight Riders,middle,2,bat_second,33,19,0.5757575757575758
1254078,2,Kolkata Knight Riders,death,0,bat_second,30,29,0.9666666666666667
1254079,1,Royal Challengers Bangalore,pp,2,bat_first,23,8,0.34782608695652173
1254079,1,Royal Challengers Bangalore,middle,2,bat_first,35,16,0.45714285714285713
1254079,1,Royal Challengers Bangalore,death,1,bat_first,13,6,0.46153846153846156
1254079,2,Delhi Capitals,pp,2,bat_second,6,3,0.5
1254079,2,Delhi Capitals,middle,2,bat_second,7,5,0.7142857142857143
1254079,2,Delhi Capitals,death,0,bat_second,0,0,
1254080,1,Sunrisers Hyderabad,pp,1,bat_first,29,11,0.3793103448275862
1254080,1,Sunrisers Hyderabad,middle,0,bat_first,6,5,0.8333333333333334
1254080,1,Sunrisers Hyderabad,death,2,bat_first,11,6,0.5454545454545454
1254080,2,Chennai Super Kings,pp,0,bat_second,24,20,0.8333333333333334
1254080,2,Chennai Super Kings,middle,3,bat_second,32,12,0.375
1254080,2,Chennai Super Kings,death,0,bat_second,22,21,0.9545454545454546
1254082,2,Delhi Capitals,pp,0,bat_second,4,3,0.75
1254082,2,Delhi Capitals,middle,1,bat_second,6,4,0.6666666666666666
1254082,2,Delhi Capitals,death,2,bat_second,5,4,0.8
1254081,1,Rajasthan Royals,pp,0,bat_first,21,11,0.5238095238095238
1254081,1,Rajasthan Royals,middle,2,bat_first,28,17,0.6071428571428571
1254081,1,Rajasthan Royals,death,2,bat_first,21,7,0.3333333333333333
1254081,2,Mumbai Indians,pp,1,bat_second,34,22,0.6470588235294118
1254081,2,Mumbai Indians,middle,1,bat_second,19,15,0.7894736842105263
1254081,2,Mumbai Indians,death,1,bat_second,19,15,0.7894736842105263
1254082,1,Kolkata Knight Riders,pp,1,bat_first,35,16,0.45714285714285713
1254082,1,Kolkata Knight Riders,middle,3,bat_first,39,14,0.358974358974359
1254082,1,Kolkata Knight Riders,death,1,bat_first,15,8,0.5333333333333333
1254083,1,Punjab Kings,pp,1,bat_first,3,1,0.3333333333333333
1254083,1,Punjab Kings,middle,3,bat_first,2,0,
1254083,1,Punjab Kings,death,0,bat_first,0,0,
1254083,2,Royal Challengers Bangalore,pp,1,bat_second,34,18,0.5294117647058824
1254083,2,Royal Challengers Bangalore,middle,3,bat_second,44,10,0.22727272727272727
1254083,2,Royal Challengers Bangalore,death,3,bat_second,29,5,0.1724137931034483
1254084,1,Chennai Super Kings,pp,1,bat_first,37,22,0.5945945945945946
1254084,1,Chennai Super Kings,middle,3,bat_first,27,14,0.5185185185185185
1254084,1,Chennai Super Kings,death,0,bat_first,11,6,0.5454545454545454
1254084,2,Mumbai Indians,pp,0,bat_second,23,20,0.8695652173913043
1254084,2,Mumbai Indians,middle,3,bat_second,37,14,0.3783783783783784
1254084,2,Mumbai Indians,death,3,bat_second,28,5,0.17857142857142858
1254086,2,Delhi Capitals,pp,0,bat_second,5,4,0.8
1254086,2,Delhi Capitals,middle,2,bat_second,8,5,0.625
1254086,2,Delhi Capitals,death,1,bat_second,4,4,1.0
1254085,1,Rajasthan Royals,pp,1,bat_first,29,13,0.4482758620689655
1254085,1,Rajasthan Royals,middle,0,bat_first,1,0,
1254085,1,Rajasthan Royals,death,2,bat_first,22,7,0.3181818181818182
1254085,2,Sunrisers Hyderabad,pp,0,bat_second,21,14,0.6666666666666666
1254085,2,Sunrisers Hyderabad,middle,3,bat_second,22,8,0.36363636363636365
1254085,2,Sunrisers Hyderabad,death,3,bat_second,19,2,0.10526315789473684
1254086,1,Punjab Kings,pp,2,bat_first,0,0,
1254086,1,Punjab Kings,middle,2,bat_first,1,0,
1254086,1,Punjab Kings,death,2,bat_first,1,0,
1254104,1,Chennai Super Kings,pp,3,bat_first,9,2,0.2222222222222222
1254104,1,Chennai Super Kings,middle,0,bat_first,7,5,0.7142857142857143
1254104,1,Chennai Super Kings,death,2,bat_first,21,12,0.5714285714285714
1254104,2,Mumbai Indians,pp,3,bat_second,19,6,0.3157894736842105
1254104,2,Mumbai Indians,middle,3,bat_second,38,15,0.39473684210526316
1254104,2,Mumbai Indians,death,2,bat_second,21,12,0.5714285714285714
1254087,1,Royal Challengers Bangalore,pp,2,bat_first,24,9,0.375
1254087,1,Royal Challengers Bangalore,middle,3,bat_first,27,11,0.4074074074074074
1254087,1,Royal Challengers Bangalore,death,3,bat_first,49,15,0.30612244897959184
1254087,2,Kolkata Knight Riders,pp,0,bat_second,18,14,0.7777777777777778
1254087,2,Kolkata Knight Riders,middle,1,bat_second,28,22,0.7857142857142857
1254087,2,Kolkata Knight Riders,death,0,bat_second,31,30,0.967741935483871
1254111,1,Rajasthan Royals,pp,1,bat_first,30,14,0.4666666666666667
1254111,1,Rajasthan Royals,middle,3,bat_first,29,4,0.13793103448275862
1254111,1,Rajasthan Royals,death,3,bat_first,35,15,0.42857142857142855
1254111,2,Punjab Kings,pp,0,bat_second,1,1,
1254111,2,Punjab Kings,middle,2,bat_second,0,0,
1254111,2,Punjab Kings,death,2,bat_second,0,0,
1254105,1,Sunrisers Hyderabad,pp,2,bat_first,9,5,0.5555555555555556
1254105,1,Sunrisers Hyderabad,middle,3,bat_first,17,9,0.5294117647058824
1254105,1,Sunrisers Hyderabad,death,3,bat_first,39,19,0.48717948717948717
1254105,2,Delhi Capitals,pp,1,bat_second,8,5,0.625
1254105,2,Delhi Capitals,middle,1,bat_second,7,5,0.7142857142857143
1254105,2,Delhi Capitals,death,0,bat_second,1,0,
1254096,1,Mumbai Indians,pp,0,bat_first,24,16,0.6666666666666666
1254096,1,Mumbai Indians,middle,3,bat_first,40,25,0.625
1254096,1,Mumbai Indians,death,3,bat_first,58,28,0.4827586206896552
1254096,2,Kolkata Knight Riders,pp,1,bat_second,35,26,0.7428571428571429
1254096,2,Kolkata Knight Riders,middle,2,bat_second,34,20,0.5882352941176471
1254096,2,Kolkata Knight Riders,death,0,bat_second,32,31,0.96875
1254113,1,Royal Challengers Bangalore,pp,0,bat_first,18,11,0.6111111111111112
1254113,1,Royal Challengers Bangalore,middle,1,bat_first,24,8,0.3333333333333333
1254113,1,Royal Challengers Bangalore,death,3,bat_first,50,15,0.3
1254113,2,Chennai Super Kings,pp,0,bat_second,25,21,0.84
1254113,2,Chennai Super Kings,middle,3,bat_second,33,13,0.3939393939393939
1254113,2,Chennai Super Kings,death,1,bat_second,21,14,0.6666666666666666
1254107,2,Sunrisers Hyderabad,pp,2,bat_second,18,8,0.4444444444444444
1254107,2,Sunrisers Hyderabad,middle,3,bat_second,23,8,0.34782608695652173
1254107,2,Sunrisers Hyderabad,death,2,bat_second,13,7,0.5384615384615384
1254107,1,Punjab Kings,pp,2,bat_first,1,0,
1254107,1,Punjab Kings,middle,3,bat_first,3,1,0.3333333333333333
1254107,1,Punjab Kings,death,2,bat_first,2,0,
1254097,1,Delhi Capitals,pp,2,bat_first,7,3,0.42857142857142855
1254097,1,Delhi Capitals,middle,2,bat_first,7,4,0.5714285714285714
1254097,1,Delhi Capitals,death,2,bat_first,5,2,0.4
1254097,2,Rajasthan Royals,pp,3,bat_second,17,7,0.4117647058823529
1254097,2,Rajasthan Royals,middle,2,bat_second,31,21,0.6774193548387096
1254097,2,Rajasthan Royals,death,1,bat_second,18,12,0.6666666666666666
1254108,1,Royal Challengers Bangalore,pp,1,bat_first,43,20,0.46511627906976744
1254108,1,Royal Challengers Bangalore,middle,1,bat_first,25,8,0.32
1254108,1,Royal Challengers Bangalore,death,3,bat_first,51,15,0.29411764705882354
1254108,2,Mumbai Indians,pp,0,bat_second,24,21,0.875
1254108,2,Mumbai Indians,middle,3,bat_second,39,15,0.38461538461538464
1254108,2,Mumbai Indians,death,3,bat_second,29,6,0.20689655172413793
1254098,1,Kolkata Knight Riders,pp,2,bat_first,24,12,0.5
1254098,1,Kolkata Knight Riders,middle,2,bat_first,24,9,0.375
1254098,1,Kolkata Knight Riders,death,2,bat_first,24,12,0.5
1254098,2,Chennai Super Kings,pp,0,bat_second,26,22,0.8461538461538461
1254098,2,Chennai Super Kings,middle,3,bat_second,34,14,0.4117647058823529
1254098,2,Chennai Super Kings,death,3,bat_second,23,6,0.2608695652173913
1254100,2,Sunrisers Hyderabad,pp,1,bat_second,16,10,0.625
1254100,2,Sunrisers Hyderabad,middle,2,bat_second,17,10,0.5882352941176471
1254100,2,Sunrisers Hyderabad,death,0,bat_second,16,16,1.0
1254100,1,Rajasthan Royals,pp,1,bat_first,31,15,0.4838709677419355
1254100,1,Rajasthan Royals,middle,2,bat_first,29,17,0.5862068965517241
1254100,1,Rajasthan Royals,death,2,bat_first,23,8,0.34782608695652173
1254099,2,Mumbai Indians,pp,2,bat_second,17,8,0.47058823529411764
1254099,2,Mumbai Indians,middle,1,bat_second,20,16,0.8
1254099,2,Mumbai Indians,death,1,bat_second,20,16,0.8
1254092,1,Delhi Capitals,pp,1,bat_first,4,2,0.5
1254092,1,Delhi Capitals,middle,3,bat_first,5,1,0.2
1254092,1,Delhi Capitals,death,3,bat_first,10,4,0.4
1254092,2,Kolkata Knight Riders,pp,2,bat_second,32,15,0.46875
1254092,2,Kolkata Knight Riders,middle,3,bat_second,31,9,0.2903225806451613
1254092,2,Kolkata Knight Riders,death,2,bat_second,16,8,0.5
1254099,1,Punjab Kings,pp,1,bat_first,4,2,0.5
1254099,1,Punjab Kings,middle,3,bat_first,4,2,0.5
1254099,1,Punjab Kings,death,2,bat_first,3,1,0.3333333333333333
1254103,1,Rajasthan Royals,pp,0,bat_first,22,11,0.5
1254103,1,Rajasthan Royals,middle,3,bat_first,30,5,0.16666666666666666
1254103,1,Rajasthan Royals,death,3,bat_first,36,16,0.4444444444444444
1254103,2,Royal Challengers Bangalore,pp,1,bat_second,35,18,0.5142857142857142
1254103,2,Royal Challengers Bangalore,middle,1,bat_second,19,18,0.9473684210526315
1254103,2,Royal Challengers Bangalore,death,1,bat_second,19,11,0.5789473684210527
1254091,2,Chennai Super Kings,pp,0,bat_second,27,23,0.8518518518518519
1254091,2,Chennai Super Kings,middle,2,bat_second,22,15,0.6818181818181818
1254091,2,Chennai Super Kings,death,2,bat_second,20,14,0.7
1254091,1,Sunrisers Hyderabad,pp,1,bat_first,30,11,0.36666666666666664
1254091,1,Sunrisers Hyderabad,middle,3,bat_first,18,9,0.5
1254091,1,Sunrisers Hyderabad,death,3,bat_first,40,19,0.475
1254102,1,Kolkata Knight Riders,pp,1,bat_first,36,16,0.4444444444444444
1254102,1,Kolkata Knight Riders,middle,2,bat_first,25,9,0.36
1254102,1,Kolkata Knight Riders,death,3,bat_first,49,18,0.3673469387755102
1254102,2,Punjab Kings,pp,0,bat_second,2,1,
1254102,2,Punjab Kings,middle,2,bat_second,1,0,
1254102,2,Punjab Kings,death,3,bat_second,0,0,
1254089,2,Rajasthan Royals,pp,1,bat_second,29,21,0.7241379310344828
1254089,2,Rajasthan Royals,middle,1,bat_second,18,15,0.8333333333333334
1254089,2,Rajasthan Royals,death,1,bat_second,19,12,0.631578947368421
1254112,1,Mumbai Indians,pp,1,bat_first,42,31,0.7380952380952381
1254112,1,Mumbai Indians,middle,3,bat_first,41,25,0.6097560975609756
1254112,1,Mumbai Indians,death,3,bat_first,59,28,0.4745762711864407
1254089,1,Chennai Super Kings,pp,0,bat_first,24,17,0.7083333333333334
1254089,1,Chennai Super Kings,middle,3,bat_first,28,14,0.5
1254089,1,Chennai Super Kings,death,1,bat_first,33,20,0.6060606060606061
1254112,2,Delhi Capitals,pp,3,bat_second,1,0,
1254112,2,Delhi Capitals,middle,3,bat_second,5,1,0.2
1254112,2,Delhi Capitals,death,0,bat_second,2,1,
1254109,1,Sunrisers Hyderabad,pp,2,bat_first,10,5,0.5
1254109,1,Sunrisers Hyderabad,middle,3,bat_first,19,9,0.47368421052631576
1254109,1,Sunrisers Hyderabad,death,3,bat_first,41,19,0.4634146341463415
1254090,1,Royal Challengers Bangalore,pp,0,bat_first,19,11,0.5789473684210527
1254090,1,Royal Challengers Bangalore,middle,3,bat_first,28,11,0.39285714285714285
1254090,1,Royal Challengers Bangalore,death,3,bat_first,52,16,0.3076923076923077
1254090,2,Punjab Kings,pp,0,bat_second,3,2,0.6666666666666666
1254090,2,Punjab Kings,middle,2,bat_second,2,1,
1254090,2,Punjab Kings,death,3,bat_second,1,1,
1254109,2,Kolkata Knight Riders,pp,1,bat_second,36,27,0.75
1254109,2,Kolkata Knight Riders,middle,1,bat_second,29,23,0.7931034482758621
1254109,2,Kolkata Knight Riders,death,2,bat_second,17,9,0.5294117647058824
1254110,2,Delhi Capitals,pp,2,bat_second,7,3,0.42857142857142855
1254110,2,Delhi Capitals,middle,3,bat_second,6,2,0.3333333333333333
1254110,2,Delhi Capitals,death,1,bat_second,5,5,1.0
1254110,1,Chennai Super Kings,pp,2,bat_first,27,14,0.5185185185185185
1254110,1,Chennai Super Kings,middle,2,bat_first,38,21,0.5526315789473685
1254110,1,Chennai Super Kings,death,1,bat_first,34,20,0.5882352941176471
1254093,2,Mumbai Indians,pp,2,bat_second,18,9,0.5
1254093,2,Mumbai Indians,middle,0,bat_second,10,9,0.9
1254093,2,Mumbai Indians,death,0,bat_second,25,24,0.96
1254093,1,Rajasthan Royals,pp,2,bat_first,13,3,0.23076923076923078
1254093,1,Rajasthan Royals,middle,3,bat_first,31,5,0.16129032258064516
1254093,1,Rajasthan Royals,death,3,bat_first,37,16,0.43243243243243246
1254095,2,Royal Challengers Bangalore,pp,2,bat_second,27,12,0.4444444444444444
1254095,2,Royal Challengers Bangalore,middle,2,bat_second,24,12,0.5
1254095,2,Royal Challengers Bangalore,death,2,bat_second,21,8,0.38095238095238093
1254095,1,Sunrisers Hyderabad,pp,1,bat_first,31,11,0.3548387096774194
1254095,1,Sunrisers Hyderabad,middle,3,bat_first,20,9,0.45
1254095,1,Sunrisers Hyderabad,death,3,bat_first,42,19,0.4523809523809524
1254106,2,Rajasthan Royals,pp,3,bat_second,18,7,0.3888888888888889
1254106,2,Rajasthan Royals,middle,3,bat_second,38,12,0.3157894736842105
1254106,2,Rajasthan Royals,death,2,bat_second,16,5,0.3125
1254106,1,Kolkata Knight Riders,pp,0,bat_first,18,10,0.5555555555555556
1254106,1,Kolkata Knight Riders,middle,2,bat_first,26,9,0.34615384615384615
1254106,1,Kolkata Knight Riders,death,2,bat_first,25,12,0.48
1254094,2,Punjab Kings,pp,2,bat_second,0,0,
1254094,2,Punjab Kings,middle,2,bat_second,3,1,0.3333333333333333
1254094,2,Punjab Kings,death,0,bat_second,1,1,
1254094,1,Chennai Super Kings,pp,2,bat_first,28,14,0.5
1254094,1,Chennai Super Kings,middle,3,bat_first,29,14,0.4827586206896552
1254094,1,Chennai Super Kings,death,1,bat_first,35,20,0.5714285714285714
1254088,2,Sunrisers Hyderabad,pp,1,bat_second,17,11,0.6470588235294118
1254088,2,Sunrisers Hyderabad,middle,3,bat_second,24,8,0.3333333333333333
1254088,2,Sunrisers Hyderabad,death,3,bat_second,20,2,0.1
1254101,2,Royal Challengers Bangalore,pp,2,bat_second,28,12,0.42857142857142855
1254101,2,Royal Challengers Bangalore,middle,1,bat_second,20,19,0.95
1254101,2,Royal Challengers Bangalore,death,0,bat_second,34,29,0.8529411764705882
1254101,1,Delhi Capitals,pp,0,bat_first,4,3,0.75
1254101,1,Delhi Capitals,middle,3,bat_first,6,1,0.16666666666666666
1254101,1,Delhi Capitals,death,2,bat_first,6,3,0.5
1254088,1,Mumbai Indians,pp,1,bat_first,43,31,0.7209302325581395
1254088,1,Mumbai Indians,middle,3,bat_first,42,25,0.5952380952380952
1254088,1,Mumbai Indians,death,3,bat_first,60,28,0.4666666666666667
1254114,1,Delhi Capitals,pp,2,bat_first,8,4,0.5
1254114,1,Delhi Capitals,middle,2,bat_first,8,5,0.625
1254114,1,Delhi Capitals,death,1,bat_first,4,3,0.75
1254114,2,Chennai Super Kings,pp,1,bat_second,28,19,0.6785714285714286
1254114,2,Chennai Super Kings,middle,3,bat_second,35,15,0.42857142857142855
1254114,2,Chennai Super Kings,death,2,bat_second,21,15,0.7142857142857143
1254115,1,Royal Challengers Bangalore,pp,1,bat_first,44,21,0.4772727272727273
1254115,1,Royal Challengers Bangalore,middle,3,bat_first,29,12,0.41379310344827586
1254115,1,Royal Challengers Bangalore,death,3,bat_first,53,17,0.32075471698113206
1254115,2,Kolkata Knight Riders,pp,1,bat_second,37,28,0.7567567567567568
1254115,2,Kolkata Knight Riders,middle,3,bat_second,32,10,0.3125
1254115,2,Kolkata Knight Riders,death,2,bat_second,18,10,0.5555555555555556
1254116,1,Delhi Capitals,pp,1,bat_first,5,2,0.4
1254116,1,Delhi Capitals,middle,2,bat_first,9,5,0.5555555555555556
1254116,1,Delhi Capitals,death,2,bat_first,7,3,0.42857142857142855
1254116,2,Kolkata Knight Riders,pp,0,bat_second,19,15,0.7894736842105263
1254116,2,Kolkata Knight Riders,middle,1,bat_second,30,24,0.8
1254116,2,Kolkata Knight Riders,death,3,bat_second,36,8,0.2222222222222222
1254117,1,Chennai Super Kings,pp,0,bat_first,25,17,0.68
1254117,1,Chennai Super Kings,middle,2,bat_first,39,21,0.5384615384615384
1254117,1,Chennai Super Kings,death,1,bat_first,36,20,0.5555555555555556
1254117,2,Kolkata Knight Riders,pp,0,bat_second,20,16,0.8
1254117,2,Kolkata Knight Riders,middle,3,bat_second,33,11,0.3333333333333333
1254117,2,Kolkata Knight Riders,death,3,bat_second,37,9,0.24324324324324326
1304047,1,Chennai Super Kings,pp,2,bat_first,29,14,0.4827586206896552
1304047,1,Chennai Super Kings,middle,3,bat_first,30,14,0.4666666666666667
1304047,1,Chennai Super Kings,death,0,bat_first,12,6,0.5
1304047,2,Kolkata Knight Riders,pp,0,bat_second,21,16,0.7619047619047619
1304047,2,Kolkata Knight Riders,middle,3,bat_second,34,11,0.3235294117647059
1304047,2,Kolkata Knight Riders,death,1,bat_second,20,14,0.7
1304049,1,Royal Challengers Bangalore,pp,0,bat_first,20,12,0.6
1304049,1,Royal Challengers Bangalore,middle,1,bat_first,26,9,0.34615384615384615
1304049,1,Royal Challengers Bangalore,death,1,bat_first,14,7,0.5
1304049,2,Punjab Kings,pp,0,bat_second,4,2,0.5
1304049,2,Punjab Kings,middle,3,bat_second,0,0,
1304049,2,Punjab Kings,death,0,bat_second,2,2,
1304048,1,Mumbai Indians,pp,0,bat_first,25,16,0.64
1304048,1,Mumbai Indians,middle,3,bat_first,43,26,0.6046511627906976
1304048,1,Mumbai Indians,death,2,bat_first,27,12,0.4444444444444444
1304048,2,Delhi Capitals,pp,3,bat_second,2,1,
1304048,2,Delhi Capitals,middle,3,bat_second,7,3,0.42857142857142855
1304048,2,Delhi Capitals,death,0,bat_second,3,2,0.6666666666666666
1304050,1,Lucknow Super Giants,pp,3,bat_first,0,0,
1304050,1,Lucknow Super Giants,middle,0,bat_first,0,0,
1304050,1,Lucknow Super Giants,death,2,bat_first,0,0,
1304050,2,Gujarat Titans,pp,2,bat_second,0,0,
1304050,2,Gujarat Titans,middle,2,bat_second,0,0,
1304050,2,Gujarat Titans,death,1,bat_second,0,0,
1304051,1,Rajasthan Royals,pp,0,bat_first,23,11,0.4782608695652174
1304051,1,Rajasthan Royals,middle,3,bat_first,32,5,0.15625
1304051,1,Rajasthan Royals,death,3,bat_first,38,16,0.42105263157894735
1304051,2,Sunrisers Hyderabad,pp,3,bat_second,5,0,0.0
1304051,2,Sunrisers Hyderabad,middle,2,bat_second,18,11,0.6111111111111112
1304051,2,Sunrisers Hyderabad,death,2,bat_second,14,7,0.5
1304052,1,Kolkata Knight Riders,pp,3,bat_first,18,2,0.1111111111111111
1304052,1,Kolkata Knight Riders,middle,3,bat_first,40,14,0.35
1304052,1,Kolkata Knight Riders,death,1,bat_first,16,8,0.5
1304052,2,Royal Challengers Bangalore,pp,3,bat_second,21,6,0.2857142857142857
1304052,2,Royal Challengers Bangalore,middle,1,bat_second,21,20,0.9523809523809523
1304052,2,Royal Challengers Bangalore,death,3,bat_second,30,5,0.16666666666666666
1304053,1,Chennai Super Kings,pp,1,bat_first,38,22,0.5789473684210527
1304053,1,Chennai Super Kings,middle,2,bat_first,40,22,0.55
1304053,1,Chennai Super Kings,death,3,bat_first,32,17,0.53125
1304053,2,Lucknow Super Giants,pp,0,bat_second,0,0,
1304053,2,Lucknow Super Giants,middle,3,bat_second,0,0,
1304053,2,Lucknow Super Giants,death,1,bat_second,0,0,
1304054,1,Punjab Kings,pp,3,bat_first,1,0,
1304054,1,Punjab Kings,middle,3,bat_first,5,2,0.4
1304054,1,Punjab Kings,death,2,bat_first,4,1,0.25
1304054,2,Kolkata Knight Riders,pp,2,bat_second,33,16,0.48484848484848486
1304054,2,Kolkata Knight Riders,middle,2,bat_second,35,21,0.6
1304054,2,Kolkata Knight Riders,death,0,bat_second,33,32,0.9696969696969697
1304055,2,Mumbai Indians,pp,2,bat_second,19,10,0.5263157894736842
1304055,2,Mumbai Indians,middle,2,bat_second,27,18,0.6666666666666666
1304055,2,Mumbai Indians,death,3,bat_second,30,6,0.2
1304056,1,Gujarat Titans,pp,1,bat_first,0,0,
1304056,1,Gujarat Titans,middle,2,bat_first,0,0,
1304056,1,Gujarat Titans,death,3,bat_first,0,0,
1304056,2,Delhi Capitals,pp,3,bat_second,3,2,0.6666666666666666
1304056,2,Delhi Capitals,middle,3,bat_second,8,4,0.5
1304056,2,Delhi Capitals,death,3,bat_second,10,3,0.3
1304055,1,Rajasthan Royals,pp,2,bat_first,14,3,0.21428571428571427
1304055,1,Rajasthan Royals,middle,1,bat_first,14,7,0.5
1304055,1,Rajasthan Royals,death,3,bat_first,39,17,0.4358974358974359
1304057,1,Punjab Kings,pp,2,bat_first,2,1,
1304057,1,Punjab Kings,middle,3,bat_first,6,2,0.3333333333333333
1304057,1,Punjab Kings,death,3,bat_first,4,1,0.25
1304057,2,Chennai Super Kings,pp,3,bat_second,11,3,0.2727272727272727
1304057,2,Chennai Super Kings,middle,3,bat_second,36,16,0.4444444444444444
1304057,2,Chennai Super Kings,death,3,bat_second,24,7,0.2916666666666667
1304058,2,Sunrisers Hyderabad,pp,2,bat_second,19,8,0.42105263157894735
1304058,2,Sunrisers Hyderabad,middle,2,bat_second,19,11,0.5789473684210527
1304058,2,Sunrisers Hyderabad,death,3,bat_second,21,2,0.09523809523809523
1304058,1,Lucknow Super Giants,pp,3,bat_first,1,0,
1304058,1,Lucknow Super Giants,middle,0,bat_first,1,0,
1304058,1,Lucknow Super Giants,death,3,bat_first,0,0,
1304059,1,Rajasthan Royals,pp,1,bat_first,32,15,0.46875
1304059,1,Rajasthan Royals,middle,2,bat_first,30,17,0.5666666666666667
1304059,1,Rajasthan Royals,death,0,bat_first,2,1,
1304059,2,Royal Challengers Bangalore,pp,0,bat_second,21,17,0.8095238095238095
1304059,2,Royal Challengers Bangalore,middle,3,bat_second,45,10,0.2222222222222222
1304059,2,Royal Challengers Bangalore,death,1,bat_second,20,12,0.6
1304060,1,Mumbai Indians,pp,1,bat_first,44,32,0.7272727272727273
1304060,1,Mumbai Indians,middle,2,bat_first,44,23,0.5227272727272727
1304060,1,Mumbai Indians,death,1,bat_first,19,17,0.8947368421052632
1304060,2,Kolkata Knight Riders,pp,2,bat_second,34,17,0.5
1304060,2,Kolkata Knight Riders,middle,3,bat_second,35,12,0.34285714285714286
1304060,2,Kolkata Knight Riders,death,0,bat_second,34,33,0.9705882352941176
1304061,1,Delhi Capitals,pp,0,bat_first,5,3,0.6
1304061,1,Delhi Capitals,middle,3,bat_first,7,1,0.14285714285714285
1304061,1,Delhi Capitals,death,0,bat_first,0,0,
1304061,2,Lucknow Super Giants,pp,0,bat_second,1,1,
1304061,2,Lucknow Super Giants,middle,2,bat_second,0,0,
1304061,2,Lucknow Super Giants,death,2,bat_second,0,0,
1304062,1,Punjab Kings,pp,2,bat_first,3,2,0.6666666666666666
1304062,1,Punjab Kings,middle,3,bat_first,7,3,0.42857142857142855
1304062,1,Punjab Kings,death,3,bat_first,5,2,0.4
1304062,2,Gujarat Titans,pp,1,bat_second,0,0,
1304062,2,Gujarat Titans,middle,1,bat_second,0,0,
1304062,2,Gujarat Titans,death,2,bat_second,0,0,
1304064,1,Mumbai Indians,pp,0,bat_first,26,16,0.6153846153846154
1304064,1,Mumbai Indians,middle,3,bat_first,44,26,0.5909090909090909
1304064,1,Mumbai Indians,death,0,bat_first,11,7,0.6363636363636364
1304063,2,Sunrisers Hyderabad,pp,0,bat_second,22,14,0.6363636363636364
1304063,2,Sunrisers Hyderabad,middle,1,bat_second,13,6,0.46153846153846156
1304063,2,Sunrisers Hyderabad,death,1,bat_second,12,7,0.5833333333333334
1304063,1,Chennai Super Kings,pp,2,bat_first,30,14,0.4666666666666667
1304063,1,Chennai Super Kings,middle,2,bat_first,41,22,0.5365853658536586
1304063,1,Chennai Super Kings,death,3,bat_first,33,17,0.5151515151515151
1304064,2,Royal Challengers Bangalore,pp,0,bat_second,22,18,0.8181818181818182
1304064,2,Royal Challengers Bangalore,middle,1,bat_second,22,21,0.9545454545454546
1304064,2,Royal Challengers Bangalore,death,2,bat_second,22,8,0.36363636363636365
1304066,2,Lucknow Super Giants,pp,3,bat_second,0,0,
1304066,2,Lucknow Super Giants,middle,2,bat_second,1,1,
1304066,2,Lucknow Super Giants,death,3,bat_second,0,0,
1304066,1,Rajasthan Royals,pp,1,bat_first,33,15,0.45454545454545453
1304066,1,Rajasthan Royals,middle,3,bat_first,33,6,0.18181818181818182
1304066,1,Rajasthan Royals,death,2,bat_first,24,8,0.3333333333333333
1304065,2,Kolkata Knight Riders,pp,2,bat_second,35,18,0.5142857142857142
1304065,2,Kolkata Knight Riders,middle,3,bat_second,36,13,0.3611111111111111
1304065,2,Kolkata Knight Riders,death,3,bat_second,38,9,0.23684210526315788
1304065,1,Delhi Capitals,pp,0,bat_first,6,3,0.5
1304065,1,Delhi Capitals,middle,3,bat_first,8,1,0.125
1304065,1,Delhi Capitals,death,2,bat_first,8,3,0.375
1304067,2,Sunrisers Hyderabad,pp,0,bat_second,23,15,0.6521739130434783
1304067,2,Sunrisers Hyderabad,middle,2,bat_second,20,11,0.55
1304067,2,Sunrisers Hyderabad,death,1,bat_second,13,8,0.6153846153846154
1304067,1,Gujarat Titans,pp,2,bat_first,0,0,
1304067,1,Gujarat Titans,middle,2,bat_first,1,1,
1304067,1,Gujarat Titans,death,3,bat_first,1,1,
1304068,2,Royal Challengers Bangalore,pp,3,bat_second,22,7,0.3181818181818182
1304068,2,Royal Challengers Bangalore,middle,3,bat_second,46,11,0.2391304347826087
1304068,2,Royal Challengers Bangalore,death,3,bat_second,31,6,0.1935483870967742
1304068,1,Chennai Super Kings,pp,1,bat_first,39,22,0.5641025641025641
1304068,1,Chennai Super Kings,middle,1,bat_first,25,15,0.6
1304068,1,Chennai Super Kings,death,2,bat_first,22,13,0.5909090909090909
1304069,1,Punjab Kings,pp,0,bat_first,1,0,
1304069,1,Punjab Kings,middle,3,bat_first,8,3,0.375
1304069,1,Punjab Kings,death,2,bat_first,5,1,0.2
1304069,2,Mumbai Indians,pp,2,bat_second,20,10,0.5
1304069,2,Mumbai Indians,middle,2,bat_second,28,18,0.6428571428571429
1304069,2,Mumbai Indians,death,3,bat_second,31,6,0.1935483870967742
1304070,1,Gujarat Titans,pp,2,bat_first,1,0,
1304070,1,Gujarat Titans,middle,1,bat_first,0,0,
1304070,1,Gujarat Titans,death,1,bat_first,0,0,
1304070,2,Rajasthan Royals,pp,3,bat_second,19,7,0.3684210526315789
1304070,2,Rajasthan Royals,middle,3,bat_second,39,12,0.3076923076923077
1304070,2,Rajasthan Royals,death,3,bat_second,31,10,0.3225806451612903
1304071,1,Kolkata Knight Riders,pp,3,bat_first,19,2,0.10526315789473684
1304071,1,Kolkata Knight Riders,middle,2,bat_first,27,10,0.37037037037037035
1304071,1,Kolkata Knight Riders,death,3,bat_first,50,18,0.36
1304071,2,Sunrisers Hyderabad,pp,2,bat_second,20,8,0.4
1304071,2,Sunrisers Hyderabad,middle,1,bat_second,14,7,0.5
1304071,2,Sunrisers Hyderabad,death,0,bat_second,17,17,1.0
1304072,1,Lucknow Super Giants,pp,1,bat_first,0,0,
1304072,1,Lucknow Super Giants,middle,1,bat_first,0,0,
1304072,1,Lucknow Super Giants,death,2,bat_first,1,0,
1304072,2,Mumbai Indians,pp,2,bat_second,21,10,0.47619047619047616
1304072,2,Mumbai Indians,middle,2,bat_second,29,18,0.6206896551724138
1304072,2,Mumbai Indians,death,3,bat_second,32,6,0.1875
1304073,1,Royal Challengers Bangalore,pp,2,bat_first,25,9,0.36
1304073,1,Royal Challengers Bangalore,middle,3,bat_first,30,12,0.4
1304073,1,Royal Challengers Bangalore,death,0,bat_first,14,10,0.7142857142857143
1304073,2,Delhi Capitals,pp,1,bat_second,9,6,0.6666666666666666
1304073,2,Delhi Capitals,middle,3,bat_second,9,4,0.4444444444444444
1304073,2,Delhi Capitals,death,2,bat_second,6,5,0.8333333333333334
1304074,1,Punjab Kings,pp,2,bat_first,4,2,0.5
1304074,1,Punjab Kings,middle,2,bat_first,2,0,
1304074,1,Punjab Kings,death,3,bat_first,6,2,0.3333333333333333
1304074,2,Sunrisers Hyderabad,pp,1,bat_second,18,11,0.6111111111111112
1304074,2,Sunrisers Hyderabad,middle,2,bat_second,21,12,0.5714285714285714
1304074,2,Sunrisers Hyderabad,death,0,bat_second,18,18,1.0
1304075,1,Chennai Super Kings,pp,2,bat_first,31,14,0.45161290322580644
1304075,1,Chennai Super Kings,middle,1,bat_first,26,16,0.6153846153846154
1304075,1,Chennai Super Kings,death,2,bat_first,23,14,0.6086956521739131
1304075,2,Gujarat Titans,pp,3,bat_second,0,0,
1304075,2,Gujarat Titans,middle,2,bat_second,1,1,
1304075,2,Gujarat Titans,death,2,bat_second,1,1,
1304076,2,Kolkata Knight Riders,pp,1,bat_second,38,29,0.7631578947368421
1304076,2,Kolkata Knight Riders,middle,3,bat_second,37,13,0.35135135135135137
1304076,2,Kolkata Knight Riders,death,3,bat_second,39,9,0.23076923076923078
1304076,1,Rajasthan Royals,pp,0,bat_first,24,12,0.5
1304076,1,Rajasthan Royals,middle,1,bat_first,15,8,0.5333333333333333
1304076,1,Rajasthan Royals,death,3,bat_first,40,18,0.45
1304077,1,Royal Challengers Bangalore,pp,3,bat_first,13,1,0.07692307692307693
1304077,1,Royal Challengers Bangalore,middle,1,bat_first,27,9,0.3333333333333333
1304077,1,Royal Challengers Bangalore,death,2,bat_first,21,9,0.42857142857142855
1304077,2,Lucknow Super Giants,pp,2,bat_second,0,0,
1304077,2,Lucknow Super Giants,middle,3,bat_second,1,1,
1304077,2,Lucknow Super Giants,death,3,bat_second,1,0,
1304078,1,Punjab Kings,pp,3,bat_first,2,0,
1304078,1,Punjab Kings,middle,3,bat_first,9,4,0.4444444444444444
1304078,1,Punjab Kings,death,2,bat_first,6,2,0.3333333333333333
1304078,2,Delhi Capitals,pp,0,bat_second,6,5,0.8333333333333334
1304078,2,Delhi Capitals,middle,1,bat_second,8,6,0.75
1304078,2,Delhi Capitals,death,0,bat_second,4,3,0.75
1304079,1,Mumbai Indians,pp,3,bat_first,14,3,0.21428571428571427
1304079,1,Mumbai Indians,middle,2,bat_first,45,23,0.5111111111111111
1304079,1,Mumbai Indians,death,2,bat_first,28,12,0.42857142857142855
1304079,2,Chennai Super Kings,pp,2,bat_second,23,13,0.5652173913043478
1304079,2,Chennai Super Kings,middle,3,bat_second,37,16,0.43243243243243246
1304079,2,Chennai Super Kings,death,2,bat_second,22,16,0.7272727272727273
1304080,1,Rajasthan Royals,pp,0,bat_first,25,13,0.52
1304080,1,Rajasthan Royals,middle,0,bat_first,2,1,
1304080,1,Rajasthan Royals,death,2,bat_first,25,9,0.36
1304080,2,Delhi Capitals,pp,2,bat_second,8,4,0.5
1304080,2,Delhi Capitals,middle,3,bat_second,10,4,0.4
1304080,2,Delhi Capitals,death,3,bat_second,11,3,0.2727272727272727
1304082,2,Sunrisers Hyderabad,pp,0,bat_second,24,16,0.6666666666666666
1304082,2,Sunrisers Hyderabad,middle,1,bat_second,15,8,0.5333333333333333
1304082,2,Sunrisers Hyderabad,death,0,bat_second,19,19,1.0
1304082,1,Royal Challengers Bangalore,pp,3,bat_first,14,2,0.14285714285714285
1304082,1,Royal Challengers Bangalore,middle,3,bat_first,31,13,0.41935483870967744
1304082,1,Royal Challengers Bangalore,death,2,bat_first,22,10,0.45454545454545453
1304081,1,Gujarat Titans,pp,1,bat_first,1,1,
1304081,1,Gujarat Titans,middle,1,bat_first,1,1,
1304081,1,Gujarat Titans,death,3,bat_first,2,1,
1304081,2,Kolkata Knight Riders,pp,3,bat_second,18,5,0.2777777777777778
1304081,2,Kolkata Knight Riders,middle,3,bat_second,38,13,0.34210526315789475
1304081,2,Kolkata Knight Riders,death,2,bat_second,19,11,0.5789473684210527
1304083,1,Lucknow Super Giants,pp,1,bat_first,1,1,
1304083,1,Lucknow Super Giants,middle,3,bat_first,0,0,
1304083,1,Lucknow Super Giants,death,2,bat_first,2,1,
1304083,2,Mumbai Indians,pp,0,bat_second,25,21,0.84
1304083,2,Mumbai Indians,middle,3,bat_second,40,15,0.375
1304083,2,Mumbai Indians,death,3,bat_second,33,6,0.18181818181818182
1304084,1,Punjab Kings,pp,1,bat_first,5,2,0.4
1304084,1,Punjab Kings,middle,0,bat_first,0,0,
1304084,1,Punjab Kings,death,3,bat_first,7,2,0.2857142857142857
1304084,2,Chennai Super Kings,pp,2,bat_second,24,14,0.5833333333333334
1304084,2,Chennai Super Kings,middle,2,bat_second,23,16,0.6956521739130435
1304084,2,Chennai Super Kings,death,2,bat_second,23,17,0.7391304347826086
1304085,1,Rajasthan Royals,pp,3,bat_first,9,1,0.1111111111111111
1304085,1,Rajasthan Royals,middle,2,bat_first,31,17,0.5483870967741935
1304085,1,Rajasthan Royals,death,3,bat_first,41,19,0.4634146341463415
1304085,2,Royal Challengers Bangalore,pp,1,bat_second,36,19,0.5277777777777778
1304085,2,Royal Challengers Bangalore,middle,3,bat_second,47,11,0.23404255319148937
1304085,2,Royal Challengers Bangalore,death,3,bat_second,32,6,0.1875
1304086,1,Sunrisers Hyderabad,pp,2,bat_first,11,5,0.45454545454545453
1304086,1,Sunrisers Hyderabad,middle,0,bat_first,7,5,0.7142857142857143
1304086,1,Sunrisers Hyderabad,death,3,bat_first,43,20,0.46511627906976744
1304086,2,Gujarat Titans,pp,0,bat_second,0,0,
1304086,2,Gujarat Titans,middle,3,bat_second,0,0,
1304086,2,Gujarat Titans,death,2,bat_second,2,2,
1304087,1,Kolkata Knight Riders,pp,2,bat_first,25,12,0.48
1304087,1,Kolkata Knight Riders,middle,3,bat_first,41,14,0.34146341463414637
1304087,1,Kolkata Knight Riders,death,3,bat_first,51,18,0.35294117647058826
1304087,2,Delhi Capitals,pp,2,bat_second,9,4,0.4444444444444444
1304087,2,Delhi Capitals,middle,3,bat_second,11,4,0.36363636363636365
1304087,2,Delhi Capitals,death,0,bat_second,5,4,0.8
1304088,1,Lucknow Super Giants,pp,1,bat_first,2,2,
1304088,1,Lucknow Super Giants,middle,3,bat_first,1,1,
1304088,1,Lucknow Super Giants,death,3,bat_first,1,1,
1304088,2,Punjab Kings,pp,1,bat_second,0,0,
1304088,2,Punjab Kings,middle,3,bat_second,1,1,
1304088,2,Punjab Kings,death,3,bat_second,2,1,
1304089,1,Royal Challengers Bangalore,pp,1,bat_first,45,21,0.4666666666666667
1304089,1,Royal Challengers Bangalore,middle,1,bat_first,28,10,0.35714285714285715
1304089,1,Royal Challengers Bangalore,death,3,bat_first,54,17,0.3148148148148148
1304089,2,Gujarat Titans,pp,0,bat_second,1,1,
1304089,2,Gujarat Titans,middle,3,bat_second,1,1,
1304089,2,Gujarat Titans,death,0,bat_second,0,0,
1304090,1,Rajasthan Royals,pp,1,bat_first,34,16,0.47058823529411764
1304090,1,Rajasthan Royals,middle,2,bat_first,32,18,0.5625
1304090,1,Rajasthan Royals,death,3,bat_first,42,20,0.47619047619047616
1304090,2,Mumbai Indians,pp,2,bat_second,22,10,0.45454545454545453
1304090,2,Mumbai Indians,middle,1,bat_second,21,17,0.8095238095238095
1304090,2,Mumbai Indians,death,2,bat_second,22,12,0.5454545454545454
1304091,1,Lucknow Super Giants,pp,1,bat_first,3,3,1.0
1304091,1,Lucknow Super Giants,middle,1,bat_first,1,1,
1304091,1,Lucknow Super Giants,death,1,bat_first,0,0,
1304091,2,Delhi Capitals,pp,2,bat_second,10,5,0.5
1304091,2,Delhi Capitals,middle,3,bat_second,12,5,0.4166666666666667
1304091,2,Delhi Capitals,death,2,bat_second,7,5,0.7142857142857143
1304092,1,Chennai Super Kings,pp,0,bat_first,26,18,0.6923076923076923
1304092,1,Chennai Super Kings,middle,0,bat_first,8,6,0.75
1304092,1,Chennai Super Kings,death,2,bat_first,24,14,0.5833333333333334
1304092,2,Sunrisers Hyderabad,pp,2,bat_second,21,9,0.42857142857142855
1304092,2,Sunrisers Hyderabad,middle,2,bat_second,22,13,0.5909090909090909
1304092,2,Sunrisers Hyderabad,death,2,bat_second,15,7,0.4666666666666667
1304093,1,Rajasthan Royals,pp,1,bat_first,35,16,0.45714285714285713
1304093,1,Rajasthan Royals,middle,2,bat_first,33,18,0.5454545454545454
1304093,1,Rajasthan Royals,death,2,bat_first,26,10,0.38461538461538464
1304093,2,Kolkata Knight Riders,pp,2,bat_second,36,18,0.5
1304093,2,Kolkata Knight Riders,middle,1,bat_second,31,25,0.8064516129032258
1304093,2,Kolkata Knight Riders,death,0,bat_second,35,34,0.9714285714285714
1304094,2,Punjab Kings,pp,1,bat_second,1,0,
1304094,2,Punjab Kings,middle,1,bat_second,1,1,
1304094,2,Punjab Kings,death,0,bat_second,3,3,1.0
1304094,1,Gujarat Titans,pp,2,bat_first,2,1,
1304094,1,Gujarat Titans,middle,2,bat_first,2,1,
1304094,1,Gujarat Titans,death,3,bat_first,3,2,0.6666666666666666
1304095,1,Royal Challengers Bangalore,pp,0,bat_first,21,12,0.5714285714285714
1304095,1,Royal Challengers Bangalore,middle,3,bat_first,32,13,0.40625
1304095,1,Royal Challengers Bangalore,death,3,bat_first,55,17,0.3090909090909091
1304095,2,Chennai Super Kings,pp,0,bat_second,28,24,0.8571428571428571
1304095,2,Chennai Super Kings,middle,3,bat_second,38,17,0.4473684210526316
1304095,2,Chennai Super Kings,death,3,bat_second,25,7,0.28
1304096,1,Delhi Capitals,pp,2,bat_first,9,4,0.4444444444444444
1304096,1,Delhi Capitals,middle,1,bat_first,7,4,0.5714285714285714
1304096,1,Delhi Capitals,death,0,bat_first,1,0,
1304096,2,Sunrisers Hyderabad,pp,2,bat_second,22,9,0.4090909090909091
1304096,2,Sunrisers Hyderabad,middle,3,bat_second,25,8,0.32
1304096,2,Sunrisers Hyderabad,death,3,bat_second,22,2,0.09090909090909091
1304097,1,Mumbai Indians,pp,0,bat_first,27,16,0.5925925925925926
1304097,1,Mumbai Indians,middle,3,bat_first,45,26,0.5777777777777777
1304097,1,Mumbai Indians,death,2,bat_first,29,12,0.41379310344827586
1304097,2,Gujarat Titans,pp,0,bat_second,2,2,
1304097,2,Gujarat Titans,middle,2,bat_second,2,2,
1304097,2,Gujarat Titans,death,3,bat_second,0,0,
1304098,1,Punjab Kings,pp,1,bat_first,6,3,0.5
1304098,1,Punjab Kings,middle,3,bat_first,10,4,0.4
1304098,1,Punjab Kings,death,1,bat_first,0,0,
1304098,2,Rajasthan Royals,pp,1,bat_second,30,22,0.7333333333333333
1304098,2,Rajasthan Royals,middle,2,bat_second,32,21,0.65625
1304098,2,Rajasthan Royals,death,1,bat_second,20,13,0.65
1304099,1,Lucknow Super Giants,pp,1,bat_first,4,4,1.0
1304099,1,Lucknow Super Giants,middle,3,bat_first,2,2,
1304099,1,Lucknow Super Giants,death,3,bat_first,2,2,
1304099,2,Kolkata Knight Riders,pp,3,bat_second,19,5,0.2631578947368421
1304099,2,Kolkata Knight Riders,middle,3,bat_second,39,13,0.3333333333333333
1304099,2,Kolkata Knight Riders,death,0,bat_second,36,35,0.9722222222222222
1304101,1,Chennai Super Kings,pp,0,bat_first,27,19,0.7037037037037037
1304101,1,Chennai Super Kings,middle,1,bat_first,27,16,0.5925925925925926
1304101,1,Chennai Super Kings,death,3,bat_first,34,17,0.5
1304101,2,Delhi Capitals,pp,2,bat_second,11,5,0.45454545454545453
1304101,2,Delhi Capitals,middle,3,bat_second,13,5,0.38461538461538464
1304101,2,Delhi Capitals,death,3,bat_second,12,3,0.25
1304100,1,Royal Challengers Bangalore,pp,1,bat_first,46,21,0.45652173913043476
1304100,1,Royal Challengers Bangalore,middle,1,bat_first,29,10,0.3448275862068966
1304100,1,Royal Challengers Bangalore,death,1,bat_first,15,7,0.4666666666666667
1304100,2,Sunrisers Hyderabad,pp,2,bat_second,23,9,0.391304347826087
1304100,2,Sunrisers Hyderabad,middle,3,bat_second,26,8,0.3076923076923077
1304100,2,Sunrisers Hyderabad,death,3,bat_second,23,2,0.08695652173913043
1304102,2,Mumbai Indians,pp,2,bat_second,23,11,0.4782608695652174
1304102,2,Mumbai Indians,middle,3,bat_second,41,15,0.36585365853658536
1304102,2,Mumbai Indians,death,3,bat_second,34,6,0.17647058823529413
1304102,1,Kolkata Knight Riders,pp,1,bat_first,37,16,0.43243243243243246
1304102,1,Kolkata Knight Riders,middle,3,bat_first,42,14,0.3333333333333333
1304102,1,Kolkata Knight Riders,death,3,bat_first,52,18,0.34615384615384615
1304103,1,Gujarat Titans,pp,2,bat_first,3,1,0.3333333333333333
1304103,1,Gujarat Titans,middle,1,bat_first,2,2,
1304103,1,Gujarat Titans,death,1,bat_first,1,1,
1304103,2,Lucknow Super Giants,pp,3,bat_second,1,0,
1304103,2,Lucknow Super Giants,middle,3,bat_second,2,1,
1304103,2,Lucknow Super Giants,death,0,bat_second,0,0,
1304104,1,Rajasthan Royals,pp,1,bat_first,36,16,0.4444444444444444
1304104,1,Rajasthan Royals,middle,2,bat_first,34,18,0.5294117647058824
1304104,1,Rajasthan Royals,death,3,bat_first,43,20,0.46511627906976744
1304104,2,Delhi Capitals,pp,1,bat_second,10,6,0.6
1304104,2,Delhi Capitals,middle,0,bat_second,1,1,
1304104,2,Delhi Capitals,death,1,bat_second,6,6,1.0
1304105,1,Chennai Super Kings,pp,3,bat_first,10,3,0.3
1304105,1,Chennai Super Kings,middle,3,bat_first,31,14,0.45161290322580644
1304105,1,Chennai Super Kings,death,1,bat_first,37,21,0.5675675675675675
1304105,2,Mumbai Indians,pp,3,bat_second,20,6,0.3
1304105,2,Mumbai Indians,middle,1,bat_second,22,18,0.8181818181818182
1304105,2,Mumbai Indians,death,0,bat_second,26,25,0.9615384615384616
1304106,2,Royal Challengers Bangalore,pp,3,bat_second,23,7,0.30434782608695654
1304106,2,Royal Challengers Bangalore,middle,3,bat_second,48,11,0.22916666666666666
1304106,2,Royal Challengers Bangalore,death,3,bat_second,33,6,0.18181818181818182
1304106,1,Punjab Kings,pp,1,bat_first,7,3,0.42857142857142855
1304106,1,Punjab Kings,middle,3,bat_first,11,4,0.36363636363636365
1304106,1,Punjab Kings,death,3,bat_first,8,3,0.375
1304107,2,Sunrisers Hyderabad,pp,1,bat_second,19,12,0.631578947368421
1304107,2,Sunrisers Hyderabad,middle,3,bat_second,27,8,0.2962962962962963
1304107,2,Sunrisers Hyderabad,death,3,bat_second,24,2,0.08333333333333333
1304107,1,Kolkata Knight Riders,pp,1,bat_first,38,17,0.4473684210526316
1304107,1,Kolkata Knight Riders,middle,3,bat_first,43,15,0.3488372093023256
1304107,1,Kolkata Knight Riders,death,1,bat_first,17,8,0.47058823529411764
1304109,2,Lucknow Super Giants,pp,3,bat_second,2,0,
1304109,2,Lucknow Super Giants,middle,1,bat_second,0,0,
1304109,2,Lucknow Super Giants,death,3,bat_second,2,0,
1304108,1,Chennai Super Kings,pp,1,bat_first,40,23,0.575
1304108,1,Chennai Super Kings,middle,1,bat_first,28,17,0.6071428571428571
1304108,1,Chennai Super Kings,death,3,bat_first,35,18,0.5142857142857142
1304108,2,Gujarat Titans,pp,0,bat_second,3,2,0.6666666666666666
1304108,2,Gujarat Titans,middle,3,bat_second,2,2,
1304108,2,Gujarat Titans,death,0,bat_second,1,1,
1304109,1,Rajasthan Royals,pp,1,bat_first,37,16,0.43243243243243246
1304109,1,Rajasthan Royals,middle,3,bat_first,34,7,0.20588235294117646
1304109,1,Rajasthan Royals,death,2,bat_first,27,10,0.37037037037037035
1304110,1,Delhi Capitals,pp,2,bat_first,10,5,0.5
1304110,1,Delhi Capitals,middle,3,bat_first,9,2,0.2222222222222222
1304110,1,Delhi Capitals,death,2,bat_first,9,4,0.4444444444444444
1304110,2,Punjab Kings,pp,3,bat_second,0,0,
1304110,2,Punjab Kings,middle,3,bat_second,2,1,
1304110,2,Punjab Kings,death,2,bat_second,1,0,
1304111,1,Sunrisers Hyderabad,pp,1,bat_first,32,12,0.375
1304111,1,Sunrisers Hyderabad,middle,1,bat_first,21,10,0.47619047619047616
1304111,1,Sunrisers Hyderabad,death,3,bat_first,44,20,0.45454545454545453
1304111,2,Mumbai Indians,pp,0,bat_second,26,21,0.8076923076923077
1304111,2,Mumbai Indians,middle,3,bat_second,42,15,0.35714285714285715
1304111,2,Mumbai Indians,death,3,bat_second,35,6,0.17142857142857143
1304112,1,Lucknow Super Giants,pp,0,bat_first,0,0,
1304112,1,Lucknow Super Giants,middle,0,bat_first,2,1,
1304112,1,Lucknow Super Giants,death,0,bat_first,0,0,
1304112,2,Kolkata Knight Riders,pp,2,bat_second,37,19,0.5135135135135135
1304112,2,Kolkata Knight Riders,middle,2,bat_second,36,22,0.6111111111111112
1304112,2,Kolkata Knight Riders,death,3,bat_second,40,9,0.225
1304113,2,Royal Challengers Bangalore,pp,0,bat_second,23,19,0.8260869565217391
1304113,2,Royal Challengers Bangalore,middle,1,bat_second,23,22,0.9565217391304348
1304113,2,Royal Challengers Bangalore,death,1,bat_second,21,13,0.6190476190476191
1304113,1,Gujarat Titans,pp,2,bat_first,4,2,0.5
1304113,1,Gujarat Titans,middle,1,bat_first,3,3,1.0
1304113,1,Gujarat Titans,death,2,bat_first,0,0,
1304114,2,Rajasthan Royals,pp,1,bat_second,31,23,0.7419354838709677
1304114,2,Rajasthan Royals,middle,3,bat_second,40,12,0.3
1304114,2,Rajasthan Royals,death,1,bat_second,21,14,0.6666666666666666
1304114,1,Chennai Super Kings,pp,1,bat_first,41,23,0.5609756097560976
1304114,1,Chennai Super Kings,middle,3,bat_first,32,14,0.4375
1304114,1,Chennai Super Kings,death,2,bat_first,25,15,0.6
1304115,1,Delhi Capitals,pp,3,bat_first,4,1,0.25
1304115,1,Delhi Capitals,middle,1,bat_first,8,5,0.625
1304115,1,Delhi Capitals,death,3,bat_first,11,4,0.36363636363636365
1304115,2,Mumbai Indians,pp,1,bat_second,35,23,0.6571428571428571
1304115,2,Mumbai Indians,middle,2,bat_second,30,18,0.6
1304115,2,Mumbai Indians,death,2,bat_second,23,13,0.5652173913043478
1304116,1,Sunrisers Hyderabad,pp,1,bat_first,33,13,0.3939393939393939
1304116,1,Sunrisers Hyderabad,middle,3,bat_first,21,10,0.47619047619047616
1304116,1,Sunrisers Hyderabad,death,3,bat_first,45,21,0.4666666666666667
1304116,2,Punjab Kings,pp,1,bat_second,2,1,
1304116,2,Punjab Kings,middle,3,bat_second,3,1,0.3333333333333333
1304116,2,Punjab Kings,death,0,bat_second,4,4,1.0
1312197,1,Rajasthan Royals,pp,1,bat_first,38,17,0.4473684210526316
1312197,1,Rajasthan Royals,middle,2,bat_first,35,18,0.5142857142857142
1312197,1,Rajasthan Royals,death,3,bat_first,44,20,0.45454545454545453
1312197,2,Gujarat Titans,pp,1,bat_second,1,1,
1312197,2,Gujarat Titans,middle,2,bat_second,3,2,0.6666666666666666
1312197,2,Gujarat Titans,death,0,bat_second,2,2,
1312198,1,Royal Challengers Bangalore,pp,1,bat_first,47,22,0.46808510638297873
1312198,1,Royal Challengers Bangalore,middle,3,bat_first,33,14,0.42424242424242425
1312198,1,Royal Challengers Bangalore,death,0,bat_first,15,11,0.7333333333333333
1312198,2,Lucknow Super Giants,pp,2,bat_second,1,0,
1312198,2,Lucknow Super Giants,middle,1,bat_second,1,0,
1312198,2,Lucknow Super Giants,death,3,bat_second,3,0,0.0
1312199,1,Royal Challengers Bangalore,pp,1,bat_first,48,23,0.4791666666666667
1312199,1,Royal Challengers Bangalore,middle,2,bat_first,36,17,0.4722222222222222
1312199,1,Royal Challengers Bangalore,death,3,bat_first,56,18,0.32142857142857145
1312199,2,Rajasthan Royals,pp,1,bat_second,32,24,0.75
1312199,2,Rajasthan Royals,middle,1,bat_second,19,16,0.8421052631578947
1312199,2,Rajasthan Royals,death,1,bat_second,22,15,0.6818181818181818
1312200,1,Rajasthan Royals,pp,1,bat_first,39,17,0.4358974358974359
1312200,1,Rajasthan Royals,middle,3,bat_first,35,8,0.22857142857142856
1312200,1,Rajasthan Royals,death,3,bat_first,45,20,0.4444444444444444
1312200,2,Gujarat Titans,pp,2,bat_second,1,1,
1312200,2,Gujarat Titans,middle,1,bat_second,1,1,
1312200,2,Gujarat Titans,death,0,bat_second,3,3,1.0
1359475,1,Chennai Super Kings,pp,2,bat_first,32,14,0.4375
1359475,1,Chennai Super Kings,middle,2,bat_first,42,22,0.5238095238095238
1359475,1,Chennai Super Kings,death,3,bat_first,36,18,0.5
1359475,2,Gujarat Titans,pp,1,bat_second,2,2,
1359475,2,Gujarat Titans,middle,3,bat_second,3,3,1.0
1359475,2,Gujarat Titans,death,1,bat_second,1,1,
1359477,2,Delhi Capitals,pp,2,bat_second,12,5,0.4166666666666667
1359477,2,Delhi Capitals,middle,3,bat_second,14,5,0.35714285714285715
1359477,2,Delhi Capitals,death,3,bat_second,13,3,0.23076923076923078
1359476,1,Punjab Kings,pp,1,bat_first,8,4,0.5
1359476,1,Punjab Kings,middle,3,bat_first,12,5,0.4166666666666667
1359476,1,Punjab Kings,death,1,bat_first,1,0,
1359476,2,Kolkata Knight Riders,pp,3,bat_second,20,5,0.25
1359476,2,Kolkata Knight Riders,middle,3,bat_second,40,13,0.325
1359476,2,Kolkata Knight Riders,death,1,bat_second,21,15,0.7142857142857143
1359477,1,Lucknow Super Giants,pp,1,bat_first,5,5,1.0
1359477,1,Lucknow Super Giants,middle,3,bat_first,3,3,1.0
1359477,1,Lucknow Super Giants,death,2,bat_first,3,2,0.6666666666666666
1359478,2,Sunrisers Hyderabad,pp,2,bat_second,24,9,0.375
1359478,2,Sunrisers Hyderabad,middle,3,bat_second,28,8,0.2857142857142857
1359478,2,Sunrisers Hyderabad,death,1,bat_second,14,9,0.6428571428571429
1359479,1,Mumbai Indians,pp,3,bat_first,15,3,0.2
1359479,1,Mumbai Indians,middle,2,bat_first,46,23,0.5
1359479,1,Mumbai Indians,death,2,bat_first,30,13,0.43333333333333335
1359479,2,Royal Challengers Bangalore,pp,0,bat_second,24,20,0.8333333333333334
1359479,2,Royal Challengers Bangalore,middle,1,bat_second,24,23,0.9583333333333334
1359479,2,Royal Challengers Bangalore,death,1,bat_second,22,14,0.6363636363636364
1359478,1,Rajasthan Royals,pp,1,bat_first,40,17,0.425
1359478,1,Rajasthan Royals,middle,2,bat_first,36,18,0.5
1359478,1,Rajasthan Royals,death,2,bat_first,28,11,0.39285714285714285
1359480,1,Chennai Super Kings,pp,0,bat_first,28,20,0.7142857142857143
1359480,1,Chennai Super Kings,middle,3,bat_first,33,14,0.42424242424242425
1359480,1,Chennai Super Kings,death,3,bat_first,37,18,0.4864864864864865
1359480,2,Lucknow Super Giants,pp,1,bat_second,0,0,
1359480,2,Lucknow Super Giants,middle,3,bat_second,3,1,0.3333333333333333
1359480,2,Lucknow Super Giants,death,2,bat_second,1,1,
1359481,1,Delhi Capitals,pp,2,bat_first,11,6,0.5454545454545454
1359481,1,Delhi Capitals,middle,3,bat_first,10,3,0.3
1359481,1,Delhi Capitals,death,3,bat_first,12,4,0.3333333333333333
1359481,2,Gujarat Titans,pp,3,bat_second,1,1,
1359481,2,Gujarat Titans,middle,1,bat_second,2,2,
1359481,2,Gujarat Titans,death,0,bat_second,4,4,1.0
1359482,2,Rajasthan Royals,pp,3,bat_second,20,7,0.35
1359482,2,Rajasthan Royals,middle,3,bat_second,41,13,0.3170731707317073
1359482,2,Rajasthan Royals,death,1,bat_second,23,16,0.6956521739130435
1359482,1,Punjab Kings,pp,0,bat_first,2,1,
1359482,1,Punjab Kings,middle,2,bat_first,3,0,0.0
1359482,1,Punjab Kings,death,3,bat_first,9,4,0.4444444444444444
1359483,1,Kolkata Knight Riders,pp,2,bat_first,26,12,0.46153846153846156
1359483,1,Kolkata Knight Riders,middle,3,bat_first,44,16,0.36363636363636365
1359483,1,Kolkata Knight Riders,death,2,bat_first,26,13,0.5
1359483,2,Royal Challengers Bangalore,pp,2,bat_second,29,13,0.4482758620689655
1359483,2,Royal Challengers Bangalore,middle,3,bat_second,49,11,0.22448979591836735
1359483,2,Royal Challengers Bangalore,death,1,bat_second,23,15,0.6521739130434783
1359484,1,Sunrisers Hyderabad,pp,1,bat_first,34,13,0.38235294117647056
1359484,1,Sunrisers Hyderabad,middle,3,bat_first,22,10,0.45454545454545453
1359484,1,Sunrisers Hyderabad,death,3,bat_first,46,21,0.45652173913043476
1359484,2,Lucknow Super Giants,pp,2,bat_second,2,0,
1359484,2,Lucknow Super Giants,middle,3,bat_second,4,1,0.25
1359484,2,Lucknow Super Giants,death,0,bat_second,1,0,
1359485,1,Rajasthan Royals,pp,0,bat_first,26,14,0.5384615384615384
1359485,1,Rajasthan Royals,middle,3,bat_first,36,8,0.2222222222222222
1359485,1,Rajasthan Royals,death,1,bat_first,14,5,0.35714285714285715
1359485,2,Delhi Capitals,pp,3,bat_second,4,2,0.5
1359485,2,Delhi Capitals,middle,2,bat_second,9,6,0.6666666666666666
1359485,2,Delhi Capitals,death,3,bat_second,14,3,0.21428571428571427
1359486,1,Mumbai Indians,pp,1,bat_first,45,32,0.7111111111111111
1359486,1,Mumbai Indians,middle,3,bat_first,46,27,0.5869565217391305
1359486,1,Mumbai Indians,death,2,bat_first,31,13,0.41935483870967744
1359486,2,Chennai Super Kings,pp,1,bat_second,29,20,0.6896551724137931
1359486,2,Chennai Super Kings,middle,2,bat_second,24,16,0.6666666666666666
1359486,2,Chennai Super Kings,death,0,bat_second,23,22,0.9565217391304348
1359488,2,Sunrisers Hyderabad,pp,1,bat_second,20,12,0.6
1359488,2,Sunrisers Hyderabad,middle,1,bat_second,16,9,0.5625
1359488,2,Sunrisers Hyderabad,death,0,bat_second,20,20,1.0
1359488,1,Punjab Kings,pp,3,bat_first,3,0,0.0
1359488,1,Punjab Kings,middle,3,bat_first,13,6,0.46153846153846156
1359488,1,Punjab Kings,death,0,bat_first,1,1,
1359487,1,Gujarat Titans,pp,1,bat_first,2,2,
1359487,1,Gujarat Titans,middle,2,bat_first,3,1,0.3333333333333333
1359487,1,Gujarat Titans,death,1,bat_first,2,2,
1359487,2,Kolkata Knight Riders,pp,2,bat_second,38,19,0.5
1359487,2,Kolkata Knight Riders,middle,1,bat_second,32,26,0.8125
1359487,2,Kolkata Knight Riders,death,3,bat_second,41,9,0.21951219512195122
1359489,1,Royal Challengers Bangalore,pp,0,bat_first,22,13,0.5909090909090909
1359489,1,Royal Challengers Bangalore,middle,1,bat_first,30,11,0.36666666666666664
1359489,1,Royal Challengers Bangalore,death,1,bat_first,16,8,0.5
1359489,2,Lucknow Super Giants,pp,3,bat_second,3,0,0.0
1359489,2,Lucknow Super Giants,middle,2,bat_second,2,1,
1359489,2,Lucknow Super Giants,death,3,bat_second,4,0,0.0
1359490,1,Delhi Capitals,pp,1,bat_first,6,2,0.3333333333333333
1359490,1,Delhi Capitals,middle,3,bat_first,11,3,0.2727272727272727
1359490,1,Delhi Capitals,death,3,bat_first,13,4,0.3076923076923077
1359490,2,Mumbai Indians,pp,0,bat_second,27,21,0.7777777777777778
1359490,2,Mumbai Indians,middle,1,bat_second,23,19,0.8260869565217391
1359490,2,Mumbai Indians,death,3,bat_second,36,6,0.16666666666666666
1359491,1,Rajasthan Royals,pp,1,bat_first,41,18,0.43902439024390244
1359491,1,Rajasthan Royals,middle,3,bat_first,37,9,0.24324324324324326
1359491,1,Rajasthan Royals,death,3,bat_first,46,20,0.43478260869565216
1359491,2,Chennai Super Kings,pp,1,bat_second,30,21,0.7
1359491,2,Chennai Super Kings,middle,3,bat_second,39,17,0.4358974358974359
1359491,2,Chennai Super Kings,death,0,bat_second,24,23,0.9583333333333334
1359492,1,Punjab Kings,pp,2,bat_first,5,2,0.4
1359492,1,Punjab Kings,middle,2,bat_first,4,1,0.25
1359492,1,Punjab Kings,death,3,bat_first,10,5,0.5
1359492,2,Gujarat Titans,pp,1,bat_second,3,3,1.0
1359492,2,Gujarat Titans,middle,2,bat_second,4,3,0.75
1359492,2,Gujarat Titans,death,1,bat_second,2,2,
1359493,1,Sunrisers Hyderabad,pp,2,bat_first,12,5,0.4166666666666667
1359493,1,Sunrisers Hyderabad,middle,1,bat_first,22,11,0.5
1359493,1,Sunrisers Hyderabad,death,1,bat_first,14,6,0.42857142857142855
1359493,2,Kolkata Knight Riders,pp,3,bat_second,21,5,0.23809523809523808
1359493,2,Kolkata Knight Riders,middle,2,bat_second,37,22,0.5945945945945946
1359493,2,Kolkata Knight Riders,death,2,bat_second,20,11,0.55
1359495,2,Punjab Kings,pp,3,bat_second,1,0,
1359495,2,Punjab Kings,middle,2,bat_second,4,2,0.5
1359495,2,Punjab Kings,death,3,bat_second,3,1,0.3333333333333333
1359494,1,Royal Challengers Bangalore,pp,1,bat_first,49,23,0.46938775510204084
1359494,1,Royal Challengers Bangalore,middle,3,bat_first,34,15,0.4411764705882353
1359494,1,Royal Challengers Bangalore,death,0,bat_first,16,12,0.75
1359494,2,Delhi Capitals,pp,3,bat_second,5,2,0.4
1359494,2,Delhi Capitals,middle,3,bat_second,15,5,0.3333333333333333
1359494,2,Delhi Capitals,death,2,bat_second,8,5,0.625
1359495,1,Lucknow Super Giants,pp,0,bat_first,1,1,
1359495,1,Lucknow Super Giants,middle,3,bat_first,4,4,1.0
1359495,1,Lucknow Super Giants,death,3,bat_first,3,3,1.0
1359496,1,Kolkata Knight Riders,pp,2,bat_first,27,13,0.48148148148148145
1359496,1,Kolkata Knight Riders,middle,2,bat_first,28,10,0.35714285714285715
1359496,1,Kolkata Knight Riders,death,2,bat_first,27,14,0.5185185185185185
1359496,2,Mumbai Indians,pp,1,bat_second,36,24,0.6666666666666666
1359496,2,Mumbai Indians,middle,2,bat_second,31,19,0.6129032258064516
1359496,2,Mumbai Indians,death,2,bat_second,24,14,0.5833333333333334
1359497,1,Gujarat Titans,pp,2,bat_first,5,2,0.4
1359497,1,Gujarat Titans,middle,1,bat_first,4,3,0.75
1359497,1,Gujarat Titans,death,3,bat_first,4,2,0.5
1359497,2,Rajasthan Royals,pp,2,bat_second,27,11,0.4074074074074074
1359497,2,Rajasthan Royals,middle,3,bat_second,42,13,0.30952380952380953
1359497,2,Rajasthan Royals,death,2,bat_second,17,5,0.29411764705882354
1359498,1,Chennai Super Kings,pp,1,bat_first,42,23,0.5476190476190477
1359498,1,Chennai Super Kings,middle,1,bat_first,29,17,0.5862068965517241
1359498,1,Chennai Super Kings,death,3,bat_first,38,19,0.5
1359498,2,Royal Challengers Bangalore,pp,2,bat_second,30,13,0.43333333333333335
1359498,2,Royal Challengers Bangalore,middle,2,bat_second,25,12,0.48
1359498,2,Royal Challengers Bangalore,death,3,bat_second,34,6,0.17647058823529413
1359499,1,Mumbai Indians,pp,1,bat_first,46,32,0.6956521739130435
1359499,1,Mumbai Indians,middle,2,bat_first,47,23,0.48936170212765956
1359499,1,Mumbai Indians,death,2,bat_first,32,13,0.40625
1359499,2,Sunrisers Hyderabad,pp,2,bat_second,25,9,0.36
1359499,2,Sunrisers Hyderabad,middle,3,bat_second,29,8,0.27586206896551724
1359499,2,Sunrisers Hyderabad,death,3,bat_second,25,2,0.08
1359500,2,Rajasthan Royals,pp,0,bat_second,20,14,0.7
1359500,2,Rajasthan Royals,middle,3,bat_second,43,14,0.32558139534883723
1359500,2,Rajasthan Royals,death,3,bat_second,32,10,0.3125
1359500,1,Lucknow Super Giants,pp,0,bat_first,2,1,
1359500,1,Lucknow Super Giants,middle,3,bat_first,5,4,0.8
1359500,1,Lucknow Super Giants,death,3,bat_first,4,3,0.75
1359501,1,Royal Challengers Bangalore,pp,0,bat_first,23,13,0.5652173913043478
1359501,1,Royal Challengers Bangalore,middle,0,bat_first,11,5,0.45454545454545453
1359501,1,Royal Challengers Bangalore,death,3,bat_first,57,18,0.3157894736842105
1359502,2,Delhi Capitals,pp,1,bat_second,11,7,0.6363636363636364
1359502,2,Delhi Capitals,middle,3,bat_second,16,5,0.3125
1359502,2,Delhi Capitals,death,2,bat_second,9,5,0.5555555555555556
1359501,2,Punjab Kings,pp,3,bat_second,2,1,
1359501,2,Punjab Kings,middle,3,bat_second,4,2,0.5
1359501,2,Punjab Kings,death,3,bat_second,4,2,0.5
1359502,1,Kolkata Knight Riders,pp,3,bat_first,20,2,0.1
1359502,1,Kolkata Knight Riders,middle,3,bat_first,45,17,0.37777777777777777
1359502,1,Kolkata Knight Riders,death,2,bat_first,28,14,0.5
1359503,1,Sunrisers Hyderabad,pp,1,bat_first,35,13,0.37142857142857144
1359503,1,Sunrisers Hyderabad,middle,3,bat_first,23,10,0.43478260869565216
1359503,1,Sunrisers Hyderabad,death,2,bat_first,12,6,0.5
1359503,2,Chennai Super Kings,pp,0,bat_second,29,24,0.8275862068965517
1359503,2,Chennai Super Kings,middle,2,bat_second,25,17,0.68
1359503,2,Chennai Super Kings,death,1,bat_second,22,15,0.6818181818181818
1359504,1,Gujarat Titans,pp,1,bat_first,3,2,0.6666666666666666
1359504,1,Gujarat Titans,middle,3,bat_first,0,0,
1359504,1,Gujarat Titans,death,2,bat_first,1,0,
1359504,2,Lucknow Super Giants,pp,0,bat_second,2,2,
1359504,2,Lucknow Super Giants,middle,2,bat_second,3,2,0.6666666666666666
1359504,2,Lucknow Super Giants,death,3,bat_second,5,1,0.2
1359505,1,Punjab Kings,pp,1,bat_first,9,5,0.5555555555555556
1359505,1,Punjab Kings,middle,3,bat_first,14,6,0.42857142857142855
1359505,1,Punjab Kings,death,3,bat_first,11,5,0.45454545454545453
1359505,2,Mumbai Indians,pp,1,bat_second,37,25,0.6756756756756757
1359505,2,Mumbai Indians,middle,1,bat_second,24,20,0.8333333333333334
1359505,2,Mumbai Indians,death,3,bat_second,37,7,0.1891891891891892
1359506,1,Royal Challengers Bangalore,pp,2,bat_first,26,10,0.38461538461538464
1359506,1,Royal Challengers Bangalore,middle,2,bat_first,37,17,0.4594594594594595
1359506,1,Royal Challengers Bangalore,death,3,bat_first,58,19,0.3275862068965517
1359506,2,Rajasthan Royals,pp,1,bat_second,33,25,0.7575757575757576
1359506,2,Rajasthan Royals,middle,2,bat_second,33,22,0.6666666666666666
1359506,2,Rajasthan Royals,death,3,bat_second,33,10,0.30303030303030304
1359507,1,Chennai Super Kings,pp,0,bat_first,29,21,0.7241379310344828
1359507,1,Chennai Super Kings,middle,2,bat_first,43,22,0.5116279069767442
1359507,1,Chennai Super Kings,death,2,bat_first,26,15,0.5769230769230769
1359507,2,Kolkata Knight Riders,pp,2,bat_second,39,20,0.5128205128205128
1359507,2,Kolkata Knight Riders,middle,3,bat_second,41,13,0.3170731707317073
1359507,2,Kolkata Knight Riders,death,3,bat_second,42,10,0.23809523809523808
1359508,1,Delhi Capitals,pp,2,bat_first,12,6,0.5
1359508,1,Delhi Capitals,middle,3,bat_first,12,3,0.25
1359508,1,Delhi Capitals,death,3,bat_first,14,4,0.2857142857142857
1359508,2,Sunrisers Hyderabad,pp,1,bat_second,21,13,0.6190476190476191
1359508,2,Sunrisers Hyderabad,middle,3,bat_second,30,8,0.26666666666666666
1359508,2,Sunrisers Hyderabad,death,1,bat_second,15,9,0.6
1359509,1,Gujarat Titans,pp,1,bat_first,4,3,0.75
1359509,1,Gujarat Titans,middle,3,bat_first,1,1,
1359509,1,Gujarat Titans,death,2,bat_first,2,1,
1359509,2,Mumbai Indians,pp,1,bat_second,38,25,0.6578947368421053
1359509,2,Mumbai Indians,middle,3,bat_second,43,15,0.3488372093023256
1359509,2,Mumbai Indians,death,3,bat_second,38,7,0.18421052631578946
1359510,1,Kolkata Knight Riders,pp,0,bat_first,19,11,0.5789473684210527
1359510,1,Kolkata Knight Riders,middle,2,bat_first,29,10,0.3448275862068966
1359510,1,Kolkata Knight Riders,death,3,bat_first,53,19,0.3584905660377358
1359510,2,Royal Challengers Bangalore,pp,3,bat_second,24,7,0.2916666666666667
1359510,2,Royal Challengers Bangalore,middle,3,bat_second,50,11,0.22
1359510,2,Royal Challengers Bangalore,death,2,bat_second,23,9,0.391304347826087
1359511,1,Rajasthan Royals,pp,0,bat_first,27,15,0.5555555555555556
1359511,1,Rajasthan Royals,middle,3,bat_first,38,10,0.2631578947368421
1359511,1,Rajasthan Royals,death,2,bat_first,29,12,0.41379310344827586
1359511,2,Chennai Super Kings,pp,1,bat_second,31,21,0.6774193548387096
1359511,2,Chennai Super Kings,middle,3,bat_second,40,17,0.425
1359511,2,Chennai Super Kings,death,1,bat_second,23,16,0.6956521739130435
1359512,1,Lucknow Super Giants,pp,2,bat_first,0,0,
1359512,1,Lucknow Super Giants,middle,1,bat_first,2,2,
1359512,1,Lucknow Super Giants,death,2,bat_first,4,3,0.75
1359512,2,Punjab Kings,pp,2,bat_second,1,1,
1359512,2,Punjab Kings,middle,2,bat_second,5,3,0.6
1359512,2,Punjab Kings,death,3,bat_second,5,2,0.4
1359514,2,Delhi Capitals,pp,1,bat_second,12,8,0.6666666666666666
1359514,2,Delhi Capitals,middle,3,bat_second,17,6,0.35294117647058826
1359514,2,Delhi Capitals,death,2,bat_second,10,6,0.6
1359514,1,Sunrisers Hyderabad,pp,2,bat_first,13,6,0.46153846153846156
1359514,1,Sunrisers Hyderabad,middle,3,bat_first,24,10,0.4166666666666667
1359514,1,Sunrisers Hyderabad,death,1,bat_first,15,7,0.4666666666666667
1359513,2,Gujarat Titans,pp,1,bat_second,4,4,1.0
1359513,2,Gujarat Titans,middle,2,bat_second,5,4,0.8
1359513,2,Gujarat Titans,death,0,bat_second,5,5,1.0
1359513,1,Kolkata Knight Riders,pp,2,bat_first,28,13,0.4642857142857143
1359513,1,Kolkata Knight Riders,middle,2,bat_first,30,11,0.36666666666666664
1359513,1,Kolkata Knight Riders,death,3,bat_first,54,20,0.37037037037037035
1359516,2,Mumbai Indians,pp,1,bat_second,39,25,0.6410256410256411
1359516,2,Mumbai Indians,middle,2,bat_second,32,20,0.625
1359516,2,Mumbai Indians,death,1,bat_second,21,17,0.8095238095238095
1359515,1,Chennai Super Kings,pp,0,bat_first,30,22,0.7333333333333333
1359515,1,Chennai Super Kings,middle,2,bat_first,44,23,0.5227272727272727
1359515,1,Chennai Super Kings,death,2,bat_first,27,16,0.5925925925925926
1359515,2,Punjab Kings,pp,1,bat_second,3,2,0.6666666666666666
1359515,2,Punjab Kings,middle,2,bat_second,6,3,0.5
1359515,2,Punjab Kings,death,3,bat_second,6,2,0.3333333333333333
1359516,1,Rajasthan Royals,pp,0,bat_first,28,16,0.5714285714285714
1359516,1,Rajasthan Royals,middle,3,bat_first,39,11,0.28205128205128205
1359516,1,Rajasthan Royals,death,3,bat_first,47,21,0.44680851063829785
1359517,1,Royal Challengers Bangalore,pp,0,bat_first,24,14,0.5833333333333334
1359517,1,Royal Challengers Bangalore,middle,3,bat_first,35,16,0.45714285714285713
1359517,1,Royal Challengers Bangalore,death,3,bat_first,59,20,0.3389830508474576
1359517,2,Lucknow Super Giants,pp,3,bat_second,4,1,0.25
1359517,2,Lucknow Super Giants,middle,3,bat_second,5,2,0.4
1359517,2,Lucknow Super Giants,death,2,bat_second,2,1,
1359518,1,Delhi Capitals,pp,3,bat_first,5,1,0.2
1359518,1,Delhi Capitals,middle,1,bat_first,9,5,0.5555555555555556
1359518,1,Delhi Capitals,death,2,bat_first,10,5,0.5
1359518,2,Gujarat Titans,pp,3,bat_second,2,2,
1359518,2,Gujarat Titans,middle,1,bat_second,3,3,1.0
1359518,2,Gujarat Titans,death,2,bat_second,3,3,1.0
1359519,1,Lucknow Super Giants,pp,3,bat_first,2,1,
1359519,1,Lucknow Super Giants,middle,2,bat_first,0,0,
1359519,1,Lucknow Super Giants,death,2,bat_first,5,4,0.8
1359520,1,Punjab Kings,pp,1,bat_first,10,6,0.6
1359520,1,Punjab Kings,middle,2,bat_first,5,1,0.2
1359520,1,Punjab Kings,death,0,bat_first,2,1,
1359520,2,Mumbai Indians,pp,2,bat_second,24,11,0.4583333333333333
1359520,2,Mumbai Indians,middle,0,bat_second,11,10,0.9090909090909091
1359520,2,Mumbai Indians,death,2,bat_second,25,15,0.6
1359521,2,Sunrisers Hyderabad,pp,3,bat_second,6,0,0.0
1359521,2,Sunrisers Hyderabad,middle,2,bat_second,23,13,0.5652173913043478
1359521,2,Sunrisers Hyderabad,death,3,bat_second,26,2,0.07692307692307693
1359521,1,Kolkata Knight Riders,pp,3,bat_first,21,2,0.09523809523809523
1359521,1,Kolkata Knight Riders,middle,2,bat_first,31,11,0.3548387096774194
1359521,1,Kolkata Knight Riders,death,3,bat_first,55,20,0.36363636363636365
1359522,1,Rajasthan Royals,pp,2,bat_first,15,4,0.26666666666666666
1359522,1,Rajasthan Royals,middle,3,bat_first,40,11,0.275
1359522,1,Rajasthan Royals,death,2,bat_first,30,13,0.43333333333333335
1359522,2,Gujarat Titans,pp,0,bat_second,4,3,0.75
1359522,2,Gujarat Titans,middle,1,bat_second,4,3,0.75
1359522,2,Gujarat Titans,death,0,bat_second,6,6,1.0
1359523,1,Mumbai Indians,pp,3,bat_first,16,3,0.1875
1359523,1,Mumbai Indians,middle,1,bat_first,27,15,0.5555555555555556
1359523,1,Mumbai Indians,death,3,bat_first,61,29,0.47540983606557374
1359523,2,Chennai Super Kings,pp,1,bat_second,32,21,0.65625
1359523,2,Chennai Super Kings,middle,2,bat_second,26,18,0.6923076923076923
1359523,2,Chennai Super Kings,death,1,bat_second,24,16,0.6666666666666666
1359524,1,Royal Challengers Bangalore,pp,0,bat_first,25,15,0.6
1359524,1,Royal Challengers Bangalore,middle,2,bat_first,38,18,0.47368421052631576
1359524,1,Royal Challengers Bangalore,death,2,bat_first,23,10,0.43478260869565216
1359524,2,Delhi Capitals,pp,1,bat_second,13,8,0.6153846153846154
1359524,2,Delhi Capitals,middle,1,bat_second,9,7,0.7777777777777778
1359524,2,Delhi Capitals,death,1,bat_second,7,7,1.0
1359525,1,Gujarat Titans,pp,0,bat_first,0,0,
1359525,1,Gujarat Titans,middle,1,bat_first,5,3,0.6
1359525,1,Gujarat Titans,death,1,bat_first,3,2,0.6666666666666666
1359525,2,Lucknow Super Giants,pp,0,bat_second,3,2,0.6666666666666666
1359525,2,Lucknow Super Giants,middle,3,bat_second,6,2,0.3333333333333333
1359525,2,Lucknow Super Giants,death,3,bat_second,6,1,0.16666666666666666
1359526,1,Rajasthan Royals,pp,1,bat_first,42,19,0.4523809523809524
1359526,1,Rajasthan Royals,middle,0,bat_first,3,2,0.6666666666666666
1359526,1,Rajasthan Royals,death,1,bat_first,15,6,0.4
1359526,2,Sunrisers Hyderabad,pp,1,bat_second,22,13,0.5909090909090909
1359526,2,Sunrisers Hyderabad,middle,1,bat_second,17,10,0.5882352941176471
1359526,2,Sunrisers Hyderabad,death,3,bat_second,27,2,0.07407407407407407
1359527,1,Punjab Kings,pp,3,bat_first,4,0,0.0
1359527,1,Punjab Kings,middle,2,bat_first,6,1,0.16666666666666666
1359527,1,Punjab Kings,death,2,bat_first,7,2,0.2857142857142857
1359527,2,Kolkata Knight Riders,pp,1,bat_second,39,29,0.7435897435897436
1359527,2,Kolkata Knight Riders,middle,2,bat_second,38,22,0.5789473684210527
1359527,2,Kolkata Knight Riders,death,2,bat_second,21,11,0.5238095238095238
1359528,1,Royal Challengers Bangalore,pp,2,bat_first,27,11,0.4074074074074074
1359528,1,Royal Challengers Bangalore,middle,3,bat_first,36,17,0.4722222222222222
1359528,1,Royal Challengers Bangalore,death,1,bat_first,17,8,0.47058823529411764
1359528,2,Mumbai Indians,pp,2,bat_second,25,12,0.48
1359528,2,Mumbai Indians,middle,0,bat_second,12,11,0.9166666666666666
1359528,2,Mumbai Indians,death,2,bat_second,26,16,0.6153846153846154
1359529,1,Chennai Super Kings,pp,1,bat_first,43,24,0.5581395348837209
1359529,1,Chennai Super Kings,middle,3,bat_first,34,15,0.4411764705882353
1359529,1,Chennai Super Kings,death,3,bat_first,39,20,0.5128205128205128
1359529,2,Delhi Capitals,pp,3,bat_second,6,2,0.3333333333333333
1359529,2,Delhi Capitals,middle,2,bat_second,10,6,0.6
1359529,2,Delhi Capitals,death,3,bat_second,15,3,0.2
1359530,1,Kolkata Knight Riders,pp,2,bat_first,29,13,0.4482758620689655
1359530,1,Kolkata Knight Riders,middle,2,bat_first,32,12,0.375
1359530,1,Kolkata Knight Riders,death,3,bat_first,56,21,0.375
1359530,2,Rajasthan Royals,pp,1,bat_second,34,25,0.7352941176470589
1359530,2,Rajasthan Royals,middle,0,bat_second,6,5,0.8333333333333334
1359530,2,Rajasthan Royals,death,0,bat_second,28,26,0.9285714285714286
1359531,1,Mumbai Indians,pp,0,bat_first,28,17,0.6071428571428571
1359531,1,Mumbai Indians,middle,3,bat_first,47,27,0.574468085106383
1359531,1,Mumbai Indians,death,2,bat_first,33,14,0.42424242424242425
1359531,2,Gujarat Titans,pp,3,bat_second,3,2,0.6666666666666666
1359531,2,Gujarat Titans,middle,3,bat_second,4,4,1.0
1359531,2,Gujarat Titans,death,0,bat_second,7,7,1.0
1359532,1,Sunrisers Hyderabad,pp,2,bat_first,14,7,0.5
1359532,1,Sunrisers Hyderabad,middle,3,bat_first,25,11,0.44
1359532,1,Sunrisers Hyderabad,death,1,bat_first,16,8,0.5
1359532,2,Lucknow Super Giants,pp,1,bat_second,1,0,
1359532,2,Lucknow Super Giants,middle,1,bat_second,2,0,
1359532,2,Lucknow Super Giants,death,1,bat_second,1,1,
1359533,1,Punjab Kings,pp,3,bat_first,5,0,0.0
1359533,1,Punjab Kings,middle,1,bat_first,2,1,
1359533,1,Punjab Kings,death,3,bat_first,12,6,0.5
1359533,2,Delhi Capitals,pp,0,bat_second,7,6,0.8571428571428571
1359533,2,Delhi Capitals,middle,3,bat_second,18,6,0.3333333333333333
1359533,2,Delhi Capitals,death,2,bat_second,11,6,0.5454545454545454
1359535,2,Kolkata Knight Riders,pp,3,bat_second,22,5,0.22727272727272727
1359535,2,Kolkata Knight Riders,middle,0,bat_second,10,9,0.9
1359535,2,Kolkata Knight Riders,death,1,bat_second,22,15,0.6818181818181818
1359535,1,Chennai Super Kings,pp,1,bat_first,44,25,0.5681818181818182
1359535,1,Chennai Super Kings,middle,3,bat_first,35,16,0.45714285714285713
1359535,1,Chennai Super Kings,death,1,bat_first,38,21,0.5526315789473685
1359534,1,Royal Challengers Bangalore,pp,0,bat_first,26,15,0.5769230769230769
1359534,1,Royal Challengers Bangalore,middle,2,bat_first,39,18,0.46153846153846156
1359534,1,Royal Challengers Bangalore,death,3,bat_first,60,21,0.35
1359534,2,Rajasthan Royals,pp,3,bat_second,21,7,0.3333333333333333
1359534,2,Rajasthan Royals,middle,3,bat_second,44,14,0.3181818181818182
1359534,2,Rajasthan Royals,death,0,bat_second,29,27,0.9310344827586207
1359536,1,Gujarat Titans,pp,1,bat_first,5,4,0.8
1359536,1,Gujarat Titans,middle,1,bat_first,6,4,0.6666666666666666
1359536,1,Gujarat Titans,death,3,bat_first,5,2,0.4
1359536,2,Sunrisers Hyderabad,pp,3,bat_second,7,0,0.0
1359536,2,Sunrisers Hyderabad,middle,3,bat_second,31,8,0.25806451612903225
1359536,2,Sunrisers Hyderabad,death,2,bat_second,16,7,0.4375
1359537,1,Lucknow Super Giants,pp,2,bat_first,1,1,
1359537,1,Lucknow Super Giants,middle,1,bat_first,3,3,1.0
1359537,1,Lucknow Super Giants,death,1,bat_first,1,1,
1359537,2,Mumbai Indians,pp,0,bat_second,28,22,0.7857142857142857
1359537,2,Mumbai Indians,middle,3,bat_second,44,15,0.3409090909090909
1359537,2,Mumbai Indians,death,2,bat_second,27,17,0.6296296296296297
1359538,1,Delhi Capitals,pp,0,bat_first,7,4,0.5714285714285714
1359538,1,Delhi Capitals,middle,2,bat_first,10,5,0.5
1359538,1,Delhi Capitals,death,0,bat_first,2,1,
1359538,2,Punjab Kings,pp,1,bat_second,4,3,0.75
1359538,2,Punjab Kings,middle,2,bat_second,7,4,0.5714285714285714
1359538,2,Punjab Kings,death,3,bat_second,7,3,0.42857142857142855
1359539,2,Royal Challengers Bangalore,pp,0,bat_second,25,21,0.84
1359539,2,Royal Challengers Bangalore,middle,0,bat_second,16,13,0.8125
1359539,2,Royal Challengers Bangalore,death,2,bat_second,24,9,0.375
1359539,1,Sunrisers Hyderabad,pp,2,bat_first,15,7,0.4666666666666667
1359539,1,Sunrisers Hyderabad,middle,1,bat_first,23,12,0.5217391304347826
1359539,1,Sunrisers Hyderabad,death,2,bat_first,13,6,0.46153846153846156
1359540,1,Punjab Kings,pp,3,bat_first,6,1,0.16666666666666666
1359540,1,Punjab Kings,middle,2,bat_first,7,1,0.14285714285714285
1359540,1,Punjab Kings,death,0,bat_first,3,1,0.3333333333333333
1359540,2,Rajasthan Royals,pp,1,bat_second,35,26,0.7428571428571429
1359540,2,Rajasthan Royals,middle,3,bat_second,45,14,0.3111111111111111
1359540,2,Rajasthan Royals,death,2,bat_second,18,6,0.3333333333333333
1359541,1,Chennai Super Kings,pp,0,bat_first,31,22,0.7096774193548387
1359541,1,Chennai Super Kings,middle,1,bat_first,30,18,0.6
1359541,1,Chennai Super Kings,death,2,bat_first,28,16,0.5714285714285714
1359541,2,Delhi Capitals,pp,3,bat_second,7,2,0.2857142857142857
1359541,2,Delhi Capitals,middle,2,bat_second,11,6,0.5454545454545454
1359541,2,Delhi Capitals,death,3,bat_second,16,3,0.1875
1359542,1,Lucknow Super Giants,pp,1,bat_first,6,6,1.0
1359542,1,Lucknow Super Giants,middle,3,bat_first,6,5,0.8333333333333334
1359542,1,Lucknow Super Giants,death,3,bat_first,5,4,0.8
1359542,2,Kolkata Knight Riders,pp,1,bat_second,40,30,0.75
1359542,2,Kolkata Knight Riders,middle,3,bat_second,42,13,0.30952380952380953
1359542,2,Kolkata Knight Riders,death,3,bat_second,43,10,0.23255813953488372
1359544,1,Royal Challengers Bangalore,pp,0,bat_first,27,16,0.5925925925925926
1359544,1,Royal Challengers Bangalore,middle,3,bat_first,37,17,0.4594594594594595
1359544,1,Royal Challengers Bangalore,death,0,bat_first,17,13,0.7647058823529411
1359544,2,Gujarat Titans,pp,1,bat_second,5,5,1.0
1359544,2,Gujarat Titans,middle,1,bat_second,5,4,0.8
1359544,2,Gujarat Titans,death,2,bat_second,4,3,0.75
1359543,1,Sunrisers Hyderabad,pp,0,bat_first,20,14,0.7
1359543,1,Sunrisers Hyderabad,middle,1,bat_first,24,12,0.5
1359543,1,Sunrisers Hyderabad,death,3,bat_first,47,21,0.44680851063829785
1359543,2,Mumbai Indians,pp,1,bat_second,40,26,0.65
1359543,2,Mumbai Indians,middle,1,bat_second,25,20,0.8
1359543,2,Mumbai Indians,death,0,bat_second,27,26,0.9629629629629629
1370350,2,Gujarat Titans,pp,2,bat_second,2,2,
1370350,2,Gujarat Titans,middle,3,bat_second,5,4,0.8
1370350,2,Gujarat Titans,death,3,bat_second,1,0,
1370350,1,Chennai Super Kings,pp,0,bat_first,32,23,0.71875
1370350,1,Chennai Super Kings,middle,3,bat_first,36,16,0.4444444444444444
1370350,1,Chennai Super Kings,death,3,bat_first,40,21,0.525
1370351,1,Mumbai Indians,pp,2,bat_first,35,14,0.4
1370351,1,Mumbai Indians,middle,2,bat_first,48,24,0.5
1370351,1,Mumbai Indians,death,3,bat_first,62,29,0.46774193548387094
1370351,2,Lucknow Super Giants,pp,2,bat_second,3,1,0.3333333333333333
1370351,2,Lucknow Super Giants,middle,3,bat_second,7,2,0.2857142857142857
1370351,2,Lucknow Super Giants,death,1,bat_second,2,2,
1370352,1,Gujarat Titans,pp,0,bat_first,1,1,
1370352,1,Gujarat Titans,middle,1,bat_first,7,5,0.7142857142857143
1370352,1,Gujarat Titans,death,2,bat_first,3,2,0.6666666666666666
1370352,2,Mumbai Indians,pp,3,bat_second,21,7,0.3333333333333333
1370352,2,Mumbai Indians,middle,3,bat_second,45,15,0.3333333333333333
1370352,2,Mumbai Indians,death,3,bat_second,39,7,0.1794871794871795
1370353,2,Chennai Super Kings,pp,0,bat_second,30,25,0.8333333333333334
1370353,2,Chennai Super Kings,middle,3,bat_second,41,17,0.4146341463414634
1370353,2,Chennai Super Kings,death,0,bat_second,25,23,0.92
1370353,1,Gujarat Titans,pp,0,bat_first,2,2,
1370353,1,Gujarat Titans,middle,2,bat_first,4,1,0.25
1370353,1,Gujarat Titans,death,2,bat_first,4,3,0.75
1422119,1,Royal Challengers Bengaluru,pp,3,bat_first,0,0,
1422119,1,Royal Challengers Bengaluru,middle,2,bat_first,0,0,
1422119,1,Royal Challengers Bengaluru,death,1,bat_first,0,0,
1422119,2,Chennai Super Kings,pp,1,bat_second,33,22,0.6666666666666666
1422119,2,Chennai Super Kings,middle,3,bat_second,42,18,0.42857142857142855
1422119,2,Chennai Super Kings,death,0,bat_second,26,24,0.9230769230769231
1422121,2,Sunrisers Hyderabad,pp,1,bat_second,23,14,0.6086956521739131
1422121,2,Sunrisers Hyderabad,middle,3,bat_second,32,8,0.25
1422121,2,Sunrisers Hyderabad,death,3,bat_second,28,3,0.10714285714285714
1422120,1,Delhi Capitals,pp,1,bat_first,7,2,0.2857142857142857
1422120,1,Delhi Capitals,middle,3,bat_first,13,4,0.3076923076923077
1422120,1,Delhi Capitals,death,3,bat_first,15,5,0.3333333333333333
1422120,2,Punjab Kings,pp,2,bat_second,2,1,
1422120,2,Punjab Kings,middle,2,bat_second,8,4,0.5
1422120,2,Punjab Kings,death,2,bat_second,2,0,
1422121,1,Kolkata Knight Riders,pp,3,bat_first,22,3,0.13636363636363635
1422121,1,Kolkata Knight Riders,middle,3,bat_first,46,17,0.3695652173913043
1422121,1,Kolkata Knight Riders,death,1,bat_first,18,9,0.5
1422122,2,Lucknow Super Giants,pp,3,bat_second,5,1,0.2
1422122,2,Lucknow Super Giants,middle,1,bat_second,3,1,0.3333333333333333
1422122,2,Lucknow Super Giants,death,2,bat_second,3,1,0.3333333333333333
1422123,2,Mumbai Indians,pp,2,bat_second,26,13,0.5
1422123,2,Mumbai Indians,middle,1,bat_second,26,21,0.8076923076923077
1422123,2,Mumbai Indians,death,3,bat_second,40,7,0.175
1422122,1,Rajasthan Royals,pp,2,bat_first,16,4,0.25
1422122,1,Rajasthan Royals,middle,1,bat_first,16,9,0.5625
1422122,1,Rajasthan Royals,death,1,bat_first,16,6,0.375
1422123,1,Gujarat Titans,pp,1,bat_first,6,5,0.8333333333333334
1422123,1,Gujarat Titans,middle,2,bat_first,5,1,0.2
1422123,1,Gujarat Titans,death,3,bat_first,6,3,0.5
1422124,1,Punjab Kings,pp,1,bat_first,11,6,0.5454545454545454
1422124,1,Punjab Kings,middle,3,bat_first,15,7,0.4666666666666667
1422124,1,Punjab Kings,death,2,bat_first,8,2,0.25
1422124,2,Royal Challengers Bengaluru,pp,2,bat_second,0,0,
1422124,2,Royal Challengers Bengaluru,middle,2,bat_second,0,0,
1422124,2,Royal Challengers Bengaluru,death,2,bat_second,0,0,
1422125,1,Chennai Super Kings,pp,1,bat_first,45,25,0.5555555555555556
1422125,1,Chennai Super Kings,middle,2,bat_first,45,23,0.5111111111111111
1422125,1,Chennai Super Kings,death,3,bat_first,41,22,0.5365853658536586
1422125,2,Gujarat Titans,pp,2,bat_second,3,2,0.6666666666666666
1422125,2,Gujarat Titans,middle,3,bat_second,6,4,0.6666666666666666
1422125,2,Gujarat Titans,death,3,bat_second,2,0,
1422126,1,Sunrisers Hyderabad,pp,1,bat_first,36,13,0.3611111111111111
1422126,1,Sunrisers Hyderabad,middle,2,bat_first,25,10,0.4
1422126,1,Sunrisers Hyderabad,death,0,bat_first,5,3,0.6
1422126,2,Mumbai Indians,pp,2,bat_second,27,13,0.48148148148148145
1422126,2,Mumbai Indians,middle,2,bat_second,33,21,0.6363636363636364
1422126,2,Mumbai Indians,death,1,bat_second,22,18,0.8181818181818182
1422127,2,Delhi Capitals,pp,2,bat_second,13,5,0.38461538461538464
1422127,2,Delhi Capitals,middle,2,bat_second,12,6,0.5
1422127,2,Delhi Capitals,death,1,bat_second,8,8,1.0
1422127,1,Rajasthan Royals,pp,2,bat_first,17,5,0.29411764705882354
1422127,1,Rajasthan Royals,middle,2,bat_first,37,19,0.5135135135135135
1422127,1,Rajasthan Royals,death,1,bat_first,17,7,0.4117647058823529
1422128,1,Royal Challengers Bengaluru,pp,1,bat_first,0,0,
1422128,1,Royal Challengers Bengaluru,middle,2,bat_first,1,0,
1422128,1,Royal Challengers Bengaluru,death,3,bat_first,0,0,
1422128,2,Kolkata Knight Riders,pp,0,bat_second,22,17,0.7727272727272727
1422128,2,Kolkata Knight Riders,middle,2,bat_second,39,23,0.5897435897435898
1422128,2,Kolkata Knight Riders,death,1,bat_second,23,16,0.6956521739130435
1422129,1,Lucknow Super Giants,pp,2,bat_first,2,2,
1422129,1,Lucknow Super Giants,middle,2,bat_first,1,0,
1422129,1,Lucknow Super Giants,death,3,bat_first,6,5,0.8333333333333334
1422129,2,Punjab Kings,pp,0,bat_second,5,3,0.6
1422129,2,Punjab Kings,middle,2,bat_second,9,5,0.5555555555555556
1422129,2,Punjab Kings,death,3,bat_second,8,3,0.375
1422130,1,Sunrisers Hyderabad,pp,1,bat_first,37,14,0.3783783783783784
1422130,1,Sunrisers Hyderabad,middle,3,bat_first,26,11,0.4230769230769231
1422130,1,Sunrisers Hyderabad,death,3,bat_first,48,21,0.4375
1422130,2,Gujarat Titans,pp,1,bat_second,6,6,1.0
1422130,2,Gujarat Titans,middle,1,bat_second,6,5,0.8333333333333334
1422130,2,Gujarat Titans,death,1,bat_second,3,3,1.0
1422131,1,Delhi Capitals,pp,0,bat_first,8,5,0.625
1422131,1,Delhi Capitals,middle,3,bat_first,14,4,0.2857142857142857
1422131,1,Delhi Capitals,death,1,bat_first,5,3,0.6
1422131,2,Chennai Super Kings,pp,2,bat_second,25,14,0.56
1422131,2,Chennai Super Kings,middle,3,bat_second,43,19,0.4418604651162791
1422131,2,Chennai Super Kings,death,1,bat_second,25,17,0.68
1422132,1,Mumbai Indians,pp,3,bat_first,17,3,0.17647058823529413
1422132,1,Mumbai Indians,middle,3,bat_first,48,28,0.5833333333333334
1422132,1,Mumbai Indians,death,2,bat_first,34,15,0.4411764705882353
1422132,2,Rajasthan Royals,pp,2,bat_second,28,12,0.42857142857142855
1422132,2,Rajasthan Royals,middle,2,bat_second,34,22,0.6470588235294118
1422132,2,Rajasthan Royals,death,0,bat_second,30,27,0.9
1422133,2,Royal Challengers Bengaluru,pp,3,bat_second,0,0,
1422133,2,Royal Challengers Bengaluru,middle,3,bat_second,0,0,
1422133,2,Royal Challengers Bengaluru,death,3,bat_second,0,0,
1422133,1,Lucknow Super Giants,pp,1,bat_first,7,7,1.0
1422133,1,Lucknow Super Giants,middle,2,bat_first,2,1,
1422133,1,Lucknow Super Giants,death,2,bat_first,6,4,0.6666666666666666
1422134,1,Kolkata Knight Riders,pp,1,bat_first,39,18,0.46153846153846156
1422134,1,Kolkata Knight Riders,middle,2,bat_first,33,12,0.36363636363636365
1422134,1,Kolkata Knight Riders,death,3,bat_first,57,21,0.3684210526315789
1422134,2,Delhi Capitals,pp,3,bat_second,8,2,0.25
1422134,2,Delhi Capitals,middle,3,bat_second,19,6,0.3157894736842105
1422134,2,Delhi Capitals,death,3,bat_second,17,3,0.17647058823529413
1422135,1,Gujarat Titans,pp,1,bat_first,7,6,0.8571428571428571
1422135,1,Gujarat Titans,middle,2,bat_first,6,2,0.3333333333333333
1422135,1,Gujarat Titans,death,1,bat_first,4,3,0.75
1422135,2,Punjab Kings,pp,2,bat_second,3,2,0.6666666666666666
1422135,2,Punjab Kings,middle,3,bat_second,5,2,0.4
1422135,2,Punjab Kings,death,2,bat_second,3,1,0.3333333333333333
1422136,1,Chennai Super Kings,pp,1,bat_first,46,26,0.5652173913043478
1422136,1,Chennai Super Kings,middle,3,bat_first,37,17,0.4594594594594595
1422136,1,Chennai Super Kings,death,1,bat_first,39,21,0.5384615384615384
1422136,2,Sunrisers Hyderabad,pp,1,bat_second,24,14,0.5833333333333334
1422136,2,Sunrisers Hyderabad,middle,2,bat_second,24,13,0.5416666666666666
1422136,2,Sunrisers Hyderabad,death,1,bat_second,16,9,0.5625
1422137,1,Royal Challengers Bengaluru,pp,0,bat_first,0,0,
1422137,1,Royal Challengers Bengaluru,middle,2,bat_first,2,0,
1422137,1,Royal Challengers Bengaluru,death,1,bat_first,1,0,
1422137,2,Rajasthan Royals,pp,1,bat_second,36,27,0.75
1422137,2,Rajasthan Royals,middle,1,bat_second,20,17,0.85
1422137,2,Rajasthan Royals,death,2,bat_second,19,7,0.3684210526315789
1422138,1,Mumbai Indians,pp,0,bat_first,29,18,0.6206896551724138
1422138,1,Mumbai Indians,middle,3,bat_first,49,28,0.5714285714285714
1422138,1,Mumbai Indians,death,1,bat_first,20,17,0.85
1422138,2,Delhi Capitals,pp,1,bat_second,14,9,0.6428571428571429
1422138,2,Delhi Capitals,middle,2,bat_second,13,6,0.46153846153846156
1422138,2,Delhi Capitals,death,3,bat_second,18,3,0.16666666666666666
1422139,1,Lucknow Super Giants,pp,2,bat_first,3,3,1.0
1422139,1,Lucknow Super Giants,middle,2,bat_first,3,2,0.6666666666666666
1422139,1,Lucknow Super Giants,death,1,bat_first,2,2,
1422139,2,Gujarat Titans,pp,1,bat_second,7,7,1.0
1422139,2,Gujarat Titans,middle,3,bat_second,7,4,0.5714285714285714
1422139,2,Gujarat Titans,death,3,bat_second,3,0,0.0
1426260,2,Chennai Super Kings,pp,1,bat_second,34,23,0.6764705882352942
1426260,2,Chennai Super Kings,middle,1,bat_second,23,19,0.8260869565217391
1426260,2,Chennai Super Kings,death,1,bat_second,26,17,0.6538461538461539
1426260,1,Kolkata Knight Riders,pp,1,bat_first,40,19,0.475
1426260,1,Kolkata Knight Riders,middle,3,bat_first,47,18,0.3829787234042553
1426260,1,Kolkata Knight Riders,death,3,bat_first,58,22,0.3793103448275862
1426261,1,Sunrisers Hyderabad,pp,3,bat_first,11,4,0.36363636363636365
1426261,1,Sunrisers Hyderabad,middle,2,bat_first,26,11,0.4230769230769231
1426261,1,Sunrisers Hyderabad,death,3,bat_first,49,21,0.42857142857142855
1426261,2,Punjab Kings,pp,3,bat_second,3,1,0.3333333333333333
1426261,2,Punjab Kings,middle,2,bat_second,10,5,0.5
1426261,2,Punjab Kings,death,1,bat_second,0,0,
1426262,1,Rajasthan Royals,pp,2,bat_first,18,6,0.3333333333333333
1426262,1,Rajasthan Royals,middle,0,bat_first,4,2,0.5
1426262,1,Rajasthan Royals,death,1,bat_first,18,8,0.4444444444444444
1426262,2,Gujarat Titans,pp,0,bat_second,5,4,0.8
1426262,2,Gujarat Titans,middle,3,bat_second,8,4,0.5
1426262,2,Gujarat Titans,death,3,bat_second,4,0,0.0
1426263,1,Royal Challengers Bengaluru,pp,2,bat_first,0,0,
1426263,1,Royal Challengers Bengaluru,middle,2,bat_first,3,0,0.0
1426263,1,Royal Challengers Bengaluru,death,3,bat_first,1,0,
1426263,2,Mumbai Indians,pp,0,bat_second,29,22,0.7586206896551724
1426263,2,Mumbai Indians,middle,3,bat_second,46,15,0.32608695652173914
1426263,2,Mumbai Indians,death,0,bat_second,28,27,0.9642857142857143
1426264,1,Lucknow Super Giants,pp,2,bat_first,4,4,1.0
1426264,1,Lucknow Super Giants,middle,3,bat_first,7,6,0.8571428571428571
1426264,1,Lucknow Super Giants,death,0,bat_first,1,1,
1426264,2,Delhi Capitals,pp,1,bat_second,15,9,0.6
1426264,2,Delhi Capitals,middle,2,bat_second,14,6,0.42857142857142855
1426264,2,Delhi Capitals,death,1,bat_second,9,8,0.8888888888888888
1426265,1,Punjab Kings,pp,1,bat_first,12,6,0.5
1426265,1,Punjab Kings,middle,3,bat_first,16,7,0.4375
1426265,1,Punjab Kings,death,3,bat_first,13,7,0.5384615384615384
1426265,2,Rajasthan Royals,pp,0,bat_second,21,14,0.6666666666666666
1426265,2,Rajasthan Royals,middle,3,bat_second,46,15,0.32608695652173914
1426265,2,Rajasthan Royals,death,3,bat_second,34,10,0.29411764705882354
1426267,2,Mumbai Indians,pp,0,bat_second,30,23,0.7666666666666667
1426267,2,Mumbai Indians,middle,3,bat_second,47,16,0.3404255319148936
1426267,2,Mumbai Indians,death,3,bat_second,41,7,0.17073170731707318
1426267,1,Chennai Super Kings,pp,1,bat_first,47,26,0.5531914893617021
1426267,1,Chennai Super Kings,middle,1,bat_first,31,19,0.6129032258064516
1426267,1,Chennai Super Kings,death,2,bat_first,29,17,0.5862068965517241
1426266,2,Kolkata Knight Riders,pp,2,bat_second,40,20,0.5
1426266,2,Kolkata Knight Riders,middle,0,bat_second,11,10,0.9090909090909091
1426266,2,Kolkata Knight Riders,death,0,bat_second,37,35,0.9459459459459459
1426266,1,Lucknow Super Giants,pp,2,bat_first,5,4,0.8
1426266,1,Lucknow Super Giants,middle,3,bat_first,8,6,0.75
1426266,1,Lucknow Super Giants,death,2,bat_first,7,5,0.7142857142857143
1426268,1,Sunrisers Hyderabad,pp,0,bat_first,21,14,0.6666666666666666
1426268,1,Sunrisers Hyderabad,middle,2,bat_first,27,12,0.4444444444444444
1426268,1,Sunrisers Hyderabad,death,1,bat_first,17,8,0.47058823529411764
1426268,2,Royal Challengers Bengaluru,pp,0,bat_second,0,0,
1426268,2,Royal Challengers Bengaluru,middle,3,bat_second,1,0,
1426268,2,Royal Challengers Bengaluru,death,1,bat_second,0,0,
1426269,1,Kolkata Knight Riders,pp,1,bat_first,41,19,0.4634146341463415
1426269,1,Kolkata Knight Riders,middle,2,bat_first,34,13,0.38235294117647056
1426269,1,Kolkata Knight Riders,death,3,bat_first,59,22,0.3728813559322034
1426269,2,Rajasthan Royals,pp,2,bat_second,29,13,0.4482758620689655
1426269,2,Rajasthan Royals,middle,3,bat_second,47,16,0.3404255319148936
1426269,2,Rajasthan Royals,death,2,bat_second,20,8,0.4
1426270,1,Gujarat Titans,pp,3,bat_first,0,0,
1426270,1,Gujarat Titans,middle,3,bat_first,2,2,
1426270,1,Gujarat Titans,death,2,bat_first,5,3,0.6
1426270,2,Delhi Capitals,pp,3,bat_second,9,2,0.2222222222222222
1426270,2,Delhi Capitals,middle,0,bat_second,2,2,
1426270,2,Delhi Capitals,death,0,bat_second,6,5,0.8333333333333334
1426271,1,Mumbai Indians,pp,1,bat_first,47,33,0.7021276595744681
1426271,1,Mumbai Indians,middle,1,bat_first,28,15,0.5357142857142857
1426271,1,Mumbai Indians,death,3,bat_first,63,30,0.47619047619047616
1426271,2,Punjab Kings,pp,3,bat_second,4,1,0.25
1426271,2,Punjab Kings,middle,3,bat_second,6,3,0.5
1426271,2,Punjab Kings,death,3,bat_second,9,3,0.3333333333333333
1426272,1,Chennai Super Kings,pp,2,bat_first,33,14,0.42424242424242425
1426272,1,Chennai Super Kings,middle,3,bat_first,38,17,0.4473684210526316
1426272,1,Chennai Super Kings,death,1,bat_first,40,21,0.525
1426272,2,Lucknow Super Giants,pp,0,bat_second,4,2,0.5
1426272,2,Lucknow Super Giants,middle,1,bat_second,4,1,0.25
1426272,2,Lucknow Super Giants,death,1,bat_second,3,2,0.6666666666666666
1426273,2,Delhi Capitals,pp,2,bat_second,14,5,0.35714285714285715
1426273,2,Delhi Capitals,middle,3,bat_second,20,6,0.3
1426273,2,Delhi Capitals,death,3,bat_second,19,3,0.15789473684210525
1426273,1,Sunrisers Hyderabad,pp,0,bat_first,22,15,0.6818181818181818
1426273,1,Sunrisers Hyderabad,middle,3,bat_first,27,11,0.4074074074074074
1426273,1,Sunrisers Hyderabad,death,3,bat_first,50,22,0.44
1426274,2,Royal Challengers Bengaluru,pp,2,bat_second,1,1,
1426274,2,Royal Challengers Bengaluru,middle,3,bat_second,2,0,
1426274,2,Royal Challengers Bengaluru,death,3,bat_second,1,0,
1426275,1,Punjab Kings,pp,1,bat_first,13,6,0.46153846153846156
1426275,1,Punjab Kings,middle,3,bat_first,17,7,0.4117647058823529
1426275,1,Punjab Kings,death,3,bat_first,14,7,0.5
1426275,2,Gujarat Titans,pp,1,bat_second,8,7,0.875
1426275,2,Gujarat Titans,middle,3,bat_second,9,5,0.5555555555555556
1426275,2,Gujarat Titans,death,3,bat_second,5,1,0.2
1426274,1,Kolkata Knight Riders,pp,3,bat_first,23,4,0.17391304347826086
1426274,1,Kolkata Knight Riders,middle,2,bat_first,35,13,0.37142857142857144
1426274,1,Kolkata Knight Riders,death,1,bat_first,19,10,0.5263157894736842
1426276,1,Mumbai Indians,pp,3,bat_first,18,3,0.16666666666666666
1426276,1,Mumbai Indians,middle,1,bat_first,29,16,0.5517241379310345
1426276,1,Mumbai Indians,death,3,bat_first,64,31,0.484375
1426276,2,Rajasthan Royals,pp,0,bat_second,22,15,0.6818181818181818
1426276,2,Rajasthan Royals,middle,1,bat_second,21,18,0.8571428571428571
1426276,2,Rajasthan Royals,death,0,bat_second,31,28,0.9032258064516129
1426277,1,Chennai Super Kings,pp,2,bat_first,34,14,0.4117647058823529
1426277,1,Chennai Super Kings,middle,1,bat_first,32,20,0.625
1426277,1,Chennai Super Kings,death,1,bat_first,41,21,0.5121951219512195
1426277,2,Lucknow Super Giants,pp,2,bat_second,4,1,0.25
1426277,2,Lucknow Super Giants,middle,1,bat_second,5,2,0.4
1426277,2,Lucknow Super Giants,death,1,bat_second,4,3,0.75
1426278,1,Delhi Capitals,pp,3,bat_first,6,2,0.3333333333333333
1426278,1,Delhi Capitals,middle,0,bat_first,0,0,
1426278,1,Delhi Capitals,death,1,bat_first,6,4,0.6666666666666666
1426278,2,Gujarat Titans,pp,1,bat_second,9,8,0.8888888888888888
1426278,2,Gujarat Titans,middle,3,bat_second,10,6,0.6
1426278,2,Gujarat Titans,death,3,bat_second,6,2,0.3333333333333333
1426279,1,Royal Challengers Bengaluru,pp,1,bat_first,1,0,
1426279,1,Royal Challengers Bengaluru,middle,3,bat_first,0,0,
1426279,1,Royal Challengers Bengaluru,death,3,bat_first,2,0,
1426279,2,Sunrisers Hyderabad,pp,3,bat_second,8,0,0.0
1426279,2,Sunrisers Hyderabad,middle,3,bat_second,33,8,0.24242424242424243
1426279,2,Sunrisers Hyderabad,death,1,bat_second,17,10,0.5882352941176471
1426280,2,Punjab Kings,pp,1,bat_second,5,3,0.6
1426280,2,Punjab Kings,middle,1,bat_second,2,2,
1426280,2,Punjab Kings,death,0,bat_second,5,5,1.0
1426280,1,Kolkata Knight Riders,pp,0,bat_first,20,12,0.6
1426280,1,Kolkata Knight Riders,middle,2,bat_first,36,14,0.3888888888888889
1426280,1,Kolkata Knight Riders,death,3,bat_first,60,22,0.36666666666666664
1426281,1,Delhi Capitals,pp,0,bat_first,9,6,0.6666666666666666
1426281,1,Delhi Capitals,middle,3,bat_first,15,5,0.3333333333333333
1426281,1,Delhi Capitals,death,1,bat_first,7,5,0.7142857142857143
1426281,2,Mumbai Indians,pp,3,bat_second,22,7,0.3181818181818182
1426281,2,Mumbai Indians,middle,2,bat_second,34,21,0.6176470588235294
1426281,2,Mumbai Indians,death,3,bat_second,42,7,0.16666666666666666
1426282,1,Lucknow Super Giants,pp,2,bat_first,6,4,0.6666666666666666
1426282,1,Lucknow Super Giants,middle,1,bat_first,4,4,1.0
1426282,1,Lucknow Super Giants,death,2,bat_first,8,5,0.625
1426282,2,Rajasthan Royals,pp,1,bat_second,37,28,0.7567567567567568
1426282,2,Rajasthan Royals,middle,2,bat_second,35,23,0.6571428571428571
1426282,2,Rajasthan Royals,death,0,bat_second,32,29,0.90625
1426283,1,Gujarat Titans,pp,1,bat_first,8,6,0.75
1426283,1,Gujarat Titans,middle,2,bat_first,7,2,0.2857142857142857
1426283,1,Gujarat Titans,death,0,bat_first,0,0,
1426283,2,Royal Challengers Bengaluru,pp,1,bat_second,0,0,
1426283,2,Royal Challengers Bengaluru,middle,0,bat_second,0,0,
1426283,2,Royal Challengers Bengaluru,death,0,bat_second,0,0,
1426284,1,Chennai Super Kings,pp,1,bat_first,48,27,0.5625
1426284,1,Chennai Super Kings,middle,1,bat_first,33,20,0.6060606060606061
1426284,1,Chennai Super Kings,death,1,bat_first,42,21,0.5
1426284,2,Sunrisers Hyderabad,pp,3,bat_second,9,0,0.0
1426284,2,Sunrisers Hyderabad,middle,2,bat_second,25,14,0.56
1426284,2,Sunrisers Hyderabad,death,3,bat_second,29,3,0.10344827586206896
1426285,1,Delhi Capitals,pp,3,bat_first,7,3,0.42857142857142855
1426285,1,Delhi Capitals,middle,3,bat_first,16,6,0.375
1426285,1,Delhi Capitals,death,1,bat_first,8,6,0.75
1426285,2,Kolkata Knight Riders,pp,0,bat_second,23,18,0.782608695652174
1426285,2,Kolkata Knight Riders,middle,3,bat_second,43,13,0.3023255813953488
1426285,2,Kolkata Knight Riders,death,0,bat_second,38,36,0.9473684210526315
1426286,1,Mumbai Indians,pp,3,bat_first,19,3,0.15789473684210525
1426286,1,Mumbai Indians,middle,1,bat_first,30,16,0.5333333333333333
1426286,1,Mumbai Indians,death,2,bat_first,35,15,0.42857142857142855
1426286,2,Lucknow Super Giants,pp,1,bat_second,2,1,
1426286,2,Lucknow Super Giants,middle,3,bat_second,8,2,0.25
1426286,2,Lucknow Super Giants,death,2,bat_second,4,1,0.25
1426287,2,Punjab Kings,pp,1,bat_second,6,4,0.6666666666666666
1426287,2,Punjab Kings,middle,2,bat_second,11,5,0.45454545454545453
1426287,2,Punjab Kings,death,0,bat_second,6,6,1.0
1426287,1,Chennai Super Kings,pp,0,bat_first,33,24,0.7272727272727273
1426287,1,Chennai Super Kings,middle,3,bat_first,39,17,0.4358974358974359
1426287,1,Chennai Super Kings,death,3,bat_first,42,23,0.5476190476190477
1426288,1,Sunrisers Hyderabad,pp,2,bat_first,16,7,0.4375
1426288,1,Sunrisers Hyderabad,middle,1,bat_first,25,12,0.48
1426288,1,Sunrisers Hyderabad,death,0,bat_first,6,4,0.6666666666666666
1426288,2,Rajasthan Royals,pp,2,bat_second,30,14,0.4666666666666667
1426288,2,Rajasthan Royals,middle,1,bat_second,22,19,0.8636363636363636
1426288,2,Rajasthan Royals,death,3,bat_second,35,11,0.3142857142857143
1426289,1,Kolkata Knight Riders,pp,3,bat_first,24,5,0.20833333333333334
1426289,1,Kolkata Knight Riders,middle,1,bat_first,28,15,0.5357142857142857
1426289,1,Kolkata Knight Riders,death,3,bat_first,61,22,0.36065573770491804
1426289,2,Mumbai Indians,pp,3,bat_second,23,7,0.30434782608695654
1426289,2,Mumbai Indians,middle,3,bat_second,48,16,0.3333333333333333
1426289,2,Mumbai Indians,death,3,bat_second,43,7,0.16279069767441862
1426290,1,Gujarat Titans,pp,3,bat_first,1,0,
1426290,1,Gujarat Titans,middle,2,bat_first,8,2,0.25
1426290,1,Gujarat Titans,death,3,bat_first,7,4,0.5714285714285714
1426290,2,Royal Challengers Bengaluru,pp,1,bat_second,1,1,
1426290,2,Royal Challengers Bengaluru,middle,3,bat_second,3,0,0.0
1426290,2,Royal Challengers Bengaluru,death,0,bat_second,1,1,
1426291,1,Chennai Super Kings,pp,1,bat_first,49,28,0.5714285714285714
1426291,1,Chennai Super Kings,middle,3,bat_first,40,17,0.425
1426291,1,Chennai Super Kings,death,3,bat_first,43,23,0.5348837209302325
1426291,2,Punjab Kings,pp,2,bat_second,4,3,0.75
1426291,2,Punjab Kings,middle,3,bat_second,7,3,0.42857142857142855
1426291,2,Punjab Kings,death,1,bat_second,1,0,
1426292,1,Kolkata Knight Riders,pp,1,bat_first,42,19,0.4523809523809524
1426292,1,Kolkata Knight Riders,middle,2,bat_first,37,14,0.3783783783783784
1426292,1,Kolkata Knight Riders,death,3,bat_first,62,23,0.3709677419354839
1426292,2,Lucknow Super Giants,pp,1,bat_second,3,2,0.6666666666666666
1426292,2,Lucknow Super Giants,middle,3,bat_second,9,3,0.3333333333333333
1426292,2,Lucknow Super Giants,death,2,bat_second,5,2,0.4
1426293,1,Sunrisers Hyderabad,pp,1,bat_first,38,14,0.3684210526315789
1426293,1,Sunrisers Hyderabad,middle,3,bat_first,28,12,0.42857142857142855
1426293,1,Sunrisers Hyderabad,death,3,bat_first,51,23,0.45098039215686275
1426293,2,Mumbai Indians,pp,3,bat_second,24,7,0.2916666666666667
1426293,2,Mumbai Indians,middle,0,bat_second,13,12,0.9230769230769231
1426293,2,Mumbai Indians,death,0,bat_second,29,28,0.9655172413793104
1426294,1,Delhi Capitals,pp,2,bat_first,13,7,0.5384615384615384
1426294,1,Delhi Capitals,middle,3,bat_first,17,6,0.35294117647058826
1426294,1,Delhi Capitals,death,3,bat_first,16,5,0.3125
1426294,2,Rajasthan Royals,pp,2,bat_second,31,14,0.45161290322580644
1426294,2,Rajasthan Royals,middle,1,bat_second,23,19,0.8260869565217391
1426294,2,Rajasthan Royals,death,3,bat_second,36,11,0.3055555555555556
1426295,1,Lucknow Super Giants,pp,2,bat_first,7,4,0.5714285714285714
1426295,1,Lucknow Super Giants,middle,2,bat_first,4,3,0.75
1426295,1,Lucknow Super Giants,death,0,bat_first,2,1,
1426295,2,Sunrisers Hyderabad,pp,0,bat_second,25,17,0.68
1426295,2,Sunrisers Hyderabad,middle,0,bat_second,8,8,1.0
1426295,2,Sunrisers Hyderabad,death,0,bat_second,21,21,1.0
1426296,1,Royal Challengers Bengaluru,pp,2,bat_first,1,0,
1426296,1,Royal Challengers Bengaluru,middle,1,bat_first,0,0,
1426296,1,Royal Challengers Bengaluru,death,3,bat_first,3,1,0.3333333333333333
1426296,2,Punjab Kings,pp,2,bat_second,5,3,0.6
1426296,2,Punjab Kings,middle,3,bat_second,8,3,0.375
1426296,2,Punjab Kings,death,3,bat_second,10,3,0.3
1426297,1,Gujarat Titans,pp,0,bat_first,3,2,0.6666666666666666
1426297,1,Gujarat Titans,middle,0,bat_first,0,0,
1426297,1,Gujarat Titans,death,3,bat_first,8,4,0.5
1426297,2,Chennai Super Kings,pp,3,bat_second,12,3,0.25
1426297,2,Chennai Super Kings,middle,2,bat_second,27,19,0.7037037037037037
1426297,2,Chennai Super Kings,death,3,bat_second,26,7,0.2692307692307692
1426298,1,Kolkata Knight Riders,pp,3,bat_first,25,6,0.24
1426298,1,Kolkata Knight Riders,middle,3,bat_first,48,18,0.375
1426298,1,Kolkata Knight Riders,death,1,bat_first,20,11,0.55
1426298,2,Mumbai Indians,pp,0,bat_second,31,23,0.7419354838709677
1426298,2,Mumbai Indians,middle,3,bat_second,49,16,0.32653061224489793
1426298,2,Mumbai Indians,death,2,bat_second,28,17,0.6071428571428571
1426300,2,Delhi Capitals,pp,3,bat_second,10,3,0.3
1426300,2,Delhi Capitals,middle,3,bat_second,21,6,0.2857142857142857
1426300,2,Delhi Capitals,death,3,bat_second,20,3,0.15
1426300,1,Royal Challengers Bengaluru,pp,2,bat_first,2,1,
1426300,1,Royal Challengers Bengaluru,middle,2,bat_first,4,0,0.0
1426300,1,Royal Challengers Bengaluru,death,3,bat_first,4,2,0.5
1426299,1,Rajasthan Royals,pp,0,bat_first,29,16,0.5517241379310345
1426299,1,Rajasthan Royals,middle,3,bat_first,41,11,0.2682926829268293
1426299,1,Rajasthan Royals,death,2,bat_first,31,13,0.41935483870967744
1426299,2,Chennai Super Kings,pp,1,bat_second,35,24,0.6857142857142857
1426299,2,Chennai Super Kings,middle,3,bat_second,44,19,0.4318181818181818
1426299,2,Chennai Super Kings,death,1,bat_second,27,18,0.6666666666666666
1426302,1,Delhi Capitals,pp,1,bat_first,8,2,0.25
1426302,1,Delhi Capitals,middle,2,bat_first,11,6,0.5454545454545454
1426302,1,Delhi Capitals,death,1,bat_first,9,6,0.6666666666666666
1426302,2,Lucknow Super Giants,pp,3,bat_second,6,1,0.16666666666666666
1426302,2,Lucknow Super Giants,middle,3,bat_second,10,3,0.3
1426302,2,Lucknow Super Giants,death,2,bat_second,6,2,0.3333333333333333
1426303,1,Rajasthan Royals,pp,1,bat_first,43,19,0.4418604651162791
1426303,1,Rajasthan Royals,middle,3,bat_first,42,11,0.2619047619047619
1426303,1,Rajasthan Royals,death,3,bat_first,48,21,0.4375
1426303,2,Punjab Kings,pp,3,bat_second,5,1,0.2
1426303,2,Punjab Kings,middle,1,bat_second,3,3,1.0
1426303,2,Punjab Kings,death,1,bat_second,2,0,
1426305,1,Lucknow Super Giants,pp,2,bat_first,8,4,0.5
1426305,1,Lucknow Super Giants,middle,1,bat_first,5,4,0.8
1426305,1,Lucknow Super Giants,death,3,bat_first,7,6,0.8571428571428571
1426305,2,Mumbai Indians,pp,0,bat_second,32,23,0.71875
1426305,2,Mumbai Indians,middle,3,bat_second,50,16,0.32
1426305,2,Mumbai Indians,death,1,bat_second,23,18,0.782608695652174
1426306,2,Chennai Super Kings,pp,2,bat_second,26,14,0.5384615384615384
1426306,2,Chennai Super Kings,middle,3,bat_second,45,20,0.4444444444444444
1426306,2,Chennai Super Kings,death,1,bat_second,28,19,0.6785714285714286
1426306,1,Royal Challengers Bengaluru,pp,0,bat_first,1,0,
1426306,1,Royal Challengers Bengaluru,middle,2,bat_first,5,1,0.2
1426306,1,Royal Challengers Bengaluru,death,3,bat_first,5,3,0.6
1426307,1,Punjab Kings,pp,0,bat_first,3,2,0.6666666666666666
1426307,1,Punjab Kings,middle,2,bat_first,8,1,0.125
1426307,1,Punjab Kings,death,3,bat_first,15,7,0.4666666666666667
1426307,2,Sunrisers Hyderabad,pp,2,bat_second,26,9,0.34615384615384615
1426307,2,Sunrisers Hyderabad,middle,2,bat_second,26,14,0.5384615384615384
1426307,2,Sunrisers Hyderabad,death,2,bat_second,17,7,0.4117647058823529
1426309,1,Sunrisers Hyderabad,pp,3,bat_first,12,5,0.4166666666666667
1426309,1,Sunrisers Hyderabad,middle,3,bat_first,29,12,0.41379310344827586
1426309,1,Sunrisers Hyderabad,death,2,bat_first,14,6,0.42857142857142855
1426309,2,Kolkata Knight Riders,pp,1,bat_second,41,30,0.7317073170731707
1426309,2,Kolkata Knight Riders,middle,1,bat_second,33,27,0.8181818181818182
1426309,2,Kolkata Knight Riders,death,0,bat_second,39,37,0.9487179487179487
1426310,1,Royal Challengers Bengaluru,pp,1,bat_first,2,1,
1426310,1,Royal Challengers Bengaluru,middle,3,bat_first,1,1,
1426310,1,Royal Challengers Bengaluru,death,3,bat_first,6,4,0.6666666666666666
1426310,2,Rajasthan Royals,pp,1,bat_second,38,29,0.7631578947368421
1426310,2,Rajasthan Royals,middle,3,bat_second,48,17,0.3541666666666667
1426310,2,Rajasthan Royals,death,2,bat_second,21,9,0.42857142857142855
1426311,1,Sunrisers Hyderabad,pp,3,bat_first,13,5,0.38461538461538464
1426311,1,Sunrisers Hyderabad,middle,3,bat_first,30,12,0.4
1426311,1,Sunrisers Hyderabad,death,3,bat_first,52,23,0.4423076923076923
1426311,2,Rajasthan Royals,pp,1,bat_second,39,30,0.7692307692307693
1426311,2,Rajasthan Royals,middle,3,bat_second,49,18,0.3673469387755102
1426311,2,Rajasthan Royals,death,1,bat_second,24,16,0.6666666666666666
1426312,1,Sunrisers Hyderabad,pp,3,bat_first,14,6,0.42857142857142855
1426312,1,Sunrisers Hyderabad,middle,3,bat_first,31,13,0.41935483870967744
1426312,1,Sunrisers Hyderabad,death,2,bat_first,15,6,0.4
1426312,2,Kolkata Knight Riders,pp,1,bat_second,42,31,0.7380952380952381
1426312,2,Kolkata Knight Riders,middle,1,bat_second,34,28,0.8235294117647058
1426312,2,Kolkata Knight Riders,death,0,bat_second,40,38,0.95
1473438,1,Kolkata Knight Riders,pp,1,bat_first,43,20,0.46511627906976744
1473438,1,Kolkata Knight Riders,middle,3,bat_first,49,19,0.3877551020408163
1473438,1,Kolkata Knight Riders,death,3,bat_first,63,24,0.38095238095238093
1473438,2,Royal Challengers Bengaluru,pp,0,bat_second,1,0,
1473438,2,Royal Challengers Bengaluru,middle,2,bat_second,1,1,
1473438,2,Royal Challengers Bengaluru,death,1,bat_second,1,0,
1473440,2,Chennai Super Kings,pp,1,bat_second,36,25,0.6944444444444444
1473440,2,Chennai Super Kings,middle,3,bat_second,46,20,0.43478260869565216
1473440,2,Chennai Super Kings,death,1,bat_second,29,19,0.6551724137931034
1473439,1,Sunrisers Hyderabad,pp,1,bat_first,39,14,0.358974358974359
1473439,1,Sunrisers Hyderabad,middle,2,bat_first,28,13,0.4642857142857143
1473439,1,Sunrisers Hyderabad,death,3,bat_first,53,24,0.4528301886792453
1473439,2,Rajasthan Royals,pp,3,bat_second,22,7,0.3181818181818182
1473439,2,Rajasthan Royals,middle,2,bat_second,36,24,0.6666666666666666
1473439,2,Rajasthan Royals,death,1,bat_second,25,16,0.64
1473440,1,Mumbai Indians,pp,3,bat_first,20,3,0.15
1473440,1,Mumbai Indians,middle,3,bat_first,50,29,0.58
1473440,1,Mumbai Indians,death,3,bat_first,65,31,0.47692307692307695
1473441,1,Lucknow Super Giants,pp,1,bat_first,8,8,1.0
1473441,1,Lucknow Super Giants,middle,3,bat_first,9,6,0.6666666666666666
1473441,1,Lucknow Super Giants,death,3,bat_first,8,7,0.875
1473441,2,Delhi Capitals,pp,3,bat_second,11,3,0.2727272727272727
1473441,2,Delhi Capitals,middle,2,bat_second,15,7,0.4666666666666667
1473441,2,Delhi Capitals,death,3,bat_second,21,3,0.14285714285714285
1473442,1,Punjab Kings,pp,1,bat_first,14,6,0.42857142857142855
1473442,1,Punjab Kings,middle,3,bat_first,18,7,0.3888888888888889
1473442,1,Punjab Kings,death,1,bat_first,2,1,
1473442,2,Gujarat Titans,pp,1,bat_second,10,8,0.8
1473442,2,Gujarat Titans,middle,1,bat_second,7,6,0.8571428571428571
1473442,2,Gujarat Titans,death,3,bat_second,7,2,0.2857142857142857
1473443,1,Rajasthan Royals,pp,1,bat_first,44,19,0.4318181818181818
1473443,1,Rajasthan Royals,middle,3,bat_first,43,11,0.2558139534883721
1473443,1,Rajasthan Royals,death,3,bat_first,49,21,0.42857142857142855
1473443,2,Kolkata Knight Riders,pp,0,bat_second,24,19,0.7916666666666666
1473443,2,Kolkata Knight Riders,middle,2,bat_second,40,24,0.6
1473443,2,Kolkata Knight Riders,death,0,bat_second,41,39,0.9512195121951219
1473444,1,Sunrisers Hyderabad,pp,2,bat_first,17,8,0.47058823529411764
1473444,1,Sunrisers Hyderabad,middle,3,bat_first,32,13,0.40625
1473444,1,Sunrisers Hyderabad,death,3,bat_first,54,25,0.46296296296296297
1473444,2,Lucknow Super Giants,pp,1,bat_second,4,2,0.5
1473444,2,Lucknow Super Giants,middle,3,bat_second,11,3,0.2727272727272727
1473444,2,Lucknow Super Giants,death,0,bat_second,2,1,
1473445,2,Chennai Super Kings,pp,3,bat_second,13,3,0.23076923076923078
1473445,2,Chennai Super Kings,middle,3,bat_second,47,21,0.44680851063829785
1473445,2,Chennai Super Kings,death,2,bat_second,24,17,0.7083333333333334
1473445,1,Royal Challengers Bengaluru,pp,1,bat_first,3,1,0.3333333333333333
1473445,1,Royal Challengers Bengaluru,middle,2,bat_first,6,2,0.3333333333333333
1473445,1,Royal Challengers Bengaluru,death,3,bat_first,7,4,0.5714285714285714
1473446,2,Mumbai Indians,pp,2,bat_second,28,13,0.4642857142857143
1473446,2,Mumbai Indians,middle,2,bat_second,35,21,0.6
1473446,2,Mumbai Indians,death,2,bat_second,29,17,0.5862068965517241
1473446,1,Gujarat Titans,pp,0,bat_first,4,3,0.75
1473446,1,Gujarat Titans,middle,2,bat_first,9,2,0.2222222222222222
1473446,1,Gujarat Titans,death,3,bat_first,9,5,0.5555555555555556
1473448,2,Chennai Super Kings,pp,1,bat_second,37,26,0.7027027027027027
1473448,2,Chennai Super Kings,middle,3,bat_second,48,21,0.4375
1473448,2,Chennai Super Kings,death,2,bat_second,25,17,0.68
1473447,1,Sunrisers Hyderabad,pp,3,bat_first,15,6,0.4
1473447,1,Sunrisers Hyderabad,middle,3,bat_first,33,13,0.3939393939393939
1473447,1,Sunrisers Hyderabad,death,3,bat_first,55,25,0.45454545454545453
1473447,2,Delhi Capitals,pp,0,bat_second,8,6,0.75
1473447,2,Delhi Capitals,middle,3,bat_second,22,6,0.2727272727272727
1473447,2,Delhi Capitals,death,0,bat_second,7,6,0.8571428571428571
1473448,1,Rajasthan Royals,pp,1,bat_first,45,19,0.4222222222222222
1473448,1,Rajasthan Royals,middle,3,bat_first,44,11,0.25
1473448,1,Rajasthan Royals,death,3,bat_first,50,21,0.42
1473449,1,Kolkata Knight Riders,pp,3,bat_first,26,7,0.2692307692307692
1473449,1,Kolkata Knight Riders,middle,3,bat_first,50,19,0.38
1473449,1,Kolkata Knight Riders,death,1,bat_first,21,12,0.5714285714285714
1473449,2,Mumbai Indians,pp,1,bat_second,41,27,0.6585365853658537
1473449,2,Mumbai Indians,middle,1,bat_second,27,21,0.7777777777777778
1473449,2,Mumbai Indians,death,0,bat_second,30,29,0.9666666666666667
1473450,1,Lucknow Super Giants,pp,3,bat_first,3,1,0.3333333333333333
1473450,1,Lucknow Super Giants,middle,1,bat_first,6,5,0.8333333333333334
1473450,1,Lucknow Super Giants,death,3,bat_first,9,7,0.7777777777777778
1473450,2,Punjab Kings,pp,1,bat_second,7,5,0.7142857142857143
1473450,2,Punjab Kings,middle,1,bat_second,4,4,1.0
1473450,2,Punjab Kings,death,0,bat_second,7,7,1.0
1473451,1,Royal Challengers Bengaluru,pp,3,bat_first,1,0,
1473451,1,Royal Challengers Bengaluru,middle,3,bat_first,2,1,
1473451,1,Royal Challengers Bengaluru,death,2,bat_first,0,0,
1473451,2,Gujarat Titans,pp,1,bat_second,11,8,0.7272727272727273
1473451,2,Gujarat Titans,middle,1,bat_second,8,6,0.75
1473451,2,Gujarat Titans,death,0,bat_second,8,7,0.875
1473452,1,Kolkata Knight Riders,pp,2,bat_first,30,13,0.43333333333333335
1473452,1,Kolkata Knight Riders,middle,2,bat_first,38,15,0.39473684210526316
1473452,1,Kolkata Knight Riders,death,2,bat_first,29,14,0.4827586206896552
1473452,2,Sunrisers Hyderabad,pp,3,bat_second,10,0,0.0
1473452,2,Sunrisers Hyderabad,middle,3,bat_second,34,8,0.23529411764705882
1473452,2,Sunrisers Hyderabad,death,3,bat_second,30,3,0.1
1473453,2,Mumbai Indians,pp,2,bat_second,29,13,0.4482758620689655
1473453,2,Mumbai Indians,middle,1,bat_second,28,22,0.7857142857142857
1473453,2,Mumbai Indians,death,2,bat_second,30,17,0.5666666666666667
1473453,1,Lucknow Super Giants,pp,0,bat_first,3,2,0.6666666666666666
1473453,1,Lucknow Super Giants,middle,3,bat_first,10,6,0.6
1473453,1,Lucknow Super Giants,death,3,bat_first,10,7,0.7
1473454,2,Chennai Super Kings,pp,3,bat_second,14,3,0.21428571428571427
1473454,2,Chennai Super Kings,middle,2,bat_second,28,19,0.6785714285714286
1473454,2,Chennai Super Kings,death,0,bat_second,27,25,0.9259259259259259
1473455,1,Rajasthan Royals,pp,0,bat_first,30,16,0.5333333333333333
1473455,1,Rajasthan Royals,middle,3,bat_first,45,12,0.26666666666666666
1473455,1,Rajasthan Royals,death,1,bat_first,19,8,0.42105263157894735
1473455,2,Punjab Kings,pp,3,bat_second,6,2,0.3333333333333333
1473455,2,Punjab Kings,middle,2,bat_second,12,6,0.5
1473455,2,Punjab Kings,death,3,bat_second,11,3,0.2727272727272727
1473454,1,Delhi Capitals,pp,1,bat_first,9,3,0.3333333333333333
1473454,1,Delhi Capitals,middle,2,bat_first,12,7,0.5833333333333334
1473454,1,Delhi Capitals,death,3,bat_first,17,6,0.35294117647058826
1473457,1,Sunrisers Hyderabad,pp,2,bat_first,18,8,0.4444444444444444
1473457,1,Sunrisers Hyderabad,middle,2,bat_first,29,14,0.4827586206896552
1473457,1,Sunrisers Hyderabad,death,3,bat_first,56,25,0.44642857142857145
1473457,2,Gujarat Titans,pp,2,bat_second,4,2,0.5
1473457,2,Gujarat Titans,middle,1,bat_second,9,7,0.7777777777777778
1473457,2,Gujarat Titans,death,0,bat_second,9,8,0.8888888888888888
1473458,1,Royal Challengers Bengaluru,pp,1,bat_first,4,2,0.5
1473458,1,Royal Challengers Bengaluru,middle,3,bat_first,3,1,0.3333333333333333
1473458,1,Royal Challengers Bengaluru,death,1,bat_first,2,0,
1473458,2,Mumbai Indians,pp,2,bat_second,30,13,0.43333333333333335
1473458,2,Mumbai Indians,middle,2,bat_second,36,21,0.5833333333333334
1473458,2,Mumbai Indians,death,3,bat_second,44,7,0.1590909090909091
1473456,1,Lucknow Super Giants,pp,0,bat_first,4,3,0.75
1473456,1,Lucknow Super Giants,middle,1,bat_first,7,5,0.7142857142857143
1473456,1,Lucknow Super Giants,death,2,bat_first,9,5,0.5555555555555556
1473456,2,Kolkata Knight Riders,pp,1,bat_second,43,32,0.7441860465116279
1473456,2,Kolkata Knight Riders,middle,3,bat_second,44,14,0.3181818181818182
1473456,2,Kolkata Knight Riders,death,2,bat_second,22,12,0.5454545454545454
1473459,1,Punjab Kings,pp,3,bat_first,7,1,0.14285714285714285
1473459,1,Punjab Kings,middle,3,bat_first,19,8,0.42105263157894735
1473459,1,Punjab Kings,death,0,bat_first,4,1,0.25
1473459,2,Chennai Super Kings,pp,0,bat_second,31,26,0.8387096774193549
1473459,2,Chennai Super Kings,middle,2,bat_second,29,19,0.6551724137931034
1473459,2,Chennai Super Kings,death,3,bat_second,27,7,0.25925925925925924
1473460,1,Gujarat Titans,pp,1,bat_first,9,6,0.6666666666666666
1473460,1,Gujarat Titans,middle,1,bat_first,8,6,0.75
1473460,1,Gujarat Titans,death,3,bat_first,10,6,0.6
1473460,2,Rajasthan Royals,pp,2,bat_second,32,14,0.4375
1473460,2,Rajasthan Royals,middle,3,bat_second,50,18,0.36
1473460,2,Rajasthan Royals,death,3,bat_second,37,11,0.2972972972972973
1473461,1,Royal Challengers Bengaluru,pp,2,bat_first,3,2,0.6666666666666666
1473461,1,Royal Challengers Bengaluru,middle,3,bat_first,4,2,0.5
1473461,1,Royal Challengers Bengaluru,death,1,bat_first,3,1,0.3333333333333333
1473461,2,Delhi Capitals,pp,3,bat_second,12,4,0.3333333333333333
1473461,2,Delhi Capitals,middle,1,bat_second,10,8,0.8
1473461,2,Delhi Capitals,death,0,bat_second,8,7,0.875
1473462,1,Chennai Super Kings,pp,2,bat_first,35,14,0.4
1473462,1,Chennai Super Kings,middle,3,bat_first,41,18,0.43902439024390244
1473462,1,Chennai Super Kings,death,2,bat_first,30,18,0.6
1473462,2,Kolkata Knight Riders,pp,1,bat_second,44,32,0.7272727272727273
1473462,2,Kolkata Knight Riders,middle,1,bat_second,35,29,0.8285714285714286
1473462,2,Kolkata Knight Riders,death,0,bat_second,42,40,0.9523809523809523
1473463,1,Gujarat Titans,pp,0,bat_first,5,4,0.8
1473463,1,Gujarat Titans,middle,3,bat_first,3,2,0.6666666666666666
1473463,1,Gujarat Titans,death,3,bat_first,11,7,0.6363636363636364
1473463,2,Lucknow Super Giants,pp,0,bat_second,5,3,0.6
1473463,2,Lucknow Super Giants,middle,2,bat_second,4,2,0.5
1473463,2,Lucknow Super Giants,death,2,bat_second,7,2,0.2857142857142857
1473464,1,Punjab Kings,pp,1,bat_first,15,7,0.4666666666666667
1473464,1,Punjab Kings,middle,3,bat_first,20,9,0.45
1473464,1,Punjab Kings,death,2,bat_first,9,2,0.2222222222222222
1473464,2,Sunrisers Hyderabad,pp,0,bat_second,26,18,0.6923076923076923
1473464,2,Sunrisers Hyderabad,middle,1,bat_second,18,11,0.6111111111111112
1473464,2,Sunrisers Hyderabad,death,1,bat_second,18,10,0.5555555555555556
1473466,2,Delhi Capitals,pp,1,bat_second,16,10,0.625
1473466,2,Delhi Capitals,middle,3,bat_second,23,7,0.30434782608695654
1473466,2,Delhi Capitals,death,3,bat_second,22,4,0.18181818181818182
1473465,1,Rajasthan Royals,pp,0,bat_first,31,17,0.5483870967741935
1473465,1,Rajasthan Royals,middle,2,bat_first,38,20,0.5263157894736842
1473465,1,Rajasthan Royals,death,2,bat_first,32,13,0.40625
1473465,2,Royal Challengers Bengaluru,pp,0,bat_second,2,1,
1473465,2,Royal Challengers Bengaluru,middle,1,bat_second,0,0,
1473465,2,Royal Challengers Bengaluru,death,0,bat_second,2,2,
1473466,1,Mumbai Indians,pp,1,bat_first,48,34,0.7083333333333334
1473466,1,Mumbai Indians,middle,3,bat_first,51,29,0.5686274509803921
1473466,1,Mumbai Indians,death,1,bat_first,21,18,0.8571428571428571
1473467,2,Chennai Super Kings,pp,1,bat_second,38,26,0.6842105263157895
1473467,2,Chennai Super Kings,middle,3,bat_second,49,21,0.42857142857142855
1473467,2,Chennai Super Kings,death,0,bat_second,28,25,0.8928571428571429
1473467,1,Lucknow Super Giants,pp,2,bat_first,9,5,0.5555555555555556
1473467,1,Lucknow Super Giants,middle,2,bat_first,5,3,0.6
1473467,1,Lucknow Super Giants,death,3,bat_first,11,8,0.7272727272727273
1473468,1,Punjab Kings,pp,3,bat_first,8,2,0.25
1473468,1,Punjab Kings,middle,3,bat_first,21,9,0.42857142857142855
1473468,1,Punjab Kings,death,2,bat_first,10,2,0.2
1473468,2,Kolkata Knight Riders,pp,2,bat_second,41,21,0.5121951219512195
1473468,2,Kolkata Knight Riders,middle,3,bat_second,45,14,0.3111111111111111
1473468,2,Kolkata Knight Riders,death,1,bat_second,24,17,0.7083333333333334
1473469,1,Delhi Capitals,pp,2,bat_first,14,8,0.5714285714285714
1473469,1,Delhi Capitals,middle,2,bat_first,13,8,0.6153846153846154
1473469,1,Delhi Capitals,death,1,bat_first,10,7,0.7
1473469,2,Rajasthan Royals,pp,1,bat_second,40,30,0.75
1473469,2,Rajasthan Royals,middle,2,bat_second,37,24,0.6486486486486487
1473469,2,Rajasthan Royals,death,2,bat_second,22,10,0.45454545454545453
1473470,1,Sunrisers Hyderabad,pp,0,bat_first,23,16,0.6956521739130435
1473470,1,Sunrisers Hyderabad,middle,3,bat_first,34,13,0.38235294117647056
1473470,1,Sunrisers Hyderabad,death,2,bat_first,16,6,0.375
1473470,2,Mumbai Indians,pp,1,bat_second,42,28,0.6666666666666666
1473470,2,Mumbai Indians,middle,3,bat_second,51,16,0.3137254901960784
1473470,2,Mumbai Indians,death,2,bat_second,31,17,0.5483870967741935
1473471,1,Royal Challengers Bengaluru,pp,3,bat_first,2,0,
1473471,1,Royal Challengers Bengaluru,middle,3,bat_first,5,2,0.4
1473471,1,Royal Challengers Bengaluru,death,0,bat_first,0,0,
1473471,2,Punjab Kings,pp,2,bat_second,6,3,0.5
1473471,2,Punjab Kings,middle,3,bat_second,9,3,0.3333333333333333
1473471,2,Punjab Kings,death,0,bat_second,8,8,1.0
1473473,2,Rajasthan Royals,pp,0,bat_second,23,16,0.6956521739130435
1473473,2,Rajasthan Royals,middle,2,bat_second,38,24,0.631578947368421
1473473,2,Rajasthan Royals,death,3,bat_second,38,11,0.2894736842105263
1473473,1,Lucknow Super Giants,pp,2,bat_first,10,5,0.5
1473473,1,Lucknow Super Giants,middle,1,bat_first,8,6,0.75
1473473,1,Lucknow Super Giants,death,2,bat_first,10,6,0.6
1473472,1,Delhi Capitals,pp,2,bat_first,15,8,0.5333333333333333
1473472,1,Delhi Capitals,middle,2,bat_first,14,8,0.5714285714285714
1473472,1,Delhi Capitals,death,3,bat_first,18,7,0.3888888888888889
1473472,2,Gujarat Titans,pp,1,bat_second,12,9,0.75
1473472,2,Gujarat Titans,middle,1,bat_second,10,8,0.8
1473472,2,Gujarat Titans,death,1,bat_second,4,4,1.0
1473474,1,Punjab Kings,pp,1,bat_first,16,7,0.4375
1473474,1,Punjab Kings,middle,3,bat_first,22,10,0.45454545454545453
1473474,1,Punjab Kings,death,0,bat_first,5,2,0.4
1473474,2,Royal Challengers Bengaluru,pp,1,bat_second,2,2,
1473474,2,Royal Challengers Bengaluru,middle,1,bat_second,1,1,
1473474,2,Royal Challengers Bengaluru,death,1,bat_second,2,1,
1473475,1,Chennai Super Kings,pp,1,bat_first,50,29,0.58
1473475,1,Chennai Super Kings,middle,2,bat_first,46,24,0.5217391304347826
1473475,1,Chennai Super Kings,death,2,bat_first,31,18,0.5806451612903226
1473475,2,Mumbai Indians,pp,0,bat_second,33,23,0.696969696969697
1473475,2,Mumbai Indians,middle,1,bat_second,29,22,0.7586206896551724
1473475,2,Mumbai Indians,death,0,bat_second,31,30,0.967741935483871
1473476,1,Gujarat Titans,pp,0,bat_first,6,4,0.6666666666666666
1473476,1,Gujarat Titans,middle,1,bat_first,9,7,0.7777777777777778
1473476,1,Gujarat Titans,death,2,bat_first,6,3,0.5
1473476,2,Kolkata Knight Riders,pp,2,bat_second,42,21,0.5
1473476,2,Kolkata Knight Riders,middle,2,bat_second,41,25,0.6097560975609756
1473476,2,Kolkata Knight Riders,death,3,bat_second,44,10,0.22727272727272727
1473477,1,Lucknow Super Giants,pp,0,bat_first,5,4,0.8
1473477,1,Lucknow Super Giants,middle,3,bat_first,11,7,0.6363636363636364
1473477,1,Lucknow Super Giants,death,2,bat_first,11,7,0.6363636363636364
1473477,2,Delhi Capitals,pp,1,bat_second,17,10,0.5882352941176471
1473477,2,Delhi Capitals,middle,1,bat_second,11,9,0.8181818181818182
1473477,2,Delhi Capitals,death,0,bat_second,9,8,0.8888888888888888
1473478,1,Sunrisers Hyderabad,pp,3,bat_first,16,6,0.375
1473478,1,Sunrisers Hyderabad,middle,1,bat_first,26,13,0.5
1473478,1,Sunrisers Hyderabad,death,3,bat_first,57,25,0.43859649122807015
1473478,2,Mumbai Indians,pp,1,bat_second,43,29,0.6744186046511628
1473478,2,Mumbai Indians,middle,2,bat_second,37,21,0.5675675675675675
1473478,2,Mumbai Indians,death,0,bat_second,32,31,0.96875
1473479,1,Royal Challengers Bengaluru,pp,0,bat_first,2,1,
1473479,1,Royal Challengers Bengaluru,middle,1,bat_first,1,1,
1473479,1,Royal Challengers Bengaluru,death,3,bat_first,8,5,0.625
1473479,2,Rajasthan Royals,pp,2,bat_second,33,14,0.42424242424242425
1473479,2,Rajasthan Royals,middle,2,bat_second,39,24,0.6153846153846154
1473479,2,Rajasthan Royals,death,3,bat_second,39,11,0.28205128205128205
1473480,1,Chennai Super Kings,pp,3,bat_first,11,3,0.2727272727272727
1473480,1,Chennai Super Kings,middle,3,bat_first,42,18,0.42857142857142855
1473480,1,Chennai Super Kings,death,3,bat_first,44,24,0.5454545454545454
1473480,2,Sunrisers Hyderabad,pp,2,bat_second,27,10,0.37037037037037035
1473480,2,Sunrisers Hyderabad,middle,3,bat_second,35,8,0.22857142857142856
1473480,2,Sunrisers Hyderabad,death,0,bat_second,22,22,1.0
1473481,2,Kolkata Knight Riders,pp,0,bat_second,25,20,0.8
1473481,2,Kolkata Knight Riders,middle,0,bat_second,12,11,0.9166666666666666
1473481,2,Kolkata Knight Riders,death,0,bat_second,43,41,0.9534883720930233
1473481,1,Punjab Kings,pp,0,bat_first,4,2,0.5
1473481,1,Punjab Kings,middle,2,bat_first,9,1,0.1111111111111111
1473481,1,Punjab Kings,death,2,bat_first,11,3,0.2727272727272727
1473482,1,Mumbai Indians,pp,1,bat_first,49,35,0.7142857142857143
1473482,1,Mumbai Indians,middle,3,bat_first,52,30,0.5769230769230769
1473482,1,Mumbai Indians,death,3,bat_first,66,31,0.4696969696969697
1473482,2,Lucknow Super Giants,pp,1,bat_second,5,3,0.6
1473482,2,Lucknow Super Giants,middle,3,bat_second,12,4,0.3333333333333333
1473482,2,Lucknow Super Giants,death,3,bat_second,7,1,0.14285714285714285
1473483,1,Delhi Capitals,pp,2,bat_first,16,8,0.5
1473483,1,Delhi Capitals,middle,2,bat_first,15,8,0.5333333333333333
1473483,1,Delhi Capitals,death,3,bat_first,19,7,0.3684210526315789
1473483,2,Royal Challengers Bengaluru,pp,3,bat_second,1,0,
1473483,2,Royal Challengers Bengaluru,middle,0,bat_second,1,1,
1473483,2,Royal Challengers Bengaluru,death,1,bat_second,3,2,0.6666666666666666
1473484,1,Gujarat Titans,pp,0,bat_first,7,5,0.7142857142857143
1473484,1,Gujarat Titans,middle,1,bat_first,10,8,0.8
1473484,1,Gujarat Titans,death,3,bat_first,12,7,0.5833333333333334
1473484,2,Rajasthan Royals,pp,0,bat_second,24,16,0.6666666666666666
1473484,2,Rajasthan Royals,middle,2,bat_second,40,24,0.6
1473484,2,Rajasthan Royals,death,0,bat_second,33,30,0.9090909090909091
1473485,1,Kolkata Knight Riders,pp,1,bat_first,44,20,0.45454545454545453
1473485,1,Kolkata Knight Riders,middle,3,bat_first,51,19,0.37254901960784315
1473485,1,Kolkata Knight Riders,death,3,bat_first,64,24,0.375
1473485,2,Delhi Capitals,pp,2,bat_second,15,5,0.3333333333333333
1473485,2,Delhi Capitals,middle,3,bat_second,24,7,0.2916666666666667
1473485,2,Delhi Capitals,death,3,bat_second,23,4,0.17391304347826086
1473486,1,Chennai Super Kings,pp,3,bat_first,12,3,0.25
1473486,1,Chennai Super Kings,middle,1,bat_first,34,21,0.6176470588235294
1473486,1,Chennai Super Kings,death,3,bat_first,45,24,0.5333333333333333
1473486,2,Punjab Kings,pp,1,bat_second,8,6,0.75
1473486,2,Punjab Kings,middle,2,bat_second,13,6,0.46153846153846156
1473486,2,Punjab Kings,death,3,bat_second,12,3,0.25
1473487,1,Mumbai Indians,pp,0,bat_first,30,19,0.6333333333333333
1473487,1,Mumbai Indians,middle,2,bat_first,49,25,0.5102040816326531
1473487,1,Mumbai Indians,death,0,bat_first,12,7,0.5833333333333334
1473487,2,Rajasthan Royals,pp,3,bat_second,23,7,0.30434782608695654
1473487,2,Rajasthan Royals,middle,3,bat_second,51,18,0.35294117647058826
1473487,2,Rajasthan Royals,death,1,bat_second,26,16,0.6153846153846154
1473488,2,Sunrisers Hyderabad,pp,1,bat_second,25,15,0.6
1473488,2,Sunrisers Hyderabad,middle,2,bat_second,27,15,0.5555555555555556
1473488,2,Sunrisers Hyderabad,death,3,bat_second,31,3,0.0967741935483871
1473488,1,Gujarat Titans,pp,0,bat_first,8,5,0.625
1473488,1,Gujarat Titans,middle,2,bat_first,10,3,0.3
1473488,1,Gujarat Titans,death,3,bat_first,13,7,0.5384615384615384
1473489,1,Royal Challengers Bengaluru,pp,0,bat_first,3,2,0.6666666666666666
1473489,1,Royal Challengers Bengaluru,middle,2,bat_first,7,3,0.42857142857142855
1473489,1,Royal Challengers Bengaluru,death,3,bat_first,9,6,0.6666666666666666
1473489,2,Chennai Super Kings,pp,2,bat_second,27,14,0.5185185185185185
1473489,2,Chennai Super Kings,middle,0,bat_second,9,9,1.0
1473489,2,Chennai Super Kings,death,3,bat_second,28,7,0.25
1473490,2,Rajasthan Royals,pp,2,bat_second,34,14,0.4117647058823529
1473490,2,Rajasthan Royals,middle,3,bat_second,52,18,0.34615384615384615
1473490,2,Rajasthan Royals,death,3,bat_second,40,11,0.275
1473491,1,Punjab Kings,pp,2,bat_first,6,2,0.3333333333333333
1473491,1,Punjab Kings,middle,1,bat_first,3,2,0.6666666666666666
1473491,1,Punjab Kings,death,2,bat_first,12,3,0.25
1473491,2,Lucknow Super Giants,pp,3,bat_second,7,1,0.14285714285714285
1473491,2,Lucknow Super Giants,middle,2,bat_second,5,3,0.6
1473491,2,Lucknow Super Giants,death,2,bat_second,8,3,0.375
1473490,1,Kolkata Knight Riders,pp,1,bat_first,45,21,0.4666666666666667
1473490,1,Kolkata Knight Riders,middle,2,bat_first,39,16,0.41025641025641024
1473490,1,Kolkata Knight Riders,death,1,bat_first,22,12,0.5454545454545454
1473492,1,Delhi Capitals,pp,3,bat_first,8,3,0.375
1473492,1,Delhi Capitals,middle,2,bat_first,16,8,0.5
1473492,1,Delhi Capitals,death,1,bat_first,11,7,0.6363636363636364
1473493,1,Mumbai Indians,pp,2,bat_first,36,15,0.4166666666666667
1473493,1,Mumbai Indians,middle,3,bat_first,53,31,0.5849056603773585
1473493,1,Mumbai Indians,death,2,bat_first,36,15,0.4166666666666667
1473493,2,Gujarat Titans,pp,1,bat_second,13,10,0.7692307692307693
1473493,2,Gujarat Titans,middle,2,bat_second,6,5,0.8333333333333334
1473493,2,Gujarat Titans,death,3,bat_second,8,2,0.25
1473494,1,Kolkata Knight Riders,pp,1,bat_first,46,22,0.4782608695652174
1473494,1,Kolkata Knight Riders,middle,3,bat_first,52,20,0.38461538461538464
1473494,1,Kolkata Knight Riders,death,2,bat_first,30,15,0.5
1473494,2,Chennai Super Kings,pp,3,bat_second,15,3,0.2
1473494,2,Chennai Super Kings,middle,1,bat_second,24,20,0.8333333333333334
1473494,2,Chennai Super Kings,death,2,bat_second,26,17,0.6538461538461539
1473495,1,Punjab Kings,pp,0,bat_first,5,2,0.4
1473495,1,Punjab Kings,middle,1,bat_first,4,3,0.75
1473495,1,Punjab Kings,death,0,bat_first,6,2,0.3333333333333333
1473498,2,Gujarat Titans,pp,0,bat_second,6,5,0.8333333333333334
1473498,2,Gujarat Titans,middle,0,bat_second,0,0,
1473498,2,Gujarat Titans,death,0,bat_second,10,9,0.9
1473497,1,Punjab Kings,pp,3,bat_first,9,3,0.3333333333333333
1473497,1,Punjab Kings,middle,1,bat_first,5,3,0.6
1473497,1,Punjab Kings,death,1,bat_first,3,2,0.6666666666666666
1473497,2,Rajasthan Royals,pp,1,bat_second,41,30,0.7317073170731707
1473497,2,Rajasthan Royals,middle,3,bat_second,53,18,0.33962264150943394
1473497,2,Rajasthan Royals,death,3,bat_second,41,11,0.2682926829268293
1473498,1,Delhi Capitals,pp,1,bat_first,10,4,0.4
1473498,1,Delhi Capitals,middle,1,bat_first,10,6,0.6
1473498,1,Delhi Capitals,death,1,bat_first,12,7,0.5833333333333334
1473499,1,Lucknow Super Giants,pp,0,bat_first,6,4,0.6666666666666666
1473499,1,Lucknow Super Giants,middle,2,bat_first,6,3,0.5
1473499,1,Lucknow Super Giants,death,3,bat_first,12,8,0.6666666666666666
1473499,2,Sunrisers Hyderabad,pp,1,bat_second,26,15,0.5769230769230769
1473499,2,Sunrisers Hyderabad,middle,2,bat_second,28,15,0.5357142857142857
1473499,2,Sunrisers Hyderabad,death,2,bat_second,18,8,0.4444444444444444
1473500,1,Chennai Super Kings,pp,3,bat_first,13,3,0.23076923076923078
1473500,1,Chennai Super Kings,middle,3,bat_first,43,18,0.4186046511627907
1473500,1,Chennai Super Kings,death,2,bat_first,32,18,0.5625
1473500,2,Rajasthan Royals,pp,1,bat_second,42,30,0.7142857142857143
1473500,2,Rajasthan Royals,middle,2,bat_second,41,25,0.6097560975609756
1473500,2,Rajasthan Royals,death,1,bat_second,27,16,0.5925925925925926
1473501,1,Mumbai Indians,pp,2,bat_first,37,15,0.40540540540540543
1473501,1,Mumbai Indians,middle,2,bat_first,50,26,0.52
1473501,1,Mumbai Indians,death,1,bat_first,22,19,0.8636363636363636
1473501,2,Delhi Capitals,pp,3,bat_second,13,5,0.38461538461538464
1473501,2,Delhi Capitals,middle,3,bat_second,25,7,0.28
1473501,2,Delhi Capitals,death,3,bat_second,24,4,0.16666666666666666
1473502,1,Lucknow Super Giants,pp,0,bat_first,7,4,0.5714285714285714
1473502,1,Lucknow Super Giants,middle,1,bat_first,9,7,0.7777777777777778
1473502,1,Lucknow Super Giants,death,1,bat_first,3,3,1.0
1473502,2,Gujarat Titans,pp,1,bat_second,14,11,0.7857142857142857
1473502,2,Gujarat Titans,middle,2,bat_second,7,6,0.8571428571428571
1473502,2,Gujarat Titans,death,3,bat_second,9,3,0.3333333333333333
1473503,1,Sunrisers Hyderabad,pp,2,bat_first,19,8,0.42105263157894735
1473503,1,Sunrisers Hyderabad,middle,3,bat_first,35,13,0.37142857142857144
1473503,1,Sunrisers Hyderabad,death,1,bat_first,18,9,0.5
1473503,2,Royal Challengers Bengaluru,pp,0,bat_second,3,2,0.6666666666666666
1473503,2,Royal Challengers Bengaluru,middle,3,bat_second,4,1,0.25
1473503,2,Royal Challengers Bengaluru,death,3,bat_second,2,0,
1485779,1,Punjab Kings,pp,2,bat_first,7,3,0.42857142857142855
1485779,1,Punjab Kings,middle,2,bat_first,10,1,0.1
1485779,1,Punjab Kings,death,3,bat_first,16,7,0.4375
1485779,2,Delhi Capitals,pp,1,bat_second,18,11,0.6111111111111112
1485779,2,Delhi Capitals,middle,3,bat_second,26,7,0.2692307692307692
1485779,2,Delhi Capitals,death,0,bat_second,10,9,0.9
1473504,1,Chennai Super Kings,pp,1,bat_first,51,29,0.5686274509803921
1473504,1,Chennai Super Kings,middle,3,bat_first,44,18,0.4090909090909091
1473504,1,Chennai Super Kings,death,1,bat_first,43,22,0.5116279069767442
1473504,2,Gujarat Titans,pp,3,bat_second,4,2,0.5
1473504,2,Gujarat Titans,middle,3,bat_second,11,6,0.5454545454545454
1473504,2,Gujarat Titans,death,3,bat_second,10,3,0.3
1473505,1,Sunrisers Hyderabad,pp,0,bat_first,24,16,0.6666666666666666
1473505,1,Sunrisers Hyderabad,middle,2,bat_first,30,14,0.4666666666666667
1473505,1,Sunrisers Hyderabad,death,1,bat_first,19,10,0.5263157894736842
1473505,2,Kolkata Knight Riders,pp,2,bat_second,43,21,0.4883720930232558
1473505,2,Kolkata Knight Riders,middle,3,bat_second,46,14,0.30434782608695654
1473505,2,Kolkata Knight Riders,death,3,bat_second,45,10,0.2222222222222222
1473506,2,Punjab Kings,pp,1,bat_second,9,7,0.7777777777777778
1473506,2,Punjab Kings,middle,1,bat_second,5,5,1.0
1473506,2,Punjab Kings,death,1,bat_second,3,1,0.3333333333333333
1473506,1,Mumbai Indians,pp,1,bat_first,50,36,0.72
1473506,1,Mumbai Indians,middle,3,bat_first,54,31,0.5740740740740741
1473506,1,Mumbai Indians,death,3,bat_first,67,32,0.47761194029850745
1473507,1,Lucknow Super Giants,pp,1,bat_first,9,8,0.8888888888888888
1473507,1,Lucknow Super Giants,middle,0,bat_first,3,2,0.6666666666666666
1473507,1,Lucknow Super Giants,death,2,bat_first,12,7,0.5833333333333334
1473507,2,Royal Challengers Bengaluru,pp,1,bat_second,3,3,1.0
1473507,2,Royal Challengers Bengaluru,middle,3,bat_second,5,1,0.2
1473507,2,Royal Challengers Bengaluru,death,0,bat_second,3,3,1.0
1473508,1,Punjab Kings,pp,3,bat_first,10,4,0.4
1473508,1,Punjab Kings,middle,3,bat_first,23,10,0.43478260869565216
1473508,1,Punjab Kings,death,0,bat_first,7,2,0.2857142857142857
1473508,2,Royal Challengers Bengaluru,pp,1,bat_second,4,4,1.0
1473508,2,Royal Challengers Bengaluru,middle,1,bat_second,2,2,
1473508,2,Royal Challengers Bengaluru,death,0,bat_second,4,4,1.0
1473509,1,Mumbai Indians,pp,0,bat_first,31,20,0.6451612903225806
1473509,1,Mumbai Indians,middle,2,bat_first,51,27,0.5294117647058824
1473509,1,Mumbai Indians,death,3,bat_first,68,32,0.47058823529411764
1473509,2,Gujarat Titans,pp,1,bat_second,15,11,0.7333333333333333
1473509,2,Gujarat Titans,middle,2,bat_second,8,6,0.75
1473509,2,Gujarat Titans,death,3,bat_second,11,3,0.2727272727272727
1473510,1,Mumbai Indians,pp,1,bat_first,51,36,0.7058823529411765
1473510,1,Mumbai Indians,middle,3,bat_first,55,31,0.5636363636363636
1473510,1,Mumbai Indians,death,2,bat_first,37,15,0.40540540540540543
1473510,2,Punjab Kings,pp,2,bat_second,7,4,0.5714285714285714
1473510,2,Punjab Kings,middle,1,bat_second,6,6,1.0
1473510,2,Punjab Kings,death,2,bat_second,4,2,0.5
1473511,1,Royal Challengers Bengaluru,pp,1,bat_first,5,3,0.6
1473511,1,Royal Challengers Bengaluru,middle,3,bat_first,6,2,0.3333333333333333
1473511,1,Royal Challengers Bengaluru,death,3,bat_first,10,7,0.7
1473511,2,Punjab Kings,pp,1,bat_second,10,8,0.8
1473511,2,Punjab Kings,middle,3,bat_second,10,4,0.4
1473511,2,Punjab Kings,death,3,bat_second,13,4,0.3076923076923077
